Initialized native services in: C:\Users\xmeta\.gradle\native
Initialized jansi services in: C:\Users\xmeta\.gradle\native
Received JVM installation metadata from 'C:\Java': {JAVA_HOME=C:\Java, JAVA_VERSION=17.0.15, JAVA_VENDOR=Microsoft, RUNTIME_NAME=OpenJDK Runtime Environment, RUNTIME_VERSION=17.0.15+6-LTS, VM_NAME=OpenJDK 64-Bit Server VM, VM_VERSION=17.0.15+6-LTS, VM_VENDOR=Microsoft, OS_ARCH=amd64}
To honour the JVM settings for this build a single-use Daemon process will be forked. For more on this, please refer to https://docs.gradle.org/8.10/userguide/gradle_daemon.html#sec:disabling_the_daemon in the Gradle documentation.
Starting process 'Gradle build daemon'. Working directory: C:\Users\xmeta\.gradle\daemon\8.10 Command: C:\Java\bin\java.exe --add-opens=java.base/java.util=ALL-UNNAMED --add-opens=java.base/java.lang=ALL-UNNAMED --add-opens=java.base/java.lang.invoke=ALL-UNNAMED --add-opens=java.prefs/java.util.prefs=ALL-UNNAMED --add-exports=jdk.compiler/com.sun.tools.javac.api=ALL-UNNAMED --add-exports=jdk.compiler/com.sun.tools.javac.util=ALL-UNNAMED --add-opens=java.base/java.nio.charset=ALL-UNNAMED --add-opens=java.base/java.net=ALL-UNNAMED --add-opens=java.base/java.util.concurrent.atomic=ALL-UNNAMED -Xmx1536M -Dfile.encoding=windows-1251 -Duser.country=RU -Duser.language=ru -Duser.variant -cp C:\Users\xmeta\.gradle\wrapper\dists\gradle-8.10-bin\deqhafrv1ntovfmgh0nh3npr9\gradle-8.10\lib\gradle-daemon-main-8.10.jar -javaagent:C:\Users\xmeta\.gradle\wrapper\dists\gradle-8.10-bin\deqhafrv1ntovfmgh0nh3npr9\gradle-8.10\lib\agents\gradle-instrumentation-agent-8.10.jar org.gradle.launcher.daemon.bootstrap.GradleDaemon 8.10
Successfully started process 'Gradle build daemon'
An attempt to start the daemon took 6.801 secs.
The client will now receive all logging from the daemon (pid: 27504). The daemon log file: C:\Users\xmeta\.gradle\daemon\8.10\daemon-27504.out.log
Daemon will be stopped at the end of the build 
Using 12 worker leases.
Configuration on demand is an incubating feature.
Received JVM installation metadata from 'C:\Java': {JAVA_HOME=C:\Java, JAVA_VERSION=17.0.15, JAVA_VENDOR=Microsoft, RUNTIME_NAME=OpenJDK Runtime Environment, RUNTIME_VERSION=17.0.15+6-LTS, VM_NAME=OpenJDK 64-Bit Server VM, VM_VERSION=17.0.15+6-LTS, VM_VENDOR=Microsoft, OS_ARCH=amd64}
Watching the file system is configured to be enabled if available
Now considering [C:\Users\xmeta\projects\Mr.Comic] as hierarchies to watch
File system watching is active
Starting Build
Settings evaluated using settings file 'C:\Users\xmeta\projects\Mr.Comic\settings.gradle.kts'.
Using local directory build cache for the root build (location = C:\Users\xmeta\.gradle\caches\build-cache-1, removeUnusedEntriesAfter = 7 days).
Projects loaded. Root project using build file 'C:\Users\xmeta\projects\Mr.Comic\build.gradle.kts'.
Included projects: [root project 'MrComic', project ':analysis', project ':android', project ':reports', project ':scripts', project ':android:app', project ':android:core', project ':android:core-analytics', project ':android:core-data', project ':android:core-domain', project ':android:core-model', project ':android:core-reader', project ':android:core-ui', project ':android:feature-library', project ':android:feature-ocr', project ':android:feature-onboarding', project ':android:feature-reader', project ':android:feature-settings', project ':android:feature-themes', project ':android:feature-translate', project ':android:shared']
Task path ':android:feature-ocr:compileDebugKotlin' matched project ':android:feature-ocr'

> Configure project :
Evaluating root project 'MrComic' using build file 'C:\Users\xmeta\projects\Mr.Comic\build.gradle.kts'.
Transforming hilt-android-gradle-plugin-2.51.1.jar (com.google.dagger:hilt-android-gradle-plugin:2.51.1) with InstrumentationAnalysisTransform
Transforming gradle-8.7.2.jar (com.android.tools.build:gradle:8.7.2) with InstrumentationAnalysisTransform
Transforming gradle-settings-api-8.7.2.jar (com.android.tools.build:gradle-settings-api:8.7.2) with InstrumentationAnalysisTransform
Transforming lint-model-31.7.2.jar (com.android.tools.lint:lint-model:31.7.2) with InstrumentationAnalysisTransform
Transforming builder-8.7.2.jar (com.android.tools.build:builder:8.7.2) with InstrumentationAnalysisTransform
Transforming manifest-merger-31.7.2.jar (com.android.tools.build:manifest-merger:31.7.2) with InstrumentationAnalysisTransform
Transforming sdk-common-31.7.2.jar (com.android.tools:sdk-common:31.7.2) with InstrumentationAnalysisTransform
Transforming sdklib-31.7.2.jar (com.android.tools:sdklib:31.7.2) with InstrumentationAnalysisTransform
Transforming repository-31.7.2.jar (com.android.tools:repository:31.7.2) with InstrumentationAnalysisTransform
Transforming aaptcompiler-8.7.2.jar (com.android.tools.build:aaptcompiler:8.7.2) with InstrumentationAnalysisTransform
Transforming tracker-31.7.2.jar (com.android.tools.analytics-library:tracker:31.7.2) with InstrumentationAnalysisTransform
Transforming shared-31.7.2.jar (com.android.tools.analytics-library:shared:31.7.2) with InstrumentationAnalysisTransform
Transforming databinding-compiler-common-8.7.2.jar (androidx.databinding:databinding-compiler-common:8.7.2) with InstrumentationAnalysisTransform
Transforming android-test-plugin-host-emulator-control-proto-31.7.2.jar (com.android.tools.utp:android-test-plugin-host-emulator-control-proto:31.7.2) with InstrumentationAnalysisTransform
Transforming android-test-plugin-host-retention-proto-31.7.2.jar (com.android.tools.utp:android-test-plugin-host-retention-proto:31.7.2) with InstrumentationAnalysisTransform
Transforming builder-model-8.7.2.jar (com.android.tools.build:builder-model:8.7.2) with InstrumentationAnalysisTransform
Transforming gradle-api-8.7.2.jar (com.android.tools.build:gradle-api:8.7.2) with InstrumentationAnalysisTransform
Transforming symbol-processing-gradle-plugin-1.9.25-1.0.20.jar (com.google.devtools.ksp:symbol-processing-gradle-plugin:1.9.25-1.0.20) with InstrumentationAnalysisTransform
Transforming symbol-processing-api-1.9.25-1.0.20.jar (com.google.devtools.ksp:symbol-processing-api:1.9.25-1.0.20) with InstrumentationAnalysisTransform
Transforming symbol-processing-common-deps-1.9.25-1.0.20.jar (com.google.devtools.ksp:symbol-processing-common-deps:1.9.25-1.0.20) with InstrumentationAnalysisTransform
Transforming builder-test-api-8.7.2.jar (com.android.tools.build:builder-test-api:8.7.2) with InstrumentationAnalysisTransform
Transforming ddmlib-31.7.2.jar (com.android.tools.ddms:ddmlib:31.7.2) with InstrumentationAnalysisTransform
Transforming layoutlib-api-31.7.2.jar (com.android.tools.layoutlib:layoutlib-api:31.7.2) with InstrumentationAnalysisTransform
Transforming dvlib-31.7.2.jar (com.android.tools:dvlib:31.7.2) with InstrumentationAnalysisTransform
Transforming common-31.7.2.jar (com.android.tools:common:31.7.2) with InstrumentationAnalysisTransform
Transforming kotlin-stdlib-jdk8-1.9.20.jar (org.jetbrains.kotlin:kotlin-stdlib-jdk8:1.9.20) with InstrumentationAnalysisTransform
Transforming jetifier-processor-1.0.0-beta10.jar (com.android.tools.build.jetifier:jetifier-processor:1.0.0-beta10) with InstrumentationAnalysisTransform
Transforming jetifier-core-1.0.0-beta10.jar (com.android.tools.build.jetifier:jetifier-core:1.0.0-beta10) with InstrumentationAnalysisTransform
Transforming kotlin-reflect-1.9.24.jar (org.jetbrains.kotlin:kotlin-reflect:1.9.24) with InstrumentationAnalysisTransform
Transforming kotlin-stdlib-jdk7-1.9.20.jar (org.jetbrains.kotlin:kotlin-stdlib-jdk7:1.9.20) with InstrumentationAnalysisTransform
Transforming kotlin-stdlib-1.9.24.jar (org.jetbrains.kotlin:kotlin-stdlib:1.9.24) with InstrumentationAnalysisTransform
Transforming annotations-13.0.jar (org.jetbrains:annotations:13.0) with InstrumentationAnalysisTransform
Transforming kotlin-serialization-1.9.25-gradle82.jar (org.jetbrains.kotlin:kotlin-serialization:1.9.25) with InstrumentationAnalysisTransform
Transforming kotlin-gradle-plugin-model-1.9.25.jar (org.jetbrains.kotlin:kotlin-gradle-plugin-model:1.9.25) with InstrumentationAnalysisTransform
Transforming kotlin-gradle-plugin-api-1.9.25.jar (org.jetbrains.kotlin:kotlin-gradle-plugin-api:1.9.25) with InstrumentationAnalysisTransform
Transforming kotlin-gradle-plugin-api-1.9.25-gradle82.jar (org.jetbrains.kotlin:kotlin-gradle-plugin-api:1.9.25) with InstrumentationAnalysisTransform
Transforming kotlin-gradle-plugin-1.9.25-gradle82.jar (org.jetbrains.kotlin:kotlin-gradle-plugin:1.9.25) with InstrumentationAnalysisTransform
Transforming detekt-gradle-plugin-1.23.4.jar (io.gitlab.arturbosch.detekt:detekt-gradle-plugin:1.23.4) with InstrumentationAnalysisTransform
Transforming dependency-check-gradle-10.0.3.jar (org.owasp:dependency-check-gradle:10.0.3) with InstrumentationAnalysisTransform
Transforming bundletool-1.17.1.jar (com.android.tools.build:bundletool:1.17.1) with InstrumentationAnalysisTransform
Transforming aapt2-proto-8.7.2-12006047.jar (com.android.tools.build:aapt2-proto:8.7.2-12006047) with InstrumentationAnalysisTransform
Transforming crash-31.7.2.jar (com.android.tools.analytics-library:crash:31.7.2) with InstrumentationAnalysisTransform
Transforming lint-typedef-remover-31.7.2.jar (com.android.tools.lint:lint-typedef-remover:31.7.2) with InstrumentationAnalysisTransform
Transforming databinding-common-8.7.2.jar (androidx.databinding:databinding-common:8.7.2) with InstrumentationAnalysisTransform
Transforming baseLibrary-8.7.2.jar (com.android.databinding:baseLibrary:8.7.2) with InstrumentationAnalysisTransform
Transforming android-device-provider-ddmlib-proto-31.7.2.jar (com.android.tools.utp:android-device-provider-ddmlib-proto:31.7.2) with InstrumentationAnalysisTransform
Transforming android-device-provider-gradle-proto-31.7.2.jar (com.android.tools.utp:android-device-provider-gradle-proto:31.7.2) with InstrumentationAnalysisTransform
Transforming android-device-provider-profile-proto-31.7.2.jar (com.android.tools.utp:android-device-provider-profile-proto:31.7.2) with InstrumentationAnalysisTransform
Transforming android-test-plugin-host-additional-test-output-proto-31.7.2.jar (com.android.tools.utp:android-test-plugin-host-additional-test-output-proto:31.7.2) with InstrumentationAnalysisTransform
Transforming android-test-plugin-host-coverage-proto-31.7.2.jar (com.android.tools.utp:android-test-plugin-host-coverage-proto:31.7.2) with InstrumentationAnalysisTransform
Transforming android-test-plugin-host-logcat-proto-31.7.2.jar (com.android.tools.utp:android-test-plugin-host-logcat-proto:31.7.2) with InstrumentationAnalysisTransform
Transforming android-test-plugin-host-apk-installer-proto-31.7.2.jar (com.android.tools.utp:android-test-plugin-host-apk-installer-proto:31.7.2) with InstrumentationAnalysisTransform
Transforming android-test-plugin-result-listener-gradle-proto-31.7.2.jar (com.android.tools.utp:android-test-plugin-result-listener-gradle-proto:31.7.2) with InstrumentationAnalysisTransform
Transforming transform-api-2.0.0-deprecated-use-gradle-api.jar (com.android.tools.build:transform-api:2.0.0-deprecated-use-gradle-api) with InstrumentationAnalysisTransform
Transforming httpmime-4.5.6.jar (org.apache.httpcomponents:httpmime:4.5.6) with InstrumentationAnalysisTransform
Transforming dependency-check-core-10.0.3.jar (org.owasp:dependency-check-core:10.0.3) with InstrumentationAnalysisTransform
Transforming dependency-check-utils-10.0.3.jar (org.owasp:dependency-check-utils:10.0.3) with InstrumentationAnalysisTransform
Transforming packager-rpm-0.19.0.jar (org.eclipse.packager:packager-rpm:0.19.0) with InstrumentationAnalysisTransform
Transforming commons-compress-1.26.2.jar (org.apache.commons:commons-compress:1.26.2) with InstrumentationAnalysisTransform
Transforming commons-io-2.16.1.jar (commons-io:commons-io:2.16.1) with InstrumentationAnalysisTransform
Transforming asm-commons-9.6.jar (org.ow2.asm:asm-commons:9.6) with InstrumentationAnalysisTransform
Transforming asm-util-9.6.jar (org.ow2.asm:asm-util:9.6) with InstrumentationAnalysisTransform
Transforming asm-analysis-9.6.jar (org.ow2.asm:asm-analysis:9.6) with InstrumentationAnalysisTransform
Transforming asm-tree-9.6.jar (org.ow2.asm:asm-tree:9.6) with InstrumentationAnalysisTransform
Transforming asm-9.6.jar (org.ow2.asm:asm:9.6) with InstrumentationAnalysisTransform
Transforming apkzlib-8.7.2.jar (com.android.tools.build:apkzlib:8.7.2) with InstrumentationAnalysisTransform
Transforming bcpkix-jdk18on-1.77.jar (org.bouncycastle:bcpkix-jdk18on:1.77) with InstrumentationAnalysisTransform
Transforming jaxb-runtime-2.3.2.jar (org.glassfish.jaxb:jaxb-runtime:2.3.2) with InstrumentationAnalysisTransform
Transforming jopt-simple-4.9.jar (net.sf.jopt-simple:jopt-simple:4.9) with InstrumentationAnalysisTransform
Transforming javapoet-1.13.0.jar (com.squareup:javapoet:1.13.0) with InstrumentationAnalysisTransform
Transforming protobuf-java-util-3.22.3.jar (com.google.protobuf:protobuf-java-util:3.22.3) with InstrumentationAnalysisTransform
Transforming grpc-protobuf-1.57.0.jar (io.grpc:grpc-protobuf:1.57.0) with InstrumentationAnalysisTransform
Transforming tink-1.7.0.jar (com.google.crypto.tink:tink:1.7.0) with InstrumentationAnalysisTransform
Transforming protos-31.7.2.jar (com.android.tools.analytics-library:protos:31.7.2) with InstrumentationAnalysisTransform
Transforming proto-google-common-protos-2.17.0.jar (com.google.api.grpc:proto-google-common-protos:2.17.0) with InstrumentationAnalysisTransform
Transforming protobuf-java-3.22.3.jar (com.google.protobuf:protobuf-java:3.22.3) with InstrumentationAnalysisTransform
Transforming grpc-netty-1.57.0.jar (io.grpc:grpc-netty:1.57.0) with InstrumentationAnalysisTransform
Transforming grpc-core-1.57.0.jar (io.grpc:grpc-core:1.57.0) with InstrumentationAnalysisTransform
Transforming slack-webhook-1.4.0.jar (net.gpedro.integrations.slack:slack-webhook:1.4.0) with InstrumentationAnalysisTransform
Transforming ossindex-service-client-1.8.2.jar (org.sonatype.ossindex:ossindex-service-client:1.8.2) with InstrumentationAnalysisTransform
Transforming toml4j-0.7.2.jar (com.moandjiezana.toml:toml4j:0.7.2) with InstrumentationAnalysisTransform
Transforming gson-2.10.1.jar (com.google.code.gson:gson:2.10.1) with InstrumentationAnalysisTransform
Transforming grpc-stub-1.57.0.jar (io.grpc:grpc-stub:1.57.0) with InstrumentationAnalysisTransform
Transforming core-proto-0.0.9-alpha02.jar (com.google.testing.platform:core-proto:0.0.9-alpha02) with InstrumentationAnalysisTransform
Transforming tensorflow-lite-metadata-0.1.0-rc2.jar (org.tensorflow:tensorflow-lite-metadata:0.1.0-rc2) with InstrumentationAnalysisTransform
Transforming flatbuffers-java-1.12.0.jar (com.google.flatbuffers:flatbuffers-java:1.12.0) with InstrumentationAnalysisTransform
Transforming kotlin-gradle-plugin-idea-proto-1.9.25.jar (org.jetbrains.kotlin:kotlin-gradle-plugin-idea-proto:1.9.25) with InstrumentationAnalysisTransform
Transforming kotlin-gradle-plugin-idea-1.9.25.jar (org.jetbrains.kotlin:kotlin-gradle-plugin-idea:1.9.25) with InstrumentationAnalysisTransform
Transforming kotlin-klib-commonizer-api-1.9.25.jar (org.jetbrains.kotlin:kotlin-klib-commonizer-api:1.9.25) with InstrumentationAnalysisTransform
Transforming kotlin-native-utils-1.9.25.jar (org.jetbrains.kotlin:kotlin-native-utils:1.9.25) with InstrumentationAnalysisTransform
Transforming kotlin-util-klib-1.9.25.jar (org.jetbrains.kotlin:kotlin-util-klib:1.9.25) with InstrumentationAnalysisTransform
Transforming kotlin-build-tools-api-1.9.25.jar (org.jetbrains.kotlin:kotlin-build-tools-api:1.9.25) with InstrumentationAnalysisTransform
Transforming kotlin-android-extensions-1.9.25.jar (org.jetbrains.kotlin:kotlin-android-extensions:1.9.25) with InstrumentationAnalysisTransform
Transforming kotlin-compiler-runner-1.9.25.jar (org.jetbrains.kotlin:kotlin-compiler-runner:1.9.25) with InstrumentationAnalysisTransform
Transforming kotlin-compiler-embeddable-1.9.25.jar (org.jetbrains.kotlin:kotlin-compiler-embeddable:1.9.25) with InstrumentationAnalysisTransform
Transforming kotlin-scripting-compiler-embeddable-1.9.25.jar (org.jetbrains.kotlin:kotlin-scripting-compiler-embeddable:1.9.25) with InstrumentationAnalysisTransform
Transforming kotlin-scripting-compiler-impl-embeddable-1.9.25.jar (org.jetbrains.kotlin:kotlin-scripting-compiler-impl-embeddable:1.9.25) with InstrumentationAnalysisTransform
Transforming open-vulnerability-clients-6.1.7.jar (io.github.jeremylong:open-vulnerability-clients:6.1.7) with InstrumentationAnalysisTransform
Transforming jimfs-1.1.jar (com.google.jimfs:jimfs:1.1) with InstrumentationAnalysisTransform
Transforming grpc-context-1.57.0.jar (io.grpc:grpc-context:1.57.0) with InstrumentationAnalysisTransform
Transforming grpc-protobuf-lite-1.57.0.jar (io.grpc:grpc-protobuf-lite:1.57.0) with InstrumentationAnalysisTransform
Transforming grpc-api-1.57.0.jar (io.grpc:grpc-api:1.57.0) with InstrumentationAnalysisTransform
Transforming guava-33.2.1-jre.jar (com.google.guava:guava:33.2.1-jre) with InstrumentationAnalysisTransform
Transforming dagger-2.28.3.jar (com.google.dagger:dagger:2.28.3) with InstrumentationAnalysisTransform
Transforming javax.inject-1.jar (javax.inject:javax.inject:1) with InstrumentationAnalysisTransform
Transforming kxml2-2.3.0.jar (net.sf.kxml:kxml2:2.3.0) with InstrumentationAnalysisTransform
Transforming bcutil-jdk18on-1.77.jar (org.bouncycastle:bcutil-jdk18on:1.77) with InstrumentationAnalysisTransform
Transforming packager-core-0.19.0.jar (org.eclipse.packager:packager-core:0.19.0) with InstrumentationAnalysisTransform
Transforming bcpg-jdk18on-1.71.jar (org.bouncycastle:bcpg-jdk18on:1.71) with InstrumentationAnalysisTransform
Transforming bcprov-jdk18on-1.77.jar (org.bouncycastle:bcprov-jdk18on:1.77) with InstrumentationAnalysisTransform
Transforming trove4j-1.0.20200330.jar (org.jetbrains.intellij.deps:trove4j:1.0.20200330) with InstrumentationAnalysisTransform
Transforming httpclient-4.5.14.jar (org.apache.httpcomponents:httpclient:4.5.14) with InstrumentationAnalysisTransform
Transforming httpcore-4.4.16.jar (org.apache.httpcomponents:httpcore:4.4.16) with InstrumentationAnalysisTransform
Transforming javax.activation-1.2.0.jar (com.sun.activation:javax.activation:1.2.0) with InstrumentationAnalysisTransform
Transforming signflinger-8.7.2.jar (com.android:signflinger:8.7.2) with InstrumentationAnalysisTransform
Transforming zipflinger-8.7.2.jar (com.android:zipflinger:8.7.2) with InstrumentationAnalysisTransform
Transforming annotations-31.7.2.jar (com.android.tools:annotations:31.7.2) with InstrumentationAnalysisTransform
Transforming jna-platform-5.6.0.jar (net.java.dev.jna:jna-platform:5.6.0) with InstrumentationAnalysisTransform
Transforming juniversalchardet-1.0.3.jar (com.googlecode.juniversalchardet:juniversalchardet:1.0.3) with InstrumentationAnalysisTransform
Transforming javax.annotation-api-1.3.2.jar (javax.annotation:javax.annotation-api:1.3.2) with InstrumentationAnalysisTransform
Transforming stax-ex-1.8.1.jar (org.jvnet.staxex:stax-ex:1.8.1) with InstrumentationAnalysisTransform
Transforming jakarta.xml.bind-api-2.3.2.jar (jakarta.xml.bind:jakarta.xml.bind-api:2.3.2) with InstrumentationAnalysisTransform
Transforming txw2-2.3.2.jar (org.glassfish.jaxb:txw2:2.3.2) with InstrumentationAnalysisTransform
Transforming istack-commons-runtime-3.0.8.jar (com.sun.istack:istack-commons-runtime:3.0.8) with InstrumentationAnalysisTransform
Transforming FastInfoset-1.2.16.jar (com.sun.xml.fastinfoset:FastInfoset:1.2.16) with InstrumentationAnalysisTransform
Transforming jakarta.activation-api-1.2.1.jar (jakarta.activation:jakarta.activation-api:1.2.1) with InstrumentationAnalysisTransform
Transforming auto-value-annotations-1.6.2.jar (com.google.auto.value:auto-value-annotations:1.6.2) with InstrumentationAnalysisTransform
Transforming error_prone_annotations-2.26.1.jar (com.google.errorprone:error_prone_annotations:2.26.1) with InstrumentationAnalysisTransform
Transforming jose4j-0.9.5.jar (org.bitbucket.b_c:jose4j:0.9.5) with InstrumentationAnalysisTransform
Transforming jcs3-slf4j-1.0.5.jar (io.github.jeremylong:jcs3-slf4j:1.0.5) with InstrumentationAnalysisTransform
Transforming cpe-parser-2.1.0.jar (us.springett:cpe-parser:2.1.0) with InstrumentationAnalysisTransform
Transforming velocity-engine-core-2.3.jar (org.apache.velocity:velocity-engine-core:2.3) with InstrumentationAnalysisTransform
Transforming httpclient5-5.3.1.jar (org.apache.httpcomponents.client5:httpclient5:5.3.1) with InstrumentationAnalysisTransform
Transforming ossindex-service-api-1.8.2.jar (org.sonatype.ossindex:ossindex-service-api:1.8.2) with InstrumentationAnalysisTransform
Transforming jcl-over-slf4j-1.7.28.jar (org.slf4j:jcl-over-slf4j:1.7.28) with InstrumentationAnalysisTransform
Transforming slf4j-api-1.7.36.jar (org.slf4j:slf4j-api:1.7.36) with InstrumentationAnalysisTransform
Transforming jdom2-2.0.6.jar (org.jdom:jdom2:2.0.6) with InstrumentationAnalysisTransform
Transforming jsr305-3.0.2.jar (com.google.code.findbugs:jsr305:3.0.2) with InstrumentationAnalysisTransform
Transforming j2objc-annotations-1.3.jar (com.google.j2objc:j2objc-annotations:1.3) with InstrumentationAnalysisTransform
Transforming annotations-4.1.1.4.jar (com.google.android:annotations:4.1.1.4) with InstrumentationAnalysisTransform
Transforming animal-sniffer-annotations-1.23.jar (org.codehaus.mojo:animal-sniffer-annotations:1.23) with InstrumentationAnalysisTransform
Transforming perfmark-api-0.26.0.jar (io.perfmark:perfmark-api:0.26.0) with InstrumentationAnalysisTransform
Transforming netty-codec-http2-4.1.93.Final.jar (io.netty:netty-codec-http2:4.1.93.Final) with InstrumentationAnalysisTransform
Transforming netty-handler-proxy-4.1.93.Final.jar (io.netty:netty-handler-proxy:4.1.93.Final) with InstrumentationAnalysisTransform
Transforming netty-codec-http-4.1.93.Final.jar (io.netty:netty-codec-http:4.1.93.Final) with InstrumentationAnalysisTransform
Transforming netty-handler-4.1.93.Final.jar (io.netty:netty-handler:4.1.93.Final) with InstrumentationAnalysisTransform
Transforming netty-transport-native-unix-common-4.1.93.Final.jar (io.netty:netty-transport-native-unix-common:4.1.93.Final) with InstrumentationAnalysisTransform
Transforming checker-qual-3.42.0.jar (org.checkerframework:checker-qual:3.42.0) with InstrumentationAnalysisTransform
Transforming commons-codec-1.17.0.jar (commons-codec:commons-codec:1.17.0) with InstrumentationAnalysisTransform
Transforming apksig-8.7.2.jar (com.android.tools.build:apksig:8.7.2) with InstrumentationAnalysisTransform
Transforming javawriter-2.5.0.jar (com.squareup:javawriter:2.5.0) with InstrumentationAnalysisTransform
Transforming kotlin-gradle-plugin-annotations-1.9.25.jar (org.jetbrains.kotlin:kotlin-gradle-plugin-annotations:1.9.25) with InstrumentationAnalysisTransform
Transforming kotlin-project-model-1.9.25.jar (org.jetbrains.kotlin:kotlin-project-model:1.9.25) with InstrumentationAnalysisTransform
Transforming kotlin-tooling-core-1.9.25.jar (org.jetbrains.kotlin:kotlin-tooling-core:1.9.25) with InstrumentationAnalysisTransform
Transforming kotlin-util-io-1.9.25.jar (org.jetbrains.kotlin:kotlin-util-io:1.9.25) with InstrumentationAnalysisTransform
Transforming kotlin-daemon-embeddable-1.9.25.jar (org.jetbrains.kotlin:kotlin-daemon-embeddable:1.9.25) with InstrumentationAnalysisTransform
Transforming kotlin-daemon-client-1.9.25.jar (org.jetbrains.kotlin:kotlin-daemon-client:1.9.25) with InstrumentationAnalysisTransform
Transforming kotlinx-coroutines-core-jvm-1.5.0.jar (org.jetbrains.kotlinx:kotlinx-coroutines-core-jvm:1.5.0) with InstrumentationAnalysisTransform
Transforming kotlin-scripting-jvm-1.9.25.jar (org.jetbrains.kotlin:kotlin-scripting-jvm:1.9.25) with InstrumentationAnalysisTransform
Transforming kotlin-scripting-common-1.9.25.jar (org.jetbrains.kotlin:kotlin-scripting-common:1.9.25) with InstrumentationAnalysisTransform
Transforming jdiagnostics-1.0.7.jar (org.anarres.jdiagnostics:jdiagnostics:1.0.7) with InstrumentationAnalysisTransform
Transforming pecoff4j-0.0.2.1.jar (org.whitesource:pecoff4j:0.0.2.1) with InstrumentationAnalysisTransform
Transforming commons-jcs3-core-3.2.1.jar (org.apache.commons:commons-jcs3-core:3.2.1) with InstrumentationAnalysisTransform
Transforming packageurl-java-1.5.0.jar (com.github.package-url:packageurl-java:1.5.0) with InstrumentationAnalysisTransform
Transforming semver4j-5.3.0.jar (org.semver4j:semver4j:5.3.0) with InstrumentationAnalysisTransform
Transforming commons-collections4-4.4.jar (org.apache.commons:commons-collections4:4.4) with InstrumentationAnalysisTransform
Transforming commons-text-1.12.0.jar (org.apache.commons:commons-text:1.12.0) with InstrumentationAnalysisTransform
Transforming commons-lang3-3.14.0.jar (org.apache.commons:commons-lang3:3.14.0) with InstrumentationAnalysisTransform
Transforming commons-dbcp2-2.12.0.jar (org.apache.commons:commons-dbcp2:2.12.0) with InstrumentationAnalysisTransform
Transforming lucene-analyzers-common-8.11.3.jar (org.apache.lucene:lucene-analyzers-common:8.11.3) with InstrumentationAnalysisTransform
Transforming lucene-queryparser-8.11.3.jar (org.apache.lucene:lucene-queryparser:8.11.3) with InstrumentationAnalysisTransform
Transforming lucene-core-8.11.3.jar (org.apache.lucene:lucene-core:8.11.3) with InstrumentationAnalysisTransform
Transforming h2-2.1.214.jar (com.h2database:h2:2.1.214) with InstrumentationAnalysisTransform
Transforming javax.json-1.1.4.jar (org.glassfish:javax.json:1.1.4) with InstrumentationAnalysisTransform
Transforming jsoup-1.17.2.jar (org.jsoup:jsoup:1.17.2) with InstrumentationAnalysisTransform
Transforming jackson-module-afterburner-2.17.1.jar (com.fasterxml.jackson.module:jackson-module-afterburner:2.17.1) with InstrumentationAnalysisTransform
Transforming jackson-module-blackbird-2.17.1.jar (com.fasterxml.jackson.module:jackson-module-blackbird:2.17.1) with InstrumentationAnalysisTransform
Transforming jackson-dataformat-yaml-2.17.1.jar (com.fasterxml.jackson.dataformat:jackson-dataformat-yaml:2.17.1) with InstrumentationAnalysisTransform
Transforming jackson-annotations-2.17.1.jar (com.fasterxml.jackson.core:jackson-annotations:2.17.1) with InstrumentationAnalysisTransform
Transforming jackson-core-2.17.1.jar (com.fasterxml.jackson.core:jackson-core:2.17.1) with InstrumentationAnalysisTransform
Transforming jackson-datatype-jsr310-2.17.1.jar (com.fasterxml.jackson.datatype:jackson-datatype-jsr310:2.17.1) with InstrumentationAnalysisTransform
Transforming jackson-databind-2.17.1.jar (com.fasterxml.jackson.core:jackson-databind:2.17.1) with InstrumentationAnalysisTransform
Transforming retirejs-core-3.0.4.jar (com.h3xstream.retirejs:retirejs-core:3.0.4) with InstrumentationAnalysisTransform
Transforming aho-corasick-double-array-trie-1.2.3.jar (com.hankcs:aho-corasick-double-array-trie:1.2.3) with InstrumentationAnalysisTransform
Transforming commons-validator-1.9.0.jar (commons-validator:commons-validator:1.9.0) with InstrumentationAnalysisTransform
Transforming commons-beanutils-1.9.4.jar (commons-beanutils:commons-beanutils:1.9.4) with InstrumentationAnalysisTransform
Transforming commons-logging-1.3.2.jar (commons-logging:commons-logging:1.3.2) with InstrumentationAnalysisTransform
Transforming jna-5.6.0.jar (net.java.dev.jna:jna:5.6.0) with InstrumentationAnalysisTransform
Transforming netty-codec-socks-4.1.93.Final.jar (io.netty:netty-codec-socks:4.1.93.Final) with InstrumentationAnalysisTransform
Transforming netty-codec-4.1.93.Final.jar (io.netty:netty-codec:4.1.93.Final) with InstrumentationAnalysisTransform
Transforming netty-transport-4.1.93.Final.jar (io.netty:netty-transport:4.1.93.Final) with InstrumentationAnalysisTransform
Transforming netty-buffer-4.1.93.Final.jar (io.netty:netty-buffer:4.1.93.Final) with InstrumentationAnalysisTransform
Transforming netty-resolver-4.1.93.Final.jar (io.netty:netty-resolver:4.1.93.Final) with InstrumentationAnalysisTransform
Transforming netty-common-4.1.93.Final.jar (io.netty:netty-common:4.1.93.Final) with InstrumentationAnalysisTransform
Transforming jmustache-1.15.jar (com.samskivert:jmustache:1.15) with InstrumentationAnalysisTransform
Transforming failureaccess-1.0.2.jar (com.google.guava:failureaccess:1.0.2) with InstrumentationAnalysisTransform
Transforming listenablefuture-9999.0-empty-to-avoid-conflict-with-guava.jar (com.google.guava:listenablefuture:9999.0-empty-to-avoid-conflict-with-guava) with InstrumentationAnalysisTransform
Transforming commons-pool2-2.12.0.jar (org.apache.commons:commons-pool2:2.12.0) with InstrumentationAnalysisTransform
Transforming jakarta.transaction-api-1.3.3.jar (jakarta.transaction:jakarta.transaction-api:1.3.3) with InstrumentationAnalysisTransform
Transforming lucene-queries-8.11.3.jar (org.apache.lucene:lucene-queries:8.11.3) with InstrumentationAnalysisTransform
Transforming lucene-sandbox-8.11.3.jar (org.apache.lucene:lucene-sandbox:8.11.3) with InstrumentationAnalysisTransform
Transforming snakeyaml-2.2.jar (org.yaml:snakeyaml:2.2) with InstrumentationAnalysisTransform
Transforming android-json-0.0.20131108.vaadin1.jar (com.vaadin.external.google:android-json:0.0.20131108.vaadin1) with InstrumentationAnalysisTransform
Transforming minlog-1.3.1.jar (com.esotericsoftware:minlog:1.3.1) with InstrumentationAnalysisTransform
Transforming compiler-0.9.6.jar (com.github.spullara.mustache.java:compiler:0.9.6) with InstrumentationAnalysisTransform
Transforming joda-time-2.10.4.jar (joda-time:joda-time:2.10.4) with InstrumentationAnalysisTransform
Transforming jaxb-api-2.3.1.jar (javax.xml.bind:jaxb-api:2.3.1) with InstrumentationAnalysisTransform
Transforming commons-digester-2.1.jar (commons-digester:commons-digester:2.1) with InstrumentationAnalysisTransform
Transforming commons-collections-3.2.2.jar (commons-collections:commons-collections:3.2.2) with InstrumentationAnalysisTransform
Transforming xz-1.9.jar (org.tukaani:xz:1.9) with InstrumentationAnalysisTransform
Transforming httpcore5-h2-5.2.4.jar (org.apache.httpcomponents.core5:httpcore5-h2:5.2.4) with InstrumentationAnalysisTransform
Transforming httpcore5-5.2.4.jar (org.apache.httpcomponents.core5:httpcore5:5.2.4) with InstrumentationAnalysisTransform
Transforming javax.ws.rs-api-2.0.1.jar (javax.ws.rs:javax.ws.rs-api:2.0.1) with InstrumentationAnalysisTransform
Transforming package-url-java-1.1.1.jar (org.sonatype.goodies:package-url-java:1.1.1) with InstrumentationAnalysisTransform
Transforming javax.activation-api-1.2.0.jar (javax.activation:javax.activation-api:1.2.0) with InstrumentationAnalysisTransform
Transforming hilt-android-gradle-plugin-2.51.1.jar (com.google.dagger:hilt-android-gradle-plugin:2.51.1) with InstrumentationAnalysisTransform
Transforming hilt-android-gradle-plugin-2.51.1.jar (com.google.dagger:hilt-android-gradle-plugin:2.51.1) with MergeInstrumentationAnalysisTransform
Transforming gradle-8.7.2.jar (com.android.tools.build:gradle:8.7.2) with InstrumentationAnalysisTransform
Transforming gradle-8.7.2.jar (com.android.tools.build:gradle:8.7.2) with MergeInstrumentationAnalysisTransform
Transforming gradle-settings-api-8.7.2.jar (com.android.tools.build:gradle-settings-api:8.7.2) with InstrumentationAnalysisTransform
Transforming gradle-settings-api-8.7.2.jar (com.android.tools.build:gradle-settings-api:8.7.2) with MergeInstrumentationAnalysisTransform
Transforming lint-model-31.7.2.jar (com.android.tools.lint:lint-model:31.7.2) with InstrumentationAnalysisTransform
Transforming lint-model-31.7.2.jar (com.android.tools.lint:lint-model:31.7.2) with MergeInstrumentationAnalysisTransform
Transforming builder-8.7.2.jar (com.android.tools.build:builder:8.7.2) with InstrumentationAnalysisTransform
Transforming builder-8.7.2.jar (com.android.tools.build:builder:8.7.2) with MergeInstrumentationAnalysisTransform
Transforming manifest-merger-31.7.2.jar (com.android.tools.build:manifest-merger:31.7.2) with InstrumentationAnalysisTransform
Transforming manifest-merger-31.7.2.jar (com.android.tools.build:manifest-merger:31.7.2) with MergeInstrumentationAnalysisTransform
Transforming sdk-common-31.7.2.jar (com.android.tools:sdk-common:31.7.2) with InstrumentationAnalysisTransform
Transforming sdk-common-31.7.2.jar (com.android.tools:sdk-common:31.7.2) with MergeInstrumentationAnalysisTransform
Transforming sdklib-31.7.2.jar (com.android.tools:sdklib:31.7.2) with InstrumentationAnalysisTransform
Transforming sdklib-31.7.2.jar (com.android.tools:sdklib:31.7.2) with MergeInstrumentationAnalysisTransform
Transforming repository-31.7.2.jar (com.android.tools:repository:31.7.2) with InstrumentationAnalysisTransform
Transforming repository-31.7.2.jar (com.android.tools:repository:31.7.2) with MergeInstrumentationAnalysisTransform
Transforming aaptcompiler-8.7.2.jar (com.android.tools.build:aaptcompiler:8.7.2) with InstrumentationAnalysisTransform
Transforming aaptcompiler-8.7.2.jar (com.android.tools.build:aaptcompiler:8.7.2) with MergeInstrumentationAnalysisTransform
Transforming tracker-31.7.2.jar (com.android.tools.analytics-library:tracker:31.7.2) with InstrumentationAnalysisTransform
Transforming tracker-31.7.2.jar (com.android.tools.analytics-library:tracker:31.7.2) with MergeInstrumentationAnalysisTransform
Transforming shared-31.7.2.jar (com.android.tools.analytics-library:shared:31.7.2) with InstrumentationAnalysisTransform
Transforming shared-31.7.2.jar (com.android.tools.analytics-library:shared:31.7.2) with MergeInstrumentationAnalysisTransform
Transforming databinding-compiler-common-8.7.2.jar (androidx.databinding:databinding-compiler-common:8.7.2) with InstrumentationAnalysisTransform
Transforming databinding-compiler-common-8.7.2.jar (androidx.databinding:databinding-compiler-common:8.7.2) with MergeInstrumentationAnalysisTransform
Transforming android-test-plugin-host-emulator-control-proto-31.7.2.jar (com.android.tools.utp:android-test-plugin-host-emulator-control-proto:31.7.2) with InstrumentationAnalysisTransform
Transforming android-test-plugin-host-emulator-control-proto-31.7.2.jar (com.android.tools.utp:android-test-plugin-host-emulator-control-proto:31.7.2) with MergeInstrumentationAnalysisTransform
Transforming android-test-plugin-host-retention-proto-31.7.2.jar (com.android.tools.utp:android-test-plugin-host-retention-proto:31.7.2) with InstrumentationAnalysisTransform
Transforming android-test-plugin-host-retention-proto-31.7.2.jar (com.android.tools.utp:android-test-plugin-host-retention-proto:31.7.2) with MergeInstrumentationAnalysisTransform
Transforming builder-model-8.7.2.jar (com.android.tools.build:builder-model:8.7.2) with InstrumentationAnalysisTransform
Transforming builder-model-8.7.2.jar (com.android.tools.build:builder-model:8.7.2) with MergeInstrumentationAnalysisTransform
Transforming gradle-api-8.7.2.jar (com.android.tools.build:gradle-api:8.7.2) with InstrumentationAnalysisTransform
Transforming gradle-api-8.7.2.jar (com.android.tools.build:gradle-api:8.7.2) with MergeInstrumentationAnalysisTransform
Transforming symbol-processing-gradle-plugin-1.9.25-1.0.20.jar (com.google.devtools.ksp:symbol-processing-gradle-plugin:1.9.25-1.0.20) with InstrumentationAnalysisTransform
Transforming symbol-processing-gradle-plugin-1.9.25-1.0.20.jar (com.google.devtools.ksp:symbol-processing-gradle-plugin:1.9.25-1.0.20) with MergeInstrumentationAnalysisTransform
Transforming symbol-processing-api-1.9.25-1.0.20.jar (com.google.devtools.ksp:symbol-processing-api:1.9.25-1.0.20) with InstrumentationAnalysisTransform
Transforming symbol-processing-api-1.9.25-1.0.20.jar (com.google.devtools.ksp:symbol-processing-api:1.9.25-1.0.20) with MergeInstrumentationAnalysisTransform
Transforming symbol-processing-common-deps-1.9.25-1.0.20.jar (com.google.devtools.ksp:symbol-processing-common-deps:1.9.25-1.0.20) with InstrumentationAnalysisTransform
Transforming symbol-processing-common-deps-1.9.25-1.0.20.jar (com.google.devtools.ksp:symbol-processing-common-deps:1.9.25-1.0.20) with MergeInstrumentationAnalysisTransform
Transforming builder-test-api-8.7.2.jar (com.android.tools.build:builder-test-api:8.7.2) with InstrumentationAnalysisTransform
Transforming builder-test-api-8.7.2.jar (com.android.tools.build:builder-test-api:8.7.2) with MergeInstrumentationAnalysisTransform
Transforming ddmlib-31.7.2.jar (com.android.tools.ddms:ddmlib:31.7.2) with InstrumentationAnalysisTransform
Transforming ddmlib-31.7.2.jar (com.android.tools.ddms:ddmlib:31.7.2) with MergeInstrumentationAnalysisTransform
Transforming layoutlib-api-31.7.2.jar (com.android.tools.layoutlib:layoutlib-api:31.7.2) with InstrumentationAnalysisTransform
Transforming layoutlib-api-31.7.2.jar (com.android.tools.layoutlib:layoutlib-api:31.7.2) with MergeInstrumentationAnalysisTransform
Transforming dvlib-31.7.2.jar (com.android.tools:dvlib:31.7.2) with InstrumentationAnalysisTransform
Transforming dvlib-31.7.2.jar (com.android.tools:dvlib:31.7.2) with MergeInstrumentationAnalysisTransform
Transforming common-31.7.2.jar (com.android.tools:common:31.7.2) with InstrumentationAnalysisTransform
Transforming common-31.7.2.jar (com.android.tools:common:31.7.2) with MergeInstrumentationAnalysisTransform
Transforming kotlin-stdlib-jdk8-1.9.20.jar (org.jetbrains.kotlin:kotlin-stdlib-jdk8:1.9.20) with InstrumentationAnalysisTransform
Transforming hilt-android-gradle-plugin-2.51.1.jar (com.google.dagger:hilt-android-gradle-plugin:2.51.1) with ExternalDependencyInstrumentingArtifactTransform
Transforming kotlin-stdlib-jdk8-1.9.20.jar (org.jetbrains.kotlin:kotlin-stdlib-jdk8:1.9.20) with MergeInstrumentationAnalysisTransform
Transforming jetifier-processor-1.0.0-beta10.jar (com.android.tools.build.jetifier:jetifier-processor:1.0.0-beta10) with InstrumentationAnalysisTransform
Transforming jetifier-processor-1.0.0-beta10.jar (com.android.tools.build.jetifier:jetifier-processor:1.0.0-beta10) with MergeInstrumentationAnalysisTransform
Transforming jetifier-core-1.0.0-beta10.jar (com.android.tools.build.jetifier:jetifier-core:1.0.0-beta10) with InstrumentationAnalysisTransform
Transforming jetifier-core-1.0.0-beta10.jar (com.android.tools.build.jetifier:jetifier-core:1.0.0-beta10) with MergeInstrumentationAnalysisTransform
Transforming kotlin-reflect-1.9.24.jar (org.jetbrains.kotlin:kotlin-reflect:1.9.24) with InstrumentationAnalysisTransform
Transforming kotlin-reflect-1.9.24.jar (org.jetbrains.kotlin:kotlin-reflect:1.9.24) with MergeInstrumentationAnalysisTransform
Transforming kotlin-stdlib-jdk7-1.9.20.jar (org.jetbrains.kotlin:kotlin-stdlib-jdk7:1.9.20) with InstrumentationAnalysisTransform
Transforming kotlin-stdlib-jdk7-1.9.20.jar (org.jetbrains.kotlin:kotlin-stdlib-jdk7:1.9.20) with MergeInstrumentationAnalysisTransform
Transforming kotlin-stdlib-1.9.24.jar (org.jetbrains.kotlin:kotlin-stdlib:1.9.24) with InstrumentationAnalysisTransform
Transforming kotlin-stdlib-1.9.24.jar (org.jetbrains.kotlin:kotlin-stdlib:1.9.24) with MergeInstrumentationAnalysisTransform
Transforming gradle-settings-api-8.7.2.jar (com.android.tools.build:gradle-settings-api:8.7.2) with ExternalDependencyInstrumentingArtifactTransform
Transforming builder-8.7.2.jar (com.android.tools.build:builder:8.7.2) with ExternalDependencyInstrumentingArtifactTransform
Transforming annotations-13.0.jar (org.jetbrains:annotations:13.0) with InstrumentationAnalysisTransform
Transforming annotations-13.0.jar (org.jetbrains:annotations:13.0) with MergeInstrumentationAnalysisTransform
Transforming lint-model-31.7.2.jar (com.android.tools.lint:lint-model:31.7.2) with ExternalDependencyInstrumentingArtifactTransform
Transforming kotlin-serialization-1.9.25-gradle82.jar (org.jetbrains.kotlin:kotlin-serialization:1.9.25) with InstrumentationAnalysisTransform
Transforming kotlin-serialization-1.9.25-gradle82.jar (org.jetbrains.kotlin:kotlin-serialization:1.9.25) with MergeInstrumentationAnalysisTransform
Transforming kotlin-gradle-plugin-model-1.9.25.jar (org.jetbrains.kotlin:kotlin-gradle-plugin-model:1.9.25) with InstrumentationAnalysisTransform
Transforming manifest-merger-31.7.2.jar (com.android.tools.build:manifest-merger:31.7.2) with ExternalDependencyInstrumentingArtifactTransform
Transforming kotlin-gradle-plugin-model-1.9.25.jar (org.jetbrains.kotlin:kotlin-gradle-plugin-model:1.9.25) with MergeInstrumentationAnalysisTransform
Transforming kotlin-gradle-plugin-api-1.9.25.jar (org.jetbrains.kotlin:kotlin-gradle-plugin-api:1.9.25) with InstrumentationAnalysisTransform
Transforming kotlin-gradle-plugin-api-1.9.25.jar (org.jetbrains.kotlin:kotlin-gradle-plugin-api:1.9.25) with MergeInstrumentationAnalysisTransform
Transforming kotlin-gradle-plugin-api-1.9.25-gradle82.jar (org.jetbrains.kotlin:kotlin-gradle-plugin-api:1.9.25) with InstrumentationAnalysisTransform
Transforming kotlin-gradle-plugin-api-1.9.25-gradle82.jar (org.jetbrains.kotlin:kotlin-gradle-plugin-api:1.9.25) with MergeInstrumentationAnalysisTransform
Transforming kotlin-gradle-plugin-1.9.25-gradle82.jar (org.jetbrains.kotlin:kotlin-gradle-plugin:1.9.25) with InstrumentationAnalysisTransform
Transforming sdk-common-31.7.2.jar (com.android.tools:sdk-common:31.7.2) with ExternalDependencyInstrumentingArtifactTransform
Transforming kotlin-gradle-plugin-1.9.25-gradle82.jar (org.jetbrains.kotlin:kotlin-gradle-plugin:1.9.25) with MergeInstrumentationAnalysisTransform
Transforming detekt-gradle-plugin-1.23.4.jar (io.gitlab.arturbosch.detekt:detekt-gradle-plugin:1.23.4) with InstrumentationAnalysisTransform
Transforming detekt-gradle-plugin-1.23.4.jar (io.gitlab.arturbosch.detekt:detekt-gradle-plugin:1.23.4) with MergeInstrumentationAnalysisTransform
Transforming dependency-check-gradle-10.0.3.jar (org.owasp:dependency-check-gradle:10.0.3) with InstrumentationAnalysisTransform
Transforming dependency-check-gradle-10.0.3.jar (org.owasp:dependency-check-gradle:10.0.3) with MergeInstrumentationAnalysisTransform
Transforming bundletool-1.17.1.jar (com.android.tools.build:bundletool:1.17.1) with InstrumentationAnalysisTransform
Transforming bundletool-1.17.1.jar (com.android.tools.build:bundletool:1.17.1) with MergeInstrumentationAnalysisTransform
Transforming aapt2-proto-8.7.2-12006047.jar (com.android.tools.build:aapt2-proto:8.7.2-12006047) with InstrumentationAnalysisTransform
Transforming aapt2-proto-8.7.2-12006047.jar (com.android.tools.build:aapt2-proto:8.7.2-12006047) with MergeInstrumentationAnalysisTransform
Transforming crash-31.7.2.jar (com.android.tools.analytics-library:crash:31.7.2) with InstrumentationAnalysisTransform
Transforming crash-31.7.2.jar (com.android.tools.analytics-library:crash:31.7.2) with MergeInstrumentationAnalysisTransform
Transforming lint-typedef-remover-31.7.2.jar (com.android.tools.lint:lint-typedef-remover:31.7.2) with InstrumentationAnalysisTransform
Transforming lint-typedef-remover-31.7.2.jar (com.android.tools.lint:lint-typedef-remover:31.7.2) with MergeInstrumentationAnalysisTransform
Transforming databinding-common-8.7.2.jar (androidx.databinding:databinding-common:8.7.2) with InstrumentationAnalysisTransform
Transforming databinding-common-8.7.2.jar (androidx.databinding:databinding-common:8.7.2) with MergeInstrumentationAnalysisTransform
Transforming baseLibrary-8.7.2.jar (com.android.databinding:baseLibrary:8.7.2) with InstrumentationAnalysisTransform
Transforming baseLibrary-8.7.2.jar (com.android.databinding:baseLibrary:8.7.2) with MergeInstrumentationAnalysisTransform
Transforming android-device-provider-ddmlib-proto-31.7.2.jar (com.android.tools.utp:android-device-provider-ddmlib-proto:31.7.2) with InstrumentationAnalysisTransform
Transforming android-device-provider-ddmlib-proto-31.7.2.jar (com.android.tools.utp:android-device-provider-ddmlib-proto:31.7.2) with MergeInstrumentationAnalysisTransform
Transforming android-device-provider-gradle-proto-31.7.2.jar (com.android.tools.utp:android-device-provider-gradle-proto:31.7.2) with InstrumentationAnalysisTransform
Transforming android-device-provider-gradle-proto-31.7.2.jar (com.android.tools.utp:android-device-provider-gradle-proto:31.7.2) with MergeInstrumentationAnalysisTransform
Transforming android-device-provider-profile-proto-31.7.2.jar (com.android.tools.utp:android-device-provider-profile-proto:31.7.2) with InstrumentationAnalysisTransform
Transforming android-device-provider-profile-proto-31.7.2.jar (com.android.tools.utp:android-device-provider-profile-proto:31.7.2) with MergeInstrumentationAnalysisTransform
Transforming android-test-plugin-host-additional-test-output-proto-31.7.2.jar (com.android.tools.utp:android-test-plugin-host-additional-test-output-proto:31.7.2) with InstrumentationAnalysisTransform
Transforming android-test-plugin-host-additional-test-output-proto-31.7.2.jar (com.android.tools.utp:android-test-plugin-host-additional-test-output-proto:31.7.2) with MergeInstrumentationAnalysisTransform
Transforming android-test-plugin-host-coverage-proto-31.7.2.jar (com.android.tools.utp:android-test-plugin-host-coverage-proto:31.7.2) with InstrumentationAnalysisTransform
Transforming android-test-plugin-host-coverage-proto-31.7.2.jar (com.android.tools.utp:android-test-plugin-host-coverage-proto:31.7.2) with MergeInstrumentationAnalysisTransform
Transforming android-test-plugin-host-logcat-proto-31.7.2.jar (com.android.tools.utp:android-test-plugin-host-logcat-proto:31.7.2) with InstrumentationAnalysisTransform
Transforming android-test-plugin-host-logcat-proto-31.7.2.jar (com.android.tools.utp:android-test-plugin-host-logcat-proto:31.7.2) with MergeInstrumentationAnalysisTransform
Transforming android-test-plugin-host-apk-installer-proto-31.7.2.jar (com.android.tools.utp:android-test-plugin-host-apk-installer-proto:31.7.2) with InstrumentationAnalysisTransform
Transforming android-test-plugin-host-apk-installer-proto-31.7.2.jar (com.android.tools.utp:android-test-plugin-host-apk-installer-proto:31.7.2) with MergeInstrumentationAnalysisTransform
Transforming android-test-plugin-result-listener-gradle-proto-31.7.2.jar (com.android.tools.utp:android-test-plugin-result-listener-gradle-proto:31.7.2) with InstrumentationAnalysisTransform
Transforming android-test-plugin-result-listener-gradle-proto-31.7.2.jar (com.android.tools.utp:android-test-plugin-result-listener-gradle-proto:31.7.2) with MergeInstrumentationAnalysisTransform
Transforming transform-api-2.0.0-deprecated-use-gradle-api.jar (com.android.tools.build:transform-api:2.0.0-deprecated-use-gradle-api) with InstrumentationAnalysisTransform
Transforming gradle-8.7.2.jar (com.android.tools.build:gradle:8.7.2) with ExternalDependencyInstrumentingArtifactTransform
Transforming transform-api-2.0.0-deprecated-use-gradle-api.jar (com.android.tools.build:transform-api:2.0.0-deprecated-use-gradle-api) with MergeInstrumentationAnalysisTransform
Transforming httpmime-4.5.6.jar (org.apache.httpcomponents:httpmime:4.5.6) with InstrumentationAnalysisTransform
Transforming httpmime-4.5.6.jar (org.apache.httpcomponents:httpmime:4.5.6) with MergeInstrumentationAnalysisTransform
Transforming dependency-check-core-10.0.3.jar (org.owasp:dependency-check-core:10.0.3) with InstrumentationAnalysisTransform
Transforming dependency-check-core-10.0.3.jar (org.owasp:dependency-check-core:10.0.3) with MergeInstrumentationAnalysisTransform
Transforming dependency-check-utils-10.0.3.jar (org.owasp:dependency-check-utils:10.0.3) with InstrumentationAnalysisTransform
Transforming sdklib-31.7.2.jar (com.android.tools:sdklib:31.7.2) with ExternalDependencyInstrumentingArtifactTransform
Transforming dependency-check-utils-10.0.3.jar (org.owasp:dependency-check-utils:10.0.3) with MergeInstrumentationAnalysisTransform
Transforming packager-rpm-0.19.0.jar (org.eclipse.packager:packager-rpm:0.19.0) with InstrumentationAnalysisTransform
Transforming packager-rpm-0.19.0.jar (org.eclipse.packager:packager-rpm:0.19.0) with MergeInstrumentationAnalysisTransform
Transforming commons-compress-1.26.2.jar (org.apache.commons:commons-compress:1.26.2) with InstrumentationAnalysisTransform
Transforming commons-compress-1.26.2.jar (org.apache.commons:commons-compress:1.26.2) with MergeInstrumentationAnalysisTransform
Transforming commons-io-2.16.1.jar (commons-io:commons-io:2.16.1) with InstrumentationAnalysisTransform
Transforming commons-io-2.16.1.jar (commons-io:commons-io:2.16.1) with MergeInstrumentationAnalysisTransform
Transforming asm-commons-9.6.jar (org.ow2.asm:asm-commons:9.6) with InstrumentationAnalysisTransform
Transforming asm-commons-9.6.jar (org.ow2.asm:asm-commons:9.6) with MergeInstrumentationAnalysisTransform
Transforming asm-util-9.6.jar (org.ow2.asm:asm-util:9.6) with InstrumentationAnalysisTransform
Transforming asm-util-9.6.jar (org.ow2.asm:asm-util:9.6) with MergeInstrumentationAnalysisTransform
Transforming asm-analysis-9.6.jar (org.ow2.asm:asm-analysis:9.6) with InstrumentationAnalysisTransform
Transforming asm-analysis-9.6.jar (org.ow2.asm:asm-analysis:9.6) with MergeInstrumentationAnalysisTransform
Transforming asm-tree-9.6.jar (org.ow2.asm:asm-tree:9.6) with InstrumentationAnalysisTransform
Transforming asm-tree-9.6.jar (org.ow2.asm:asm-tree:9.6) with MergeInstrumentationAnalysisTransform
Transforming asm-9.6.jar (org.ow2.asm:asm:9.6) with InstrumentationAnalysisTransform
Transforming asm-9.6.jar (org.ow2.asm:asm:9.6) with MergeInstrumentationAnalysisTransform
Transforming apkzlib-8.7.2.jar (com.android.tools.build:apkzlib:8.7.2) with InstrumentationAnalysisTransform
Transforming apkzlib-8.7.2.jar (com.android.tools.build:apkzlib:8.7.2) with MergeInstrumentationAnalysisTransform
Transforming bcpkix-jdk18on-1.77.jar (org.bouncycastle:bcpkix-jdk18on:1.77) with InstrumentationAnalysisTransform
Transforming bcpkix-jdk18on-1.77.jar (org.bouncycastle:bcpkix-jdk18on:1.77) with MergeInstrumentationAnalysisTransform
Transforming jaxb-runtime-2.3.2.jar (org.glassfish.jaxb:jaxb-runtime:2.3.2) with InstrumentationAnalysisTransform
Transforming jaxb-runtime-2.3.2.jar (org.glassfish.jaxb:jaxb-runtime:2.3.2) with MergeInstrumentationAnalysisTransform
Transforming jopt-simple-4.9.jar (net.sf.jopt-simple:jopt-simple:4.9) with InstrumentationAnalysisTransform
Transforming jopt-simple-4.9.jar (net.sf.jopt-simple:jopt-simple:4.9) with MergeInstrumentationAnalysisTransform
Transforming javapoet-1.13.0.jar (com.squareup:javapoet:1.13.0) with InstrumentationAnalysisTransform
Transforming javapoet-1.13.0.jar (com.squareup:javapoet:1.13.0) with MergeInstrumentationAnalysisTransform
Transforming protobuf-java-util-3.22.3.jar (com.google.protobuf:protobuf-java-util:3.22.3) with InstrumentationAnalysisTransform
Transforming protobuf-java-util-3.22.3.jar (com.google.protobuf:protobuf-java-util:3.22.3) with MergeInstrumentationAnalysisTransform
Transforming grpc-protobuf-1.57.0.jar (io.grpc:grpc-protobuf:1.57.0) with InstrumentationAnalysisTransform
Transforming grpc-protobuf-1.57.0.jar (io.grpc:grpc-protobuf:1.57.0) with MergeInstrumentationAnalysisTransform
Transforming tink-1.7.0.jar (com.google.crypto.tink:tink:1.7.0) with InstrumentationAnalysisTransform
Transforming tink-1.7.0.jar (com.google.crypto.tink:tink:1.7.0) with MergeInstrumentationAnalysisTransform
Transforming protos-31.7.2.jar (com.android.tools.analytics-library:protos:31.7.2) with InstrumentationAnalysisTransform
Transforming protos-31.7.2.jar (com.android.tools.analytics-library:protos:31.7.2) with MergeInstrumentationAnalysisTransform
Transforming proto-google-common-protos-2.17.0.jar (com.google.api.grpc:proto-google-common-protos:2.17.0) with InstrumentationAnalysisTransform
Transforming proto-google-common-protos-2.17.0.jar (com.google.api.grpc:proto-google-common-protos:2.17.0) with MergeInstrumentationAnalysisTransform
Transforming protobuf-java-3.22.3.jar (com.google.protobuf:protobuf-java:3.22.3) with InstrumentationAnalysisTransform
Transforming protobuf-java-3.22.3.jar (com.google.protobuf:protobuf-java:3.22.3) with MergeInstrumentationAnalysisTransform
Transforming grpc-netty-1.57.0.jar (io.grpc:grpc-netty:1.57.0) with InstrumentationAnalysisTransform
Transforming grpc-netty-1.57.0.jar (io.grpc:grpc-netty:1.57.0) with MergeInstrumentationAnalysisTransform
Transforming grpc-core-1.57.0.jar (io.grpc:grpc-core:1.57.0) with InstrumentationAnalysisTransform
Transforming grpc-core-1.57.0.jar (io.grpc:grpc-core:1.57.0) with MergeInstrumentationAnalysisTransform
Transforming slack-webhook-1.4.0.jar (net.gpedro.integrations.slack:slack-webhook:1.4.0) with InstrumentationAnalysisTransform
Transforming slack-webhook-1.4.0.jar (net.gpedro.integrations.slack:slack-webhook:1.4.0) with MergeInstrumentationAnalysisTransform
Transforming ossindex-service-client-1.8.2.jar (org.sonatype.ossindex:ossindex-service-client:1.8.2) with InstrumentationAnalysisTransform
Transforming ossindex-service-client-1.8.2.jar (org.sonatype.ossindex:ossindex-service-client:1.8.2) with MergeInstrumentationAnalysisTransform
Transforming toml4j-0.7.2.jar (com.moandjiezana.toml:toml4j:0.7.2) with InstrumentationAnalysisTransform
Transforming toml4j-0.7.2.jar (com.moandjiezana.toml:toml4j:0.7.2) with MergeInstrumentationAnalysisTransform
Transforming gson-2.10.1.jar (com.google.code.gson:gson:2.10.1) with InstrumentationAnalysisTransform
Transforming gson-2.10.1.jar (com.google.code.gson:gson:2.10.1) with MergeInstrumentationAnalysisTransform
Transforming grpc-stub-1.57.0.jar (io.grpc:grpc-stub:1.57.0) with InstrumentationAnalysisTransform
Transforming grpc-stub-1.57.0.jar (io.grpc:grpc-stub:1.57.0) with MergeInstrumentationAnalysisTransform
Transforming core-proto-0.0.9-alpha02.jar (com.google.testing.platform:core-proto:0.0.9-alpha02) with InstrumentationAnalysisTransform
Transforming core-proto-0.0.9-alpha02.jar (com.google.testing.platform:core-proto:0.0.9-alpha02) with MergeInstrumentationAnalysisTransform
Transforming tensorflow-lite-metadata-0.1.0-rc2.jar (org.tensorflow:tensorflow-lite-metadata:0.1.0-rc2) with InstrumentationAnalysisTransform
Transforming tensorflow-lite-metadata-0.1.0-rc2.jar (org.tensorflow:tensorflow-lite-metadata:0.1.0-rc2) with MergeInstrumentationAnalysisTransform
Transforming flatbuffers-java-1.12.0.jar (com.google.flatbuffers:flatbuffers-java:1.12.0) with InstrumentationAnalysisTransform
Transforming flatbuffers-java-1.12.0.jar (com.google.flatbuffers:flatbuffers-java:1.12.0) with MergeInstrumentationAnalysisTransform
Transforming kotlin-gradle-plugin-idea-proto-1.9.25.jar (org.jetbrains.kotlin:kotlin-gradle-plugin-idea-proto:1.9.25) with InstrumentationAnalysisTransform
Transforming kotlin-gradle-plugin-idea-proto-1.9.25.jar (org.jetbrains.kotlin:kotlin-gradle-plugin-idea-proto:1.9.25) with MergeInstrumentationAnalysisTransform
Transforming android-test-plugin-host-emulator-control-proto-31.7.2.jar (com.android.tools.utp:android-test-plugin-host-emulator-control-proto:31.7.2) with ExternalDependencyInstrumentingArtifactTransform
Transforming kotlin-gradle-plugin-idea-1.9.25.jar (org.jetbrains.kotlin:kotlin-gradle-plugin-idea:1.9.25) with InstrumentationAnalysisTransform
Transforming builder-model-8.7.2.jar (com.android.tools.build:builder-model:8.7.2) with ExternalDependencyInstrumentingArtifactTransform
Transforming kotlin-gradle-plugin-idea-1.9.25.jar (org.jetbrains.kotlin:kotlin-gradle-plugin-idea:1.9.25) with MergeInstrumentationAnalysisTransform
Transforming shared-31.7.2.jar (com.android.tools.analytics-library:shared:31.7.2) with ExternalDependencyInstrumentingArtifactTransform
Transforming kotlin-klib-commonizer-api-1.9.25.jar (org.jetbrains.kotlin:kotlin-klib-commonizer-api:1.9.25) with InstrumentationAnalysisTransform
Transforming kotlin-klib-commonizer-api-1.9.25.jar (org.jetbrains.kotlin:kotlin-klib-commonizer-api:1.9.25) with MergeInstrumentationAnalysisTransform
Transforming kotlin-native-utils-1.9.25.jar (org.jetbrains.kotlin:kotlin-native-utils:1.9.25) with InstrumentationAnalysisTransform
Transforming kotlin-native-utils-1.9.25.jar (org.jetbrains.kotlin:kotlin-native-utils:1.9.25) with MergeInstrumentationAnalysisTransform
Transforming kotlin-util-klib-1.9.25.jar (org.jetbrains.kotlin:kotlin-util-klib:1.9.25) with InstrumentationAnalysisTransform
Transforming kotlin-util-klib-1.9.25.jar (org.jetbrains.kotlin:kotlin-util-klib:1.9.25) with MergeInstrumentationAnalysisTransform
Transforming kotlin-build-tools-api-1.9.25.jar (org.jetbrains.kotlin:kotlin-build-tools-api:1.9.25) with InstrumentationAnalysisTransform
Transforming kotlin-build-tools-api-1.9.25.jar (org.jetbrains.kotlin:kotlin-build-tools-api:1.9.25) with MergeInstrumentationAnalysisTransform
Transforming kotlin-android-extensions-1.9.25.jar (org.jetbrains.kotlin:kotlin-android-extensions:1.9.25) with InstrumentationAnalysisTransform
Transforming kotlin-android-extensions-1.9.25.jar (org.jetbrains.kotlin:kotlin-android-extensions:1.9.25) with MergeInstrumentationAnalysisTransform
Transforming kotlin-compiler-runner-1.9.25.jar (org.jetbrains.kotlin:kotlin-compiler-runner:1.9.25) with InstrumentationAnalysisTransform
Transforming kotlin-compiler-runner-1.9.25.jar (org.jetbrains.kotlin:kotlin-compiler-runner:1.9.25) with MergeInstrumentationAnalysisTransform
Transforming kotlin-compiler-embeddable-1.9.25.jar (org.jetbrains.kotlin:kotlin-compiler-embeddable:1.9.25) with InstrumentationAnalysisTransform
Transforming repository-31.7.2.jar (com.android.tools:repository:31.7.2) with ExternalDependencyInstrumentingArtifactTransform
Transforming kotlin-compiler-embeddable-1.9.25.jar (org.jetbrains.kotlin:kotlin-compiler-embeddable:1.9.25) with MergeInstrumentationAnalysisTransform
Transforming kotlin-scripting-compiler-embeddable-1.9.25.jar (org.jetbrains.kotlin:kotlin-scripting-compiler-embeddable:1.9.25) with InstrumentationAnalysisTransform
Transforming kotlin-scripting-compiler-embeddable-1.9.25.jar (org.jetbrains.kotlin:kotlin-scripting-compiler-embeddable:1.9.25) with MergeInstrumentationAnalysisTransform
Transforming kotlin-scripting-compiler-impl-embeddable-1.9.25.jar (org.jetbrains.kotlin:kotlin-scripting-compiler-impl-embeddable:1.9.25) with InstrumentationAnalysisTransform
Transforming kotlin-scripting-compiler-impl-embeddable-1.9.25.jar (org.jetbrains.kotlin:kotlin-scripting-compiler-impl-embeddable:1.9.25) with MergeInstrumentationAnalysisTransform
Transforming open-vulnerability-clients-6.1.7.jar (io.github.jeremylong:open-vulnerability-clients:6.1.7) with InstrumentationAnalysisTransform
Transforming open-vulnerability-clients-6.1.7.jar (io.github.jeremylong:open-vulnerability-clients:6.1.7) with MergeInstrumentationAnalysisTransform
Transforming jimfs-1.1.jar (com.google.jimfs:jimfs:1.1) with InstrumentationAnalysisTransform
Transforming jimfs-1.1.jar (com.google.jimfs:jimfs:1.1) with MergeInstrumentationAnalysisTransform
Transforming grpc-context-1.57.0.jar (io.grpc:grpc-context:1.57.0) with InstrumentationAnalysisTransform
Transforming databinding-compiler-common-8.7.2.jar (androidx.databinding:databinding-compiler-common:8.7.2) with ExternalDependencyInstrumentingArtifactTransform
Transforming android-test-plugin-host-retention-proto-31.7.2.jar (com.android.tools.utp:android-test-plugin-host-retention-proto:31.7.2) with ExternalDependencyInstrumentingArtifactTransform
Transforming grpc-context-1.57.0.jar (io.grpc:grpc-context:1.57.0) with MergeInstrumentationAnalysisTransform
Transforming grpc-protobuf-lite-1.57.0.jar (io.grpc:grpc-protobuf-lite:1.57.0) with InstrumentationAnalysisTransform
Transforming grpc-protobuf-lite-1.57.0.jar (io.grpc:grpc-protobuf-lite:1.57.0) with MergeInstrumentationAnalysisTransform
Transforming grpc-api-1.57.0.jar (io.grpc:grpc-api:1.57.0) with InstrumentationAnalysisTransform
Transforming aaptcompiler-8.7.2.jar (com.android.tools.build:aaptcompiler:8.7.2) with ExternalDependencyInstrumentingArtifactTransform
Transforming grpc-api-1.57.0.jar (io.grpc:grpc-api:1.57.0) with MergeInstrumentationAnalysisTransform
Transforming guava-33.2.1-jre.jar (com.google.guava:guava:33.2.1-jre) with InstrumentationAnalysisTransform
Transforming guava-33.2.1-jre.jar (com.google.guava:guava:33.2.1-jre) with MergeInstrumentationAnalysisTransform
Transforming dagger-2.28.3.jar (com.google.dagger:dagger:2.28.3) with InstrumentationAnalysisTransform
Transforming dagger-2.28.3.jar (com.google.dagger:dagger:2.28.3) with MergeInstrumentationAnalysisTransform
Transforming javax.inject-1.jar (javax.inject:javax.inject:1) with InstrumentationAnalysisTransform
Transforming javax.inject-1.jar (javax.inject:javax.inject:1) with MergeInstrumentationAnalysisTransform
Transforming kxml2-2.3.0.jar (net.sf.kxml:kxml2:2.3.0) with InstrumentationAnalysisTransform
Transforming kxml2-2.3.0.jar (net.sf.kxml:kxml2:2.3.0) with MergeInstrumentationAnalysisTransform
Transforming bcutil-jdk18on-1.77.jar (org.bouncycastle:bcutil-jdk18on:1.77) with InstrumentationAnalysisTransform
Transforming bcutil-jdk18on-1.77.jar (org.bouncycastle:bcutil-jdk18on:1.77) with MergeInstrumentationAnalysisTransform
Transforming packager-core-0.19.0.jar (org.eclipse.packager:packager-core:0.19.0) with InstrumentationAnalysisTransform
Transforming packager-core-0.19.0.jar (org.eclipse.packager:packager-core:0.19.0) with MergeInstrumentationAnalysisTransform
Transforming bcpg-jdk18on-1.71.jar (org.bouncycastle:bcpg-jdk18on:1.71) with InstrumentationAnalysisTransform
Transforming gradle-api-8.7.2.jar (com.android.tools.build:gradle-api:8.7.2) with ExternalDependencyInstrumentingArtifactTransform
Transforming bcpg-jdk18on-1.71.jar (org.bouncycastle:bcpg-jdk18on:1.71) with MergeInstrumentationAnalysisTransform
Transforming bcprov-jdk18on-1.77.jar (org.bouncycastle:bcprov-jdk18on:1.77) with InstrumentationAnalysisTransform
Transforming bcprov-jdk18on-1.77.jar (org.bouncycastle:bcprov-jdk18on:1.77) with MergeInstrumentationAnalysisTransform
Transforming trove4j-1.0.20200330.jar (org.jetbrains.intellij.deps:trove4j:1.0.20200330) with InstrumentationAnalysisTransform
Transforming trove4j-1.0.20200330.jar (org.jetbrains.intellij.deps:trove4j:1.0.20200330) with MergeInstrumentationAnalysisTransform
Transforming httpclient-4.5.14.jar (org.apache.httpcomponents:httpclient:4.5.14) with InstrumentationAnalysisTransform
Transforming httpclient-4.5.14.jar (org.apache.httpcomponents:httpclient:4.5.14) with MergeInstrumentationAnalysisTransform
Transforming httpcore-4.4.16.jar (org.apache.httpcomponents:httpcore:4.4.16) with InstrumentationAnalysisTransform
Transforming httpcore-4.4.16.jar (org.apache.httpcomponents:httpcore:4.4.16) with MergeInstrumentationAnalysisTransform
Transforming javax.activation-1.2.0.jar (com.sun.activation:javax.activation:1.2.0) with InstrumentationAnalysisTransform
Transforming javax.activation-1.2.0.jar (com.sun.activation:javax.activation:1.2.0) with MergeInstrumentationAnalysisTransform
Transforming signflinger-8.7.2.jar (com.android:signflinger:8.7.2) with InstrumentationAnalysisTransform
Transforming signflinger-8.7.2.jar (com.android:signflinger:8.7.2) with MergeInstrumentationAnalysisTransform
Transforming zipflinger-8.7.2.jar (com.android:zipflinger:8.7.2) with InstrumentationAnalysisTransform
Transforming symbol-processing-gradle-plugin-1.9.25-1.0.20.jar (com.google.devtools.ksp:symbol-processing-gradle-plugin:1.9.25-1.0.20) with ExternalDependencyInstrumentingArtifactTransform
Transforming zipflinger-8.7.2.jar (com.android:zipflinger:8.7.2) with MergeInstrumentationAnalysisTransform
Transforming annotations-31.7.2.jar (com.android.tools:annotations:31.7.2) with InstrumentationAnalysisTransform
Transforming annotations-31.7.2.jar (com.android.tools:annotations:31.7.2) with MergeInstrumentationAnalysisTransform
Transforming jna-platform-5.6.0.jar (net.java.dev.jna:jna-platform:5.6.0) with InstrumentationAnalysisTransform
Transforming jna-platform-5.6.0.jar (net.java.dev.jna:jna-platform:5.6.0) with MergeInstrumentationAnalysisTransform
Transforming juniversalchardet-1.0.3.jar (com.googlecode.juniversalchardet:juniversalchardet:1.0.3) with InstrumentationAnalysisTransform
Transforming juniversalchardet-1.0.3.jar (com.googlecode.juniversalchardet:juniversalchardet:1.0.3) with MergeInstrumentationAnalysisTransform
Transforming javax.annotation-api-1.3.2.jar (javax.annotation:javax.annotation-api:1.3.2) with InstrumentationAnalysisTransform
Transforming javax.annotation-api-1.3.2.jar (javax.annotation:javax.annotation-api:1.3.2) with MergeInstrumentationAnalysisTransform
Transforming stax-ex-1.8.1.jar (org.jvnet.staxex:stax-ex:1.8.1) with InstrumentationAnalysisTransform
Transforming symbol-processing-api-1.9.25-1.0.20.jar (com.google.devtools.ksp:symbol-processing-api:1.9.25-1.0.20) with ExternalDependencyInstrumentingArtifactTransform
Transforming stax-ex-1.8.1.jar (org.jvnet.staxex:stax-ex:1.8.1) with MergeInstrumentationAnalysisTransform
Transforming jakarta.xml.bind-api-2.3.2.jar (jakarta.xml.bind:jakarta.xml.bind-api:2.3.2) with InstrumentationAnalysisTransform
Transforming jakarta.xml.bind-api-2.3.2.jar (jakarta.xml.bind:jakarta.xml.bind-api:2.3.2) with MergeInstrumentationAnalysisTransform
Transforming txw2-2.3.2.jar (org.glassfish.jaxb:txw2:2.3.2) with InstrumentationAnalysisTransform
Transforming txw2-2.3.2.jar (org.glassfish.jaxb:txw2:2.3.2) with MergeInstrumentationAnalysisTransform
Transforming istack-commons-runtime-3.0.8.jar (com.sun.istack:istack-commons-runtime:3.0.8) with InstrumentationAnalysisTransform
Transforming istack-commons-runtime-3.0.8.jar (com.sun.istack:istack-commons-runtime:3.0.8) with MergeInstrumentationAnalysisTransform
Transforming FastInfoset-1.2.16.jar (com.sun.xml.fastinfoset:FastInfoset:1.2.16) with InstrumentationAnalysisTransform
Transforming FastInfoset-1.2.16.jar (com.sun.xml.fastinfoset:FastInfoset:1.2.16) with MergeInstrumentationAnalysisTransform
Transforming jakarta.activation-api-1.2.1.jar (jakarta.activation:jakarta.activation-api:1.2.1) with InstrumentationAnalysisTransform
Transforming jakarta.activation-api-1.2.1.jar (jakarta.activation:jakarta.activation-api:1.2.1) with MergeInstrumentationAnalysisTransform
Transforming auto-value-annotations-1.6.2.jar (com.google.auto.value:auto-value-annotations:1.6.2) with InstrumentationAnalysisTransform
Transforming auto-value-annotations-1.6.2.jar (com.google.auto.value:auto-value-annotations:1.6.2) with MergeInstrumentationAnalysisTransform
Transforming error_prone_annotations-2.26.1.jar (com.google.errorprone:error_prone_annotations:2.26.1) with InstrumentationAnalysisTransform
Transforming error_prone_annotations-2.26.1.jar (com.google.errorprone:error_prone_annotations:2.26.1) with MergeInstrumentationAnalysisTransform
Transforming jose4j-0.9.5.jar (org.bitbucket.b_c:jose4j:0.9.5) with InstrumentationAnalysisTransform
Transforming jose4j-0.9.5.jar (org.bitbucket.b_c:jose4j:0.9.5) with MergeInstrumentationAnalysisTransform
Transforming jcs3-slf4j-1.0.5.jar (io.github.jeremylong:jcs3-slf4j:1.0.5) with InstrumentationAnalysisTransform
Transforming jcs3-slf4j-1.0.5.jar (io.github.jeremylong:jcs3-slf4j:1.0.5) with MergeInstrumentationAnalysisTransform
Transforming cpe-parser-2.1.0.jar (us.springett:cpe-parser:2.1.0) with InstrumentationAnalysisTransform
Transforming cpe-parser-2.1.0.jar (us.springett:cpe-parser:2.1.0) with MergeInstrumentationAnalysisTransform
Transforming velocity-engine-core-2.3.jar (org.apache.velocity:velocity-engine-core:2.3) with InstrumentationAnalysisTransform
Transforming velocity-engine-core-2.3.jar (org.apache.velocity:velocity-engine-core:2.3) with MergeInstrumentationAnalysisTransform
Transforming httpclient5-5.3.1.jar (org.apache.httpcomponents.client5:httpclient5:5.3.1) with InstrumentationAnalysisTransform
Transforming httpclient5-5.3.1.jar (org.apache.httpcomponents.client5:httpclient5:5.3.1) with MergeInstrumentationAnalysisTransform
Transforming ossindex-service-api-1.8.2.jar (org.sonatype.ossindex:ossindex-service-api:1.8.2) with InstrumentationAnalysisTransform
Transforming ossindex-service-api-1.8.2.jar (org.sonatype.ossindex:ossindex-service-api:1.8.2) with MergeInstrumentationAnalysisTransform
Transforming jcl-over-slf4j-1.7.28.jar (org.slf4j:jcl-over-slf4j:1.7.28) with InstrumentationAnalysisTransform
Transforming jcl-over-slf4j-1.7.28.jar (org.slf4j:jcl-over-slf4j:1.7.28) with MergeInstrumentationAnalysisTransform
Transforming slf4j-api-1.7.36.jar (org.slf4j:slf4j-api:1.7.36) with InstrumentationAnalysisTransform
Transforming slf4j-api-1.7.36.jar (org.slf4j:slf4j-api:1.7.36) with MergeInstrumentationAnalysisTransform
Transforming jdom2-2.0.6.jar (org.jdom:jdom2:2.0.6) with InstrumentationAnalysisTransform
Transforming jdom2-2.0.6.jar (org.jdom:jdom2:2.0.6) with MergeInstrumentationAnalysisTransform
Transforming jsr305-3.0.2.jar (com.google.code.findbugs:jsr305:3.0.2) with InstrumentationAnalysisTransform
Transforming jsr305-3.0.2.jar (com.google.code.findbugs:jsr305:3.0.2) with MergeInstrumentationAnalysisTransform
Transforming j2objc-annotations-1.3.jar (com.google.j2objc:j2objc-annotations:1.3) with InstrumentationAnalysisTransform
Transforming j2objc-annotations-1.3.jar (com.google.j2objc:j2objc-annotations:1.3) with MergeInstrumentationAnalysisTransform
Transforming annotations-4.1.1.4.jar (com.google.android:annotations:4.1.1.4) with InstrumentationAnalysisTransform
Transforming annotations-4.1.1.4.jar (com.google.android:annotations:4.1.1.4) with MergeInstrumentationAnalysisTransform
Transforming animal-sniffer-annotations-1.23.jar (org.codehaus.mojo:animal-sniffer-annotations:1.23) with InstrumentationAnalysisTransform
Transforming animal-sniffer-annotations-1.23.jar (org.codehaus.mojo:animal-sniffer-annotations:1.23) with MergeInstrumentationAnalysisTransform
Transforming perfmark-api-0.26.0.jar (io.perfmark:perfmark-api:0.26.0) with InstrumentationAnalysisTransform
Transforming perfmark-api-0.26.0.jar (io.perfmark:perfmark-api:0.26.0) with MergeInstrumentationAnalysisTransform
Transforming netty-codec-http2-4.1.93.Final.jar (io.netty:netty-codec-http2:4.1.93.Final) with InstrumentationAnalysisTransform
Transforming netty-codec-http2-4.1.93.Final.jar (io.netty:netty-codec-http2:4.1.93.Final) with MergeInstrumentationAnalysisTransform
Transforming netty-handler-proxy-4.1.93.Final.jar (io.netty:netty-handler-proxy:4.1.93.Final) with InstrumentationAnalysisTransform
Transforming netty-handler-proxy-4.1.93.Final.jar (io.netty:netty-handler-proxy:4.1.93.Final) with MergeInstrumentationAnalysisTransform
Transforming netty-codec-http-4.1.93.Final.jar (io.netty:netty-codec-http:4.1.93.Final) with InstrumentationAnalysisTransform
Transforming netty-codec-http-4.1.93.Final.jar (io.netty:netty-codec-http:4.1.93.Final) with MergeInstrumentationAnalysisTransform
Transforming netty-handler-4.1.93.Final.jar (io.netty:netty-handler:4.1.93.Final) with InstrumentationAnalysisTransform
Transforming netty-handler-4.1.93.Final.jar (io.netty:netty-handler:4.1.93.Final) with MergeInstrumentationAnalysisTransform
Transforming netty-transport-native-unix-common-4.1.93.Final.jar (io.netty:netty-transport-native-unix-common:4.1.93.Final) with InstrumentationAnalysisTransform
Transforming netty-transport-native-unix-common-4.1.93.Final.jar (io.netty:netty-transport-native-unix-common:4.1.93.Final) with MergeInstrumentationAnalysisTransform
Transforming checker-qual-3.42.0.jar (org.checkerframework:checker-qual:3.42.0) with InstrumentationAnalysisTransform
Transforming checker-qual-3.42.0.jar (org.checkerframework:checker-qual:3.42.0) with MergeInstrumentationAnalysisTransform
Transforming commons-codec-1.17.0.jar (commons-codec:commons-codec:1.17.0) with InstrumentationAnalysisTransform
Transforming commons-codec-1.17.0.jar (commons-codec:commons-codec:1.17.0) with MergeInstrumentationAnalysisTransform
Transforming apksig-8.7.2.jar (com.android.tools.build:apksig:8.7.2) with InstrumentationAnalysisTransform
Transforming apksig-8.7.2.jar (com.android.tools.build:apksig:8.7.2) with MergeInstrumentationAnalysisTransform
Transforming javawriter-2.5.0.jar (com.squareup:javawriter:2.5.0) with InstrumentationAnalysisTransform
Transforming javawriter-2.5.0.jar (com.squareup:javawriter:2.5.0) with MergeInstrumentationAnalysisTransform
Transforming kotlin-gradle-plugin-annotations-1.9.25.jar (org.jetbrains.kotlin:kotlin-gradle-plugin-annotations:1.9.25) with InstrumentationAnalysisTransform
Transforming builder-test-api-8.7.2.jar (com.android.tools.build:builder-test-api:8.7.2) with ExternalDependencyInstrumentingArtifactTransform
Transforming kotlin-gradle-plugin-annotations-1.9.25.jar (org.jetbrains.kotlin:kotlin-gradle-plugin-annotations:1.9.25) with MergeInstrumentationAnalysisTransform
Transforming kotlin-project-model-1.9.25.jar (org.jetbrains.kotlin:kotlin-project-model:1.9.25) with InstrumentationAnalysisTransform
Transforming kotlin-project-model-1.9.25.jar (org.jetbrains.kotlin:kotlin-project-model:1.9.25) with MergeInstrumentationAnalysisTransform
Transforming kotlin-tooling-core-1.9.25.jar (org.jetbrains.kotlin:kotlin-tooling-core:1.9.25) with InstrumentationAnalysisTransform
Transforming kotlin-tooling-core-1.9.25.jar (org.jetbrains.kotlin:kotlin-tooling-core:1.9.25) with MergeInstrumentationAnalysisTransform
Transforming kotlin-util-io-1.9.25.jar (org.jetbrains.kotlin:kotlin-util-io:1.9.25) with InstrumentationAnalysisTransform
Transforming kotlin-util-io-1.9.25.jar (org.jetbrains.kotlin:kotlin-util-io:1.9.25) with MergeInstrumentationAnalysisTransform
Transforming kotlin-daemon-embeddable-1.9.25.jar (org.jetbrains.kotlin:kotlin-daemon-embeddable:1.9.25) with InstrumentationAnalysisTransform
Transforming kotlin-daemon-embeddable-1.9.25.jar (org.jetbrains.kotlin:kotlin-daemon-embeddable:1.9.25) with MergeInstrumentationAnalysisTransform
Transforming kotlin-daemon-client-1.9.25.jar (org.jetbrains.kotlin:kotlin-daemon-client:1.9.25) with InstrumentationAnalysisTransform
Transforming layoutlib-api-31.7.2.jar (com.android.tools.layoutlib:layoutlib-api:31.7.2) with ExternalDependencyInstrumentingArtifactTransform
Transforming kotlin-daemon-client-1.9.25.jar (org.jetbrains.kotlin:kotlin-daemon-client:1.9.25) with MergeInstrumentationAnalysisTransform
Transforming kotlinx-coroutines-core-jvm-1.5.0.jar (org.jetbrains.kotlinx:kotlinx-coroutines-core-jvm:1.5.0) with InstrumentationAnalysisTransform
Transforming kotlinx-coroutines-core-jvm-1.5.0.jar (org.jetbrains.kotlinx:kotlinx-coroutines-core-jvm:1.5.0) with MergeInstrumentationAnalysisTransform
Transforming kotlin-scripting-jvm-1.9.25.jar (org.jetbrains.kotlin:kotlin-scripting-jvm:1.9.25) with InstrumentationAnalysisTransform
Transforming kotlin-scripting-jvm-1.9.25.jar (org.jetbrains.kotlin:kotlin-scripting-jvm:1.9.25) with MergeInstrumentationAnalysisTransform
Transforming kotlin-scripting-common-1.9.25.jar (org.jetbrains.kotlin:kotlin-scripting-common:1.9.25) with InstrumentationAnalysisTransform
Transforming kotlin-scripting-common-1.9.25.jar (org.jetbrains.kotlin:kotlin-scripting-common:1.9.25) with MergeInstrumentationAnalysisTransform
Transforming jdiagnostics-1.0.7.jar (org.anarres.jdiagnostics:jdiagnostics:1.0.7) with InstrumentationAnalysisTransform
Transforming symbol-processing-common-deps-1.9.25-1.0.20.jar (com.google.devtools.ksp:symbol-processing-common-deps:1.9.25-1.0.20) with ExternalDependencyInstrumentingArtifactTransform
Transforming jdiagnostics-1.0.7.jar (org.anarres.jdiagnostics:jdiagnostics:1.0.7) with MergeInstrumentationAnalysisTransform
Transforming pecoff4j-0.0.2.1.jar (org.whitesource:pecoff4j:0.0.2.1) with InstrumentationAnalysisTransform
Transforming ddmlib-31.7.2.jar (com.android.tools.ddms:ddmlib:31.7.2) with ExternalDependencyInstrumentingArtifactTransform
Transforming pecoff4j-0.0.2.1.jar (org.whitesource:pecoff4j:0.0.2.1) with MergeInstrumentationAnalysisTransform
Transforming commons-jcs3-core-3.2.1.jar (org.apache.commons:commons-jcs3-core:3.2.1) with InstrumentationAnalysisTransform
Transforming commons-jcs3-core-3.2.1.jar (org.apache.commons:commons-jcs3-core:3.2.1) with MergeInstrumentationAnalysisTransform
Transforming packageurl-java-1.5.0.jar (com.github.package-url:packageurl-java:1.5.0) with InstrumentationAnalysisTransform
Transforming packageurl-java-1.5.0.jar (com.github.package-url:packageurl-java:1.5.0) with MergeInstrumentationAnalysisTransform
Transforming semver4j-5.3.0.jar (org.semver4j:semver4j:5.3.0) with InstrumentationAnalysisTransform
Transforming semver4j-5.3.0.jar (org.semver4j:semver4j:5.3.0) with MergeInstrumentationAnalysisTransform
Transforming commons-collections4-4.4.jar (org.apache.commons:commons-collections4:4.4) with InstrumentationAnalysisTransform
Transforming commons-collections4-4.4.jar (org.apache.commons:commons-collections4:4.4) with MergeInstrumentationAnalysisTransform
Transforming commons-text-1.12.0.jar (org.apache.commons:commons-text:1.12.0) with InstrumentationAnalysisTransform
Transforming dvlib-31.7.2.jar (com.android.tools:dvlib:31.7.2) with ExternalDependencyInstrumentingArtifactTransform
Transforming commons-text-1.12.0.jar (org.apache.commons:commons-text:1.12.0) with MergeInstrumentationAnalysisTransform
Transforming commons-lang3-3.14.0.jar (org.apache.commons:commons-lang3:3.14.0) with InstrumentationAnalysisTransform
Transforming commons-lang3-3.14.0.jar (org.apache.commons:commons-lang3:3.14.0) with MergeInstrumentationAnalysisTransform
Transforming commons-dbcp2-2.12.0.jar (org.apache.commons:commons-dbcp2:2.12.0) with InstrumentationAnalysisTransform
Transforming commons-dbcp2-2.12.0.jar (org.apache.commons:commons-dbcp2:2.12.0) with MergeInstrumentationAnalysisTransform
Transforming lucene-analyzers-common-8.11.3.jar (org.apache.lucene:lucene-analyzers-common:8.11.3) with InstrumentationAnalysisTransform
Transforming lucene-analyzers-common-8.11.3.jar (org.apache.lucene:lucene-analyzers-common:8.11.3) with MergeInstrumentationAnalysisTransform
Transforming kotlin-stdlib-jdk8-1.9.20.jar (org.jetbrains.kotlin:kotlin-stdlib-jdk8:1.9.20) with ExternalDependencyInstrumentingArtifactTransform
Transforming lucene-queryparser-8.11.3.jar (org.apache.lucene:lucene-queryparser:8.11.3) with InstrumentationAnalysisTransform
Transforming lucene-queryparser-8.11.3.jar (org.apache.lucene:lucene-queryparser:8.11.3) with MergeInstrumentationAnalysisTransform
Transforming lucene-core-8.11.3.jar (org.apache.lucene:lucene-core:8.11.3) with InstrumentationAnalysisTransform
Transforming lucene-core-8.11.3.jar (org.apache.lucene:lucene-core:8.11.3) with MergeInstrumentationAnalysisTransform
Transforming h2-2.1.214.jar (com.h2database:h2:2.1.214) with InstrumentationAnalysisTransform
Transforming common-31.7.2.jar (com.android.tools:common:31.7.2) with ExternalDependencyInstrumentingArtifactTransform
Transforming h2-2.1.214.jar (com.h2database:h2:2.1.214) with MergeInstrumentationAnalysisTransform
Transforming javax.json-1.1.4.jar (org.glassfish:javax.json:1.1.4) with InstrumentationAnalysisTransform
Transforming javax.json-1.1.4.jar (org.glassfish:javax.json:1.1.4) with MergeInstrumentationAnalysisTransform
Transforming jsoup-1.17.2.jar (org.jsoup:jsoup:1.17.2) with InstrumentationAnalysisTransform
Transforming jsoup-1.17.2.jar (org.jsoup:jsoup:1.17.2) with MergeInstrumentationAnalysisTransform
Transforming tracker-31.7.2.jar (com.android.tools.analytics-library:tracker:31.7.2) with ExternalDependencyInstrumentingArtifactTransform
Transforming jackson-module-afterburner-2.17.1.jar (com.fasterxml.jackson.module:jackson-module-afterburner:2.17.1) with InstrumentationAnalysisTransform
Transforming jackson-module-afterburner-2.17.1.jar (com.fasterxml.jackson.module:jackson-module-afterburner:2.17.1) with MergeInstrumentationAnalysisTransform
Transforming jackson-module-blackbird-2.17.1.jar (com.fasterxml.jackson.module:jackson-module-blackbird:2.17.1) with InstrumentationAnalysisTransform
Transforming jackson-module-blackbird-2.17.1.jar (com.fasterxml.jackson.module:jackson-module-blackbird:2.17.1) with MergeInstrumentationAnalysisTransform
Transforming jetifier-core-1.0.0-beta10.jar (com.android.tools.build.jetifier:jetifier-core:1.0.0-beta10) with ExternalDependencyInstrumentingArtifactTransform
Transforming annotations-13.0.jar (org.jetbrains:annotations:13.0) with ExternalDependencyInstrumentingArtifactTransform
Transforming jackson-dataformat-yaml-2.17.1.jar (com.fasterxml.jackson.dataformat:jackson-dataformat-yaml:2.17.1) with InstrumentationAnalysisTransform
Transforming kotlin-stdlib-jdk7-1.9.20.jar (org.jetbrains.kotlin:kotlin-stdlib-jdk7:1.9.20) with ExternalDependencyInstrumentingArtifactTransform
Transforming kotlin-gradle-plugin-model-1.9.25.jar (org.jetbrains.kotlin:kotlin-gradle-plugin-model:1.9.25) with ExternalDependencyInstrumentingArtifactTransform
Transforming jackson-dataformat-yaml-2.17.1.jar (com.fasterxml.jackson.dataformat:jackson-dataformat-yaml:2.17.1) with MergeInstrumentationAnalysisTransform
Transforming jetifier-processor-1.0.0-beta10.jar (com.android.tools.build.jetifier:jetifier-processor:1.0.0-beta10) with ExternalDependencyInstrumentingArtifactTransform
Transforming jackson-annotations-2.17.1.jar (com.fasterxml.jackson.core:jackson-annotations:2.17.1) with InstrumentationAnalysisTransform
Transforming jackson-annotations-2.17.1.jar (com.fasterxml.jackson.core:jackson-annotations:2.17.1) with MergeInstrumentationAnalysisTransform
Transforming jackson-core-2.17.1.jar (com.fasterxml.jackson.core:jackson-core:2.17.1) with InstrumentationAnalysisTransform
Transforming jackson-core-2.17.1.jar (com.fasterxml.jackson.core:jackson-core:2.17.1) with MergeInstrumentationAnalysisTransform
Transforming jackson-datatype-jsr310-2.17.1.jar (com.fasterxml.jackson.datatype:jackson-datatype-jsr310:2.17.1) with InstrumentationAnalysisTransform
Transforming jackson-datatype-jsr310-2.17.1.jar (com.fasterxml.jackson.datatype:jackson-datatype-jsr310:2.17.1) with MergeInstrumentationAnalysisTransform
Transforming jackson-databind-2.17.1.jar (com.fasterxml.jackson.core:jackson-databind:2.17.1) with InstrumentationAnalysisTransform
Transforming kotlin-gradle-plugin-1.9.25-gradle82.jar (org.jetbrains.kotlin:kotlin-gradle-plugin:1.9.25) with ExternalDependencyInstrumentingArtifactTransform
Transforming jackson-databind-2.17.1.jar (com.fasterxml.jackson.core:jackson-databind:2.17.1) with MergeInstrumentationAnalysisTransform
Transforming retirejs-core-3.0.4.jar (com.h3xstream.retirejs:retirejs-core:3.0.4) with InstrumentationAnalysisTransform
Transforming retirejs-core-3.0.4.jar (com.h3xstream.retirejs:retirejs-core:3.0.4) with MergeInstrumentationAnalysisTransform
Transforming aho-corasick-double-array-trie-1.2.3.jar (com.hankcs:aho-corasick-double-array-trie:1.2.3) with InstrumentationAnalysisTransform
Transforming aho-corasick-double-array-trie-1.2.3.jar (com.hankcs:aho-corasick-double-array-trie:1.2.3) with MergeInstrumentationAnalysisTransform
Transforming commons-validator-1.9.0.jar (commons-validator:commons-validator:1.9.0) with InstrumentationAnalysisTransform
Transforming commons-validator-1.9.0.jar (commons-validator:commons-validator:1.9.0) with MergeInstrumentationAnalysisTransform
Transforming commons-beanutils-1.9.4.jar (commons-beanutils:commons-beanutils:1.9.4) with InstrumentationAnalysisTransform
Transforming commons-beanutils-1.9.4.jar (commons-beanutils:commons-beanutils:1.9.4) with MergeInstrumentationAnalysisTransform
Transforming commons-logging-1.3.2.jar (commons-logging:commons-logging:1.3.2) with InstrumentationAnalysisTransform
Transforming commons-logging-1.3.2.jar (commons-logging:commons-logging:1.3.2) with MergeInstrumentationAnalysisTransform
Transforming jna-5.6.0.jar (net.java.dev.jna:jna:5.6.0) with InstrumentationAnalysisTransform
Transforming jna-5.6.0.jar (net.java.dev.jna:jna:5.6.0) with MergeInstrumentationAnalysisTransform
Transforming netty-codec-socks-4.1.93.Final.jar (io.netty:netty-codec-socks:4.1.93.Final) with InstrumentationAnalysisTransform
Transforming kotlin-reflect-1.9.24.jar (org.jetbrains.kotlin:kotlin-reflect:1.9.24) with ExternalDependencyInstrumentingArtifactTransform
Transforming kotlin-gradle-plugin-api-1.9.25-gradle82.jar (org.jetbrains.kotlin:kotlin-gradle-plugin-api:1.9.25) with ExternalDependencyInstrumentingArtifactTransform
Transforming netty-codec-socks-4.1.93.Final.jar (io.netty:netty-codec-socks:4.1.93.Final) with MergeInstrumentationAnalysisTransform
Transforming netty-codec-4.1.93.Final.jar (io.netty:netty-codec:4.1.93.Final) with InstrumentationAnalysisTransform
Transforming netty-codec-4.1.93.Final.jar (io.netty:netty-codec:4.1.93.Final) with MergeInstrumentationAnalysisTransform
Transforming netty-transport-4.1.93.Final.jar (io.netty:netty-transport:4.1.93.Final) with InstrumentationAnalysisTransform
Transforming netty-transport-4.1.93.Final.jar (io.netty:netty-transport:4.1.93.Final) with MergeInstrumentationAnalysisTransform
Transforming netty-buffer-4.1.93.Final.jar (io.netty:netty-buffer:4.1.93.Final) with InstrumentationAnalysisTransform
Transforming netty-buffer-4.1.93.Final.jar (io.netty:netty-buffer:4.1.93.Final) with MergeInstrumentationAnalysisTransform
Transforming netty-resolver-4.1.93.Final.jar (io.netty:netty-resolver:4.1.93.Final) with InstrumentationAnalysisTransform
Transforming netty-resolver-4.1.93.Final.jar (io.netty:netty-resolver:4.1.93.Final) with MergeInstrumentationAnalysisTransform
Transforming netty-common-4.1.93.Final.jar (io.netty:netty-common:4.1.93.Final) with InstrumentationAnalysisTransform
Transforming netty-common-4.1.93.Final.jar (io.netty:netty-common:4.1.93.Final) with MergeInstrumentationAnalysisTransform
Transforming jmustache-1.15.jar (com.samskivert:jmustache:1.15) with InstrumentationAnalysisTransform
Transforming jmustache-1.15.jar (com.samskivert:jmustache:1.15) with MergeInstrumentationAnalysisTransform
Transforming failureaccess-1.0.2.jar (com.google.guava:failureaccess:1.0.2) with InstrumentationAnalysisTransform
Transforming failureaccess-1.0.2.jar (com.google.guava:failureaccess:1.0.2) with MergeInstrumentationAnalysisTransform
Transforming listenablefuture-9999.0-empty-to-avoid-conflict-with-guava.jar (com.google.guava:listenablefuture:9999.0-empty-to-avoid-conflict-with-guava) with InstrumentationAnalysisTransform
Transforming listenablefuture-9999.0-empty-to-avoid-conflict-with-guava.jar (com.google.guava:listenablefuture:9999.0-empty-to-avoid-conflict-with-guava) with MergeInstrumentationAnalysisTransform
Transforming commons-pool2-2.12.0.jar (org.apache.commons:commons-pool2:2.12.0) with InstrumentationAnalysisTransform
Transforming commons-pool2-2.12.0.jar (org.apache.commons:commons-pool2:2.12.0) with MergeInstrumentationAnalysisTransform
Transforming jakarta.transaction-api-1.3.3.jar (jakarta.transaction:jakarta.transaction-api:1.3.3) with InstrumentationAnalysisTransform
Transforming jakarta.transaction-api-1.3.3.jar (jakarta.transaction:jakarta.transaction-api:1.3.3) with MergeInstrumentationAnalysisTransform
Transforming lucene-queries-8.11.3.jar (org.apache.lucene:lucene-queries:8.11.3) with InstrumentationAnalysisTransform
Transforming lucene-queries-8.11.3.jar (org.apache.lucene:lucene-queries:8.11.3) with MergeInstrumentationAnalysisTransform
Transforming lucene-sandbox-8.11.3.jar (org.apache.lucene:lucene-sandbox:8.11.3) with InstrumentationAnalysisTransform
Transforming lucene-sandbox-8.11.3.jar (org.apache.lucene:lucene-sandbox:8.11.3) with MergeInstrumentationAnalysisTransform
Transforming snakeyaml-2.2.jar (org.yaml:snakeyaml:2.2) with InstrumentationAnalysisTransform
Transforming snakeyaml-2.2.jar (org.yaml:snakeyaml:2.2) with MergeInstrumentationAnalysisTransform
Transforming android-json-0.0.20131108.vaadin1.jar (com.vaadin.external.google:android-json:0.0.20131108.vaadin1) with InstrumentationAnalysisTransform
Transforming android-json-0.0.20131108.vaadin1.jar (com.vaadin.external.google:android-json:0.0.20131108.vaadin1) with MergeInstrumentationAnalysisTransform
Transforming kotlin-serialization-1.9.25-gradle82.jar (org.jetbrains.kotlin:kotlin-serialization:1.9.25) with ExternalDependencyInstrumentingArtifactTransform
Transforming minlog-1.3.1.jar (com.esotericsoftware:minlog:1.3.1) with InstrumentationAnalysisTransform
Transforming minlog-1.3.1.jar (com.esotericsoftware:minlog:1.3.1) with MergeInstrumentationAnalysisTransform
Transforming compiler-0.9.6.jar (com.github.spullara.mustache.java:compiler:0.9.6) with InstrumentationAnalysisTransform
Transforming compiler-0.9.6.jar (com.github.spullara.mustache.java:compiler:0.9.6) with MergeInstrumentationAnalysisTransform
Transforming joda-time-2.10.4.jar (joda-time:joda-time:2.10.4) with InstrumentationAnalysisTransform
Transforming joda-time-2.10.4.jar (joda-time:joda-time:2.10.4) with MergeInstrumentationAnalysisTransform
Transforming jaxb-api-2.3.1.jar (javax.xml.bind:jaxb-api:2.3.1) with InstrumentationAnalysisTransform
Transforming jaxb-api-2.3.1.jar (javax.xml.bind:jaxb-api:2.3.1) with MergeInstrumentationAnalysisTransform
Transforming commons-digester-2.1.jar (commons-digester:commons-digester:2.1) with InstrumentationAnalysisTransform
Transforming commons-digester-2.1.jar (commons-digester:commons-digester:2.1) with MergeInstrumentationAnalysisTransform
Transforming commons-collections-3.2.2.jar (commons-collections:commons-collections:3.2.2) with InstrumentationAnalysisTransform
Transforming commons-collections-3.2.2.jar (commons-collections:commons-collections:3.2.2) with MergeInstrumentationAnalysisTransform
Transforming xz-1.9.jar (org.tukaani:xz:1.9) with InstrumentationAnalysisTransform
Transforming xz-1.9.jar (org.tukaani:xz:1.9) with MergeInstrumentationAnalysisTransform
Transforming httpcore5-h2-5.2.4.jar (org.apache.httpcomponents.core5:httpcore5-h2:5.2.4) with InstrumentationAnalysisTransform
Transforming httpcore5-h2-5.2.4.jar (org.apache.httpcomponents.core5:httpcore5-h2:5.2.4) with MergeInstrumentationAnalysisTransform
Transforming httpcore5-5.2.4.jar (org.apache.httpcomponents.core5:httpcore5:5.2.4) with InstrumentationAnalysisTransform
Transforming httpcore5-5.2.4.jar (org.apache.httpcomponents.core5:httpcore5:5.2.4) with MergeInstrumentationAnalysisTransform
Transforming javax.ws.rs-api-2.0.1.jar (javax.ws.rs:javax.ws.rs-api:2.0.1) with InstrumentationAnalysisTransform
Transforming kotlin-stdlib-1.9.24.jar (org.jetbrains.kotlin:kotlin-stdlib:1.9.24) with ExternalDependencyInstrumentingArtifactTransform
Transforming javax.ws.rs-api-2.0.1.jar (javax.ws.rs:javax.ws.rs-api:2.0.1) with MergeInstrumentationAnalysisTransform
Transforming package-url-java-1.1.1.jar (org.sonatype.goodies:package-url-java:1.1.1) with InstrumentationAnalysisTransform
Transforming package-url-java-1.1.1.jar (org.sonatype.goodies:package-url-java:1.1.1) with MergeInstrumentationAnalysisTransform
Transforming javax.activation-api-1.2.0.jar (javax.activation:javax.activation-api:1.2.0) with InstrumentationAnalysisTransform
Transforming javax.activation-api-1.2.0.jar (javax.activation:javax.activation-api:1.2.0) with MergeInstrumentationAnalysisTransform
Transforming kotlin-gradle-plugin-api-1.9.25.jar (org.jetbrains.kotlin:kotlin-gradle-plugin-api:1.9.25) with ExternalDependencyInstrumentingArtifactTransform
Transforming dependency-check-gradle-10.0.3.jar (org.owasp:dependency-check-gradle:10.0.3) with ExternalDependencyInstrumentingArtifactTransform
Transforming bundletool-1.17.1.jar (com.android.tools.build:bundletool:1.17.1) with ExternalDependencyInstrumentingArtifactTransform
Transforming detekt-gradle-plugin-1.23.4.jar (io.gitlab.arturbosch.detekt:detekt-gradle-plugin:1.23.4) with ExternalDependencyInstrumentingArtifactTransform
Transforming databinding-common-8.7.2.jar (androidx.databinding:databinding-common:8.7.2) with ExternalDependencyInstrumentingArtifactTransform
Transforming aapt2-proto-8.7.2-12006047.jar (com.android.tools.build:aapt2-proto:8.7.2-12006047) with ExternalDependencyInstrumentingArtifactTransform
Transforming lint-typedef-remover-31.7.2.jar (com.android.tools.lint:lint-typedef-remover:31.7.2) with ExternalDependencyInstrumentingArtifactTransform
Transforming crash-31.7.2.jar (com.android.tools.analytics-library:crash:31.7.2) with ExternalDependencyInstrumentingArtifactTransform
Transforming android-device-provider-ddmlib-proto-31.7.2.jar (com.android.tools.utp:android-device-provider-ddmlib-proto:31.7.2) with ExternalDependencyInstrumentingArtifactTransform
Transforming baseLibrary-8.7.2.jar (com.android.databinding:baseLibrary:8.7.2) with ExternalDependencyInstrumentingArtifactTransform
Transforming android-test-plugin-host-additional-test-output-proto-31.7.2.jar (com.android.tools.utp:android-test-plugin-host-additional-test-output-proto:31.7.2) with ExternalDependencyInstrumentingArtifactTransform
Transforming android-device-provider-gradle-proto-31.7.2.jar (com.android.tools.utp:android-device-provider-gradle-proto:31.7.2) with ExternalDependencyInstrumentingArtifactTransform
Transforming android-device-provider-profile-proto-31.7.2.jar (com.android.tools.utp:android-device-provider-profile-proto:31.7.2) with ExternalDependencyInstrumentingArtifactTransform
Transforming android-test-plugin-host-coverage-proto-31.7.2.jar (com.android.tools.utp:android-test-plugin-host-coverage-proto:31.7.2) with ExternalDependencyInstrumentingArtifactTransform
Transforming android-test-plugin-host-apk-installer-proto-31.7.2.jar (com.android.tools.utp:android-test-plugin-host-apk-installer-proto:31.7.2) with ExternalDependencyInstrumentingArtifactTransform
Transforming android-test-plugin-host-logcat-proto-31.7.2.jar (com.android.tools.utp:android-test-plugin-host-logcat-proto:31.7.2) with ExternalDependencyInstrumentingArtifactTransform
Transforming android-test-plugin-result-listener-gradle-proto-31.7.2.jar (com.android.tools.utp:android-test-plugin-result-listener-gradle-proto:31.7.2) with ExternalDependencyInstrumentingArtifactTransform
Transforming transform-api-2.0.0-deprecated-use-gradle-api.jar (com.android.tools.build:transform-api:2.0.0-deprecated-use-gradle-api) with ExternalDependencyInstrumentingArtifactTransform
Transforming httpmime-4.5.6.jar (org.apache.httpcomponents:httpmime:4.5.6) with ExternalDependencyInstrumentingArtifactTransform
Transforming commons-io-2.16.1.jar (commons-io:commons-io:2.16.1) with ExternalDependencyInstrumentingArtifactTransform
Transforming commons-compress-1.26.2.jar (org.apache.commons:commons-compress:1.26.2) with ExternalDependencyInstrumentingArtifactTransform
Transforming asm-commons-9.6.jar (org.ow2.asm:asm-commons:9.6) with ExternalDependencyInstrumentingArtifactTransform
Transforming asm-util-9.6.jar (org.ow2.asm:asm-util:9.6) with ExternalDependencyInstrumentingArtifactTransform
Transforming dependency-check-utils-10.0.3.jar (org.owasp:dependency-check-utils:10.0.3) with ExternalDependencyInstrumentingArtifactTransform
Transforming packager-rpm-0.19.0.jar (org.eclipse.packager:packager-rpm:0.19.0) with ExternalDependencyInstrumentingArtifactTransform
Transforming dependency-check-core-10.0.3.jar (org.owasp:dependency-check-core:10.0.3) with ExternalDependencyInstrumentingArtifactTransform
Transforming asm-analysis-9.6.jar (org.ow2.asm:asm-analysis:9.6) with ExternalDependencyInstrumentingArtifactTransform
Transforming asm-9.6.jar (org.ow2.asm:asm:9.6) with ExternalDependencyInstrumentingArtifactTransform
Transforming bcpkix-jdk18on-1.77.jar (org.bouncycastle:bcpkix-jdk18on:1.77) with ExternalDependencyInstrumentingArtifactTransform
Transforming jaxb-runtime-2.3.2.jar (org.glassfish.jaxb:jaxb-runtime:2.3.2) with ExternalDependencyInstrumentingArtifactTransform
Transforming protobuf-java-util-3.22.3.jar (com.google.protobuf:protobuf-java-util:3.22.3) with ExternalDependencyInstrumentingArtifactTransform
Transforming jopt-simple-4.9.jar (net.sf.jopt-simple:jopt-simple:4.9) with ExternalDependencyInstrumentingArtifactTransform
Transforming asm-tree-9.6.jar (org.ow2.asm:asm-tree:9.6) with ExternalDependencyInstrumentingArtifactTransform
Transforming tink-1.7.0.jar (com.google.crypto.tink:tink:1.7.0) with ExternalDependencyInstrumentingArtifactTransform
Transforming grpc-protobuf-1.57.0.jar (io.grpc:grpc-protobuf:1.57.0) with ExternalDependencyInstrumentingArtifactTransform
Transforming apkzlib-8.7.2.jar (com.android.tools.build:apkzlib:8.7.2) with ExternalDependencyInstrumentingArtifactTransform
Transforming proto-google-common-protos-2.17.0.jar (com.google.api.grpc:proto-google-common-protos:2.17.0) with ExternalDependencyInstrumentingArtifactTransform
Transforming protos-31.7.2.jar (com.android.tools.analytics-library:protos:31.7.2) with ExternalDependencyInstrumentingArtifactTransform
Transforming javapoet-1.13.0.jar (com.squareup:javapoet:1.13.0) with ExternalDependencyInstrumentingArtifactTransform
Transforming protobuf-java-3.22.3.jar (com.google.protobuf:protobuf-java:3.22.3) with ExternalDependencyInstrumentingArtifactTransform
Transforming grpc-netty-1.57.0.jar (io.grpc:grpc-netty:1.57.0) with ExternalDependencyInstrumentingArtifactTransform
Transforming slack-webhook-1.4.0.jar (net.gpedro.integrations.slack:slack-webhook:1.4.0) with ExternalDependencyInstrumentingArtifactTransform
Transforming grpc-core-1.57.0.jar (io.grpc:grpc-core:1.57.0) with ExternalDependencyInstrumentingArtifactTransform
Transforming ossindex-service-client-1.8.2.jar (org.sonatype.ossindex:ossindex-service-client:1.8.2) with ExternalDependencyInstrumentingArtifactTransform
Transforming toml4j-0.7.2.jar (com.moandjiezana.toml:toml4j:0.7.2) with ExternalDependencyInstrumentingArtifactTransform
Transforming core-proto-0.0.9-alpha02.jar (com.google.testing.platform:core-proto:0.0.9-alpha02) with ExternalDependencyInstrumentingArtifactTransform
Transforming grpc-stub-1.57.0.jar (io.grpc:grpc-stub:1.57.0) with ExternalDependencyInstrumentingArtifactTransform
Transforming tensorflow-lite-metadata-0.1.0-rc2.jar (org.tensorflow:tensorflow-lite-metadata:0.1.0-rc2) with ExternalDependencyInstrumentingArtifactTransform
Transforming gson-2.10.1.jar (com.google.code.gson:gson:2.10.1) with ExternalDependencyInstrumentingArtifactTransform
Transforming kotlin-gradle-plugin-idea-1.9.25.jar (org.jetbrains.kotlin:kotlin-gradle-plugin-idea:1.9.25) with ExternalDependencyInstrumentingArtifactTransform
Transforming flatbuffers-java-1.12.0.jar (com.google.flatbuffers:flatbuffers-java:1.12.0) with ExternalDependencyInstrumentingArtifactTransform
Transforming kotlin-native-utils-1.9.25.jar (org.jetbrains.kotlin:kotlin-native-utils:1.9.25) with ExternalDependencyInstrumentingArtifactTransform
Transforming kotlin-klib-commonizer-api-1.9.25.jar (org.jetbrains.kotlin:kotlin-klib-commonizer-api:1.9.25) with ExternalDependencyInstrumentingArtifactTransform
Transforming kotlin-util-klib-1.9.25.jar (org.jetbrains.kotlin:kotlin-util-klib:1.9.25) with ExternalDependencyInstrumentingArtifactTransform
Transforming kotlin-build-tools-api-1.9.25.jar (org.jetbrains.kotlin:kotlin-build-tools-api:1.9.25) with ExternalDependencyInstrumentingArtifactTransform
Transforming kotlin-scripting-compiler-embeddable-1.9.25.jar (org.jetbrains.kotlin:kotlin-scripting-compiler-embeddable:1.9.25) with ExternalDependencyInstrumentingArtifactTransform
Transforming kotlin-compiler-runner-1.9.25.jar (org.jetbrains.kotlin:kotlin-compiler-runner:1.9.25) with ExternalDependencyInstrumentingArtifactTransform
Transforming kotlin-gradle-plugin-idea-proto-1.9.25.jar (org.jetbrains.kotlin:kotlin-gradle-plugin-idea-proto:1.9.25) with ExternalDependencyInstrumentingArtifactTransform
Transforming kotlin-scripting-compiler-impl-embeddable-1.9.25.jar (org.jetbrains.kotlin:kotlin-scripting-compiler-impl-embeddable:1.9.25) with ExternalDependencyInstrumentingArtifactTransform
Transforming kotlin-compiler-embeddable-1.9.25.jar (org.jetbrains.kotlin:kotlin-compiler-embeddable:1.9.25) with ExternalDependencyInstrumentingArtifactTransform
Transforming kotlin-android-extensions-1.9.25.jar (org.jetbrains.kotlin:kotlin-android-extensions:1.9.25) with ExternalDependencyInstrumentingArtifactTransform
Transforming grpc-context-1.57.0.jar (io.grpc:grpc-context:1.57.0) with ExternalDependencyInstrumentingArtifactTransform
Transforming jimfs-1.1.jar (com.google.jimfs:jimfs:1.1) with ExternalDependencyInstrumentingArtifactTransform
Transforming open-vulnerability-clients-6.1.7.jar (io.github.jeremylong:open-vulnerability-clients:6.1.7) with ExternalDependencyInstrumentingArtifactTransform
Transforming dagger-2.28.3.jar (com.google.dagger:dagger:2.28.3) with ExternalDependencyInstrumentingArtifactTransform
Transforming javax.inject-1.jar (javax.inject:javax.inject:1) with ExternalDependencyInstrumentingArtifactTransform
Transforming kxml2-2.3.0.jar (net.sf.kxml:kxml2:2.3.0) with ExternalDependencyInstrumentingArtifactTransform
Transforming guava-33.2.1-jre.jar (com.google.guava:guava:33.2.1-jre) with ExternalDependencyInstrumentingArtifactTransform
Transforming grpc-protobuf-lite-1.57.0.jar (io.grpc:grpc-protobuf-lite:1.57.0) with ExternalDependencyInstrumentingArtifactTransform
Transforming packager-core-0.19.0.jar (org.eclipse.packager:packager-core:0.19.0) with ExternalDependencyInstrumentingArtifactTransform
Transforming trove4j-1.0.20200330.jar (org.jetbrains.intellij.deps:trove4j:1.0.20200330) with ExternalDependencyInstrumentingArtifactTransform
Transforming bcpg-jdk18on-1.71.jar (org.bouncycastle:bcpg-jdk18on:1.71) with ExternalDependencyInstrumentingArtifactTransform
Transforming bcprov-jdk18on-1.77.jar (org.bouncycastle:bcprov-jdk18on:1.77) with ExternalDependencyInstrumentingArtifactTransform
Transforming httpclient-4.5.14.jar (org.apache.httpcomponents:httpclient:4.5.14) with ExternalDependencyInstrumentingArtifactTransform
Transforming javax.activation-1.2.0.jar (com.sun.activation:javax.activation:1.2.0) with ExternalDependencyInstrumentingArtifactTransform
Transforming signflinger-8.7.2.jar (com.android:signflinger:8.7.2) with ExternalDependencyInstrumentingArtifactTransform
Transforming zipflinger-8.7.2.jar (com.android:zipflinger:8.7.2) with ExternalDependencyInstrumentingArtifactTransform
Transforming httpcore-4.4.16.jar (org.apache.httpcomponents:httpcore:4.4.16) with ExternalDependencyInstrumentingArtifactTransform
Transforming annotations-31.7.2.jar (com.android.tools:annotations:31.7.2) with ExternalDependencyInstrumentingArtifactTransform
Transforming bcutil-jdk18on-1.77.jar (org.bouncycastle:bcutil-jdk18on:1.77) with ExternalDependencyInstrumentingArtifactTransform
Transforming jna-platform-5.6.0.jar (net.java.dev.jna:jna-platform:5.6.0) with ExternalDependencyInstrumentingArtifactTransform
Transforming jakarta.xml.bind-api-2.3.2.jar (jakarta.xml.bind:jakarta.xml.bind-api:2.3.2) with ExternalDependencyInstrumentingArtifactTransform
Transforming txw2-2.3.2.jar (org.glassfish.jaxb:txw2:2.3.2) with ExternalDependencyInstrumentingArtifactTransform
Transforming istack-commons-runtime-3.0.8.jar (com.sun.istack:istack-commons-runtime:3.0.8) with ExternalDependencyInstrumentingArtifactTransform
Transforming stax-ex-1.8.1.jar (org.jvnet.staxex:stax-ex:1.8.1) with ExternalDependencyInstrumentingArtifactTransform
Transforming juniversalchardet-1.0.3.jar (com.googlecode.juniversalchardet:juniversalchardet:1.0.3) with ExternalDependencyInstrumentingArtifactTransform
Transforming jakarta.activation-api-1.2.1.jar (jakarta.activation:jakarta.activation-api:1.2.1) with ExternalDependencyInstrumentingArtifactTransform
Transforming FastInfoset-1.2.16.jar (com.sun.xml.fastinfoset:FastInfoset:1.2.16) with ExternalDependencyInstrumentingArtifactTransform
Transforming auto-value-annotations-1.6.2.jar (com.google.auto.value:auto-value-annotations:1.6.2) with ExternalDependencyInstrumentingArtifactTransform
Transforming error_prone_annotations-2.26.1.jar (com.google.errorprone:error_prone_annotations:2.26.1) with ExternalDependencyInstrumentingArtifactTransform
Transforming grpc-api-1.57.0.jar (io.grpc:grpc-api:1.57.0) with ExternalDependencyInstrumentingArtifactTransform
Transforming jcs3-slf4j-1.0.5.jar (io.github.jeremylong:jcs3-slf4j:1.0.5) with ExternalDependencyInstrumentingArtifactTransform
Transforming velocity-engine-core-2.3.jar (org.apache.velocity:velocity-engine-core:2.3) with ExternalDependencyInstrumentingArtifactTransform
Transforming ossindex-service-api-1.8.2.jar (org.sonatype.ossindex:ossindex-service-api:1.8.2) with ExternalDependencyInstrumentingArtifactTransform
Transforming javax.annotation-api-1.3.2.jar (javax.annotation:javax.annotation-api:1.3.2) with ExternalDependencyInstrumentingArtifactTransform
Transforming slf4j-api-1.7.36.jar (org.slf4j:slf4j-api:1.7.36) with ExternalDependencyInstrumentingArtifactTransform
Transforming jcl-over-slf4j-1.7.28.jar (org.slf4j:jcl-over-slf4j:1.7.28) with ExternalDependencyInstrumentingArtifactTransform
Transforming httpclient5-5.3.1.jar (org.apache.httpcomponents.client5:httpclient5:5.3.1) with ExternalDependencyInstrumentingArtifactTransform
Transforming jdom2-2.0.6.jar (org.jdom:jdom2:2.0.6) with ExternalDependencyInstrumentingArtifactTransform
Transforming cpe-parser-2.1.0.jar (us.springett:cpe-parser:2.1.0) with ExternalDependencyInstrumentingArtifactTransform
Transforming jsr305-3.0.2.jar (com.google.code.findbugs:jsr305:3.0.2) with ExternalDependencyInstrumentingArtifactTransform
Transforming j2objc-annotations-1.3.jar (com.google.j2objc:j2objc-annotations:1.3) with ExternalDependencyInstrumentingArtifactTransform
Transforming animal-sniffer-annotations-1.23.jar (org.codehaus.mojo:animal-sniffer-annotations:1.23) with ExternalDependencyInstrumentingArtifactTransform
Transforming annotations-4.1.1.4.jar (com.google.android:annotations:4.1.1.4) with ExternalDependencyInstrumentingArtifactTransform
Transforming netty-codec-http-4.1.93.Final.jar (io.netty:netty-codec-http:4.1.93.Final) with ExternalDependencyInstrumentingArtifactTransform
Transforming perfmark-api-0.26.0.jar (io.perfmark:perfmark-api:0.26.0) with ExternalDependencyInstrumentingArtifactTransform
Transforming netty-codec-http2-4.1.93.Final.jar (io.netty:netty-codec-http2:4.1.93.Final) with ExternalDependencyInstrumentingArtifactTransform
Transforming jose4j-0.9.5.jar (org.bitbucket.b_c:jose4j:0.9.5) with ExternalDependencyInstrumentingArtifactTransform
Transforming netty-handler-4.1.93.Final.jar (io.netty:netty-handler:4.1.93.Final) with ExternalDependencyInstrumentingArtifactTransform
Transforming netty-handler-proxy-4.1.93.Final.jar (io.netty:netty-handler-proxy:4.1.93.Final) with ExternalDependencyInstrumentingArtifactTransform
Transforming checker-qual-3.42.0.jar (org.checkerframework:checker-qual:3.42.0) with ExternalDependencyInstrumentingArtifactTransform
Transforming netty-transport-native-unix-common-4.1.93.Final.jar (io.netty:netty-transport-native-unix-common:4.1.93.Final) with ExternalDependencyInstrumentingArtifactTransform
Transforming commons-codec-1.17.0.jar (commons-codec:commons-codec:1.17.0) with ExternalDependencyInstrumentingArtifactTransform
Transforming apksig-8.7.2.jar (com.android.tools.build:apksig:8.7.2) with ExternalDependencyInstrumentingArtifactTransform
Transforming kotlin-gradle-plugin-annotations-1.9.25.jar (org.jetbrains.kotlin:kotlin-gradle-plugin-annotations:1.9.25) with ExternalDependencyInstrumentingArtifactTransform
Transforming kotlin-project-model-1.9.25.jar (org.jetbrains.kotlin:kotlin-project-model:1.9.25) with ExternalDependencyInstrumentingArtifactTransform
Transforming javawriter-2.5.0.jar (com.squareup:javawriter:2.5.0) with ExternalDependencyInstrumentingArtifactTransform
Transforming kotlin-daemon-embeddable-1.9.25.jar (org.jetbrains.kotlin:kotlin-daemon-embeddable:1.9.25) with ExternalDependencyInstrumentingArtifactTransform
Transforming kotlinx-coroutines-core-jvm-1.5.0.jar (org.jetbrains.kotlinx:kotlinx-coroutines-core-jvm:1.5.0) with ExternalDependencyInstrumentingArtifactTransform
Transforming kotlin-daemon-client-1.9.25.jar (org.jetbrains.kotlin:kotlin-daemon-client:1.9.25) with ExternalDependencyInstrumentingArtifactTransform
Transforming pecoff4j-0.0.2.1.jar (org.whitesource:pecoff4j:0.0.2.1) with ExternalDependencyInstrumentingArtifactTransform
Transforming jdiagnostics-1.0.7.jar (org.anarres.jdiagnostics:jdiagnostics:1.0.7) with ExternalDependencyInstrumentingArtifactTransform
Transforming kotlin-scripting-common-1.9.25.jar (org.jetbrains.kotlin:kotlin-scripting-common:1.9.25) with ExternalDependencyInstrumentingArtifactTransform
Transforming commons-jcs3-core-3.2.1.jar (org.apache.commons:commons-jcs3-core:3.2.1) with ExternalDependencyInstrumentingArtifactTransform
Transforming packageurl-java-1.5.0.jar (com.github.package-url:packageurl-java:1.5.0) with ExternalDependencyInstrumentingArtifactTransform
Transforming semver4j-5.3.0.jar (org.semver4j:semver4j:5.3.0) with ExternalDependencyInstrumentingArtifactTransform
Transforming commons-collections4-4.4.jar (org.apache.commons:commons-collections4:4.4) with ExternalDependencyInstrumentingArtifactTransform
Transforming commons-text-1.12.0.jar (org.apache.commons:commons-text:1.12.0) with ExternalDependencyInstrumentingArtifactTransform
Transforming lucene-analyzers-common-8.11.3.jar (org.apache.lucene:lucene-analyzers-common:8.11.3) with ExternalDependencyInstrumentingArtifactTransform
Transforming lucene-queryparser-8.11.3.jar (org.apache.lucene:lucene-queryparser:8.11.3) with ExternalDependencyInstrumentingArtifactTransform
Transforming commons-lang3-3.14.0.jar (org.apache.commons:commons-lang3:3.14.0) with ExternalDependencyInstrumentingArtifactTransform
Transforming commons-dbcp2-2.12.0.jar (org.apache.commons:commons-dbcp2:2.12.0) with ExternalDependencyInstrumentingArtifactTransform
Transforming lucene-core-8.11.3.jar (org.apache.lucene:lucene-core:8.11.3) with ExternalDependencyInstrumentingArtifactTransform
Transforming javax.json-1.1.4.jar (org.glassfish:javax.json:1.1.4) with ExternalDependencyInstrumentingArtifactTransform
Transforming kotlin-scripting-jvm-1.9.25.jar (org.jetbrains.kotlin:kotlin-scripting-jvm:1.9.25) with ExternalDependencyInstrumentingArtifactTransform
Transforming jsoup-1.17.2.jar (org.jsoup:jsoup:1.17.2) with ExternalDependencyInstrumentingArtifactTransform
Transforming h2-2.1.214.jar (com.h2database:h2:2.1.214) with ExternalDependencyInstrumentingArtifactTransform
Transforming kotlin-util-io-1.9.25.jar (org.jetbrains.kotlin:kotlin-util-io:1.9.25) with ExternalDependencyInstrumentingArtifactTransform
Transforming jackson-module-blackbird-2.17.1.jar (com.fasterxml.jackson.module:jackson-module-blackbird:2.17.1) with ExternalDependencyInstrumentingArtifactTransform
Transforming jackson-core-2.17.1.jar (com.fasterxml.jackson.core:jackson-core:2.17.1) with ExternalDependencyInstrumentingArtifactTransform
Transforming jackson-module-afterburner-2.17.1.jar (com.fasterxml.jackson.module:jackson-module-afterburner:2.17.1) with ExternalDependencyInstrumentingArtifactTransform
Transforming jackson-dataformat-yaml-2.17.1.jar (com.fasterxml.jackson.dataformat:jackson-dataformat-yaml:2.17.1) with ExternalDependencyInstrumentingArtifactTransform
Transforming jackson-annotations-2.17.1.jar (com.fasterxml.jackson.core:jackson-annotations:2.17.1) with ExternalDependencyInstrumentingArtifactTransform
Transforming jackson-databind-2.17.1.jar (com.fasterxml.jackson.core:jackson-databind:2.17.1) with ExternalDependencyInstrumentingArtifactTransform
Transforming retirejs-core-3.0.4.jar (com.h3xstream.retirejs:retirejs-core:3.0.4) with ExternalDependencyInstrumentingArtifactTransform
Transforming aho-corasick-double-array-trie-1.2.3.jar (com.hankcs:aho-corasick-double-array-trie:1.2.3) with ExternalDependencyInstrumentingArtifactTransform
Transforming jackson-datatype-jsr310-2.17.1.jar (com.fasterxml.jackson.datatype:jackson-datatype-jsr310:2.17.1) with ExternalDependencyInstrumentingArtifactTransform
Transforming commons-validator-1.9.0.jar (commons-validator:commons-validator:1.9.0) with ExternalDependencyInstrumentingArtifactTransform
Transforming kotlin-tooling-core-1.9.25.jar (org.jetbrains.kotlin:kotlin-tooling-core:1.9.25) with ExternalDependencyInstrumentingArtifactTransform
Transforming commons-beanutils-1.9.4.jar (commons-beanutils:commons-beanutils:1.9.4) with ExternalDependencyInstrumentingArtifactTransform
Transforming netty-codec-socks-4.1.93.Final.jar (io.netty:netty-codec-socks:4.1.93.Final) with ExternalDependencyInstrumentingArtifactTransform
Transforming commons-logging-1.3.2.jar (commons-logging:commons-logging:1.3.2) with ExternalDependencyInstrumentingArtifactTransform
Transforming jna-5.6.0.jar (net.java.dev.jna:jna:5.6.0) with ExternalDependencyInstrumentingArtifactTransform
Transforming netty-transport-4.1.93.Final.jar (io.netty:netty-transport:4.1.93.Final) with ExternalDependencyInstrumentingArtifactTransform
Transforming netty-codec-4.1.93.Final.jar (io.netty:netty-codec:4.1.93.Final) with ExternalDependencyInstrumentingArtifactTransform
Transforming failureaccess-1.0.2.jar (com.google.guava:failureaccess:1.0.2) with ExternalDependencyInstrumentingArtifactTransform
Transforming netty-resolver-4.1.93.Final.jar (io.netty:netty-resolver:4.1.93.Final) with ExternalDependencyInstrumentingArtifactTransform
Transforming netty-buffer-4.1.93.Final.jar (io.netty:netty-buffer:4.1.93.Final) with ExternalDependencyInstrumentingArtifactTransform
Transforming jmustache-1.15.jar (com.samskivert:jmustache:1.15) with ExternalDependencyInstrumentingArtifactTransform
Transforming netty-common-4.1.93.Final.jar (io.netty:netty-common:4.1.93.Final) with ExternalDependencyInstrumentingArtifactTransform
Transforming listenablefuture-9999.0-empty-to-avoid-conflict-with-guava.jar (com.google.guava:listenablefuture:9999.0-empty-to-avoid-conflict-with-guava) with ExternalDependencyInstrumentingArtifactTransform
Transforming jakarta.transaction-api-1.3.3.jar (jakarta.transaction:jakarta.transaction-api:1.3.3) with ExternalDependencyInstrumentingArtifactTransform
Transforming commons-pool2-2.12.0.jar (org.apache.commons:commons-pool2:2.12.0) with ExternalDependencyInstrumentingArtifactTransform
Transforming android-json-0.0.20131108.vaadin1.jar (com.vaadin.external.google:android-json:0.0.20131108.vaadin1) with ExternalDependencyInstrumentingArtifactTransform
Transforming lucene-sandbox-8.11.3.jar (org.apache.lucene:lucene-sandbox:8.11.3) with ExternalDependencyInstrumentingArtifactTransform
Transforming snakeyaml-2.2.jar (org.yaml:snakeyaml:2.2) with ExternalDependencyInstrumentingArtifactTransform
Transforming lucene-queries-8.11.3.jar (org.apache.lucene:lucene-queries:8.11.3) with ExternalDependencyInstrumentingArtifactTransform
Transforming minlog-1.3.1.jar (com.esotericsoftware:minlog:1.3.1) with ExternalDependencyInstrumentingArtifactTransform
Transforming compiler-0.9.6.jar (com.github.spullara.mustache.java:compiler:0.9.6) with ExternalDependencyInstrumentingArtifactTransform
Transforming jaxb-api-2.3.1.jar (javax.xml.bind:jaxb-api:2.3.1) with ExternalDependencyInstrumentingArtifactTransform
Transforming joda-time-2.10.4.jar (joda-time:joda-time:2.10.4) with ExternalDependencyInstrumentingArtifactTransform
Transforming commons-digester-2.1.jar (commons-digester:commons-digester:2.1) with ExternalDependencyInstrumentingArtifactTransform
Transforming javax.activation-api-1.2.0.jar (javax.activation:javax.activation-api:1.2.0) with ExternalDependencyInstrumentingArtifactTransform
Transforming httpcore5-5.2.4.jar (org.apache.httpcomponents.core5:httpcore5:5.2.4) with ExternalDependencyInstrumentingArtifactTransform
Transforming httpcore5-h2-5.2.4.jar (org.apache.httpcomponents.core5:httpcore5-h2:5.2.4) with ExternalDependencyInstrumentingArtifactTransform
Transforming xz-1.9.jar (org.tukaani:xz:1.9) with ExternalDependencyInstrumentingArtifactTransform
Transforming javax.ws.rs-api-2.0.1.jar (javax.ws.rs:javax.ws.rs-api:2.0.1) with ExternalDependencyInstrumentingArtifactTransform
Transforming package-url-java-1.1.1.jar (org.sonatype.goodies:package-url-java:1.1.1) with ExternalDependencyInstrumentingArtifactTransform
Transforming commons-collections-3.2.2.jar (commons-collections:commons-collections:3.2.2) with ExternalDependencyInstrumentingArtifactTransform

> Configure project :android
Evaluating project ':android' using build file 'C:\Users\xmeta\projects\Mr.Comic\android\build.gradle'.

> Configure project :android:feature-ocr
Evaluating project ':android:feature-ocr' using build file 'C:\Users\xmeta\projects\Mr.Comic\android\feature-ocr\build.gradle.kts'.
Using default execution profile
Using Kotlin Gradle Plugin gradle82 variant
Task name matched 'compileDebugKotlin'
Selected primary task 'compileDebugKotlin' from project :android:feature-ocr

> Configure project :android:shared
Evaluating project ':android:shared' using build file 'C:\Users\xmeta\projects\Mr.Comic\android\shared\build.gradle.kts'.
Using default execution profile
Using Kotlin Gradle Plugin gradle82 variant

> Configure project :android:core-ui
Evaluating project ':android:core-ui' using build file 'C:\Users\xmeta\projects\Mr.Comic\android\core-ui\build.gradle.kts'.
Using default execution profile
Using Kotlin Gradle Plugin gradle82 variant

> Configure project :android:core-model
Evaluating project ':android:core-model' using build file 'C:\Users\xmeta\projects\Mr.Comic\android\core-model\build.gradle.kts'.
Using default execution profile
Using Kotlin Gradle Plugin gradle82 variant
All projects evaluated.
Tasks to be executed: [task ':android:core-model:checkKotlinGradlePluginConfigurationErrors', task ':android:core-model:preBuild', task ':android:core-model:preDebugBuild', task ':android:core-model:generateDebugResValues', task ':android:core-model:generateDebugResources', task ':android:core-model:packageDebugResources', task ':android:core-model:parseDebugLocalResources', task ':android:core-model:generateDebugRFile', task ':android:core-model:kaptGenerateStubsDebugKotlin', task ':android:core-model:kaptDebugKotlin', task ':android:core-model:compileDebugKotlin', task ':android:core-model:javaPreCompileDebug', task ':android:core-model:compileDebugJavaWithJavac', task ':android:core-model:bundleLibCompileToJarDebug', task ':android:core-ui:preBuild', task ':android:core-ui:preDebugBuild', task ':android:core-ui:generateDebugResValues', task ':android:core-ui:generateDebugResources', task ':android:core-ui:packageDebugResources', task ':android:core-ui:parseDebugLocalResources', task ':android:core-ui:generateDebugRFile', task ':android:core-model:bundleLibRuntimeToJarDebug', task ':android:core-ui:checkKotlinGradlePluginConfigurationErrors', task ':android:core-ui:kspDebugKotlin', task ':android:core-ui:compileDebugKotlin', task ':android:core-ui:javaPreCompileDebug', task ':android:core-ui:compileDebugJavaWithJavac', task ':android:core-ui:transformDebugClassesWithAsm', task ':android:core-ui:bundleLibCompileToJarDebug', task ':android:feature-ocr:checkKotlinGradlePluginConfigurationErrors', task ':android:feature-ocr:preBuild', task ':android:feature-ocr:preDebugBuild', task ':android:feature-ocr:generateDebugResValues', task ':android:feature-ocr:generateDebugResources', task ':android:feature-ocr:packageDebugResources', task ':android:feature-ocr:parseDebugLocalResources', task ':android:feature-ocr:generateDebugRFile', task ':android:shared:checkKotlinGradlePluginConfigurationErrors', task ':android:shared:preBuild', task ':android:shared:preDebugBuild', task ':android:shared:generateDebugResValues', task ':android:shared:generateDebugResources', task ':android:shared:packageDebugResources', task ':android:shared:parseDebugLocalResources', task ':android:shared:generateDebugRFile', task ':android:shared:compileDebugKotlin', task ':android:shared:javaPreCompileDebug', task ':android:shared:compileDebugJavaWithJavac', task ':android:shared:bundleLibCompileToJarDebug', task ':android:feature-ocr:kspDebugKotlin', task ':android:feature-ocr:compileDebugKotlin']
Tasks that were excluded: []
Resolve mutations for :android:core-model:checkKotlinGradlePluginConfigurationErrors (Thread[Execution worker,5,main]) started.
Resolve mutations for :android:core-ui:preBuild (Thread[Execution worker Thread 4,5,main]) started.
Resolve mutations for :android:feature-ocr:checkKotlinGradlePluginConfigurationErrors (Thread[Execution worker Thread 10,5,main]) started.
Resolve mutations for :android:shared:checkKotlinGradlePluginConfigurationErrors (Thread[Execution worker Thread 5,5,main]) started.
:android:shared:checkKotlinGradlePluginConfigurationErrors (Thread[included builds,5,main]) started.
:android:core-ui:preBuild (Thread[Execution worker Thread 4,5,main]) started.
:android:core-model:checkKotlinGradlePluginConfigurationErrors (Thread[Execution worker,5,main]) started.
:android:feature-ocr:checkKotlinGradlePluginConfigurationErrors (Thread[Execution worker Thread 10,5,main]) started.

> Task :android:core-ui:preBuild UP-TO-DATE
Skipping task ':android:core-ui:preBuild' as it has no actions.
Resolve mutations for :android:core-ui:preDebugBuild (Thread[Execution worker Thread 4,5,main]) started.
:android:core-ui:preDebugBuild (Thread[Execution worker Thread 4,5,main]) started.

> Task :android:core-ui:preDebugBuild UP-TO-DATE
Skipping task ':android:core-ui:preDebugBuild' as it has no actions.
Resolve mutations for :android:core-ui:generateDebugResValues (Thread[Execution worker Thread 4,5,main]) started.
:android:core-ui:generateDebugResValues (Thread[Execution worker Thread 4,5,main]) started.

> Task :android:core-model:checkKotlinGradlePluginConfigurationErrors
Caching disabled for task ':android:core-model:checkKotlinGradlePluginConfigurationErrors' because:
  This task renders reported diagnostics; caching this task will hide diagnostics and obscure issues in the build
Task ':android:core-model:checkKotlinGradlePluginConfigurationErrors' is not up-to-date because:
  Task has not declared any outputs despite executing actions.

> Task :android:shared:checkKotlinGradlePluginConfigurationErrors
Caching disabled for task ':android:shared:checkKotlinGradlePluginConfigurationErrors' because:
  This task renders reported diagnostics; caching this task will hide diagnostics and obscure issues in the build
Task ':android:shared:checkKotlinGradlePluginConfigurationErrors' is not up-to-date because:
  Task has not declared any outputs despite executing actions.
Resolve mutations for :android:core-model:preBuild (Thread[Execution worker,5,main]) started.

> Task :android:feature-ocr:checkKotlinGradlePluginConfigurationErrors
Caching disabled for task ':android:feature-ocr:checkKotlinGradlePluginConfigurationErrors' because:
  This task renders reported diagnostics; caching this task will hide diagnostics and obscure issues in the build
Task ':android:feature-ocr:checkKotlinGradlePluginConfigurationErrors' is not up-to-date because:
  Task has not declared any outputs despite executing actions.
:android:core-model:preBuild (Thread[Execution worker,5,main]) started.

> Task :android:core-model:preBuild UP-TO-DATE
Skipping task ':android:core-model:preBuild' as it has no actions.
Resolve mutations for :android:shared:preBuild (Thread[included builds,5,main]) started.
Resolve mutations for :android:core-model:preDebugBuild (Thread[Execution worker,5,main]) started.
:android:core-model:preDebugBuild (Thread[Execution worker,5,main]) started.
Resolve mutations for :android:feature-ocr:preBuild (Thread[Execution worker Thread 10,5,main]) started.

> Task :android:core-model:preDebugBuild UP-TO-DATE
Skipping task ':android:core-model:preDebugBuild' as it has no actions.
Resolve mutations for :android:core-model:generateDebugResValues (Thread[Execution worker,5,main]) started.
:android:feature-ocr:preBuild (Thread[included builds,5,main]) started.
:android:shared:preBuild (Thread[Execution worker Thread 9,5,main]) started.

> Task :android:feature-ocr:preBuild UP-TO-DATE
Skipping task ':android:feature-ocr:preBuild' as it has no actions.

> Task :android:shared:preBuild UP-TO-DATE
Skipping task ':android:shared:preBuild' as it has no actions.
Resolve mutations for :android:feature-ocr:preDebugBuild (Thread[included builds,5,main]) started.
:android:core-model:generateDebugResValues (Thread[Execution worker,5,main]) started.
Resolve mutations for :android:shared:preDebugBuild (Thread[Execution worker Thread 9,5,main]) started.
:android:shared:preDebugBuild (Thread[Execution worker Thread 9,5,main]) started.

> Task :android:shared:preDebugBuild UP-TO-DATE
Skipping task ':android:shared:preDebugBuild' as it has no actions.
Resolve mutations for :android:shared:generateDebugResValues (Thread[Execution worker Thread 9,5,main]) started.
:android:shared:generateDebugResValues (Thread[Execution worker Thread 9,5,main]) started.
:android:feature-ocr:preDebugBuild (Thread[included builds,5,main]) started.

> Task :android:feature-ocr:preDebugBuild UP-TO-DATE
Skipping task ':android:feature-ocr:preDebugBuild' as it has no actions.
Resolve mutations for :android:feature-ocr:generateDebugResValues (Thread[included builds,5,main]) started.
:android:feature-ocr:generateDebugResValues (Thread[included builds,5,main]) started.

> Task :android:core-ui:generateDebugResValues UP-TO-DATE
Build cache key for task ':android:core-ui:generateDebugResValues' is 2b9d185eedfd40cdbd84476b0280cb15
Skipping task ':android:core-ui:generateDebugResValues' as it is up-to-date.

> Task :android:core-model:generateDebugResValues UP-TO-DATE
Build cache key for task ':android:core-model:generateDebugResValues' is 2b9d185eedfd40cdbd84476b0280cb15
Skipping task ':android:core-model:generateDebugResValues' as it is up-to-date.

> Task :android:shared:generateDebugResValues UP-TO-DATE
Build cache key for task ':android:shared:generateDebugResValues' is 2b9d185eedfd40cdbd84476b0280cb15
Skipping task ':android:shared:generateDebugResValues' as it is up-to-date.

> Task :android:feature-ocr:generateDebugResValues UP-TO-DATE
Build cache key for task ':android:feature-ocr:generateDebugResValues' is 2b9d185eedfd40cdbd84476b0280cb15
Skipping task ':android:feature-ocr:generateDebugResValues' as it is up-to-date.
Resolve mutations for :android:core-ui:generateDebugResources (Thread[Execution worker Thread 4,5,main]) started.
Resolve mutations for :android:feature-ocr:generateDebugResources (Thread[included builds,5,main]) started.
Resolve mutations for :android:shared:generateDebugResources (Thread[Execution worker Thread 9,5,main]) started.
Resolve mutations for :android:core-model:generateDebugResources (Thread[Execution worker,5,main]) started.
:android:core-model:generateDebugResources (Thread[Execution worker,5,main]) started.
:android:feature-ocr:generateDebugResources (Thread[included builds,5,main]) started.
:android:core-ui:generateDebugResources (Thread[Execution worker Thread 4,5,main]) started.
:android:shared:generateDebugResources (Thread[Execution worker Thread 9,5,main]) started.

> Task :android:core-model:generateDebugResources UP-TO-DATE
Build cache key for task ':android:core-model:generateDebugResources' is be50fae97b9b657ed1289dfdbdfa9339
Skipping task ':android:core-model:generateDebugResources' as it is up-to-date.

> Task :android:feature-ocr:generateDebugResources UP-TO-DATE
Build cache key for task ':android:feature-ocr:generateDebugResources' is be50fae97b9b657ed1289dfdbdfa9339
Skipping task ':android:feature-ocr:generateDebugResources' as it is up-to-date.

> Task :android:shared:generateDebugResources UP-TO-DATE
Build cache key for task ':android:shared:generateDebugResources' is be50fae97b9b657ed1289dfdbdfa9339
Skipping task ':android:shared:generateDebugResources' as it is up-to-date.
Resolve mutations for :android:feature-ocr:packageDebugResources (Thread[Execution worker Thread 9,5,main]) started.
Resolve mutations for :android:shared:packageDebugResources (Thread[Execution worker Thread 10,5,main]) started.

> Task :android:core-ui:generateDebugResources UP-TO-DATE
Build cache key for task ':android:core-ui:generateDebugResources' is 9b6b06cbf4fb8be03aa34f1cd36f8621
Skipping task ':android:core-ui:generateDebugResources' as it is up-to-date.
Resolve mutations for :android:core-model:packageDebugResources (Thread[Execution worker,5,main]) started.
Resolve mutations for :android:core-ui:packageDebugResources (Thread[Execution worker Thread 4,5,main]) started.
:android:feature-ocr:packageDebugResources (Thread[Execution worker Thread 9,5,main]) started.
:android:core-model:packageDebugResources (Thread[Execution worker,5,main]) started.
:android:core-ui:packageDebugResources (Thread[Execution worker Thread 4,5,main]) started.
:android:shared:packageDebugResources (Thread[Execution worker Thread 10,5,main]) started.

> Task :android:core-model:packageDebugResources UP-TO-DATE
Build cache key for task ':android:core-model:packageDebugResources' is 19789869316c1ae8503e0d3c70a76266
Skipping task ':android:core-model:packageDebugResources' as it is up-to-date.
Resolve mutations for :android:core-model:parseDebugLocalResources (Thread[Execution worker,5,main]) started.

> Task :android:core-ui:packageDebugResources UP-TO-DATE
Build cache key for task ':android:core-ui:packageDebugResources' is cc8656e3e1bee2c4a32eda4b59d383b5
Skipping task ':android:core-ui:packageDebugResources' as it is up-to-date.

> Task :android:feature-ocr:packageDebugResources UP-TO-DATE
Build cache key for task ':android:feature-ocr:packageDebugResources' is 24dbe9104927b32bda345feb06346d31
Skipping task ':android:feature-ocr:packageDebugResources' as it is up-to-date.

> Task :android:shared:packageDebugResources UP-TO-DATE
Build cache key for task ':android:shared:packageDebugResources' is 3293607ffbba796622dca0fb835fd8aa
Skipping task ':android:shared:packageDebugResources' as it is up-to-date.
Resolve mutations for :android:core-ui:parseDebugLocalResources (Thread[Execution worker Thread 4,5,main]) started.
Resolve mutations for :android:shared:parseDebugLocalResources (Thread[Execution worker Thread 10,5,main]) started.
:android:core-model:parseDebugLocalResources (Thread[Execution worker,5,main]) started.
:android:core-ui:parseDebugLocalResources (Thread[Execution worker Thread 4,5,main]) started.
:android:shared:parseDebugLocalResources (Thread[Execution worker Thread 10,5,main]) started.
Resolve mutations for :android:feature-ocr:parseDebugLocalResources (Thread[Execution worker Thread 9,5,main]) started.
:android:feature-ocr:parseDebugLocalResources (Thread[Execution worker Thread 9,5,main]) started.

> Task :android:core-model:parseDebugLocalResources UP-TO-DATE
Transforming android.jar with PlatformAttrTransform
Transforming android.jar with PlatformAttrTransform
Build cache key for task ':android:core-model:parseDebugLocalResources' is a524f9f763cf176d309b6168b800387a
Skipping task ':android:core-model:parseDebugLocalResources' as it is up-to-date.
Resolve mutations for :android:core-model:generateDebugRFile (Thread[Execution worker,5,main]) started.

> Task :android:shared:parseDebugLocalResources UP-TO-DATE
Transforming android.jar with PlatformAttrTransform
Transforming android.jar with PlatformAttrTransform
Build cache key for task ':android:shared:parseDebugLocalResources' is e6a1229a193814fcdbe2615fd11f525a
Skipping task ':android:shared:parseDebugLocalResources' as it is up-to-date.
:android:core-model:generateDebugRFile (Thread[Execution worker,5,main]) started.

> Task :android:feature-ocr:parseDebugLocalResources UP-TO-DATE
Transforming android.jar with PlatformAttrTransform
Transforming android.jar with PlatformAttrTransform
Build cache key for task ':android:feature-ocr:parseDebugLocalResources' is e6a1229a193814fcdbe2615fd11f525a
Skipping task ':android:feature-ocr:parseDebugLocalResources' as it is up-to-date.
Resolve mutations for :android:shared:generateDebugRFile (Thread[Execution worker Thread 10,5,main]) started.
Resolve mutations for :android:feature-ocr:generateDebugRFile (Thread[Execution worker Thread 9,5,main]) started.
:android:shared:generateDebugRFile (Thread[Execution worker Thread 10,5,main]) started.
:android:feature-ocr:generateDebugRFile (Thread[Execution worker Thread 9,5,main]) started.

> Task :android:core-model:generateDebugRFile UP-TO-DATE
Transforming android.jar with PlatformAttrTransform
Build cache key for task ':android:core-model:generateDebugRFile' is 43832ac67fe4c921e42a37e8308c3dbd
Skipping task ':android:core-model:generateDebugRFile' as it is up-to-date.
Resolve mutations for :android:core-model:kaptGenerateStubsDebugKotlin (Thread[Execution worker,5,main]) started.

> Task :android:core-ui:parseDebugLocalResources UP-TO-DATE
Transforming android.jar with PlatformAttrTransform
Transforming android.jar with PlatformAttrTransform
Build cache key for task ':android:core-ui:parseDebugLocalResources' is f9011cd1d6fe45b8733c680f3a842c7b
Skipping task ':android:core-ui:parseDebugLocalResources' as it is up-to-date.
Resolve mutations for :android:core-ui:generateDebugRFile (Thread[Execution worker Thread 4,5,main]) started.
:android:core-model:kaptGenerateStubsDebugKotlin (Thread[Execution worker,5,main]) started.
:android:core-ui:generateDebugRFile (Thread[Execution worker Thread 4,5,main]) started.

> Task :android:feature-ocr:generateDebugRFile UP-TO-DATE
Transforming android.jar with PlatformAttrTransform
Build cache key for task ':android:feature-ocr:generateDebugRFile' is 25fc21c7197a241e793dabe0429d8e6e
Skipping task ':android:feature-ocr:generateDebugRFile' as it is up-to-date.

> Task :android:core-ui:generateDebugRFile UP-TO-DATE
Transforming android.jar with PlatformAttrTransform
Build cache key for task ':android:core-ui:generateDebugRFile' is 6617d2ea0f031804bedf5ed0ed323a45
Skipping task ':android:core-ui:generateDebugRFile' as it is up-to-date.
Resolve mutations for :android:core-ui:checkKotlinGradlePluginConfigurationErrors (Thread[Execution worker Thread 4,5,main]) started.
:android:core-ui:checkKotlinGradlePluginConfigurationErrors (Thread[Execution worker Thread 4,5,main]) started.

> Task :android:core-ui:checkKotlinGradlePluginConfigurationErrors
Caching disabled for task ':android:core-ui:checkKotlinGradlePluginConfigurationErrors' because:
  This task renders reported diagnostics; caching this task will hide diagnostics and obscure issues in the build
Task ':android:core-ui:checkKotlinGradlePluginConfigurationErrors' is not up-to-date because:
  Task has not declared any outputs despite executing actions.
Resolve mutations for :android:core-ui:javaPreCompileDebug (Thread[Execution worker Thread 4,5,main]) started.
:android:core-ui:javaPreCompileDebug (Thread[Execution worker Thread 4,5,main]) started.

> Task :android:shared:generateDebugRFile UP-TO-DATE
Transforming android.jar with PlatformAttrTransform
Build cache key for task ':android:shared:generateDebugRFile' is 921c10bba2de2affc99634849bdbe40f
Skipping task ':android:shared:generateDebugRFile' as it is up-to-date.
Resolve mutations for :android:shared:compileDebugKotlin (Thread[Execution worker Thread 10,5,main]) started.
:android:shared:compileDebugKotlin (Thread[Execution worker Thread 10,5,main]) started.

> Task :android:shared:compileDebugKotlin NO-SOURCE
Skipping task ':android:shared:compileDebugKotlin' as it has no source files and no previous output files.
Resolve mutations for :android:shared:javaPreCompileDebug (Thread[Execution worker Thread 10,5,main]) started.
:android:shared:javaPreCompileDebug (Thread[Execution worker Thread 10,5,main]) started.

> Task :android:shared:javaPreCompileDebug UP-TO-DATE
Build cache key for task ':android:shared:javaPreCompileDebug' is 0b9d9456b73ab9b9a4200cec6cc72820
Skipping task ':android:shared:javaPreCompileDebug' as it is up-to-date.
Resolve mutations for :android:shared:compileDebugJavaWithJavac (Thread[Execution worker Thread 10,5,main]) started.
:android:shared:compileDebugJavaWithJavac (Thread[Execution worker Thread 10,5,main]) started.

> Task :android:shared:compileDebugJavaWithJavac NO-SOURCE
Skipping task ':android:shared:compileDebugJavaWithJavac' as it has no source files and no previous output files.
Resolve mutations for :android:shared:bundleLibCompileToJarDebug (Thread[Execution worker Thread 11,5,main]) started.
:android:shared:bundleLibCompileToJarDebug (Thread[Execution worker Thread 10,5,main]) started.

> Task :android:shared:bundleLibCompileToJarDebug UP-TO-DATE
Caching disabled for task ':android:shared:bundleLibCompileToJarDebug' because:
  Simple merging task
Skipping task ':android:shared:bundleLibCompileToJarDebug' as it is up-to-date.
work action resolve classes.jar (project :android:shared) (Thread[Execution worker Thread 10,5,main]) started.

> Task :android:core-ui:javaPreCompileDebug UP-TO-DATE
Build cache key for task ':android:core-ui:javaPreCompileDebug' is 816894bb293316a0b7b310ab1a5ceea0
Skipping task ':android:core-ui:javaPreCompileDebug' as it is up-to-date.

> Task :android:core-model:kaptGenerateStubsDebugKotlin UP-TO-DATE
Transforming kotlin-parcelize-runtime-1.9.25.jar (org.jetbrains.kotlin:kotlin-parcelize-runtime:1.9.25) with JetifyTransform
Transforming core-ktx-1.12.0.aar (androidx.core:core-ktx:1.12.0) with JetifyTransform
Transforming kotlin-stdlib-1.9.25.jar (org.jetbrains.kotlin:kotlin-stdlib:1.9.25) with JetifyTransform
Transforming kotlin-android-extensions-runtime-1.9.25.jar (org.jetbrains.kotlin:kotlin-android-extensions-runtime:1.9.25) with JetifyTransform
Transforming annotations-13.0.jar (org.jetbrains:annotations:13.0) with JetifyTransform
Transforming lifecycle-runtime-2.3.1.aar (androidx.lifecycle:lifecycle-runtime:2.3.1) with JetifyTransform
Transforming lifecycle-common-2.3.1.jar (androidx.lifecycle:lifecycle-common:2.3.1) with JetifyTransform
Transforming core-common-2.1.0.jar (androidx.arch.core:core-common:2.1.0) with JetifyTransform
Transforming core-1.12.0.aar (androidx.core:core:1.12.0) with JetifyTransform
Transforming kotlin-parcelize-runtime-1.9.25.jar (org.jetbrains.kotlin:kotlin-parcelize-runtime:1.9.25) with IdentityTransform
Transforming versionedparcelable-1.1.1.aar (androidx.versionedparcelable:versionedparcelable:1.1.1) with JetifyTransform
Transforming lifecycle-common-2.3.1.jar (androidx.lifecycle:lifecycle-common:2.3.1) with IdentityTransform
Transforming kotlin-android-extensions-runtime-1.9.25.jar (org.jetbrains.kotlin:kotlin-android-extensions-runtime:1.9.25) with IdentityTransform
Transforming core-ktx-1.12.0.aar (androidx.core:core-ktx:1.12.0) with AarToClassTransform
Transforming collection-1.0.0.jar (androidx.collection:collection:1.0.0) with JetifyTransform
Transforming core-1.12.0.aar (androidx.core:core:1.12.0) with AarToClassTransform
Transforming lifecycle-runtime-2.3.1.aar (androidx.lifecycle:lifecycle-runtime:2.3.1) with AarToClassTransform
Transforming annotation-jvm-1.7.1.jar (androidx.annotation:annotation-jvm:1.7.1) with JetifyTransform
Transforming annotation-experimental-1.3.0.aar (androidx.annotation:annotation-experimental:1.3.0) with JetifyTransform
Transforming collection-1.0.0.jar (androidx.collection:collection:1.0.0) with IdentityTransform
Transforming annotation-jvm-1.7.1.jar (androidx.annotation:annotation-jvm:1.7.1) with IdentityTransform
Transforming kotlin-stdlib-1.9.25.jar (org.jetbrains.kotlin:kotlin-stdlib:1.9.25) with IdentityTransform
Transforming annotations-13.0.jar (org.jetbrains:annotations:13.0) with IdentityTransform
Transforming core-common-2.1.0.jar (androidx.arch.core:core-common:2.1.0) with IdentityTransform
Transforming versionedparcelable-1.1.1.aar (androidx.versionedparcelable:versionedparcelable:1.1.1) with AarToClassTransform
Transforming annotation-experimental-1.3.0.aar (androidx.annotation:annotation-experimental:1.3.0) with AarToClassTransform
Transforming R.jar with ClasspathEntrySnapshotTransform
Transforming jetified-kotlin-parcelize-runtime-1.9.25.jar with ClasspathEntrySnapshotTransform
Transforming jetified-core-ktx-1.12.0-api.jar with ClasspathEntrySnapshotTransform
Transforming jetified-kotlin-android-extensions-runtime-1.9.25.jar with ClasspathEntrySnapshotTransform
Transforming core-1.12.0-api.jar with ClasspathEntrySnapshotTransform
Transforming lifecycle-runtime-2.3.1-api.jar with ClasspathEntrySnapshotTransform
Transforming versionedparcelable-1.1.1-api.jar with ClasspathEntrySnapshotTransform
Transforming lifecycle-common-2.3.1.jar with ClasspathEntrySnapshotTransform
Transforming core-common-2.1.0.jar with ClasspathEntrySnapshotTransform
Transforming collection-1.0.0.jar with ClasspathEntrySnapshotTransform
Transforming jetified-annotation-jvm-1.7.1.jar with ClasspathEntrySnapshotTransform
Transforming jetified-annotation-experimental-1.3.0-api.jar with ClasspathEntrySnapshotTransform
Transforming jetified-kotlin-stdlib-1.9.25.jar with ClasspathEntrySnapshotTransform
Transforming jetified-annotations-13.0.jar with ClasspathEntrySnapshotTransform
Transforming android.jar with ClasspathEntrySnapshotTransform
Transforming core-lambda-stubs.jar with ClasspathEntrySnapshotTransform
Build cache key for task ':android:core-model:kaptGenerateStubsDebugKotlin' is cbe621930a560aba850ab6b55c9b11c1
Skipping task ':android:core-model:kaptGenerateStubsDebugKotlin' as it is up-to-date.
Resolve mutations for :android:core-model:kaptDebugKotlin (Thread[Execution worker Thread 7,5,main]) started.
:android:core-model:kaptDebugKotlin (Thread[Execution worker Thread 7,5,main]) started.

> Task :android:core-model:kaptDebugKotlin SKIPPED
No annotation processors provided. Skip KAPT processing.
Skipping task ':android:core-model:kaptDebugKotlin' as task onlyIf 'Task satisfies onlyIf spec' is false.
Resolve mutations for :android:core-model:compileDebugKotlin (Thread[Execution worker Thread 7,5,main]) started.
:android:core-model:compileDebugKotlin (Thread[Execution worker Thread 7,5,main]) started.

> Task :android:core-model:compileDebugKotlin UP-TO-DATE
Transforming R.jar with ClasspathEntrySnapshotTransform
Transforming jetified-kotlin-parcelize-runtime-1.9.25.jar with ClasspathEntrySnapshotTransform
Transforming jetified-core-ktx-1.12.0-api.jar with ClasspathEntrySnapshotTransform
Transforming jetified-kotlin-android-extensions-runtime-1.9.25.jar with ClasspathEntrySnapshotTransform
Transforming core-1.12.0-api.jar with ClasspathEntrySnapshotTransform
Transforming lifecycle-runtime-2.3.1-api.jar with ClasspathEntrySnapshotTransform
Transforming versionedparcelable-1.1.1-api.jar with ClasspathEntrySnapshotTransform
Transforming lifecycle-common-2.3.1.jar with ClasspathEntrySnapshotTransform
Transforming core-common-2.1.0.jar with ClasspathEntrySnapshotTransform
Transforming collection-1.0.0.jar with ClasspathEntrySnapshotTransform
Transforming jetified-annotation-jvm-1.7.1.jar with ClasspathEntrySnapshotTransform
Transforming jetified-annotation-experimental-1.3.0-api.jar with ClasspathEntrySnapshotTransform
Transforming jetified-kotlin-stdlib-1.9.25.jar with ClasspathEntrySnapshotTransform
Transforming jetified-annotations-13.0.jar with ClasspathEntrySnapshotTransform
Transforming android.jar with ClasspathEntrySnapshotTransform
Transforming core-lambda-stubs.jar with ClasspathEntrySnapshotTransform
Build cache key for task ':android:core-model:compileDebugKotlin' is 0226f0b0e3dfa64b11305912a8cd2b9d
Skipping task ':android:core-model:compileDebugKotlin' as it is up-to-date.
Resolve mutations for :android:core-model:javaPreCompileDebug (Thread[Execution worker Thread 7,5,main]) started.
:android:core-model:javaPreCompileDebug (Thread[Execution worker Thread 7,5,main]) started.

> Task :android:core-model:javaPreCompileDebug UP-TO-DATE
Build cache key for task ':android:core-model:javaPreCompileDebug' is 0b9d9456b73ab9b9a4200cec6cc72820
Skipping task ':android:core-model:javaPreCompileDebug' as it is up-to-date.
Resolve mutations for :android:core-model:compileDebugJavaWithJavac (Thread[Execution worker Thread 7,5,main]) started.
:android:core-model:compileDebugJavaWithJavac (Thread[Execution worker Thread 7,5,main]) started.

> Task :android:core-model:compileDebugJavaWithJavac NO-SOURCE
Skipping task ':android:core-model:compileDebugJavaWithJavac' as it has no source files and no previous output files.
Resolve mutations for :android:core-model:bundleLibCompileToJarDebug (Thread[Execution worker Thread 7,5,main]) started.
:android:core-model:bundleLibCompileToJarDebug (Thread[Execution worker Thread 7,5,main]) started.

> Task :android:core-model:bundleLibCompileToJarDebug UP-TO-DATE
Caching disabled for task ':android:core-model:bundleLibCompileToJarDebug' because:
  Simple merging task
Skipping task ':android:core-model:bundleLibCompileToJarDebug' as it is up-to-date.
work action resolve classes.jar (project :android:core-model) (Thread[Execution worker Thread 7,5,main]) started.
Resolve mutations for :android:core-model:bundleLibRuntimeToJarDebug (Thread[Execution worker Thread 7,5,main]) started.
Resolve mutations for :android:core-ui:kspDebugKotlin (Thread[Execution worker,5,main]) started.
:android:core-model:bundleLibRuntimeToJarDebug (Thread[Execution worker Thread 7,5,main]) started.

> Task :android:core-model:bundleLibRuntimeToJarDebug UP-TO-DATE
Caching disabled for task ':android:core-model:bundleLibRuntimeToJarDebug' because:
  Simple merging task
Skipping task ':android:core-model:bundleLibRuntimeToJarDebug' as it is up-to-date.
:android:core-ui:kspDebugKotlin (Thread[Execution worker,5,main]) started.
work action resolve classes.jar (project :android:core-model) (Thread[Execution worker Thread 7,5,main]) started.

> Task :android:core-ui:kspDebugKotlin UP-TO-DATE
file or directory 'C:\Users\xmeta\projects\Mr.Comic\android\core-ui\src\debug\kotlin', not found
file or directory 'C:\Users\xmeta\projects\Mr.Comic\android\core-ui\src\debug\java', not found
file or directory 'C:\Users\xmeta\projects\Mr.Comic\android\core-ui\src\main\kotlin', not found
file or directory 'C:\Users\xmeta\projects\Mr.Comic\android\core-ui\src\debug\java', not found
Transforming lottie-compose-6.4.1.aar (com.airbnb.android:lottie-compose:6.4.1) with JetifyTransform
Transforming accompanist-systemuicontroller-0.34.0.aar (com.google.accompanist:accompanist-systemuicontroller:0.34.0) with JetifyTransform
Transforming accompanist-adaptive-0.34.0.aar (com.google.accompanist:accompanist-adaptive:0.34.0) with JetifyTransform
Transforming accompanist-permissions-0.37.3.aar (com.google.accompanist:accompanist-permissions:0.37.3) with JetifyTransform
Transforming kotlin-stdlib-jdk8-1.9.25.jar (org.jetbrains.kotlin:kotlin-stdlib-jdk8:1.9.25) with JetifyTransform
Transforming kotlin-stdlib-jdk7-1.9.25.jar (org.jetbrains.kotlin:kotlin-stdlib-jdk7:1.9.25) with JetifyTransform
Transforming versionedparcelable-1.1.1.aar (androidx.versionedparcelable:versionedparcelable:1.1.1) with JetifyTransform
Transforming versionedparcelable-1.1.1.aar (androidx.versionedparcelable:versionedparcelable:1.1.1) with AarToClassTransform
Transforming kotlin-stdlib-1.9.25.jar (org.jetbrains.kotlin:kotlin-stdlib:1.9.25) with JetifyTransform
Transforming kotlin-stdlib-1.9.25.jar (org.jetbrains.kotlin:kotlin-stdlib:1.9.25) with IdentityTransform
Transforming listenablefuture-9999.0-empty-to-avoid-conflict-with-guava.jar (com.google.guava:listenablefuture:9999.0-empty-to-avoid-conflict-with-guava) with JetifyTransform
Transforming failureaccess-1.0.2.jar (com.google.guava:failureaccess:1.0.2) with JetifyTransform
Transforming dagger-2.51.1.jar (com.google.dagger:dagger:2.51.1) with JetifyTransform
Transforming javax.inject-1.jar (javax.inject:javax.inject:1) with JetifyTransform
Transforming jsr305-3.0.2.jar (com.google.code.findbugs:jsr305:3.0.2) with JetifyTransform
Transforming coil-compose-2.7.0.aar (io.coil-kt:coil-compose:2.7.0) with JetifyTransform
Transforming hilt-android-2.51.1.aar (com.google.dagger:hilt-android:2.51.1) with JetifyTransform
Transforming accompanist-permissions-0.37.3.aar (com.google.accompanist:accompanist-permissions:0.37.3) with AarToClassTransform
Transforming constraintlayout-compose-1.0.1.aar (androidx.constraintlayout:constraintlayout-compose:1.0.1) with JetifyTransform
Transforming coil-compose-base-2.7.0.aar (io.coil-kt:coil-compose-base:2.7.0) with JetifyTransform
Transforming coil-2.7.0.aar (io.coil-kt:coil:2.7.0) with JetifyTransform
Transforming hilt-android-2.51.1.aar (com.google.dagger:hilt-android:2.51.1) with AarToClassTransform
Transforming lottie-compose-6.4.1.aar (com.airbnb.android:lottie-compose:6.4.1) with AarToClassTransform
Transforming coil-compose-2.7.0.aar (io.coil-kt:coil-compose:2.7.0) with AarToClassTransform
Transforming accompanist-systemuicontroller-0.34.0.aar (com.google.accompanist:accompanist-systemuicontroller:0.34.0) with AarToClassTransform
Transforming accompanist-adaptive-0.34.0.aar (com.google.accompanist:accompanist-adaptive:0.34.0) with AarToClassTransform
Transforming constraintlayout-compose-1.0.1.aar (androidx.constraintlayout:constraintlayout-compose:1.0.1) with AarToClassTransform
Transforming coil-compose-base-2.7.0.aar (io.coil-kt:coil-compose-base:2.7.0) with AarToClassTransform
Transforming coil-base-2.7.0.aar (io.coil-kt:coil-base:2.7.0) with JetifyTransform
Transforming okhttp-4.12.0.jar (com.squareup.okhttp3:okhttp:4.12.0) with JetifyTransform
Transforming kotlin-stdlib-jdk8-1.9.25.jar (org.jetbrains.kotlin:kotlin-stdlib-jdk8:1.9.25) with IdentityTransform
Transforming window-1.0.0.aar (androidx.window:window:1.0.0) with JetifyTransform
Transforming palette-1.0.0.aar (androidx.palette:palette:1.0.0) with JetifyTransform
Transforming coil-2.7.0.aar (io.coil-kt:coil:2.7.0) with AarToClassTransform
Transforming legacy-support-core-utils-1.0.0.aar (androidx.legacy:legacy-support-core-utils:1.0.0) with JetifyTransform
Transforming okhttp-4.12.0.jar (com.squareup.okhttp3:okhttp:4.12.0) with IdentityTransform
Transforming fragment-1.5.1.aar (androidx.fragment:fragment:1.5.1) with JetifyTransform
Transforming glide-4.15.1.aar (com.github.bumptech.glide:glide:4.15.1) with JetifyTransform
Transforming activity-1.9.0.aar (androidx.activity:activity:1.9.0) with JetifyTransform
Transforming coil-base-2.7.0.aar (io.coil-kt:coil-base:2.7.0) with AarToClassTransform
Transforming legacy-support-core-utils-1.0.0.aar (androidx.legacy:legacy-support-core-utils:1.0.0) with AarToClassTransform
Transforming loader-1.0.0.aar (androidx.loader:loader:1.0.0) with JetifyTransform
Transforming fragment-1.5.1.aar (androidx.fragment:fragment:1.5.1) with AarToClassTransform
Transforming palette-1.0.0.aar (androidx.palette:palette:1.0.0) with AarToClassTransform
Transforming window-1.0.0.aar (androidx.window:window:1.0.0) with AarToClassTransform
Transforming loader-1.0.0.aar (androidx.loader:loader:1.0.0) with JetifyTransform
Transforming activity-1.9.0.aar (androidx.activity:activity:1.9.0) with AarToClassTransform
Transforming material3-window-size-class-release.aar (androidx.compose.material3:material3-window-size-class-android:1.2.1) with JetifyTransform
Transforming material3-release.aar (androidx.compose.material3:material3-android:1.2.1) with JetifyTransform
Transforming glide-4.15.1.aar (com.github.bumptech.glide:glide:4.15.1) with AarToClassTransform
Transforming ui-util-release.aar (androidx.compose.ui:ui-util-android:1.7.8) with JetifyTransform
Transforming loader-1.0.0.aar (androidx.loader:loader:1.0.0) with AarToClassTransform
Transforming ui-unit-release.aar (androidx.compose.ui:ui-unit-android:1.7.8) with JetifyTransform
Transforming ui-text-release.aar (androidx.compose.ui:ui-text-android:1.7.8) with JetifyTransform
Transforming loader-1.0.0.aar (androidx.loader:loader:1.0.0) with AarToClassTransform
Transforming material3-window-size-class-release.aar (androidx.compose.material3:material3-window-size-class-android:1.2.1) with AarToClassTransform
Transforming material3-release.aar (androidx.compose.material3:material3-android:1.2.1) with AarToClassTransform
Transforming ui-graphics-release.aar (androidx.compose.ui:ui-graphics-android:1.7.8) with JetifyTransform
Transforming foundation-layout-release.aar (androidx.compose.foundation:foundation-layout-android:1.7.8) with JetifyTransform
Transforming material-icons-core-release.aar (androidx.compose.material:material-icons-core-android:1.6.8) with JetifyTransform
Transforming ui-util-release.aar (androidx.compose.ui:ui-util-android:1.7.8) with AarToClassTransform
Transforming material-ripple-release.aar (androidx.compose.material:material-ripple-android:1.6.8) with JetifyTransform
Transforming foundation-release.aar (androidx.compose.foundation:foundation-android:1.7.8) with JetifyTransform
Transforming ui-unit-release.aar (androidx.compose.ui:ui-unit-android:1.7.8) with AarToClassTransform
Transforming animation-core-release.aar (androidx.compose.animation:animation-core-android:1.7.8) with JetifyTransform
Transforming material-icons-extended-release.aar (androidx.compose.material:material-icons-extended-android:1.6.8) with JetifyTransform
Transforming ui-graphics-release.aar (androidx.compose.ui:ui-graphics-android:1.7.8) with AarToClassTransform
Transforming animation-release.aar (androidx.compose.animation:animation-android:1.7.8) with JetifyTransform
Transforming ui-text-release.aar (androidx.compose.ui:ui-text-android:1.7.8) with AarToClassTransform
Transforming ui-geometry-release.aar (androidx.compose.ui:ui-geometry-android:1.7.8) with JetifyTransform
Transforming ui-tooling-preview-release.aar (androidx.compose.ui:ui-tooling-preview-android:1.7.8) with JetifyTransform
Transforming material-ripple-release.aar (androidx.compose.material:material-ripple-android:1.6.8) with AarToClassTransform
Transforming animation-core-release.aar (androidx.compose.animation:animation-core-android:1.7.8) with AarToClassTransform
Transforming lifecycle-livedata-core-ktx-2.9.1.aar (androidx.lifecycle:lifecycle-livedata-core-ktx:2.9.1) with JetifyTransform
Transforming animation-release.aar (androidx.compose.animation:animation-android:1.7.8) with AarToClassTransform
Transforming foundation-release.aar (androidx.compose.foundation:foundation-android:1.7.8) with AarToClassTransform
Transforming material-icons-core-release.aar (androidx.compose.material:material-icons-core-android:1.6.8) with AarToClassTransform
Transforming lifecycle-runtime-ktx.aar (androidx.lifecycle:lifecycle-runtime-ktx-android:2.9.1) with JetifyTransform
Transforming lifecycle-livedata-2.9.1.aar (androidx.lifecycle:lifecycle-livedata:2.9.1) with JetifyTransform
Transforming lifecycle-livedata-core-ktx-2.9.1.aar (androidx.lifecycle:lifecycle-livedata-core-ktx:2.9.1) with AarToClassTransform
Transforming lifecycle-runtime-release.aar (androidx.lifecycle:lifecycle-runtime-android:2.9.1) with JetifyTransform
Transforming lifecycle-viewmodel-2.9.1.aar (androidx.lifecycle:lifecycle-viewmodel:2.9.1) with JetifyTransform
Transforming lifecycle-livedata-2.9.1.aar (androidx.lifecycle:lifecycle-livedata:2.9.1) with AarToClassTransform
Transforming lifecycle-runtime-ktx.aar (androidx.lifecycle:lifecycle-runtime-ktx-android:2.9.1) with AarToClassTransform
Transforming foundation-layout-release.aar (androidx.compose.foundation:foundation-layout-android:1.7.8) with AarToClassTransform
Transforming material-icons-extended-release.aar (androidx.compose.material:material-icons-extended-android:1.6.8) with AarToClassTransform
Transforming ui-geometry-release.aar (androidx.compose.ui:ui-geometry-android:1.7.8) with AarToClassTransform
Transforming lifecycle-viewmodel-release.aar (androidx.lifecycle:lifecycle-viewmodel-android:2.9.1) with JetifyTransform
Transforming savedstate-release.aar (androidx.savedstate:savedstate-android:1.3.0) with JetifyTransform
Transforming lifecycle-common-jvm-2.9.1.jar (androidx.lifecycle:lifecycle-common-jvm:2.9.1) with JetifyTransform
Transforming lifecycle-livedata-core-2.9.1.aar (androidx.lifecycle:lifecycle-livedata-core:2.9.1) with JetifyTransform
Transforming ui-tooling-preview-release.aar (androidx.compose.ui:ui-tooling-preview-android:1.7.8) with AarToClassTransform
Transforming lifecycle-viewmodel-compose-release.aar (androidx.lifecycle:lifecycle-viewmodel-compose-android:2.9.1) with JetifyTransform
Transforming ui-release.aar (androidx.compose.ui:ui-android:1.7.8) with JetifyTransform
Transforming lifecycle-viewmodel-2.9.1.aar (androidx.lifecycle:lifecycle-viewmodel:2.9.1) with AarToClassTransform
Transforming lifecycle-runtime-compose-release.aar (androidx.lifecycle:lifecycle-runtime-compose-android:2.9.1) with JetifyTransform
Transforming lifecycle-viewmodel-savedstate-release.aar (androidx.lifecycle:lifecycle-viewmodel-savedstate-android:2.9.1) with JetifyTransform
Transforming core-ktx-1.13.1.aar (androidx.core:core-ktx:1.13.1) with JetifyTransform
Transforming savedstate-release.aar (androidx.savedstate:savedstate-android:1.3.0) with AarToClassTransform
Transforming lifecycle-common-jvm-2.9.1.jar (androidx.lifecycle:lifecycle-common-jvm:2.9.1) with IdentityTransform
Transforming lifecycle-runtime-release.aar (androidx.lifecycle:lifecycle-runtime-android:2.9.1) with AarToClassTransform
Transforming lifecycle-viewmodel-release.aar (androidx.lifecycle:lifecycle-viewmodel-android:2.9.1) with AarToClassTransform
Transforming lifecycle-livedata-core-2.9.1.aar (androidx.lifecycle:lifecycle-livedata-core:2.9.1) with AarToClassTransform
Transforming viewpager-1.0.0.aar (androidx.viewpager:viewpager:1.0.0) with JetifyTransform
Transforming vectordrawable-animated-1.1.0.aar (androidx.vectordrawable:vectordrawable-animated:1.1.0) with JetifyTransform
Transforming lifecycle-viewmodel-compose-release.aar (androidx.lifecycle:lifecycle-viewmodel-compose-android:2.9.1) with AarToClassTransform
Transforming viewpager-1.0.0.aar (androidx.viewpager:viewpager:1.0.0) with AarToClassTransform
Transforming customview-1.0.0.aar (androidx.customview:customview:1.0.0) with JetifyTransform
Transforming core-1.13.1.aar (androidx.core:core:1.13.1) with JetifyTransform
Transforming vectordrawable-1.1.0.aar (androidx.vectordrawable:vectordrawable:1.1.0) with JetifyTransform
Transforming ui-release.aar (androidx.compose.ui:ui-android:1.7.8) with AarToClassTransform
Transforming lifecycle-runtime-compose-release.aar (androidx.lifecycle:lifecycle-runtime-compose-android:2.9.1) with AarToClassTransform
Transforming core-ktx-1.13.1.aar (androidx.core:core-ktx:1.13.1) with AarToClassTransform
Transforming lifecycle-viewmodel-savedstate-release.aar (androidx.lifecycle:lifecycle-viewmodel-savedstate-android:2.9.1) with AarToClassTransform
Transforming core-1.13.1.aar (androidx.core:core:1.13.1) with JetifyTransform
Transforming customview-1.0.0.aar (androidx.customview:customview:1.0.0) with AarToClassTransform
Transforming core-1.13.1.aar (androidx.core:core:1.13.1) with JetifyTransform
Transforming vectordrawable-animated-1.1.0.aar (androidx.vectordrawable:vectordrawable-animated:1.1.0) with AarToClassTransform
Transforming core-1.13.1.aar (androidx.core:core:1.13.1) with JetifyTransform
Transforming core-1.13.1.aar (androidx.core:core:1.13.1) with JetifyTransform
Transforming core-1.13.1.aar (androidx.core:core:1.13.1) with JetifyTransform
Transforming core-1.13.1.aar (androidx.core:core:1.13.1) with JetifyTransform
Transforming core-1.13.1.aar (androidx.core:core:1.13.1) with AarToClassTransform
Transforming core-1.13.1.aar (androidx.core:core:1.13.1) with AarToClassTransform
Transforming core-1.13.1.aar (androidx.core:core:1.13.1) with AarToClassTransform
Transforming datastore-core-okio-jvm-1.1.7.jar (androidx.datastore:datastore-core-okio-jvm:1.1.7) with JetifyTransform
Transforming core-1.13.1.aar (androidx.core:core:1.13.1) with AarToClassTransform
Transforming core-1.13.1.aar (androidx.core:core:1.13.1) with AarToClassTransform
Transforming core-1.13.1.aar (androidx.core:core:1.13.1) with AarToClassTransform
Transforming datastore-core-release.aar (androidx.datastore:datastore-core-android:1.1.7) with JetifyTransform
Transforming vectordrawable-1.1.0.aar (androidx.vectordrawable:vectordrawable:1.1.0) with AarToClassTransform
Transforming core-1.13.1.aar (androidx.core:core:1.13.1) with AarToClassTransform
Transforming datastore-preferences-core-release.aar (androidx.datastore:datastore-preferences-core-android:1.1.7) with JetifyTransform
Transforming datastore-release.aar (androidx.datastore:datastore-android:1.1.7) with JetifyTransform
Transforming media3-exoplayer-1.4.1.aar (androidx.media3:media3-exoplayer:1.4.1) with JetifyTransform
Transforming datastore-core-okio-jvm-1.1.7.jar (androidx.datastore:datastore-core-okio-jvm:1.1.7) with IdentityTransform
Transforming datastore-core-release.aar (androidx.datastore:datastore-core-android:1.1.7) with AarToClassTransform
Transforming media3-common-1.4.1.aar (androidx.media3:media3-common:1.4.1) with JetifyTransform
Transforming media3-session-1.4.1.aar (androidx.media3:media3-session:1.4.1) with JetifyTransform
Transforming datastore-preferences-core-release.aar (androidx.datastore:datastore-preferences-core-android:1.1.7) with AarToClassTransform
Transforming runtime-saveable-release.aar (androidx.compose.runtime:runtime-saveable-android:1.7.8) with JetifyTransform
Transforming annotation-experimental-1.4.1.aar (androidx.annotation:annotation-experimental:1.4.1) with JetifyTransform
Transforming datastore-preferences-release.aar (androidx.datastore:datastore-preferences-android:1.1.7) with JetifyTransform
Transforming media3-container-1.4.1.aar (androidx.media3:media3-container:1.4.1) with JetifyTransform
Transforming runtime-release.aar (androidx.compose.runtime:runtime-android:1.7.8) with JetifyTransform
Transforming media3-exoplayer-1.4.1.aar (androidx.media3:media3-exoplayer:1.4.1) with AarToClassTransform
Transforming kotlin-stdlib-jdk7-1.9.25.jar (org.jetbrains.kotlin:kotlin-stdlib-jdk7:1.9.25) with IdentityTransform
Transforming kotlinx-coroutines-android-1.8.1.jar (org.jetbrains.kotlinx:kotlinx-coroutines-android:1.8.1) with JetifyTransform
Transforming kotlinx-coroutines-core-jvm-1.8.1.jar (org.jetbrains.kotlinx:kotlinx-coroutines-core-jvm:1.8.1) with JetifyTransform
Transforming datastore-release.aar (androidx.datastore:datastore-android:1.1.7) with AarToClassTransform
Transforming media3-session-1.4.1.aar (androidx.media3:media3-session:1.4.1) with AarToClassTransform
Transforming runtime-saveable-release.aar (androidx.compose.runtime:runtime-saveable-android:1.7.8) with AarToClassTransform
Transforming media3-container-1.4.1.aar (androidx.media3:media3-container:1.4.1) with AarToClassTransform
Transforming runtime-release.aar (androidx.compose.runtime:runtime-android:1.7.8) with AarToClassTransform
Transforming annotation-experimental-1.4.1.aar (androidx.annotation:annotation-experimental:1.4.1) with AarToClassTransform
Transforming gifdecoder-4.15.1.aar (com.github.bumptech.glide:gifdecoder:4.15.1) with JetifyTransform
Transforming documentfile-1.0.0.aar (androidx.documentfile:documentfile:1.0.0) with JetifyTransform
Transforming media3-common-1.4.1.aar (androidx.media3:media3-common:1.4.1) with AarToClassTransform
Transforming kotlinx-coroutines-android-1.8.1.jar (org.jetbrains.kotlinx:kotlinx-coroutines-android:1.8.1) with IdentityTransform
Transforming localbroadcastmanager-1.0.0.aar (androidx.localbroadcastmanager:localbroadcastmanager:1.0.0) with JetifyTransform
Transforming print-1.0.0.aar (androidx.print:print:1.0.0) with JetifyTransform
Transforming interpolator-1.0.0.aar (androidx.interpolator:interpolator:1.0.0) with JetifyTransform
Transforming collection-jvm-1.4.4.jar (androidx.collection:collection-jvm:1.4.4) with JetifyTransform
Transforming core-runtime-2.2.0.aar (androidx.arch.core:core-runtime:2.2.0) with JetifyTransform
Transforming kotlinx-coroutines-core-jvm-1.8.1.jar (org.jetbrains.kotlinx:kotlinx-coroutines-core-jvm:1.8.1) with IdentityTransform
Transforming datastore-preferences-release.aar (androidx.datastore:datastore-preferences-android:1.1.7) with AarToClassTransform
Transforming documentfile-1.0.0.aar (androidx.documentfile:documentfile:1.0.0) with AarToClassTransform
Transforming core-common-2.2.0.jar (androidx.arch.core:core-common:2.2.0) with JetifyTransform
Transforming gifdecoder-4.15.1.aar (com.github.bumptech.glide:gifdecoder:4.15.1) with AarToClassTransform
Transforming annotation-jvm-1.9.1.jar (androidx.annotation:annotation-jvm:1.9.1) with JetifyTransform
Transforming localbroadcastmanager-1.0.0.aar (androidx.localbroadcastmanager:localbroadcastmanager:1.0.0) with AarToClassTransform
Transforming print-1.0.0.aar (androidx.print:print:1.0.0) with AarToClassTransform
Transforming collection-jvm-1.4.4.jar (androidx.collection:collection-jvm:1.4.4) with IdentityTransform
Transforming kotlinx-serialization-core-jvm-1.7.3.jar (org.jetbrains.kotlinx:kotlinx-serialization-core-jvm:1.7.3) with JetifyTransform
Transforming okio-jvm-3.9.0.jar (com.squareup.okio:okio-jvm:3.9.0) with JetifyTransform
Transforming media3-ui-1.4.1.aar (androidx.media3:media3-ui:1.4.1) with JetifyTransform
Transforming annotation-jvm-1.9.1.jar (androidx.annotation:annotation-jvm:1.9.1) with IdentityTransform
Transforming core-runtime-2.2.0.aar (androidx.arch.core:core-runtime:2.2.0) with AarToClassTransform
Transforming annotations-23.0.0.jar (org.jetbrains:annotations:23.0.0) with JetifyTransform
Transforming interpolator-1.0.0.aar (androidx.interpolator:interpolator:1.0.0) with AarToClassTransform
Transforming guava-33.0.0-android.jar (com.google.guava:guava:33.0.0-android) with JetifyTransform
Transforming tracing-1.0.0.aar (androidx.tracing:tracing:1.0.0) with JetifyTransform
Transforming jspecify-1.0.0.jar (org.jspecify:jspecify:1.0.0) with JetifyTransform
Transforming lottie-6.4.1.aar (com.airbnb.android:lottie:6.4.1) with JetifyTransform
Transforming okio-jvm-3.9.0.jar (com.squareup.okio:okio-jvm:3.9.0) with IdentityTransform
Transforming exifinterface-1.3.7.aar (androidx.exifinterface:exifinterface:1.3.7) with JetifyTransform
Transforming media3-ui-1.4.1.aar (androidx.media3:media3-ui:1.4.1) with AarToClassTransform
Transforming core-common-2.2.0.jar (androidx.arch.core:core-common:2.2.0) with IdentityTransform
Transforming kotlinx-serialization-core-jvm-1.7.3.jar (org.jetbrains.kotlinx:kotlinx-serialization-core-jvm:1.7.3) with IdentityTransform
Transforming annotations-23.0.0.jar (org.jetbrains:annotations:23.0.0) with IdentityTransform
Transforming disklrucache-4.15.1.jar (com.github.bumptech.glide:disklrucache:4.15.1) with JetifyTransform
Transforming annotations-4.15.1.jar (com.github.bumptech.glide:annotations:4.15.1) with JetifyTransform
Transforming guava-33.0.0-android.jar (com.google.guava:guava:33.0.0-android) with IdentityTransform
Transforming listenablefuture-9999.0-empty-to-avoid-conflict-with-guava.jar (com.google.guava:listenablefuture:9999.0-empty-to-avoid-conflict-with-guava) with IdentityTransform
Transforming jspecify-1.0.0.jar (org.jspecify:jspecify:1.0.0) with IdentityTransform
Transforming tracing-1.0.0.aar (androidx.tracing:tracing:1.0.0) with AarToClassTransform
Transforming media3-datasource-1.4.1.aar (androidx.media3:media3-datasource:1.4.1) with JetifyTransform
Transforming media3-decoder-1.4.1.aar (androidx.media3:media3-decoder:1.4.1) with JetifyTransform
Transforming media3-database-1.4.1.aar (androidx.media3:media3-database:1.4.1) with JetifyTransform
Transforming exifinterface-1.3.7.aar (androidx.exifinterface:exifinterface:1.3.7) with AarToClassTransform
Transforming annotations-4.15.1.jar (com.github.bumptech.glide:annotations:4.15.1) with IdentityTransform
Transforming media3-decoder-1.4.1.aar (androidx.media3:media3-decoder:1.4.1) with AarToClassTransform
Transforming media3-extractor-1.4.1.aar (androidx.media3:media3-extractor:1.4.1) with JetifyTransform
Transforming failureaccess-1.0.2.jar (com.google.guava:failureaccess:1.0.2) with IdentityTransform
Transforming hilt-core-2.51.1.jar (com.google.dagger:hilt-core:2.51.1) with JetifyTransform
Transforming disklrucache-4.15.1.jar (com.github.bumptech.glide:disklrucache:4.15.1) with IdentityTransform
Transforming dagger-lint-aar-2.51.1.aar (com.google.dagger:dagger-lint-aar:2.51.1) with JetifyTransform
Transforming lottie-6.4.1.aar (com.airbnb.android:lottie:6.4.1) with AarToClassTransform
Transforming javax.inject-1.jar (javax.inject:javax.inject:1) with IdentityTransform
Transforming media3-database-1.4.1.aar (androidx.media3:media3-database:1.4.1) with AarToClassTransform
Transforming dagger-2.51.1.jar (com.google.dagger:dagger:2.51.1) with IdentityTransform
Transforming hilt-core-2.51.1.jar (com.google.dagger:hilt-core:2.51.1) with IdentityTransform
Transforming media3-extractor-1.4.1.aar (androidx.media3:media3-extractor:1.4.1) with AarToClassTransform
Transforming dagger-lint-aar-2.51.1.aar (com.google.dagger:dagger-lint-aar:2.51.1) with AarToClassTransform
Transforming jsr305-3.0.2.jar (com.google.code.findbugs:jsr305:3.0.2) with IdentityTransform
Transforming media3-datasource-1.4.1.aar (androidx.media3:media3-datasource:1.4.1) with AarToClassTransform
Transforming R.jar with ClasspathEntrySnapshotTransform
Transforming jetified-lottie-compose-6.4.1-api.jar with ClasspathEntrySnapshotTransform
Transforming jetified-accompanist-systemuicontroller-0.34.0-api.jar with ClasspathEntrySnapshotTransform
Transforming jetified-accompanist-adaptive-0.34.0-api.jar with ClasspathEntrySnapshotTransform
Transforming jetified-accompanist-permissions-0.37.3-api.jar with ClasspathEntrySnapshotTransform
Transforming jetified-coil-compose-2.7.0-api.jar with ClasspathEntrySnapshotTransform
Transforming jetified-hilt-android-2.51.1-api.jar with ClasspathEntrySnapshotTransform
Transforming classes.jar with ClasspathEntrySnapshotTransform
Transforming jetified-constraintlayout-compose-1.0.1-api.jar with ClasspathEntrySnapshotTransform
Transforming jetified-coil-compose-base-2.7.0-api.jar with ClasspathEntrySnapshotTransform
Transforming jetified-coil-2.7.0-api.jar with ClasspathEntrySnapshotTransform
Transforming jetified-coil-base-2.7.0-api.jar with ClasspathEntrySnapshotTransform
Transforming jetified-okhttp-4.12.0.jar with ClasspathEntrySnapshotTransform
Transforming jetified-kotlin-stdlib-jdk8-1.9.25.jar with ClasspathEntrySnapshotTransform
Transforming jetified-window-1.0.0-api.jar with ClasspathEntrySnapshotTransform
Transforming palette-1.0.0-api.jar with ClasspathEntrySnapshotTransform
Transforming legacy-support-core-utils-1.0.0-api.jar with ClasspathEntrySnapshotTransform
Transforming jetified-glide-4.15.1-api.jar with ClasspathEntrySnapshotTransform
Transforming fragment-1.5.1-api.jar with ClasspathEntrySnapshotTransform
Transforming jetified-activity-1.9.0-api.jar with ClasspathEntrySnapshotTransform
Transforming loader-1.0.0-api.jar with ClasspathEntrySnapshotTransform
Transforming jetified-material3-window-size-class-release-api.jar with ClasspathEntrySnapshotTransform
Transforming jetified-material3-release-api.jar with ClasspathEntrySnapshotTransform
Transforming jetified-ui-util-release-api.jar with ClasspathEntrySnapshotTransform
Transforming jetified-ui-unit-release-api.jar with ClasspathEntrySnapshotTransform
Transforming jetified-ui-text-release-api.jar with ClasspathEntrySnapshotTransform
Transforming jetified-ui-graphics-release-api.jar with ClasspathEntrySnapshotTransform
Transforming jetified-foundation-layout-release-api.jar with ClasspathEntrySnapshotTransform
Transforming jetified-material-icons-core-release-api.jar with ClasspathEntrySnapshotTransform
Transforming jetified-material-icons-extended-release-api.jar with ClasspathEntrySnapshotTransform
Transforming jetified-material-ripple-release-api.jar with ClasspathEntrySnapshotTransform
Transforming jetified-foundation-release-api.jar with ClasspathEntrySnapshotTransform
Transforming jetified-animation-core-release-api.jar with ClasspathEntrySnapshotTransform
Transforming jetified-animation-release-api.jar with ClasspathEntrySnapshotTransform
Transforming jetified-ui-geometry-release-api.jar with ClasspathEntrySnapshotTransform
Transforming jetified-ui-tooling-preview-release-api.jar with ClasspathEntrySnapshotTransform
Transforming jetified-lifecycle-livedata-core-ktx-2.9.1-api.jar with ClasspathEntrySnapshotTransform
Transforming jetified-lifecycle-runtime-ktx-api.jar with ClasspathEntrySnapshotTransform
Transforming lifecycle-livedata-2.9.1-api.jar with ClasspathEntrySnapshotTransform
Transforming jetified-lifecycle-runtime-release-api.jar with ClasspathEntrySnapshotTransform
Transforming lifecycle-viewmodel-2.9.1-api.jar with ClasspathEntrySnapshotTransform
Transforming jetified-lifecycle-viewmodel-release-api.jar with ClasspathEntrySnapshotTransform
Transforming jetified-savedstate-release-api.jar with ClasspathEntrySnapshotTransform
Transforming jetified-lifecycle-common-jvm-2.9.1.jar with ClasspathEntrySnapshotTransform
Transforming lifecycle-livedata-core-2.9.1-api.jar with ClasspathEntrySnapshotTransform
Transforming jetified-lifecycle-viewmodel-compose-release-api.jar with ClasspathEntrySnapshotTransform
Transforming jetified-ui-release-api.jar with ClasspathEntrySnapshotTransform
Transforming jetified-lifecycle-runtime-compose-release-api.jar with ClasspathEntrySnapshotTransform
Transforming jetified-lifecycle-viewmodel-savedstate-release-api.jar with ClasspathEntrySnapshotTransform
Transforming jetified-core-ktx-1.13.1-api.jar with ClasspathEntrySnapshotTransform
Transforming viewpager-1.0.0-api.jar with ClasspathEntrySnapshotTransform
Transforming vectordrawable-animated-1.1.0-api.jar with ClasspathEntrySnapshotTransform
Transforming vectordrawable-1.1.0-api.jar with ClasspathEntrySnapshotTransform
Transforming customview-1.0.0-api.jar with ClasspathEntrySnapshotTransform
Transforming core-1.13.1-api.jar with ClasspathEntrySnapshotTransform
Transforming jetified-datastore-core-okio-jvm-1.1.7.jar with ClasspathEntrySnapshotTransform
Transforming jetified-datastore-core-release-api.jar with ClasspathEntrySnapshotTransform
Transforming jetified-datastore-preferences-core-release-api.jar with ClasspathEntrySnapshotTransform
Transforming jetified-datastore-release-api.jar with ClasspathEntrySnapshotTransform
Transforming jetified-datastore-preferences-release-api.jar with ClasspathEntrySnapshotTransform
Transforming jetified-media3-exoplayer-1.4.1-api.jar with ClasspathEntrySnapshotTransform
Transforming jetified-media3-session-1.4.1-api.jar with ClasspathEntrySnapshotTransform
Transforming jetified-media3-container-1.4.1-api.jar with ClasspathEntrySnapshotTransform
Transforming jetified-media3-common-1.4.1-api.jar with ClasspathEntrySnapshotTransform
Transforming jetified-runtime-saveable-release-api.jar with ClasspathEntrySnapshotTransform
Transforming jetified-runtime-release-api.jar with ClasspathEntrySnapshotTransform
Transforming jetified-annotation-experimental-1.4.1-api.jar with ClasspathEntrySnapshotTransform
Transforming jetified-kotlin-stdlib-jdk7-1.9.25.jar with ClasspathEntrySnapshotTransform
Transforming jetified-kotlinx-coroutines-core-jvm-1.8.1.jar with ClasspathEntrySnapshotTransform
Transforming jetified-kotlinx-coroutines-android-1.8.1.jar with ClasspathEntrySnapshotTransform
Transforming jetified-gifdecoder-4.15.1-api.jar with ClasspathEntrySnapshotTransform
Transforming versionedparcelable-1.1.1-api.jar with ClasspathEntrySnapshotTransform
Transforming documentfile-1.0.0-api.jar with ClasspathEntrySnapshotTransform
Transforming localbroadcastmanager-1.0.0-api.jar with ClasspathEntrySnapshotTransform
Transforming print-1.0.0-api.jar with ClasspathEntrySnapshotTransform
Transforming interpolator-1.0.0-api.jar with ClasspathEntrySnapshotTransform
Transforming jetified-collection-jvm-1.4.4.jar with ClasspathEntrySnapshotTransform
Transforming core-runtime-2.2.0-api.jar with ClasspathEntrySnapshotTransform
Transforming core-common-2.2.0.jar with ClasspathEntrySnapshotTransform
Transforming jetified-annotation-jvm-1.9.1.jar with ClasspathEntrySnapshotTransform
Transforming jetified-kotlinx-serialization-core-jvm-1.7.3.jar with ClasspathEntrySnapshotTransform
Transforming jetified-okio-jvm-3.9.0.jar with ClasspathEntrySnapshotTransform
Transforming jetified-kotlin-stdlib-1.9.25.jar with ClasspathEntrySnapshotTransform
Transforming jetified-media3-ui-1.4.1-api.jar with ClasspathEntrySnapshotTransform
Transforming jetified-annotations-23.0.0.jar with ClasspathEntrySnapshotTransform
Transforming jetified-guava-33.0.0-android.jar with ClasspathEntrySnapshotTransform
Transforming jetified-listenablefuture-9999.0-empty-to-avoid-conflict-with-guava.jar with ClasspathEntrySnapshotTransform
Transforming jetified-jspecify-1.0.0.jar with ClasspathEntrySnapshotTransform
Transforming jetified-tracing-1.0.0-api.jar with ClasspathEntrySnapshotTransform
Transforming jetified-lottie-6.4.1-api.jar with ClasspathEntrySnapshotTransform
Transforming exifinterface-1.3.7-api.jar with ClasspathEntrySnapshotTransform
Transforming jetified-disklrucache-4.15.1.jar with ClasspathEntrySnapshotTransform
Transforming jetified-annotations-4.15.1.jar with ClasspathEntrySnapshotTransform
Transforming jetified-failureaccess-1.0.2.jar with ClasspathEntrySnapshotTransform
Transforming jetified-media3-database-1.4.1-api.jar with ClasspathEntrySnapshotTransform
Transforming jetified-media3-datasource-1.4.1-api.jar with ClasspathEntrySnapshotTransform
Transforming jetified-media3-decoder-1.4.1-api.jar with ClasspathEntrySnapshotTransform
Transforming jetified-media3-extractor-1.4.1-api.jar with ClasspathEntrySnapshotTransform
Transforming jetified-hilt-core-2.51.1.jar with ClasspathEntrySnapshotTransform
Transforming jetified-dagger-2.51.1.jar with ClasspathEntrySnapshotTransform
Transforming jetified-javax.inject-1.jar with ClasspathEntrySnapshotTransform
Transforming jetified-dagger-lint-aar-2.51.1-api.jar with ClasspathEntrySnapshotTransform
Transforming jetified-jsr305-3.0.2.jar with ClasspathEntrySnapshotTransform
Transforming android.jar with ClasspathEntrySnapshotTransform
Transforming core-lambda-stubs.jar with ClasspathEntrySnapshotTransform
file or directory 'C:\Users\xmeta\projects\Mr.Comic\android\core-ui\src\debug\kotlin', not found
file or directory 'C:\Users\xmeta\projects\Mr.Comic\android\core-ui\src\debug\java', not found
file or directory 'C:\Users\xmeta\projects\Mr.Comic\android\core-ui\src\main\kotlin', not found
file or directory 'C:\Users\xmeta\projects\Mr.Comic\android\core-ui\src\debug\java', not found
Build cache key for task ':android:core-ui:kspDebugKotlin' is feefabee36574ad538224e2bdcee7b8c
Skipping task ':android:core-ui:kspDebugKotlin' as it is up-to-date.
Resolve mutations for :android:core-ui:compileDebugKotlin (Thread[Execution worker,5,main]) started.
:android:core-ui:compileDebugKotlin (Thread[Execution worker,5,main]) started.

> Task :android:core-ui:compileDebugKotlin UP-TO-DATE
Transforming R.jar with ClasspathEntrySnapshotTransform
Transforming jetified-lottie-compose-6.4.1-api.jar with ClasspathEntrySnapshotTransform
Transforming jetified-accompanist-systemuicontroller-0.34.0-api.jar with ClasspathEntrySnapshotTransform
Transforming jetified-accompanist-adaptive-0.34.0-api.jar with ClasspathEntrySnapshotTransform
Transforming jetified-accompanist-permissions-0.37.3-api.jar with ClasspathEntrySnapshotTransform
Transforming jetified-coil-compose-2.7.0-api.jar with ClasspathEntrySnapshotTransform
Transforming jetified-hilt-android-2.51.1-api.jar with ClasspathEntrySnapshotTransform
Transforming classes.jar with ClasspathEntrySnapshotTransform
Transforming jetified-constraintlayout-compose-1.0.1-api.jar with ClasspathEntrySnapshotTransform
Transforming jetified-coil-compose-base-2.7.0-api.jar with ClasspathEntrySnapshotTransform
Transforming jetified-coil-2.7.0-api.jar with ClasspathEntrySnapshotTransform
Transforming jetified-coil-base-2.7.0-api.jar with ClasspathEntrySnapshotTransform
Transforming jetified-okhttp-4.12.0.jar with ClasspathEntrySnapshotTransform
Transforming jetified-kotlin-stdlib-jdk8-1.9.25.jar with ClasspathEntrySnapshotTransform
Transforming jetified-window-1.0.0-api.jar with ClasspathEntrySnapshotTransform
Transforming palette-1.0.0-api.jar with ClasspathEntrySnapshotTransform
Transforming legacy-support-core-utils-1.0.0-api.jar with ClasspathEntrySnapshotTransform
Transforming jetified-glide-4.15.1-api.jar with ClasspathEntrySnapshotTransform
Transforming fragment-1.5.1-api.jar with ClasspathEntrySnapshotTransform
Transforming jetified-activity-1.9.0-api.jar with ClasspathEntrySnapshotTransform
Transforming loader-1.0.0-api.jar with ClasspathEntrySnapshotTransform
Transforming jetified-material3-window-size-class-release-api.jar with ClasspathEntrySnapshotTransform
Transforming jetified-material3-release-api.jar with ClasspathEntrySnapshotTransform
Transforming jetified-ui-util-release-api.jar with ClasspathEntrySnapshotTransform
Transforming jetified-ui-unit-release-api.jar with ClasspathEntrySnapshotTransform
Transforming jetified-ui-text-release-api.jar with ClasspathEntrySnapshotTransform
Transforming jetified-ui-graphics-release-api.jar with ClasspathEntrySnapshotTransform
Transforming jetified-foundation-layout-release-api.jar with ClasspathEntrySnapshotTransform
Transforming jetified-material-icons-core-release-api.jar with ClasspathEntrySnapshotTransform
Transforming jetified-material-icons-extended-release-api.jar with ClasspathEntrySnapshotTransform
Transforming jetified-material-ripple-release-api.jar with ClasspathEntrySnapshotTransform
Transforming jetified-foundation-release-api.jar with ClasspathEntrySnapshotTransform
Transforming jetified-animation-core-release-api.jar with ClasspathEntrySnapshotTransform
Transforming jetified-animation-release-api.jar with ClasspathEntrySnapshotTransform
Transforming jetified-ui-geometry-release-api.jar with ClasspathEntrySnapshotTransform
Transforming jetified-ui-tooling-preview-release-api.jar with ClasspathEntrySnapshotTransform
Transforming jetified-lifecycle-livedata-core-ktx-2.9.1-api.jar with ClasspathEntrySnapshotTransform
Transforming jetified-lifecycle-runtime-ktx-api.jar with ClasspathEntrySnapshotTransform
Transforming lifecycle-livedata-2.9.1-api.jar with ClasspathEntrySnapshotTransform
Transforming jetified-lifecycle-runtime-release-api.jar with ClasspathEntrySnapshotTransform
Transforming lifecycle-viewmodel-2.9.1-api.jar with ClasspathEntrySnapshotTransform
Transforming jetified-lifecycle-viewmodel-release-api.jar with ClasspathEntrySnapshotTransform
Transforming jetified-savedstate-release-api.jar with ClasspathEntrySnapshotTransform
Transforming jetified-lifecycle-common-jvm-2.9.1.jar with ClasspathEntrySnapshotTransform
Transforming lifecycle-livedata-core-2.9.1-api.jar with ClasspathEntrySnapshotTransform
Transforming jetified-lifecycle-viewmodel-compose-release-api.jar with ClasspathEntrySnapshotTransform
Transforming jetified-ui-release-api.jar with ClasspathEntrySnapshotTransform
Transforming jetified-lifecycle-runtime-compose-release-api.jar with ClasspathEntrySnapshotTransform
Transforming jetified-lifecycle-viewmodel-savedstate-release-api.jar with ClasspathEntrySnapshotTransform
Transforming jetified-core-ktx-1.13.1-api.jar with ClasspathEntrySnapshotTransform
Transforming viewpager-1.0.0-api.jar with ClasspathEntrySnapshotTransform
Transforming vectordrawable-animated-1.1.0-api.jar with ClasspathEntrySnapshotTransform
Transforming vectordrawable-1.1.0-api.jar with ClasspathEntrySnapshotTransform
Transforming customview-1.0.0-api.jar with ClasspathEntrySnapshotTransform
Transforming core-1.13.1-api.jar with ClasspathEntrySnapshotTransform
Transforming jetified-datastore-core-okio-jvm-1.1.7.jar with ClasspathEntrySnapshotTransform
Transforming jetified-datastore-core-release-api.jar with ClasspathEntrySnapshotTransform
Transforming jetified-datastore-preferences-core-release-api.jar with ClasspathEntrySnapshotTransform
Transforming jetified-datastore-release-api.jar with ClasspathEntrySnapshotTransform
Transforming jetified-datastore-preferences-release-api.jar with ClasspathEntrySnapshotTransform
Transforming jetified-media3-exoplayer-1.4.1-api.jar with ClasspathEntrySnapshotTransform
Transforming jetified-media3-session-1.4.1-api.jar with ClasspathEntrySnapshotTransform
Transforming jetified-media3-container-1.4.1-api.jar with ClasspathEntrySnapshotTransform
Transforming jetified-media3-common-1.4.1-api.jar with ClasspathEntrySnapshotTransform
Transforming jetified-runtime-saveable-release-api.jar with ClasspathEntrySnapshotTransform
Transforming jetified-runtime-release-api.jar with ClasspathEntrySnapshotTransform
Transforming jetified-annotation-experimental-1.4.1-api.jar with ClasspathEntrySnapshotTransform
Transforming jetified-kotlin-stdlib-jdk7-1.9.25.jar with ClasspathEntrySnapshotTransform
Transforming jetified-kotlinx-coroutines-core-jvm-1.8.1.jar with ClasspathEntrySnapshotTransform
Transforming jetified-kotlinx-coroutines-android-1.8.1.jar with ClasspathEntrySnapshotTransform
Transforming jetified-gifdecoder-4.15.1-api.jar with ClasspathEntrySnapshotTransform
Transforming versionedparcelable-1.1.1-api.jar with ClasspathEntrySnapshotTransform
Transforming documentfile-1.0.0-api.jar with ClasspathEntrySnapshotTransform
Transforming localbroadcastmanager-1.0.0-api.jar with ClasspathEntrySnapshotTransform
Transforming print-1.0.0-api.jar with ClasspathEntrySnapshotTransform
Transforming interpolator-1.0.0-api.jar with ClasspathEntrySnapshotTransform
Transforming jetified-collection-jvm-1.4.4.jar with ClasspathEntrySnapshotTransform
Transforming core-runtime-2.2.0-api.jar with ClasspathEntrySnapshotTransform
Transforming core-common-2.2.0.jar with ClasspathEntrySnapshotTransform
Transforming jetified-annotation-jvm-1.9.1.jar with ClasspathEntrySnapshotTransform
Transforming jetified-kotlinx-serialization-core-jvm-1.7.3.jar with ClasspathEntrySnapshotTransform
Transforming jetified-okio-jvm-3.9.0.jar with ClasspathEntrySnapshotTransform
Transforming jetified-kotlin-stdlib-1.9.25.jar with ClasspathEntrySnapshotTransform
Transforming jetified-media3-ui-1.4.1-api.jar with ClasspathEntrySnapshotTransform
Transforming jetified-annotations-23.0.0.jar with ClasspathEntrySnapshotTransform
Transforming jetified-guava-33.0.0-android.jar with ClasspathEntrySnapshotTransform
Transforming jetified-listenablefuture-9999.0-empty-to-avoid-conflict-with-guava.jar with ClasspathEntrySnapshotTransform
Transforming jetified-jspecify-1.0.0.jar with ClasspathEntrySnapshotTransform
Transforming jetified-tracing-1.0.0-api.jar with ClasspathEntrySnapshotTransform
Transforming jetified-lottie-6.4.1-api.jar with ClasspathEntrySnapshotTransform
Transforming exifinterface-1.3.7-api.jar with ClasspathEntrySnapshotTransform
Transforming jetified-disklrucache-4.15.1.jar with ClasspathEntrySnapshotTransform
Transforming jetified-annotations-4.15.1.jar with ClasspathEntrySnapshotTransform
Transforming jetified-failureaccess-1.0.2.jar with ClasspathEntrySnapshotTransform
Transforming jetified-media3-database-1.4.1-api.jar with ClasspathEntrySnapshotTransform
Transforming jetified-media3-datasource-1.4.1-api.jar with ClasspathEntrySnapshotTransform
Transforming jetified-media3-decoder-1.4.1-api.jar with ClasspathEntrySnapshotTransform
Transforming jetified-media3-extractor-1.4.1-api.jar with ClasspathEntrySnapshotTransform
Transforming jetified-hilt-core-2.51.1.jar with ClasspathEntrySnapshotTransform
Transforming jetified-dagger-2.51.1.jar with ClasspathEntrySnapshotTransform
Transforming jetified-javax.inject-1.jar with ClasspathEntrySnapshotTransform
Transforming jetified-dagger-lint-aar-2.51.1-api.jar with ClasspathEntrySnapshotTransform
Transforming jetified-jsr305-3.0.2.jar with ClasspathEntrySnapshotTransform
Transforming android.jar with ClasspathEntrySnapshotTransform
Transforming core-lambda-stubs.jar with ClasspathEntrySnapshotTransform
Build cache key for task ':android:core-ui:compileDebugKotlin' is 825ff2e2dbe83bd7756b18ade5acc78a
Skipping task ':android:core-ui:compileDebugKotlin' as it is up-to-date.
Resolve mutations for :android:core-ui:compileDebugJavaWithJavac (Thread[Execution worker,5,main]) started.
:android:core-ui:compileDebugJavaWithJavac (Thread[Execution worker,5,main]) started.

> Task :android:core-ui:compileDebugJavaWithJavac UP-TO-DATE
file or directory 'C:\Users\xmeta\projects\Mr.Comic\android\core-ui\build\generated\ksp\debug\classes', not found
Transforming core-for-system-modules.jar with JdkImageTransform
Transforming core-for-system-modules.jar with JdkImageTransform
Transforming core-for-system-modules.jar with JdkImageTransform
Transforming core-for-system-modules.jar with JdkImageTransform
file or directory 'C:\Users\xmeta\projects\Mr.Comic\android\core-ui\build\generated\ksp\debug\classes', not found
Transforming core-for-system-modules.jar with JdkImageTransform
Transforming core-for-system-modules.jar with JdkImageTransform
Custom actions are attached to task ':android:core-ui:compileDebugJavaWithJavac'.
Build cache key for task ':android:core-ui:compileDebugJavaWithJavac' is 5d181cecbe6ad236dddff8328645a353
Skipping task ':android:core-ui:compileDebugJavaWithJavac' as it is up-to-date.
No compile result for :android:core-ui:compileDebugJavaWithJavac
No compile result for :android:core-ui:compileDebugJavaWithJavac
Resolve mutations for :android:core-ui:transformDebugClassesWithAsm (Thread[Execution worker,5,main]) started.
:android:core-ui:transformDebugClassesWithAsm (Thread[Execution worker,5,main]) started.

> Task :android:core-ui:transformDebugClassesWithAsm UP-TO-DATE
file or directory 'C:\Users\xmeta\projects\Mr.Comic\android\core-ui\build\generated\ksp\debug\classes', not found
file or directory 'C:\Users\xmeta\projects\Mr.Comic\android\core-ui\build\generated\ksp\debug\classes', not found
Transforming lottie-compose-6.4.1.aar (com.airbnb.android:lottie-compose:6.4.1) with JetifyTransform
Transforming lottie-compose-6.4.1.aar (com.airbnb.android:lottie-compose:6.4.1) with AarToClassTransform
Transforming accompanist-systemuicontroller-0.34.0.aar (com.google.accompanist:accompanist-systemuicontroller:0.34.0) with JetifyTransform
Transforming accompanist-systemuicontroller-0.34.0.aar (com.google.accompanist:accompanist-systemuicontroller:0.34.0) with AarToClassTransform
Transforming accompanist-adaptive-0.34.0.aar (com.google.accompanist:accompanist-adaptive:0.34.0) with JetifyTransform
Transforming accompanist-adaptive-0.34.0.aar (com.google.accompanist:accompanist-adaptive:0.34.0) with AarToClassTransform
Transforming accompanist-permissions-0.37.3.aar (com.google.accompanist:accompanist-permissions:0.37.3) with JetifyTransform
Transforming accompanist-permissions-0.37.3.aar (com.google.accompanist:accompanist-permissions:0.37.3) with AarToClassTransform
Transforming coil-compose-2.7.0.aar (io.coil-kt:coil-compose:2.7.0) with JetifyTransform
Transforming coil-compose-2.7.0.aar (io.coil-kt:coil-compose:2.7.0) with AarToClassTransform
Transforming hilt-android-2.51.1.aar (com.google.dagger:hilt-android:2.51.1) with JetifyTransform
Transforming hilt-android-2.51.1.aar (com.google.dagger:hilt-android:2.51.1) with AarToClassTransform
Transforming material3-release.aar (androidx.compose.material3:material3-android:1.2.1) with JetifyTransform
Transforming material3-release.aar (androidx.compose.material3:material3-android:1.2.1) with AarToClassTransform
Transforming material3-window-size-class-release.aar (androidx.compose.material3:material3-window-size-class-android:1.2.1) with JetifyTransform
Transforming material3-window-size-class-release.aar (androidx.compose.material3:material3-window-size-class-android:1.2.1) with AarToClassTransform
Transforming window-1.0.0.aar (androidx.window:window:1.0.0) with JetifyTransform
Transforming window-1.0.0.aar (androidx.window:window:1.0.0) with AarToClassTransform
Transforming glide-4.15.1.aar (com.github.bumptech.glide:glide:4.15.1) with JetifyTransform
Transforming glide-4.15.1.aar (com.github.bumptech.glide:glide:4.15.1) with AarToClassTransform
Transforming lottie-6.4.1.aar (com.airbnb.android:lottie:6.4.1) with JetifyTransform
Transforming lottie-6.4.1.aar (com.airbnb.android:lottie:6.4.1) with AarToClassTransform
Transforming coil-compose-base-2.7.0.aar (io.coil-kt:coil-compose-base:2.7.0) with JetifyTransform
Transforming coil-compose-base-2.7.0.aar (io.coil-kt:coil-compose-base:2.7.0) with AarToClassTransform
Transforming coil-2.7.0.aar (io.coil-kt:coil:2.7.0) with JetifyTransform
Transforming coil-2.7.0.aar (io.coil-kt:coil:2.7.0) with AarToClassTransform
Transforming coil-base-2.7.0.aar (io.coil-kt:coil-base:2.7.0) with JetifyTransform
Transforming coil-base-2.7.0.aar (io.coil-kt:coil-base:2.7.0) with AarToClassTransform
Transforming fragment-1.5.1.aar (androidx.fragment:fragment:1.5.1) with JetifyTransform
Transforming fragment-1.5.1.aar (androidx.fragment:fragment:1.5.1) with AarToClassTransform
Transforming constraintlayout-compose-1.0.1.aar (androidx.constraintlayout:constraintlayout-compose:1.0.1) with JetifyTransform
Transforming constraintlayout-compose-1.0.1.aar (androidx.constraintlayout:constraintlayout-compose:1.0.1) with AarToClassTransform
Transforming palette-1.0.0.aar (androidx.palette:palette:1.0.0) with JetifyTransform
Transforming palette-1.0.0.aar (androidx.palette:palette:1.0.0) with AarToClassTransform
Transforming legacy-support-core-utils-1.0.0.aar (androidx.legacy:legacy-support-core-utils:1.0.0) with JetifyTransform
Transforming legacy-support-core-utils-1.0.0.aar (androidx.legacy:legacy-support-core-utils:1.0.0) with AarToClassTransform
Transforming loader-1.0.0.aar (androidx.loader:loader:1.0.0) with JetifyTransform
Transforming loader-1.0.0.aar (androidx.loader:loader:1.0.0) with AarToClassTransform
Transforming loader-1.0.0.aar (androidx.loader:loader:1.0.0) with JetifyTransform
Transforming loader-1.0.0.aar (androidx.loader:loader:1.0.0) with AarToClassTransform
Transforming material-ripple-release.aar (androidx.compose.material:material-ripple-android:1.6.8) with JetifyTransform
Transforming material-ripple-release.aar (androidx.compose.material:material-ripple-android:1.6.8) with AarToClassTransform
Transforming material-icons-core-release.aar (androidx.compose.material:material-icons-core-android:1.6.8) with JetifyTransform
Transforming material-icons-core-release.aar (androidx.compose.material:material-icons-core-android:1.6.8) with AarToClassTransform
Transforming material-icons-extended-release.aar (androidx.compose.material:material-icons-extended-android:1.6.8) with JetifyTransform
Transforming material-icons-extended-release.aar (androidx.compose.material:material-icons-extended-android:1.6.8) with AarToClassTransform
Transforming ui-tooling-preview-release.aar (androidx.compose.ui:ui-tooling-preview-android:1.7.8) with JetifyTransform
Transforming ui-tooling-preview-release.aar (androidx.compose.ui:ui-tooling-preview-android:1.7.8) with AarToClassTransform
Transforming animation-core-release.aar (androidx.compose.animation:animation-core-android:1.7.8) with JetifyTransform
Transforming animation-core-release.aar (androidx.compose.animation:animation-core-android:1.7.8) with AarToClassTransform
Transforming animation-release.aar (androidx.compose.animation:animation-android:1.7.8) with JetifyTransform
Transforming animation-release.aar (androidx.compose.animation:animation-android:1.7.8) with AarToClassTransform
Transforming foundation-layout-release.aar (androidx.compose.foundation:foundation-layout-android:1.7.8) with JetifyTransform
Transforming foundation-layout-release.aar (androidx.compose.foundation:foundation-layout-android:1.7.8) with AarToClassTransform
Transforming foundation-release.aar (androidx.compose.foundation:foundation-android:1.7.8) with JetifyTransform
Transforming foundation-release.aar (androidx.compose.foundation:foundation-android:1.7.8) with AarToClassTransform
Transforming ui-util-release.aar (androidx.compose.ui:ui-util-android:1.7.8) with JetifyTransform
Transforming ui-util-release.aar (androidx.compose.ui:ui-util-android:1.7.8) with AarToClassTransform
Transforming ui-unit-release.aar (androidx.compose.ui:ui-unit-android:1.7.8) with JetifyTransform
Transforming ui-unit-release.aar (androidx.compose.ui:ui-unit-android:1.7.8) with AarToClassTransform
Transforming ui-graphics-release.aar (androidx.compose.ui:ui-graphics-android:1.7.8) with JetifyTransform
Transforming ui-graphics-release.aar (androidx.compose.ui:ui-graphics-android:1.7.8) with AarToClassTransform
Transforming ui-geometry-release.aar (androidx.compose.ui:ui-geometry-android:1.7.8) with JetifyTransform
Transforming ui-geometry-release.aar (androidx.compose.ui:ui-geometry-android:1.7.8) with AarToClassTransform
Transforming ui-text-release.aar (androidx.compose.ui:ui-text-android:1.7.8) with JetifyTransform
Transforming ui-text-release.aar (androidx.compose.ui:ui-text-android:1.7.8) with AarToClassTransform
Transforming lifecycle-livedata-core-ktx-2.9.1.aar (androidx.lifecycle:lifecycle-livedata-core-ktx:2.9.1) with JetifyTransform
Transforming lifecycle-livedata-core-ktx-2.9.1.aar (androidx.lifecycle:lifecycle-livedata-core-ktx:2.9.1) with AarToClassTransform
Transforming lifecycle-runtime-ktx.aar (androidx.lifecycle:lifecycle-runtime-ktx-android:2.9.1) with JetifyTransform
Transforming lifecycle-runtime-ktx.aar (androidx.lifecycle:lifecycle-runtime-ktx-android:2.9.1) with AarToClassTransform
Transforming media3-ui-1.4.1.aar (androidx.media3:media3-ui:1.4.1) with JetifyTransform
Transforming media3-ui-1.4.1.aar (androidx.media3:media3-ui:1.4.1) with AarToClassTransform
Transforming media3-session-1.4.1.aar (androidx.media3:media3-session:1.4.1) with JetifyTransform
Transforming media3-session-1.4.1.aar (androidx.media3:media3-session:1.4.1) with AarToClassTransform
Transforming media3-extractor-1.4.1.aar (androidx.media3:media3-extractor:1.4.1) with JetifyTransform
Transforming media3-extractor-1.4.1.aar (androidx.media3:media3-extractor:1.4.1) with AarToClassTransform
Transforming media3-container-1.4.1.aar (androidx.media3:media3-container:1.4.1) with JetifyTransform
Transforming media3-container-1.4.1.aar (androidx.media3:media3-container:1.4.1) with AarToClassTransform
Transforming media3-datasource-1.4.1.aar (androidx.media3:media3-datasource:1.4.1) with JetifyTransform
Transforming media3-datasource-1.4.1.aar (androidx.media3:media3-datasource:1.4.1) with AarToClassTransform
Transforming media3-decoder-1.4.1.aar (androidx.media3:media3-decoder:1.4.1) with JetifyTransform
Transforming media3-decoder-1.4.1.aar (androidx.media3:media3-decoder:1.4.1) with AarToClassTransform
Transforming media3-database-1.4.1.aar (androidx.media3:media3-database:1.4.1) with JetifyTransform
Transforming media3-database-1.4.1.aar (androidx.media3:media3-database:1.4.1) with AarToClassTransform
Transforming media3-common-1.4.1.aar (androidx.media3:media3-common:1.4.1) with JetifyTransform
Transforming media3-common-1.4.1.aar (androidx.media3:media3-common:1.4.1) with AarToClassTransform
Transforming media3-exoplayer-1.4.1.aar (androidx.media3:media3-exoplayer:1.4.1) with JetifyTransform
Transforming media3-exoplayer-1.4.1.aar (androidx.media3:media3-exoplayer:1.4.1) with AarToClassTransform
Transforming vectordrawable-animated-1.1.0.aar (androidx.vectordrawable:vectordrawable-animated:1.1.0) with JetifyTransform
Transforming vectordrawable-animated-1.1.0.aar (androidx.vectordrawable:vectordrawable-animated:1.1.0) with AarToClassTransform
Transforming vectordrawable-1.1.0.aar (androidx.vectordrawable:vectordrawable:1.1.0) with JetifyTransform
Transforming vectordrawable-1.1.0.aar (androidx.vectordrawable:vectordrawable:1.1.0) with AarToClassTransform
Transforming vectordrawable-1.1.0.aar (androidx.vectordrawable:vectordrawable:1.1.0) with JetifyTransform
Transforming vectordrawable-1.1.0.aar (androidx.vectordrawable:vectordrawable:1.1.0) with AarToClassTransform
Transforming viewpager-1.0.0.aar (androidx.viewpager:viewpager:1.0.0) with JetifyTransform
Transforming viewpager-1.0.0.aar (androidx.viewpager:viewpager:1.0.0) with AarToClassTransform
Transforming customview-1.0.0.aar (androidx.customview:customview:1.0.0) with JetifyTransform
Transforming customview-1.0.0.aar (androidx.customview:customview:1.0.0) with AarToClassTransform
Transforming customview-1.0.0.aar (androidx.customview:customview:1.0.0) with JetifyTransform
Transforming customview-1.0.0.aar (androidx.customview:customview:1.0.0) with AarToClassTransform
Transforming customview-1.0.0.aar (androidx.customview:customview:1.0.0) with JetifyTransform
Transforming customview-1.0.0.aar (androidx.customview:customview:1.0.0) with AarToClassTransform
Transforming savedstate-release.aar (androidx.savedstate:savedstate-android:1.3.0) with JetifyTransform
Transforming savedstate-release.aar (androidx.savedstate:savedstate-android:1.3.0) with AarToClassTransform
Transforming core-ktx-1.13.1.aar (androidx.core:core-ktx:1.13.1) with JetifyTransform
Transforming core-ktx-1.13.1.aar (androidx.core:core-ktx:1.13.1) with AarToClassTransform
Transforming core-1.13.1.aar (androidx.core:core:1.13.1) with JetifyTransform
Transforming core-1.13.1.aar (androidx.core:core:1.13.1) with AarToClassTransform
Transforming core-1.13.1.aar (androidx.core:core:1.13.1) with JetifyTransform
Transforming core-1.13.1.aar (androidx.core:core:1.13.1) with AarToClassTransform
Transforming core-1.13.1.aar (androidx.core:core:1.13.1) with JetifyTransform
Transforming core-1.13.1.aar (androidx.core:core:1.13.1) with AarToClassTransform
Transforming core-1.13.1.aar (androidx.core:core:1.13.1) with JetifyTransform
Transforming core-1.13.1.aar (androidx.core:core:1.13.1) with AarToClassTransform
Transforming core-1.13.1.aar (androidx.core:core:1.13.1) with JetifyTransform
Transforming core-1.13.1.aar (androidx.core:core:1.13.1) with AarToClassTransform
Transforming core-1.13.1.aar (androidx.core:core:1.13.1) with JetifyTransform
Transforming core-1.13.1.aar (androidx.core:core:1.13.1) with AarToClassTransform
Transforming appcompat-resources-1.6.1.aar (androidx.appcompat:appcompat-resources:1.6.1) with JetifyTransform
Transforming core-1.13.1.aar (androidx.core:core:1.13.1) with JetifyTransform
Transforming core-1.13.1.aar (androidx.core:core:1.13.1) with AarToClassTransform
Transforming core-1.13.1.aar (androidx.core:core:1.13.1) with JetifyTransform
Transforming core-1.13.1.aar (androidx.core:core:1.13.1) with AarToClassTransform
Transforming core-1.13.1.aar (androidx.core:core:1.13.1) with JetifyTransform
Transforming core-1.13.1.aar (androidx.core:core:1.13.1) with AarToClassTransform
Transforming lifecycle-runtime-release.aar (androidx.lifecycle:lifecycle-runtime-android:2.9.1) with JetifyTransform
Transforming lifecycle-runtime-release.aar (androidx.lifecycle:lifecycle-runtime-android:2.9.1) with AarToClassTransform
Transforming lifecycle-viewmodel-savedstate-release.aar (androidx.lifecycle:lifecycle-viewmodel-savedstate-android:2.9.1) with JetifyTransform
Transforming lifecycle-viewmodel-savedstate-release.aar (androidx.lifecycle:lifecycle-viewmodel-savedstate-android:2.9.1) with AarToClassTransform
Transforming lifecycle-viewmodel-2.9.1.aar (androidx.lifecycle:lifecycle-viewmodel:2.9.1) with JetifyTransform
Transforming lifecycle-viewmodel-2.9.1.aar (androidx.lifecycle:lifecycle-viewmodel:2.9.1) with AarToClassTransform
Transforming lifecycle-viewmodel-release.aar (androidx.lifecycle:lifecycle-viewmodel-android:2.9.1) with JetifyTransform
Transforming lifecycle-viewmodel-release.aar (androidx.lifecycle:lifecycle-viewmodel-android:2.9.1) with AarToClassTransform
Transforming lifecycle-common-jvm-2.9.1.jar (androidx.lifecycle:lifecycle-common-jvm:2.9.1) with JetifyTransform
Transforming lifecycle-common-jvm-2.9.1.jar (androidx.lifecycle:lifecycle-common-jvm:2.9.1) with IdentityTransform
Transforming lifecycle-livedata-2.9.1.aar (androidx.lifecycle:lifecycle-livedata:2.9.1) with JetifyTransform
Transforming lifecycle-livedata-2.9.1.aar (androidx.lifecycle:lifecycle-livedata:2.9.1) with AarToClassTransform
Transforming lifecycle-livedata-core-2.9.1.aar (androidx.lifecycle:lifecycle-livedata-core:2.9.1) with JetifyTransform
Transforming lifecycle-livedata-core-2.9.1.aar (androidx.lifecycle:lifecycle-livedata-core:2.9.1) with AarToClassTransform
Transforming lifecycle-runtime-compose-release.aar (androidx.lifecycle:lifecycle-runtime-compose-android:2.9.1) with JetifyTransform
Transforming appcompat-1.6.1.aar (androidx.appcompat:appcompat:1.6.1) with JetifyTransform
Transforming lifecycle-runtime-compose-release.aar (androidx.lifecycle:lifecycle-runtime-compose-android:2.9.1) with AarToClassTransform
Transforming lifecycle-viewmodel-compose-release.aar (androidx.lifecycle:lifecycle-viewmodel-compose-android:2.9.1) with JetifyTransform
Transforming lifecycle-viewmodel-compose-release.aar (androidx.lifecycle:lifecycle-viewmodel-compose-android:2.9.1) with AarToClassTransform
Transforming ui-release.aar (androidx.compose.ui:ui-android:1.7.8) with JetifyTransform
Transforming ui-release.aar (androidx.compose.ui:ui-android:1.7.8) with AarToClassTransform
Transforming activity-1.9.0.aar (androidx.activity:activity:1.9.0) with JetifyTransform
Transforming activity-1.9.0.aar (androidx.activity:activity:1.9.0) with AarToClassTransform
Transforming datastore-core-okio-jvm-1.1.7.jar (androidx.datastore:datastore-core-okio-jvm:1.1.7) with JetifyTransform
Transforming datastore-core-okio-jvm-1.1.7.jar (androidx.datastore:datastore-core-okio-jvm:1.1.7) with IdentityTransform
Transforming datastore-core-release.aar (androidx.datastore:datastore-core-android:1.1.7) with JetifyTransform
Transforming datastore-core-release.aar (androidx.datastore:datastore-core-android:1.1.7) with AarToClassTransform
Transforming datastore-preferences-core-release.aar (androidx.datastore:datastore-preferences-core-android:1.1.7) with JetifyTransform
Transforming datastore-preferences-core-release.aar (androidx.datastore:datastore-preferences-core-android:1.1.7) with AarToClassTransform
Transforming datastore-release.aar (androidx.datastore:datastore-android:1.1.7) with JetifyTransform
Transforming datastore-release.aar (androidx.datastore:datastore-android:1.1.7) with AarToClassTransform
Transforming datastore-preferences-release.aar (androidx.datastore:datastore-preferences-android:1.1.7) with JetifyTransform
Transforming datastore-preferences-release.aar (androidx.datastore:datastore-preferences-android:1.1.7) with AarToClassTransform
Transforming kotlin-parcelize-runtime-1.9.25.jar (org.jetbrains.kotlin:kotlin-parcelize-runtime:1.9.25) with JetifyTransform
Transforming kotlin-parcelize-runtime-1.9.25.jar (org.jetbrains.kotlin:kotlin-parcelize-runtime:1.9.25) with IdentityTransform
Transforming okhttp-4.12.0.jar (com.squareup.okhttp3:okhttp:4.12.0) with JetifyTransform
Transforming okhttp-4.12.0.jar (com.squareup.okhttp3:okhttp:4.12.0) with IdentityTransform
Transforming kotlin-stdlib-jdk8-1.9.25.jar (org.jetbrains.kotlin:kotlin-stdlib-jdk8:1.9.25) with JetifyTransform
Transforming kotlin-stdlib-jdk8-1.9.25.jar (org.jetbrains.kotlin:kotlin-stdlib-jdk8:1.9.25) with IdentityTransform
Transforming runtime-saveable-release.aar (androidx.compose.runtime:runtime-saveable-android:1.7.8) with JetifyTransform
Transforming runtime-saveable-release.aar (androidx.compose.runtime:runtime-saveable-android:1.7.8) with AarToClassTransform
Transforming runtime-release.aar (androidx.compose.runtime:runtime-android:1.7.8) with JetifyTransform
Transforming runtime-release.aar (androidx.compose.runtime:runtime-android:1.7.8) with AarToClassTransform
Transforming kotlin-android-extensions-runtime-1.9.25.jar (org.jetbrains.kotlin:kotlin-android-extensions-runtime:1.9.25) with JetifyTransform
Transforming kotlin-android-extensions-runtime-1.9.25.jar (org.jetbrains.kotlin:kotlin-android-extensions-runtime:1.9.25) with IdentityTransform
Transforming kotlin-stdlib-jdk7-1.9.25.jar (org.jetbrains.kotlin:kotlin-stdlib-jdk7:1.9.25) with JetifyTransform
Transforming kotlin-stdlib-jdk7-1.9.25.jar (org.jetbrains.kotlin:kotlin-stdlib-jdk7:1.9.25) with IdentityTransform
Transforming kotlinx-coroutines-core-jvm-1.8.1.jar (org.jetbrains.kotlinx:kotlinx-coroutines-core-jvm:1.8.1) with JetifyTransform
Transforming kotlinx-coroutines-core-jvm-1.8.1.jar (org.jetbrains.kotlinx:kotlinx-coroutines-core-jvm:1.8.1) with IdentityTransform
Transforming kotlinx-coroutines-android-1.8.1.jar (org.jetbrains.kotlinx:kotlinx-coroutines-android:1.8.1) with JetifyTransform
Transforming kotlinx-coroutines-android-1.8.1.jar (org.jetbrains.kotlinx:kotlinx-coroutines-android:1.8.1) with IdentityTransform
Transforming kotlinx-serialization-core-jvm-1.7.3.jar (org.jetbrains.kotlinx:kotlinx-serialization-core-jvm:1.7.3) with JetifyTransform
Transforming kotlinx-serialization-core-jvm-1.7.3.jar (org.jetbrains.kotlinx:kotlinx-serialization-core-jvm:1.7.3) with IdentityTransform
Transforming okio-jvm-3.9.0.jar (com.squareup.okio:okio-jvm:3.9.0) with JetifyTransform
Transforming okio-jvm-3.9.0.jar (com.squareup.okio:okio-jvm:3.9.0) with IdentityTransform
Transforming annotation-experimental-1.4.1.aar (androidx.annotation:annotation-experimental:1.4.1) with JetifyTransform
Transforming annotation-experimental-1.4.1.aar (androidx.annotation:annotation-experimental:1.4.1) with AarToClassTransform
Transforming versionedparcelable-1.1.1.aar (androidx.versionedparcelable:versionedparcelable:1.1.1) with JetifyTransform
Transforming versionedparcelable-1.1.1.aar (androidx.versionedparcelable:versionedparcelable:1.1.1) with AarToClassTransform
Transforming collection-jvm-1.4.4.jar (androidx.collection:collection-jvm:1.4.4) with JetifyTransform
Transforming collection-jvm-1.4.4.jar (androidx.collection:collection-jvm:1.4.4) with IdentityTransform
Transforming gifdecoder-4.15.1.aar (com.github.bumptech.glide:gifdecoder:4.15.1) with JetifyTransform
Transforming gifdecoder-4.15.1.aar (com.github.bumptech.glide:gifdecoder:4.15.1) with AarToClassTransform
Transforming tracing-1.0.0.aar (androidx.tracing:tracing:1.0.0) with JetifyTransform
Transforming tracing-1.0.0.aar (androidx.tracing:tracing:1.0.0) with AarToClassTransform
Transforming documentfile-1.0.0.aar (androidx.documentfile:documentfile:1.0.0) with JetifyTransform
Transforming documentfile-1.0.0.aar (androidx.documentfile:documentfile:1.0.0) with AarToClassTransform
Transforming localbroadcastmanager-1.0.0.aar (androidx.localbroadcastmanager:localbroadcastmanager:1.0.0) with JetifyTransform
Transforming localbroadcastmanager-1.0.0.aar (androidx.localbroadcastmanager:localbroadcastmanager:1.0.0) with AarToClassTransform
Transforming print-1.0.0.aar (androidx.print:print:1.0.0) with JetifyTransform
Transforming print-1.0.0.aar (androidx.print:print:1.0.0) with AarToClassTransform
Transforming interpolator-1.0.0.aar (androidx.interpolator:interpolator:1.0.0) with JetifyTransform
Transforming interpolator-1.0.0.aar (androidx.interpolator:interpolator:1.0.0) with AarToClassTransform
Transforming interpolator-1.0.0.aar (androidx.interpolator:interpolator:1.0.0) with JetifyTransform
Transforming interpolator-1.0.0.aar (androidx.interpolator:interpolator:1.0.0) with AarToClassTransform
Transforming exifinterface-1.3.7.aar (androidx.exifinterface:exifinterface:1.3.7) with JetifyTransform
Transforming exifinterface-1.3.7.aar (androidx.exifinterface:exifinterface:1.3.7) with AarToClassTransform
Transforming core-runtime-2.2.0.aar (androidx.arch.core:core-runtime:2.2.0) with JetifyTransform
Transforming core-runtime-2.2.0.aar (androidx.arch.core:core-runtime:2.2.0) with AarToClassTransform
Transforming core-common-2.2.0.jar (androidx.arch.core:core-common:2.2.0) with JetifyTransform
Transforming core-common-2.2.0.jar (androidx.arch.core:core-common:2.2.0) with IdentityTransform
Transforming annotation-jvm-1.9.1.jar (androidx.annotation:annotation-jvm:1.9.1) with JetifyTransform
Transforming annotation-jvm-1.9.1.jar (androidx.annotation:annotation-jvm:1.9.1) with IdentityTransform
Transforming kotlin-stdlib-1.9.25.jar (org.jetbrains.kotlin:kotlin-stdlib:1.9.25) with JetifyTransform
Transforming kotlin-stdlib-1.9.25.jar (org.jetbrains.kotlin:kotlin-stdlib:1.9.25) with IdentityTransform
Transforming annotations-23.0.0.jar (org.jetbrains:annotations:23.0.0) with JetifyTransform
Transforming annotations-23.0.0.jar (org.jetbrains:annotations:23.0.0) with IdentityTransform
Transforming disklrucache-4.15.1.jar (com.github.bumptech.glide:disklrucache:4.15.1) with JetifyTransform
Transforming disklrucache-4.15.1.jar (com.github.bumptech.glide:disklrucache:4.15.1) with IdentityTransform
Transforming annotations-4.15.1.jar (com.github.bumptech.glide:annotations:4.15.1) with JetifyTransform
Transforming annotations-4.15.1.jar (com.github.bumptech.glide:annotations:4.15.1) with IdentityTransform
Transforming hilt-core-2.51.1.jar (com.google.dagger:hilt-core:2.51.1) with JetifyTransform
Transforming hilt-core-2.51.1.jar (com.google.dagger:hilt-core:2.51.1) with IdentityTransform
Transforming appcompat-resources-1.6.1.aar (androidx.appcompat:appcompat-resources:1.6.1) with AarToClassTransform
Transforming dagger-2.51.1.jar (com.google.dagger:dagger:2.51.1) with JetifyTransform
Transforming dagger-2.51.1.jar (com.google.dagger:dagger:2.51.1) with IdentityTransform
Transforming dagger-lint-aar-2.51.1.aar (com.google.dagger:dagger-lint-aar:2.51.1) with JetifyTransform
Transforming dagger-lint-aar-2.51.1.aar (com.google.dagger:dagger-lint-aar:2.51.1) with AarToClassTransform
Transforming jsr305-3.0.2.jar (com.google.code.findbugs:jsr305:3.0.2) with JetifyTransform
Transforming jsr305-3.0.2.jar (com.google.code.findbugs:jsr305:3.0.2) with IdentityTransform
Transforming javax.inject-1.jar (javax.inject:javax.inject:1) with JetifyTransform
Transforming javax.inject-1.jar (javax.inject:javax.inject:1) with IdentityTransform
Transforming guava-33.0.0-android.jar (com.google.guava:guava:33.0.0-android) with JetifyTransform
Transforming guava-33.0.0-android.jar (com.google.guava:guava:33.0.0-android) with IdentityTransform
Transforming failureaccess-1.0.2.jar (com.google.guava:failureaccess:1.0.2) with JetifyTransform
Transforming failureaccess-1.0.2.jar (com.google.guava:failureaccess:1.0.2) with IdentityTransform
Transforming listenablefuture-9999.0-empty-to-avoid-conflict-with-guava.jar (com.google.guava:listenablefuture:9999.0-empty-to-avoid-conflict-with-guava) with JetifyTransform
Transforming listenablefuture-9999.0-empty-to-avoid-conflict-with-guava.jar (com.google.guava:listenablefuture:9999.0-empty-to-avoid-conflict-with-guava) with IdentityTransform
Transforming jspecify-1.0.0.jar (org.jspecify:jspecify:1.0.0) with JetifyTransform
Transforming jspecify-1.0.0.jar (org.jspecify:jspecify:1.0.0) with IdentityTransform
Transforming material-release.aar (androidx.compose.material:material-android:1.6.8) with JetifyTransform
Transforming appcompat-1.6.1.aar (androidx.appcompat:appcompat:1.6.1) with AarToClassTransform
Transforming material-release.aar (androidx.compose.material:material-android:1.6.8) with AarToClassTransform
Transforming emoji2-1.3.0.aar (androidx.emoji2:emoji2:1.3.0) with JetifyTransform
Transforming emoji2-views-helper-1.3.0.aar (androidx.emoji2:emoji2-views-helper:1.3.0) with JetifyTransform
Transforming lifecycle-process-2.9.1.aar (androidx.lifecycle:lifecycle-process:2.9.1) with JetifyTransform
Transforming emoji2-1.3.0.aar (androidx.emoji2:emoji2:1.3.0) with AarToClassTransform
Transforming emoji2-views-helper-1.3.0.aar (androidx.emoji2:emoji2-views-helper:1.3.0) with AarToClassTransform
Transforming lifecycle-process-2.9.1.aar (androidx.lifecycle:lifecycle-process:2.9.1) with AarToClassTransform
Transforming media-1.7.0.aar (androidx.media:media:1.7.0) with JetifyTransform
Transforming recyclerview-1.3.0.aar (androidx.recyclerview:recyclerview:1.3.0) with JetifyTransform
Transforming media-1.7.0.aar (androidx.media:media:1.7.0) with AarToClassTransform
Transforming drawerlayout-1.0.0.aar (androidx.drawerlayout:drawerlayout:1.0.0) with JetifyTransform
Transforming recyclerview-1.3.0.aar (androidx.recyclerview:recyclerview:1.3.0) with AarToClassTransform
Transforming autofill-1.0.0.aar (androidx.autofill:autofill:1.0.0) with JetifyTransform
Transforming customview-poolingcontainer-1.0.0.aar (androidx.customview:customview-poolingcontainer:1.0.0) with JetifyTransform
Transforming savedstate-ktx-1.3.0.aar (androidx.savedstate:savedstate-ktx:1.3.0) with JetifyTransform
Transforming graphics-path-1.0.1.aar (androidx.graphics:graphics-path:1.0.1) with JetifyTransform
Transforming drawerlayout-1.0.0.aar (androidx.drawerlayout:drawerlayout:1.0.0) with AarToClassTransform
Transforming savedstate-ktx-1.3.0.aar (androidx.savedstate:savedstate-ktx:1.3.0) with AarToClassTransform
Transforming customview-poolingcontainer-1.0.0.aar (androidx.customview:customview-poolingcontainer:1.0.0) with AarToClassTransform
Transforming graphics-path-1.0.1.aar (androidx.graphics:graphics-path:1.0.1) with AarToClassTransform
Transforming autofill-1.0.0.aar (androidx.autofill:autofill:1.0.0) with AarToClassTransform
Transforming lifecycle-viewmodel-ktx-2.9.1.aar (androidx.lifecycle:lifecycle-viewmodel-ktx:2.9.1) with JetifyTransform
Transforming lifecycle-common-java8-2.9.1.jar (androidx.lifecycle:lifecycle-common-java8:2.9.1) with JetifyTransform
Transforming lifecycle-viewmodel-ktx-2.9.1.aar (androidx.lifecycle:lifecycle-viewmodel-ktx:2.9.1) with AarToClassTransform
Transforming accompanist-drawablepainter-0.32.0.aar (com.google.accompanist:accompanist-drawablepainter:0.32.0) with JetifyTransform
Transforming lifecycle-common-java8-2.9.1.jar (androidx.lifecycle:lifecycle-common-java8:2.9.1) with IdentityTransform
Transforming activity-ktx-1.9.0.aar (androidx.activity:activity-ktx:1.9.0) with JetifyTransform
Transforming activity-compose-1.9.0.aar (androidx.activity:activity-compose:1.9.0) with JetifyTransform
Transforming datastore-preferences-external-protobuf-1.1.7.jar (androidx.datastore:datastore-preferences-external-protobuf:1.1.7) with JetifyTransform
Transforming activity-compose-1.9.0.aar (androidx.activity:activity-compose:1.9.0) with AarToClassTransform
Transforming accompanist-drawablepainter-0.32.0.aar (com.google.accompanist:accompanist-drawablepainter:0.32.0) with AarToClassTransform
Transforming activity-ktx-1.9.0.aar (androidx.activity:activity-ktx:1.9.0) with AarToClassTransform
Transforming datastore-preferences-external-protobuf-1.1.7.jar (androidx.datastore:datastore-preferences-external-protobuf:1.1.7) with IdentityTransform
Transforming datastore-preferences-proto-1.1.7.jar (androidx.datastore:datastore-preferences-proto:1.1.7) with JetifyTransform
Transforming core-viewtree-1.0.0.aar (androidx.core:core-viewtree:1.0.0) with JetifyTransform
Transforming collection-ktx-1.4.4.jar (androidx.collection:collection-ktx:1.4.4) with JetifyTransform
Transforming profileinstaller-1.4.0.aar (androidx.profileinstaller:profileinstaller:1.4.0) with JetifyTransform
Transforming startup-runtime-1.1.1.aar (androidx.startup:startup-runtime:1.1.1) with JetifyTransform
Transforming collection-ktx-1.4.4.jar (androidx.collection:collection-ktx:1.4.4) with IdentityTransform
Transforming core-viewtree-1.0.0.aar (androidx.core:core-viewtree:1.0.0) with AarToClassTransform
Transforming cursoradapter-1.0.0.aar (androidx.cursoradapter:cursoradapter:1.0.0) with JetifyTransform
Transforming resourceinspection-annotation-1.0.1.jar (androidx.resourceinspection:resourceinspection-annotation:1.0.1) with JetifyTransform
Transforming concurrent-futures-1.1.0.jar (androidx.concurrent:concurrent-futures:1.1.0) with JetifyTransform
Transforming constraintlayout-core-1.0.4.jar (androidx.constraintlayout:constraintlayout-core:1.0.4) with JetifyTransform
Transforming datastore-preferences-proto-1.1.7.jar (androidx.datastore:datastore-preferences-proto:1.1.7) with IdentityTransform
Transforming profileinstaller-1.4.0.aar (androidx.profileinstaller:profileinstaller:1.4.0) with AarToClassTransform
Transforming concurrent-futures-1.1.0.jar (androidx.concurrent:concurrent-futures:1.1.0) with IdentityTransform
Transforming startup-runtime-1.1.1.aar (androidx.startup:startup-runtime:1.1.1) with AarToClassTransform
Transforming cursoradapter-1.0.0.aar (androidx.cursoradapter:cursoradapter:1.0.0) with AarToClassTransform
Transforming resourceinspection-annotation-1.0.1.jar (androidx.resourceinspection:resourceinspection-annotation:1.0.1) with IdentityTransform
Transforming constraintlayout-core-1.0.4.jar (androidx.constraintlayout:constraintlayout-core:1.0.4) with IdentityTransform
Build cache key for task ':android:core-ui:transformDebugClassesWithAsm' is a6e793bbf1a3c27ab956f9cc00e71382
Skipping task ':android:core-ui:transformDebugClassesWithAsm' as it is up-to-date.
Resolve mutations for :android:core-ui:bundleLibCompileToJarDebug (Thread[Execution worker,5,main]) started.
:android:core-ui:bundleLibCompileToJarDebug (Thread[Execution worker Thread 6,5,main]) started.

> Task :android:core-ui:bundleLibCompileToJarDebug UP-TO-DATE
Caching disabled for task ':android:core-ui:bundleLibCompileToJarDebug' because:
  Simple merging task
Skipping task ':android:core-ui:bundleLibCompileToJarDebug' as it is up-to-date.
work action resolve classes.jar (project :android:core-ui) (Thread[Execution worker Thread 6,5,main]) started.
Resolve mutations for :android:feature-ocr:kspDebugKotlin (Thread[Execution worker Thread 6,5,main]) started.
:android:feature-ocr:kspDebugKotlin (Thread[Execution worker Thread 6,5,main]) started.

> Task :android:feature-ocr:kspDebugKotlin UP-TO-DATE
file or directory 'C:\Users\xmeta\projects\Mr.Comic\android\feature-ocr\src\debug\kotlin', not found
file or directory 'C:\Users\xmeta\projects\Mr.Comic\android\feature-ocr\src\debug\java', not found
file or directory 'C:\Users\xmeta\projects\Mr.Comic\android\feature-ocr\src\main\kotlin', not found
file or directory 'C:\Users\xmeta\projects\Mr.Comic\android\feature-ocr\src\debug\java', not found
Transforming hilt-android-2.51.1.aar (com.google.dagger:hilt-android:2.51.1) with JetifyTransform
Transforming hilt-android-2.51.1.aar (com.google.dagger:hilt-android:2.51.1) with AarToClassTransform
Transforming hilt-navigation-compose-1.2.0.aar (androidx.hilt:hilt-navigation-compose:1.2.0) with JetifyTransform
Transforming fragment-1.5.1.aar (androidx.fragment:fragment:1.5.1) with JetifyTransform
Transforming fragment-1.5.1.aar (androidx.fragment:fragment:1.5.1) with AarToClassTransform
Transforming activity-ktx-1.9.0.aar (androidx.activity:activity-ktx:1.9.0) with JetifyTransform
Transforming activity-ktx-1.9.0.aar (androidx.activity:activity-ktx:1.9.0) with AarToClassTransform
Transforming text-recognition-16.0.1.aar (com.google.mlkit:text-recognition:16.0.1) with JetifyTransform
Transforming activity-compose-1.9.0.aar (androidx.activity:activity-compose:1.9.0) with JetifyTransform
Transforming activity-compose-1.9.0.aar (androidx.activity:activity-compose:1.9.0) with AarToClassTransform
Transforming activity-1.9.0.aar (androidx.activity:activity:1.9.0) with JetifyTransform
Transforming activity-1.9.0.aar (androidx.activity:activity:1.9.0) with AarToClassTransform
Transforming material3-release.aar (androidx.compose.material3:material3-android:1.2.1) with JetifyTransform
Transforming material3-release.aar (androidx.compose.material3:material3-android:1.2.1) with AarToClassTransform
Transforming ui-util-release.aar (androidx.compose.ui:ui-util-android:1.7.8) with JetifyTransform
Transforming ui-util-release.aar (androidx.compose.ui:ui-util-android:1.7.8) with AarToClassTransform
Transforming ui-unit-release.aar (androidx.compose.ui:ui-unit-android:1.7.8) with JetifyTransform
Transforming play-services-mlkit-text-recognition-19.0.1.aar (com.google.android.gms:play-services-mlkit-text-recognition:19.0.1) with JetifyTransform
Transforming text-recognition-bundled-common-17.0.0.aar (com.google.mlkit:text-recognition-bundled-common:17.0.0) with JetifyTransform
Transforming ui-unit-release.aar (androidx.compose.ui:ui-unit-android:1.7.8) with AarToClassTransform
Transforming ui-text-release.aar (androidx.compose.ui:ui-text-android:1.7.8) with JetifyTransform
Transforming ui-text-release.aar (androidx.compose.ui:ui-text-android:1.7.8) with AarToClassTransform
Transforming ui-graphics-release.aar (androidx.compose.ui:ui-graphics-android:1.7.8) with JetifyTransform
Transforming ui-graphics-release.aar (androidx.compose.ui:ui-graphics-android:1.7.8) with AarToClassTransform
Transforming foundation-layout-release.aar (androidx.compose.foundation:foundation-layout-android:1.7.8) with JetifyTransform
Transforming hilt-navigation-1.2.0.aar (androidx.hilt:hilt-navigation:1.2.0) with JetifyTransform
Transforming foundation-layout-release.aar (androidx.compose.foundation:foundation-layout-android:1.7.8) with AarToClassTransform
Transforming material-icons-core-release.aar (androidx.compose.material:material-icons-core-android:1.6.8) with JetifyTransform
Transforming material-icons-core-release.aar (androidx.compose.material:material-icons-core-android:1.6.8) with AarToClassTransform
Transforming material-icons-extended-release.aar (androidx.compose.material:material-icons-extended-android:1.6.8) with JetifyTransform
Transforming material-icons-extended-release.aar (androidx.compose.material:material-icons-extended-android:1.6.8) with AarToClassTransform
Transforming material-ripple-release.aar (androidx.compose.material:material-ripple-android:1.6.8) with JetifyTransform
Transforming material-ripple-release.aar (androidx.compose.material:material-ripple-android:1.6.8) with AarToClassTransform
Transforming text-recognition-16.0.1.aar (com.google.mlkit:text-recognition:16.0.1) with AarToClassTransform
Transforming hilt-navigation-compose-1.2.0.aar (androidx.hilt:hilt-navigation-compose:1.2.0) with AarToClassTransform
Transforming play-services-mlkit-text-recognition-common-19.1.0.aar (com.google.android.gms:play-services-mlkit-text-recognition-common:19.1.0) with JetifyTransform
Transforming text-recognition-bundled-common-17.0.0.aar (com.google.mlkit:text-recognition-bundled-common:17.0.0) with AarToClassTransform
Transforming foundation-release.aar (androidx.compose.foundation:foundation-android:1.7.8) with JetifyTransform
Transforming foundation-release.aar (androidx.compose.foundation:foundation-android:1.7.8) with AarToClassTransform
Transforming play-services-mlkit-text-recognition-19.0.1.aar (com.google.android.gms:play-services-mlkit-text-recognition:19.0.1) with AarToClassTransform
Transforming animation-core-release.aar (androidx.compose.animation:animation-core-android:1.7.8) with JetifyTransform
Transforming hilt-navigation-1.2.0.aar (androidx.hilt:hilt-navigation:1.2.0) with AarToClassTransform
Transforming animation-core-release.aar (androidx.compose.animation:animation-core-android:1.7.8) with AarToClassTransform
Transforming animation-release.aar (androidx.compose.animation:animation-android:1.7.8) with JetifyTransform
Transforming animation-release.aar (androidx.compose.animation:animation-android:1.7.8) with AarToClassTransform
Transforming ui-geometry-release.aar (androidx.compose.ui:ui-geometry-android:1.7.8) with JetifyTransform
Transforming ui-geometry-release.aar (androidx.compose.ui:ui-geometry-android:1.7.8) with AarToClassTransform
Transforming ui-tooling-preview-release.aar (androidx.compose.ui:ui-tooling-preview-android:1.7.8) with JetifyTransform
Transforming ui-tooling-preview-release.aar (androidx.compose.ui:ui-tooling-preview-android:1.7.8) with AarToClassTransform
Transforming loader-1.0.0.aar (androidx.loader:loader:1.0.0) with JetifyTransform
Transforming loader-1.0.0.aar (androidx.loader:loader:1.0.0) with AarToClassTransform
Transforming core-ktx-1.13.1.aar (androidx.core:core-ktx:1.13.1) with JetifyTransform
Transforming core-ktx-1.13.1.aar (androidx.core:core-ktx:1.13.1) with AarToClassTransform
Transforming viewpager-1.0.0.aar (androidx.viewpager:viewpager:1.0.0) with JetifyTransform
Transforming viewpager-1.0.0.aar (androidx.viewpager:viewpager:1.0.0) with AarToClassTransform
Transforming appcompat-resources-1.6.1.aar (androidx.appcompat:appcompat-resources:1.6.1) with JetifyTransform
Transforming appcompat-resources-1.6.1.aar (androidx.appcompat:appcompat-resources:1.6.1) with AarToClassTransform
Transforming drawerlayout-1.0.0.aar (androidx.drawerlayout:drawerlayout:1.0.0) with JetifyTransform
Transforming drawerlayout-1.0.0.aar (androidx.drawerlayout:drawerlayout:1.0.0) with AarToClassTransform
Transforming customview-1.0.0.aar (androidx.customview:customview:1.0.0) with JetifyTransform
Transforming customview-1.0.0.aar (androidx.customview:customview:1.0.0) with AarToClassTransform
Transforming vectordrawable-animated-1.1.0.aar (androidx.vectordrawable:vectordrawable-animated:1.1.0) with JetifyTransform
Transforming vectordrawable-animated-1.1.0.aar (androidx.vectordrawable:vectordrawable-animated:1.1.0) with AarToClassTransform
Transforming vectordrawable-1.1.0.aar (androidx.vectordrawable:vectordrawable:1.1.0) with JetifyTransform
Transforming vectordrawable-1.1.0.aar (androidx.vectordrawable:vectordrawable:1.1.0) with AarToClassTransform
Transforming vectordrawable-1.1.0.aar (androidx.vectordrawable:vectordrawable:1.1.0) with JetifyTransform
Transforming vectordrawable-1.1.0.aar (androidx.vectordrawable:vectordrawable:1.1.0) with AarToClassTransform
Transforming core-1.13.1.aar (androidx.core:core:1.13.1) with JetifyTransform
Transforming vision-common-17.3.0.aar (com.google.mlkit:vision-common:17.3.0) with JetifyTransform
Transforming core-1.13.1.aar (androidx.core:core:1.13.1) with AarToClassTransform
Transforming vision-common-17.3.0.aar (com.google.mlkit:vision-common:17.3.0) with JetifyTransform
Transforming core-1.13.1.aar (androidx.core:core:1.13.1) with JetifyTransform
Transforming core-1.13.1.aar (androidx.core:core:1.13.1) with AarToClassTransform
Transforming common-18.11.0.aar (com.google.mlkit:common:18.11.0) with JetifyTransform
Transforming lifecycle-livedata-core-ktx-2.9.1.aar (androidx.lifecycle:lifecycle-livedata-core-ktx:2.9.1) with JetifyTransform
Transforming lifecycle-livedata-core-ktx-2.9.1.aar (androidx.lifecycle:lifecycle-livedata-core-ktx:2.9.1) with AarToClassTransform
Transforming play-services-base-18.5.0.aar (com.google.android.gms:play-services-base:18.5.0) with JetifyTransform
Transforming lifecycle-livedata-2.9.1.aar (androidx.lifecycle:lifecycle-livedata:2.9.1) with JetifyTransform
Transforming common-18.11.0.aar (com.google.mlkit:common:18.11.0) with JetifyTransform
Transforming lifecycle-livedata-2.9.1.aar (androidx.lifecycle:lifecycle-livedata:2.9.1) with AarToClassTransform
Transforming lifecycle-viewmodel-ktx-2.9.1.aar (androidx.lifecycle:lifecycle-viewmodel-ktx:2.9.1) with JetifyTransform
Transforming lifecycle-viewmodel-ktx-2.9.1.aar (androidx.lifecycle:lifecycle-viewmodel-ktx:2.9.1) with AarToClassTransform
Transforming lifecycle-runtime-ktx.aar (androidx.lifecycle:lifecycle-runtime-ktx-android:2.9.1) with JetifyTransform
Transforming common-18.11.0.aar (com.google.mlkit:common:18.11.0) with JetifyTransform
Transforming common-18.11.0.aar (com.google.mlkit:common:18.11.0) with JetifyTransform
Transforming common-18.11.0.aar (com.google.mlkit:common:18.11.0) with JetifyTransform
Transforming lifecycle-runtime-ktx.aar (androidx.lifecycle:lifecycle-runtime-ktx-android:2.9.1) with AarToClassTransform
Transforming lifecycle-runtime-release.aar (androidx.lifecycle:lifecycle-runtime-android:2.9.1) with JetifyTransform
Transforming lifecycle-runtime-release.aar (androidx.lifecycle:lifecycle-runtime-android:2.9.1) with AarToClassTransform
Transforming lifecycle-viewmodel-savedstate-release.aar (androidx.lifecycle:lifecycle-viewmodel-savedstate-android:2.9.1) with JetifyTransform
Transforming lifecycle-viewmodel-savedstate-release.aar (androidx.lifecycle:lifecycle-viewmodel-savedstate-android:2.9.1) with AarToClassTransform
Transforming lifecycle-viewmodel-2.9.1.aar (androidx.lifecycle:lifecycle-viewmodel:2.9.1) with JetifyTransform
Transforming lifecycle-viewmodel-2.9.1.aar (androidx.lifecycle:lifecycle-viewmodel:2.9.1) with AarToClassTransform
Transforming lifecycle-viewmodel-release.aar (androidx.lifecycle:lifecycle-viewmodel-android:2.9.1) with JetifyTransform
Transforming lifecycle-viewmodel-release.aar (androidx.lifecycle:lifecycle-viewmodel-android:2.9.1) with AarToClassTransform
Transforming savedstate-ktx-1.3.0.aar (androidx.savedstate:savedstate-ktx:1.3.0) with JetifyTransform
Transforming savedstate-ktx-1.3.0.aar (androidx.savedstate:savedstate-ktx:1.3.0) with AarToClassTransform
Transforming savedstate-release.aar (androidx.savedstate:savedstate-android:1.3.0) with JetifyTransform
Transforming savedstate-release.aar (androidx.savedstate:savedstate-android:1.3.0) with AarToClassTransform
Transforming play-services-base-18.5.0.aar (com.google.android.gms:play-services-base:18.5.0) with JetifyTransform
Transforming lifecycle-common-jvm-2.9.1.jar (androidx.lifecycle:lifecycle-common-jvm:2.9.1) with JetifyTransform
Transforming lifecycle-common-jvm-2.9.1.jar (androidx.lifecycle:lifecycle-common-jvm:2.9.1) with IdentityTransform
Transforming lifecycle-livedata-core-2.9.1.aar (androidx.lifecycle:lifecycle-livedata-core:2.9.1) with JetifyTransform
Transforming lifecycle-livedata-core-2.9.1.aar (androidx.lifecycle:lifecycle-livedata-core:2.9.1) with AarToClassTransform
Transforming play-services-mlkit-text-recognition-common-19.1.0.aar (com.google.android.gms:play-services-mlkit-text-recognition-common:19.1.0) with AarToClassTransform
Transforming lifecycle-runtime-compose-release.aar (androidx.lifecycle:lifecycle-runtime-compose-android:2.9.1) with JetifyTransform
Transforming lifecycle-runtime-compose-release.aar (androidx.lifecycle:lifecycle-runtime-compose-android:2.9.1) with AarToClassTransform
Transforming lifecycle-viewmodel-compose-release.aar (androidx.lifecycle:lifecycle-viewmodel-compose-android:2.9.1) with JetifyTransform
Transforming lifecycle-viewmodel-compose-release.aar (androidx.lifecycle:lifecycle-viewmodel-compose-android:2.9.1) with AarToClassTransform
Transforming ui-release.aar (androidx.compose.ui:ui-android:1.7.8) with JetifyTransform
Transforming ui-release.aar (androidx.compose.ui:ui-android:1.7.8) with AarToClassTransform
Transforming runtime-saveable-release.aar (androidx.compose.runtime:runtime-saveable-android:1.7.8) with JetifyTransform
Transforming runtime-saveable-release.aar (androidx.compose.runtime:runtime-saveable-android:1.7.8) with AarToClassTransform
Transforming runtime-release.aar (androidx.compose.runtime:runtime-android:1.7.8) with JetifyTransform
Transforming runtime-release.aar (androidx.compose.runtime:runtime-android:1.7.8) with AarToClassTransform
Transforming annotation-experimental-1.4.1.aar (androidx.annotation:annotation-experimental:1.4.1) with JetifyTransform
Transforming annotation-experimental-1.4.1.aar (androidx.annotation:annotation-experimental:1.4.1) with AarToClassTransform
Transforming play-services-base-18.5.0.aar (com.google.android.gms:play-services-base:18.5.0) with JetifyTransform
Transforming versionedparcelable-1.1.1.aar (androidx.versionedparcelable:versionedparcelable:1.1.1) with JetifyTransform
Transforming common-18.11.0.aar (com.google.mlkit:common:18.11.0) with AarToClassTransform
Transforming vision-common-17.3.0.aar (com.google.mlkit:vision-common:17.3.0) with AarToClassTransform
Transforming common-18.11.0.aar (com.google.mlkit:common:18.11.0) with AarToClassTransform
Transforming vision-common-17.3.0.aar (com.google.mlkit:vision-common:17.3.0) with AarToClassTransform
Transforming common-18.11.0.aar (com.google.mlkit:common:18.11.0) with AarToClassTransform
Transforming common-18.11.0.aar (com.google.mlkit:common:18.11.0) with AarToClassTransform
Transforming common-18.11.0.aar (com.google.mlkit:common:18.11.0) with AarToClassTransform
Transforming versionedparcelable-1.1.1.aar (androidx.versionedparcelable:versionedparcelable:1.1.1) with AarToClassTransform
Transforming collection-jvm-1.4.4.jar (androidx.collection:collection-jvm:1.4.4) with JetifyTransform
Transforming collection-jvm-1.4.4.jar (androidx.collection:collection-jvm:1.4.4) with IdentityTransform
Transforming cursoradapter-1.0.0.aar (androidx.cursoradapter:cursoradapter:1.0.0) with JetifyTransform
Transforming cursoradapter-1.0.0.aar (androidx.cursoradapter:cursoradapter:1.0.0) with AarToClassTransform
Transforming core-runtime-2.2.0.aar (androidx.arch.core:core-runtime:2.2.0) with JetifyTransform
Transforming core-runtime-2.2.0.aar (androidx.arch.core:core-runtime:2.2.0) with AarToClassTransform
Transforming core-common-2.2.0.jar (androidx.arch.core:core-common:2.2.0) with JetifyTransform
Transforming play-services-base-18.5.0.aar (com.google.android.gms:play-services-base:18.5.0) with JetifyTransform
Transforming core-common-2.2.0.jar (androidx.arch.core:core-common:2.2.0) with IdentityTransform
Transforming interpolator-1.0.0.aar (androidx.interpolator:interpolator:1.0.0) with JetifyTransform
Transforming interpolator-1.0.0.aar (androidx.interpolator:interpolator:1.0.0) with AarToClassTransform
Transforming annotation-jvm-1.9.1.jar (androidx.annotation:annotation-jvm:1.9.1) with JetifyTransform
Transforming annotation-jvm-1.9.1.jar (androidx.annotation:annotation-jvm:1.9.1) with IdentityTransform
Transforming kotlinx-serialization-core-jvm-1.7.3.jar (org.jetbrains.kotlinx:kotlinx-serialization-core-jvm:1.7.3) with JetifyTransform
Transforming kotlinx-serialization-core-jvm-1.7.3.jar (org.jetbrains.kotlinx:kotlinx-serialization-core-jvm:1.7.3) with IdentityTransform
Transforming kotlinx-coroutines-core-jvm-1.8.1.jar (org.jetbrains.kotlinx:kotlinx-coroutines-core-jvm:1.8.1) with JetifyTransform
Transforming play-services-base-18.5.0.aar (com.google.android.gms:play-services-base:18.5.0) with JetifyTransform
Transforming play-services-base-18.5.0.aar (com.google.android.gms:play-services-base:18.5.0) with AarToClassTransform
Transforming play-services-base-18.5.0.aar (com.google.android.gms:play-services-base:18.5.0) with AarToClassTransform
Transforming play-services-base-18.5.0.aar (com.google.android.gms:play-services-base:18.5.0) with AarToClassTransform
Transforming play-services-base-18.5.0.aar (com.google.android.gms:play-services-base:18.5.0) with JetifyTransform
Transforming vision-interfaces-16.3.0.aar (com.google.mlkit:vision-interfaces:16.3.0) with JetifyTransform
Transforming play-services-base-18.5.0.aar (com.google.android.gms:play-services-base:18.5.0) with AarToClassTransform
Transforming kotlinx-coroutines-core-jvm-1.8.1.jar (org.jetbrains.kotlinx:kotlinx-coroutines-core-jvm:1.8.1) with IdentityTransform
Transforming play-services-base-18.5.0.aar (com.google.android.gms:play-services-base:18.5.0) with AarToClassTransform
Transforming play-services-tasks-18.2.0.aar (com.google.android.gms:play-services-tasks:18.2.0) with JetifyTransform
Transforming play-services-tasks-18.2.0.aar (com.google.android.gms:play-services-tasks:18.2.0) with JetifyTransform
Transforming play-services-base-18.5.0.aar (com.google.android.gms:play-services-base:18.5.0) with AarToClassTransform
Transforming kotlinx-coroutines-android-1.8.1.jar (org.jetbrains.kotlinx:kotlinx-coroutines-android:1.8.1) with JetifyTransform
Transforming kotlinx-coroutines-android-1.8.1.jar (org.jetbrains.kotlinx:kotlinx-coroutines-android:1.8.1) with IdentityTransform
Transforming kotlin-stdlib-1.9.25.jar (org.jetbrains.kotlin:kotlin-stdlib:1.9.25) with JetifyTransform
Transforming kotlin-stdlib-1.9.25.jar (org.jetbrains.kotlin:kotlin-stdlib:1.9.25) with IdentityTransform
Transforming annotations-23.0.0.jar (org.jetbrains:annotations:23.0.0) with JetifyTransform
Transforming annotations-23.0.0.jar (org.jetbrains:annotations:23.0.0) with IdentityTransform
Transforming jspecify-1.0.0.jar (org.jspecify:jspecify:1.0.0) with JetifyTransform
Transforming jspecify-1.0.0.jar (org.jspecify:jspecify:1.0.0) with IdentityTransform
Transforming hilt-core-2.51.1.jar (com.google.dagger:hilt-core:2.51.1) with JetifyTransform
Transforming hilt-core-2.51.1.jar (com.google.dagger:hilt-core:2.51.1) with IdentityTransform
Transforming dagger-2.51.1.jar (com.google.dagger:dagger:2.51.1) with JetifyTransform
Transforming dagger-2.51.1.jar (com.google.dagger:dagger:2.51.1) with IdentityTransform
Transforming javax.inject-1.jar (javax.inject:javax.inject:1) with JetifyTransform
Transforming javax.inject-1.jar (javax.inject:javax.inject:1) with IdentityTransform
Transforming dagger-lint-aar-2.51.1.aar (com.google.dagger:dagger-lint-aar:2.51.1) with JetifyTransform
Transforming dagger-lint-aar-2.51.1.aar (com.google.dagger:dagger-lint-aar:2.51.1) with AarToClassTransform
Transforming jsr305-3.0.2.jar (com.google.code.findbugs:jsr305:3.0.2) with JetifyTransform
Transforming jsr305-3.0.2.jar (com.google.code.findbugs:jsr305:3.0.2) with IdentityTransform
Transforming play-services-tasks-18.2.0.aar (com.google.android.gms:play-services-tasks:18.2.0) with JetifyTransform
Transforming play-services-tasks-18.2.0.aar (com.google.android.gms:play-services-tasks:18.2.0) with JetifyTransform
Transforming play-services-tasks-18.2.0.aar (com.google.android.gms:play-services-tasks:18.2.0) with JetifyTransform
Transforming play-services-tasks-18.2.0.aar (com.google.android.gms:play-services-tasks:18.2.0) with JetifyTransform
Transforming play-services-basement-18.4.0.aar (com.google.android.gms:play-services-basement:18.4.0) with JetifyTransform
Transforming play-services-basement-18.4.0.aar (com.google.android.gms:play-services-basement:18.4.0) with JetifyTransform
Transforming play-services-tasks-18.2.0.aar (com.google.android.gms:play-services-tasks:18.2.0) with AarToClassTransform
Transforming play-services-tasks-18.2.0.aar (com.google.android.gms:play-services-tasks:18.2.0) with AarToClassTransform
Transforming play-services-tasks-18.2.0.aar (com.google.android.gms:play-services-tasks:18.2.0) with AarToClassTransform
Transforming play-services-tasks-18.2.0.aar (com.google.android.gms:play-services-tasks:18.2.0) with AarToClassTransform
Transforming play-services-basement-18.4.0.aar (com.google.android.gms:play-services-basement:18.4.0) with JetifyTransform
Transforming play-services-tasks-18.2.0.aar (com.google.android.gms:play-services-tasks:18.2.0) with AarToClassTransform
Transforming vision-interfaces-16.3.0.aar (com.google.mlkit:vision-interfaces:16.3.0) with AarToClassTransform
Transforming play-services-basement-18.4.0.aar (com.google.android.gms:play-services-basement:18.4.0) with JetifyTransform
Transforming play-services-basement-18.4.0.aar (com.google.android.gms:play-services-basement:18.4.0) with JetifyTransform
Transforming play-services-basement-18.4.0.aar (com.google.android.gms:play-services-basement:18.4.0) with JetifyTransform
Transforming play-services-basement-18.4.0.aar (com.google.android.gms:play-services-basement:18.4.0) with JetifyTransform
Transforming play-services-basement-18.4.0.aar (com.google.android.gms:play-services-basement:18.4.0) with JetifyTransform
Transforming play-services-basement-18.4.0.aar (com.google.android.gms:play-services-basement:18.4.0) with AarToClassTransform
Transforming play-services-basement-18.4.0.aar (com.google.android.gms:play-services-basement:18.4.0) with AarToClassTransform
Transforming play-services-basement-18.4.0.aar (com.google.android.gms:play-services-basement:18.4.0) with AarToClassTransform
Transforming play-services-basement-18.4.0.aar (com.google.android.gms:play-services-basement:18.4.0) with AarToClassTransform
Transforming play-services-basement-18.4.0.aar (com.google.android.gms:play-services-basement:18.4.0) with AarToClassTransform
Transforming play-services-basement-18.4.0.aar (com.google.android.gms:play-services-basement:18.4.0) with AarToClassTransform
Transforming play-services-basement-18.4.0.aar (com.google.android.gms:play-services-basement:18.4.0) with JetifyTransform
Transforming play-services-basement-18.4.0.aar (com.google.android.gms:play-services-basement:18.4.0) with AarToClassTransform
Transforming play-services-basement-18.4.0.aar (com.google.android.gms:play-services-basement:18.4.0) with AarToClassTransform
Transforming play-services-basement-18.4.0.aar (com.google.android.gms:play-services-basement:18.4.0) with AarToClassTransform
Transforming fragment-1.5.1.aar (androidx.fragment:fragment:1.5.1) with JetifyTransform
Transforming appcompat-1.6.1.aar (androidx.appcompat:appcompat:1.6.1) with JetifyTransform
Transforming fragment-1.5.1.aar (androidx.fragment:fragment:1.5.1) with AarToClassTransform
Transforming appcompat-1.6.1.aar (androidx.appcompat:appcompat:1.6.1) with AarToClassTransform
Transforming navigation-runtime-ktx-2.5.1.aar (androidx.navigation:navigation-runtime-ktx:2.5.1) with JetifyTransform
Transforming fragment-1.5.1.aar (androidx.fragment:fragment:1.5.1) with JetifyTransform
Transforming navigation-runtime-2.5.1.aar (androidx.navigation:navigation-runtime:2.5.1) with JetifyTransform
Transforming fragment-1.5.1.aar (androidx.fragment:fragment:1.5.1) with AarToClassTransform
Transforming navigation-compose-2.5.1.aar (androidx.navigation:navigation-compose:2.5.1) with JetifyTransform
Transforming navigation-common-2.5.1.aar (androidx.navigation:navigation-common:2.5.1) with JetifyTransform
Transforming navigation-common-ktx-2.5.1.aar (androidx.navigation:navigation-common-ktx:2.5.1) with JetifyTransform
Transforming transport-backend-cct-2.3.3.aar (com.google.android.datatransport:transport-backend-cct:2.3.3) with JetifyTransform
Transforming transport-backend-cct-2.3.3.aar (com.google.android.datatransport:transport-backend-cct:2.3.3) with JetifyTransform
Transforming transport-runtime-2.2.6.aar (com.google.android.datatransport:transport-runtime:2.2.6) with JetifyTransform
Transforming transport-backend-cct-2.3.3.aar (com.google.android.datatransport:transport-backend-cct:2.3.3) with JetifyTransform
Transforming navigation-runtime-ktx-2.5.1.aar (androidx.navigation:navigation-runtime-ktx:2.5.1) with AarToClassTransform
Transforming transport-runtime-2.2.6.aar (com.google.android.datatransport:transport-runtime:2.2.6) with JetifyTransform
Transforming navigation-compose-2.5.1.aar (androidx.navigation:navigation-compose:2.5.1) with AarToClassTransform
Transforming play-services-tasks-18.2.0.aar (com.google.android.gms:play-services-tasks:18.2.0) with AarToClassTransform
Transforming navigation-runtime-2.5.1.aar (androidx.navigation:navigation-runtime:2.5.1) with AarToClassTransform
Transforming transport-runtime-2.2.6.aar (com.google.android.datatransport:transport-runtime:2.2.6) with JetifyTransform
Transforming transport-runtime-2.2.6.aar (com.google.android.datatransport:transport-runtime:2.2.6) with JetifyTransform
Transforming navigation-common-2.5.1.aar (androidx.navigation:navigation-common:2.5.1) with AarToClassTransform
Transforming navigation-common-ktx-2.5.1.aar (androidx.navigation:navigation-common-ktx:2.5.1) with AarToClassTransform
Transforming transport-runtime-2.2.6.aar (com.google.android.datatransport:transport-runtime:2.2.6) with AarToClassTransform
Transforming transport-runtime-2.2.6.aar (com.google.android.datatransport:transport-runtime:2.2.6) with AarToClassTransform
Transforming transport-runtime-2.2.6.aar (com.google.android.datatransport:transport-runtime:2.2.6) with AarToClassTransform
Transforming transport-backend-cct-2.3.3.aar (com.google.android.datatransport:transport-backend-cct:2.3.3) with AarToClassTransform
Transforming transport-runtime-2.2.6.aar (com.google.android.datatransport:transport-runtime:2.2.6) with AarToClassTransform
Transforming transport-backend-cct-2.3.3.aar (com.google.android.datatransport:transport-backend-cct:2.3.3) with AarToClassTransform
Transforming transport-api-2.2.1.aar (com.google.android.datatransport:transport-api:2.2.1) with JetifyTransform
Transforming transport-backend-cct-2.3.3.aar (com.google.android.datatransport:transport-backend-cct:2.3.3) with AarToClassTransform
Transforming transport-api-2.2.1.aar (com.google.android.datatransport:transport-api:2.2.1) with JetifyTransform
Transforming transport-api-2.2.1.aar (com.google.android.datatransport:transport-api:2.2.1) with JetifyTransform
Transforming transport-api-2.2.1.aar (com.google.android.datatransport:transport-api:2.2.1) with JetifyTransform
Transforming transport-api-2.2.1.aar (com.google.android.datatransport:transport-api:2.2.1) with JetifyTransform
Transforming firebase-components-16.1.0.aar (com.google.firebase:firebase-components:16.1.0) with JetifyTransform
Transforming firebase-components-16.1.0.aar (com.google.firebase:firebase-components:16.1.0) with JetifyTransform
Transforming firebase-components-16.1.0.aar (com.google.firebase:firebase-components:16.1.0) with JetifyTransform
Transforming firebase-encoders-json-17.1.0.aar (com.google.firebase:firebase-encoders-json:17.1.0) with JetifyTransform
Transforming firebase-encoders-json-17.1.0.aar (com.google.firebase:firebase-encoders-json:17.1.0) with JetifyTransform
Transforming firebase-encoders-json-17.1.0.aar (com.google.firebase:firebase-encoders-json:17.1.0) with JetifyTransform
Transforming firebase-encoders-json-17.1.0.aar (com.google.firebase:firebase-encoders-json:17.1.0) with JetifyTransform
Transforming transport-api-2.2.1.aar (com.google.android.datatransport:transport-api:2.2.1) with AarToClassTransform
Transforming transport-api-2.2.1.aar (com.google.android.datatransport:transport-api:2.2.1) with AarToClassTransform
Transforming transport-api-2.2.1.aar (com.google.android.datatransport:transport-api:2.2.1) with AarToClassTransform
Transforming transport-api-2.2.1.aar (com.google.android.datatransport:transport-api:2.2.1) with AarToClassTransform
Transforming transport-api-2.2.1.aar (com.google.android.datatransport:transport-api:2.2.1) with AarToClassTransform
Transforming firebase-components-16.1.0.aar (com.google.firebase:firebase-components:16.1.0) with AarToClassTransform
Transforming firebase-components-16.1.0.aar (com.google.firebase:firebase-components:16.1.0) with AarToClassTransform
Transforming firebase-encoders-json-17.1.0.aar (com.google.firebase:firebase-encoders-json:17.1.0) with AarToClassTransform
Transforming firebase-components-16.1.0.aar (com.google.firebase:firebase-components:16.1.0) with AarToClassTransform
Transforming firebase-encoders-json-17.1.0.aar (com.google.firebase:firebase-encoders-json:17.1.0) with AarToClassTransform
Transforming firebase-encoders-json-17.1.0.aar (com.google.firebase:firebase-encoders-json:17.1.0) with AarToClassTransform
Transforming firebase-encoders-json-17.1.0.aar (com.google.firebase:firebase-encoders-json:17.1.0) with AarToClassTransform
Transforming firebase-encoders-16.1.0.jar (com.google.firebase:firebase-encoders:16.1.0) with JetifyTransform
Transforming image-1.0.0-beta1.aar (com.google.android.odml:image:1.0.0-beta1) with JetifyTransform
Transforming image-1.0.0-beta1.aar (com.google.android.odml:image:1.0.0-beta1) with JetifyTransform
Transforming firebase-annotations-16.0.0.jar (com.google.firebase:firebase-annotations:16.0.0) with JetifyTransform
Transforming exifinterface-1.3.7.aar (androidx.exifinterface:exifinterface:1.3.7) with JetifyTransform
Transforming exifinterface-1.3.7.aar (androidx.exifinterface:exifinterface:1.3.7) with AarToClassTransform
Transforming firebase-encoders-16.1.0.jar (com.google.firebase:firebase-encoders:16.1.0) with IdentityTransform
Transforming image-1.0.0-beta1.aar (com.google.android.odml:image:1.0.0-beta1) with AarToClassTransform
Transforming image-1.0.0-beta1.aar (com.google.android.odml:image:1.0.0-beta1) with AarToClassTransform
Transforming firebase-annotations-16.0.0.jar (com.google.firebase:firebase-annotations:16.0.0) with IdentityTransform
Transforming R.jar with ClasspathEntrySnapshotTransform
Transforming classes.jar with ClasspathEntrySnapshotTransform
Transforming classes.jar with ClasspathEntrySnapshotTransform
Transforming classes.jar with ClasspathEntrySnapshotTransform
Transforming jetified-hilt-navigation-compose-1.2.0-api.jar with ClasspathEntrySnapshotTransform
Transforming jetified-hilt-navigation-1.2.0-api.jar with ClasspathEntrySnapshotTransform
Transforming jetified-hilt-android-2.51.1-api.jar with ClasspathEntrySnapshotTransform
Transforming jetified-text-recognition-16.0.1-api.jar with ClasspathEntrySnapshotTransform
Transforming jetified-play-services-mlkit-text-recognition-19.0.1-api.jar with ClasspathEntrySnapshotTransform
Transforming jetified-text-recognition-bundled-common-17.0.0-api.jar with ClasspathEntrySnapshotTransform
Transforming jetified-play-services-mlkit-text-recognition-common-19.1.0-api.jar with ClasspathEntrySnapshotTransform
Transforming jetified-vision-common-17.3.0-api.jar with ClasspathEntrySnapshotTransform
Transforming jetified-common-18.11.0-api.jar with ClasspathEntrySnapshotTransform
Transforming jetified-play-services-base-18.5.0-api.jar with ClasspathEntrySnapshotTransform
Transforming jetified-vision-interfaces-16.3.0-api.jar with ClasspathEntrySnapshotTransform
Transforming jetified-play-services-tasks-18.2.0-api.jar with ClasspathEntrySnapshotTransform
Transforming jetified-play-services-basement-18.4.0-api.jar with ClasspathEntrySnapshotTransform
Transforming appcompat-1.6.1-api.jar with ClasspathEntrySnapshotTransform
Transforming fragment-1.5.1-api.jar with ClasspathEntrySnapshotTransform
Transforming jetified-navigation-compose-2.5.1-api.jar with ClasspathEntrySnapshotTransform
Transforming navigation-runtime-ktx-2.5.1-api.jar with ClasspathEntrySnapshotTransform
Transforming navigation-runtime-2.5.1-api.jar with ClasspathEntrySnapshotTransform
Transforming jetified-activity-ktx-1.9.0-api.jar with ClasspathEntrySnapshotTransform
Transforming jetified-activity-compose-1.9.0-api.jar with ClasspathEntrySnapshotTransform
Transforming jetified-activity-1.9.0-api.jar with ClasspathEntrySnapshotTransform
Transforming jetified-material3-release-api.jar with ClasspathEntrySnapshotTransform
Transforming jetified-ui-util-release-api.jar with ClasspathEntrySnapshotTransform
Transforming jetified-ui-unit-release-api.jar with ClasspathEntrySnapshotTransform
Transforming jetified-ui-text-release-api.jar with ClasspathEntrySnapshotTransform
Transforming jetified-ui-graphics-release-api.jar with ClasspathEntrySnapshotTransform
Transforming jetified-foundation-layout-release-api.jar with ClasspathEntrySnapshotTransform
Transforming jetified-material-icons-core-release-api.jar with ClasspathEntrySnapshotTransform
Transforming jetified-material-icons-extended-release-api.jar with ClasspathEntrySnapshotTransform
Transforming jetified-material-ripple-release-api.jar with ClasspathEntrySnapshotTransform
Transforming jetified-foundation-release-api.jar with ClasspathEntrySnapshotTransform
Transforming jetified-animation-core-release-api.jar with ClasspathEntrySnapshotTransform
Transforming jetified-animation-release-api.jar with ClasspathEntrySnapshotTransform
Transforming jetified-ui-geometry-release-api.jar with ClasspathEntrySnapshotTransform
Transforming jetified-ui-tooling-preview-release-api.jar with ClasspathEntrySnapshotTransform
Transforming loader-1.0.0-api.jar with ClasspathEntrySnapshotTransform
Transforming jetified-core-ktx-1.13.1-api.jar with ClasspathEntrySnapshotTransform
Transforming viewpager-1.0.0-api.jar with ClasspathEntrySnapshotTransform
Transforming jetified-appcompat-resources-1.6.1-api.jar with ClasspathEntrySnapshotTransform
Transforming drawerlayout-1.0.0-api.jar with ClasspathEntrySnapshotTransform
Transforming customview-1.0.0-api.jar with ClasspathEntrySnapshotTransform
Transforming vectordrawable-animated-1.1.0-api.jar with ClasspathEntrySnapshotTransform
Transforming vectordrawable-1.1.0-api.jar with ClasspathEntrySnapshotTransform
Transforming core-1.13.1-api.jar with ClasspathEntrySnapshotTransform
Transforming navigation-common-ktx-2.5.1-api.jar with ClasspathEntrySnapshotTransform
Transforming navigation-common-2.5.1-api.jar with ClasspathEntrySnapshotTransform
Transforming jetified-lifecycle-livedata-core-ktx-2.9.1-api.jar with ClasspathEntrySnapshotTransform
Transforming lifecycle-livedata-2.9.1-api.jar with ClasspathEntrySnapshotTransform
Transforming jetified-lifecycle-viewmodel-ktx-2.9.1-api.jar with ClasspathEntrySnapshotTransform
Transforming jetified-lifecycle-runtime-ktx-api.jar with ClasspathEntrySnapshotTransform
Transforming jetified-lifecycle-runtime-release-api.jar with ClasspathEntrySnapshotTransform
Transforming jetified-lifecycle-viewmodel-savedstate-release-api.jar with ClasspathEntrySnapshotTransform
Transforming lifecycle-viewmodel-2.9.1-api.jar with ClasspathEntrySnapshotTransform
Transforming jetified-lifecycle-viewmodel-release-api.jar with ClasspathEntrySnapshotTransform
Transforming jetified-savedstate-ktx-1.3.0-api.jar with ClasspathEntrySnapshotTransform
Transforming jetified-savedstate-release-api.jar with ClasspathEntrySnapshotTransform
Transforming jetified-lifecycle-common-jvm-2.9.1.jar with ClasspathEntrySnapshotTransform
Transforming lifecycle-livedata-core-2.9.1-api.jar with ClasspathEntrySnapshotTransform
Transforming jetified-lifecycle-runtime-compose-release-api.jar with ClasspathEntrySnapshotTransform
Transforming jetified-lifecycle-viewmodel-compose-release-api.jar with ClasspathEntrySnapshotTransform
Transforming jetified-ui-release-api.jar with ClasspathEntrySnapshotTransform
Transforming jetified-runtime-saveable-release-api.jar with ClasspathEntrySnapshotTransform
Transforming jetified-runtime-release-api.jar with ClasspathEntrySnapshotTransform
Transforming jetified-annotation-experimental-1.4.1-api.jar with ClasspathEntrySnapshotTransform
Transforming jetified-transport-backend-cct-2.3.3-api.jar with ClasspathEntrySnapshotTransform
Transforming jetified-transport-runtime-2.2.6-api.jar with ClasspathEntrySnapshotTransform
Transforming jetified-transport-api-2.2.1-api.jar with ClasspathEntrySnapshotTransform
Transforming jetified-firebase-components-16.1.0-api.jar with ClasspathEntrySnapshotTransform
Transforming jetified-firebase-encoders-json-17.1.0-api.jar with ClasspathEntrySnapshotTransform
Transforming jetified-firebase-encoders-16.1.0.jar with ClasspathEntrySnapshotTransform
Transforming versionedparcelable-1.1.1-api.jar with ClasspathEntrySnapshotTransform
Transforming jetified-collection-jvm-1.4.4.jar with ClasspathEntrySnapshotTransform
Transforming cursoradapter-1.0.0-api.jar with ClasspathEntrySnapshotTransform
Transforming core-runtime-2.2.0-api.jar with ClasspathEntrySnapshotTransform
Transforming core-common-2.2.0.jar with ClasspathEntrySnapshotTransform
Transforming interpolator-1.0.0-api.jar with ClasspathEntrySnapshotTransform
Transforming jetified-annotation-jvm-1.9.1.jar with ClasspathEntrySnapshotTransform
Transforming jetified-kotlinx-serialization-core-jvm-1.7.3.jar with ClasspathEntrySnapshotTransform
Transforming jetified-kotlinx-coroutines-core-jvm-1.8.1.jar with ClasspathEntrySnapshotTransform
Transforming jetified-kotlinx-coroutines-android-1.8.1.jar with ClasspathEntrySnapshotTransform
Transforming jetified-kotlin-stdlib-1.9.25.jar with ClasspathEntrySnapshotTransform
Transforming jetified-annotations-23.0.0.jar with ClasspathEntrySnapshotTransform
Transforming jetified-jspecify-1.0.0.jar with ClasspathEntrySnapshotTransform
Transforming jetified-hilt-core-2.51.1.jar with ClasspathEntrySnapshotTransform
Transforming jetified-dagger-2.51.1.jar with ClasspathEntrySnapshotTransform
Transforming jetified-javax.inject-1.jar with ClasspathEntrySnapshotTransform
Transforming jetified-dagger-lint-aar-2.51.1-api.jar with ClasspathEntrySnapshotTransform
Transforming jetified-jsr305-3.0.2.jar with ClasspathEntrySnapshotTransform
Transforming jetified-image-1.0.0-beta1-api.jar with ClasspathEntrySnapshotTransform
Transforming jetified-firebase-annotations-16.0.0.jar with ClasspathEntrySnapshotTransform
Transforming exifinterface-1.3.7-api.jar with ClasspathEntrySnapshotTransform
Transforming android.jar with ClasspathEntrySnapshotTransform
Transforming core-lambda-stubs.jar with ClasspathEntrySnapshotTransform
file or directory 'C:\Users\xmeta\projects\Mr.Comic\android\feature-ocr\src\debug\kotlin', not found
file or directory 'C:\Users\xmeta\projects\Mr.Comic\android\feature-ocr\src\debug\java', not found
file or directory 'C:\Users\xmeta\projects\Mr.Comic\android\feature-ocr\src\main\kotlin', not found
file or directory 'C:\Users\xmeta\projects\Mr.Comic\android\feature-ocr\src\debug\java', not found
Build cache key for task ':android:feature-ocr:kspDebugKotlin' is 2f2f8aaf84c11ac7061bc04b97347239
Skipping task ':android:feature-ocr:kspDebugKotlin' as it is up-to-date.
Resolve mutations for :android:feature-ocr:compileDebugKotlin (Thread[Execution worker Thread 6,5,main]) started.
:android:feature-ocr:compileDebugKotlin (Thread[Execution worker Thread 6,5,main]) started.

> Task :android:feature-ocr:compileDebugKotlin
Transforming R.jar with ClasspathEntrySnapshotTransform
Transforming classes.jar with ClasspathEntrySnapshotTransform
Transforming classes.jar with ClasspathEntrySnapshotTransform
Transforming classes.jar with ClasspathEntrySnapshotTransform
Transforming jetified-hilt-navigation-compose-1.2.0-api.jar with ClasspathEntrySnapshotTransform
Transforming jetified-hilt-navigation-1.2.0-api.jar with ClasspathEntrySnapshotTransform
Transforming jetified-hilt-android-2.51.1-api.jar with ClasspathEntrySnapshotTransform
Transforming jetified-text-recognition-16.0.1-api.jar with ClasspathEntrySnapshotTransform
Transforming jetified-play-services-mlkit-text-recognition-19.0.1-api.jar with ClasspathEntrySnapshotTransform
Transforming jetified-text-recognition-bundled-common-17.0.0-api.jar with ClasspathEntrySnapshotTransform
Transforming jetified-play-services-mlkit-text-recognition-common-19.1.0-api.jar with ClasspathEntrySnapshotTransform
Transforming jetified-vision-common-17.3.0-api.jar with ClasspathEntrySnapshotTransform
Transforming jetified-common-18.11.0-api.jar with ClasspathEntrySnapshotTransform
Transforming jetified-play-services-base-18.5.0-api.jar with ClasspathEntrySnapshotTransform
Transforming jetified-vision-interfaces-16.3.0-api.jar with ClasspathEntrySnapshotTransform
Transforming jetified-play-services-tasks-18.2.0-api.jar with ClasspathEntrySnapshotTransform
Transforming jetified-play-services-basement-18.4.0-api.jar with ClasspathEntrySnapshotTransform
Transforming appcompat-1.6.1-api.jar with ClasspathEntrySnapshotTransform
Transforming fragment-1.5.1-api.jar with ClasspathEntrySnapshotTransform
Transforming jetified-navigation-compose-2.5.1-api.jar with ClasspathEntrySnapshotTransform
Transforming navigation-runtime-ktx-2.5.1-api.jar with ClasspathEntrySnapshotTransform
Transforming navigation-runtime-2.5.1-api.jar with ClasspathEntrySnapshotTransform
Transforming jetified-activity-ktx-1.9.0-api.jar with ClasspathEntrySnapshotTransform
Transforming jetified-activity-compose-1.9.0-api.jar with ClasspathEntrySnapshotTransform
Transforming jetified-activity-1.9.0-api.jar with ClasspathEntrySnapshotTransform
Transforming jetified-material3-release-api.jar with ClasspathEntrySnapshotTransform
Transforming jetified-ui-util-release-api.jar with ClasspathEntrySnapshotTransform
Transforming jetified-ui-unit-release-api.jar with ClasspathEntrySnapshotTransform
Transforming jetified-ui-text-release-api.jar with ClasspathEntrySnapshotTransform
Transforming jetified-ui-graphics-release-api.jar with ClasspathEntrySnapshotTransform
Transforming jetified-foundation-layout-release-api.jar with ClasspathEntrySnapshotTransform
Transforming jetified-material-icons-core-release-api.jar with ClasspathEntrySnapshotTransform
Transforming jetified-material-icons-extended-release-api.jar with ClasspathEntrySnapshotTransform
Transforming jetified-material-ripple-release-api.jar with ClasspathEntrySnapshotTransform
Transforming jetified-foundation-release-api.jar with ClasspathEntrySnapshotTransform
Transforming jetified-animation-core-release-api.jar with ClasspathEntrySnapshotTransform
Transforming jetified-animation-release-api.jar with ClasspathEntrySnapshotTransform
Transforming jetified-ui-geometry-release-api.jar with ClasspathEntrySnapshotTransform
Transforming jetified-ui-tooling-preview-release-api.jar with ClasspathEntrySnapshotTransform
Transforming loader-1.0.0-api.jar with ClasspathEntrySnapshotTransform
Transforming jetified-core-ktx-1.13.1-api.jar with ClasspathEntrySnapshotTransform
Transforming viewpager-1.0.0-api.jar with ClasspathEntrySnapshotTransform
Transforming jetified-appcompat-resources-1.6.1-api.jar with ClasspathEntrySnapshotTransform
Transforming drawerlayout-1.0.0-api.jar with ClasspathEntrySnapshotTransform
Transforming customview-1.0.0-api.jar with ClasspathEntrySnapshotTransform
Transforming vectordrawable-animated-1.1.0-api.jar with ClasspathEntrySnapshotTransform
Transforming vectordrawable-1.1.0-api.jar with ClasspathEntrySnapshotTransform
Transforming core-1.13.1-api.jar with ClasspathEntrySnapshotTransform
Transforming navigation-common-ktx-2.5.1-api.jar with ClasspathEntrySnapshotTransform
Transforming navigation-common-2.5.1-api.jar with ClasspathEntrySnapshotTransform
Transforming jetified-lifecycle-livedata-core-ktx-2.9.1-api.jar with ClasspathEntrySnapshotTransform
Transforming lifecycle-livedata-2.9.1-api.jar with ClasspathEntrySnapshotTransform
Transforming jetified-lifecycle-viewmodel-ktx-2.9.1-api.jar with ClasspathEntrySnapshotTransform
Transforming jetified-lifecycle-runtime-ktx-api.jar with ClasspathEntrySnapshotTransform
Transforming jetified-lifecycle-runtime-release-api.jar with ClasspathEntrySnapshotTransform
Transforming jetified-lifecycle-viewmodel-savedstate-release-api.jar with ClasspathEntrySnapshotTransform
Transforming lifecycle-viewmodel-2.9.1-api.jar with ClasspathEntrySnapshotTransform
Transforming jetified-lifecycle-viewmodel-release-api.jar with ClasspathEntrySnapshotTransform
Transforming jetified-savedstate-ktx-1.3.0-api.jar with ClasspathEntrySnapshotTransform
Transforming jetified-savedstate-release-api.jar with ClasspathEntrySnapshotTransform
Transforming jetified-lifecycle-common-jvm-2.9.1.jar with ClasspathEntrySnapshotTransform
Transforming lifecycle-livedata-core-2.9.1-api.jar with ClasspathEntrySnapshotTransform
Transforming jetified-lifecycle-runtime-compose-release-api.jar with ClasspathEntrySnapshotTransform
Transforming jetified-lifecycle-viewmodel-compose-release-api.jar with ClasspathEntrySnapshotTransform
Transforming jetified-ui-release-api.jar with ClasspathEntrySnapshotTransform
Transforming jetified-runtime-saveable-release-api.jar with ClasspathEntrySnapshotTransform
Transforming jetified-runtime-release-api.jar with ClasspathEntrySnapshotTransform
Transforming jetified-annotation-experimental-1.4.1-api.jar with ClasspathEntrySnapshotTransform
Transforming jetified-transport-backend-cct-2.3.3-api.jar with ClasspathEntrySnapshotTransform
Transforming jetified-transport-runtime-2.2.6-api.jar with ClasspathEntrySnapshotTransform
Transforming jetified-transport-api-2.2.1-api.jar with ClasspathEntrySnapshotTransform
Transforming jetified-firebase-components-16.1.0-api.jar with ClasspathEntrySnapshotTransform
Transforming jetified-firebase-encoders-json-17.1.0-api.jar with ClasspathEntrySnapshotTransform
Transforming jetified-firebase-encoders-16.1.0.jar with ClasspathEntrySnapshotTransform
Transforming versionedparcelable-1.1.1-api.jar with ClasspathEntrySnapshotTransform
Transforming jetified-collection-jvm-1.4.4.jar with ClasspathEntrySnapshotTransform
Transforming cursoradapter-1.0.0-api.jar with ClasspathEntrySnapshotTransform
Transforming core-runtime-2.2.0-api.jar with ClasspathEntrySnapshotTransform
Transforming core-common-2.2.0.jar with ClasspathEntrySnapshotTransform
Transforming interpolator-1.0.0-api.jar with ClasspathEntrySnapshotTransform
Transforming jetified-annotation-jvm-1.9.1.jar with ClasspathEntrySnapshotTransform
Transforming jetified-kotlinx-serialization-core-jvm-1.7.3.jar with ClasspathEntrySnapshotTransform
Transforming jetified-kotlinx-coroutines-core-jvm-1.8.1.jar with ClasspathEntrySnapshotTransform
Transforming jetified-kotlinx-coroutines-android-1.8.1.jar with ClasspathEntrySnapshotTransform
Transforming jetified-kotlin-stdlib-1.9.25.jar with ClasspathEntrySnapshotTransform
Transforming jetified-annotations-23.0.0.jar with ClasspathEntrySnapshotTransform
Transforming jetified-jspecify-1.0.0.jar with ClasspathEntrySnapshotTransform
Transforming jetified-hilt-core-2.51.1.jar with ClasspathEntrySnapshotTransform
Transforming jetified-dagger-2.51.1.jar with ClasspathEntrySnapshotTransform
Transforming jetified-javax.inject-1.jar with ClasspathEntrySnapshotTransform
Transforming jetified-dagger-lint-aar-2.51.1-api.jar with ClasspathEntrySnapshotTransform
Transforming jetified-jsr305-3.0.2.jar with ClasspathEntrySnapshotTransform
Transforming jetified-image-1.0.0-beta1-api.jar with ClasspathEntrySnapshotTransform
Transforming jetified-firebase-annotations-16.0.0.jar with ClasspathEntrySnapshotTransform
Transforming exifinterface-1.3.7-api.jar with ClasspathEntrySnapshotTransform
Transforming android.jar with ClasspathEntrySnapshotTransform
Transforming core-lambda-stubs.jar with ClasspathEntrySnapshotTransform
Build cache key for task ':android:feature-ocr:compileDebugKotlin' is f2ea00b1314f46622f1f760b3a8d6111
Task ':android:feature-ocr:compileDebugKotlin' is not up-to-date because:
  Input property 'classpathSnapshotProperties.classpathSnapshot' file C:\Users\xmeta\.gradle\caches\8.10\transforms\793400a4160af0b8246628c0a10a5f4c\transformed\classes_jar-snapshot.bin has been added.
  Input property 'sources' file C:\Users\xmeta\projects\Mr.Comic\android\feature-ocr\src\main\java\com\example\feature\ocr\domain\OcrEngine.kt has changed.
  Input property 'sources' file C:\Users\xmeta\projects\Mr.Comic\android\feature-ocr\src\main\java\com\example\feature\ocr\domain\BubbleDetector.kt has been added.
  and more...
file or directory 'C:\Users\xmeta\projects\Mr.Comic\android\feature-ocr\src\debug\kotlin', not found
file or directory 'C:\Users\xmeta\projects\Mr.Comic\android\feature-ocr\src\debug\kotlin', not found
file or directory 'C:\Users\xmeta\projects\Mr.Comic\android\feature-ocr\src\debug\java', not found
file or directory 'C:\Users\xmeta\projects\Mr.Comic\android\feature-ocr\src\debug\kotlin', not found
file or directory 'C:\Users\xmeta\projects\Mr.Comic\android\feature-ocr\src\debug\java', not found
file or directory 'C:\Users\xmeta\projects\Mr.Comic\android\feature-ocr\src\main\kotlin', not found
file or directory 'C:\Users\xmeta\projects\Mr.Comic\android\feature-ocr\src\main\kotlin', not found
file or directory 'C:\Users\xmeta\projects\Mr.Comic\android\feature-ocr\src\main\kotlin', not found
file or directory 'C:\Users\xmeta\projects\Mr.Comic\android\feature-ocr\src\debug\java', not found
file or directory 'C:\Users\xmeta\projects\Mr.Comic\android\feature-ocr\src\debug\kotlin', not found
file or directory 'C:\Users\xmeta\projects\Mr.Comic\android\feature-ocr\src\debug\kotlin', not found
file or directory 'C:\Users\xmeta\projects\Mr.Comic\android\feature-ocr\src\debug\java', not found
file or directory 'C:\Users\xmeta\projects\Mr.Comic\android\feature-ocr\src\debug\kotlin', not found
file or directory 'C:\Users\xmeta\projects\Mr.Comic\android\feature-ocr\src\debug\java', not found
file or directory 'C:\Users\xmeta\projects\Mr.Comic\android\feature-ocr\src\main\kotlin', not found
file or directory 'C:\Users\xmeta\projects\Mr.Comic\android\feature-ocr\src\main\kotlin', not found
file or directory 'C:\Users\xmeta\projects\Mr.Comic\android\feature-ocr\src\main\kotlin', not found
file or directory 'C:\Users\xmeta\projects\Mr.Comic\android\feature-ocr\src\debug\java', not found
file or directory 'C:\Users\xmeta\projects\Mr.Comic\android\feature-ocr\src\debug\kotlin', not found
file or directory 'C:\Users\xmeta\projects\Mr.Comic\android\feature-ocr\src\debug\kotlin', not found
file or directory 'C:\Users\xmeta\projects\Mr.Comic\android\feature-ocr\src\debug\java', not found
file or directory 'C:\Users\xmeta\projects\Mr.Comic\android\feature-ocr\src\debug\kotlin', not found
file or directory 'C:\Users\xmeta\projects\Mr.Comic\android\feature-ocr\src\debug\java', not found
file or directory 'C:\Users\xmeta\projects\Mr.Comic\android\feature-ocr\src\main\kotlin', not found
file or directory 'C:\Users\xmeta\projects\Mr.Comic\android\feature-ocr\src\main\kotlin', not found
file or directory 'C:\Users\xmeta\projects\Mr.Comic\android\feature-ocr\src\main\kotlin', not found
file or directory 'C:\Users\xmeta\projects\Mr.Comic\android\feature-ocr\src\debug\java', not found
file or directory 'C:\Users\xmeta\projects\Mr.Comic\android\feature-ocr\src\debug\kotlin', not found
file or directory 'C:\Users\xmeta\projects\Mr.Comic\android\feature-ocr\src\debug\kotlin', not found
file or directory 'C:\Users\xmeta\projects\Mr.Comic\android\feature-ocr\src\debug\java', not found
file or directory 'C:\Users\xmeta\projects\Mr.Comic\android\feature-ocr\src\debug\kotlin', not found
file or directory 'C:\Users\xmeta\projects\Mr.Comic\android\feature-ocr\src\debug\java', not found
file or directory 'C:\Users\xmeta\projects\Mr.Comic\android\feature-ocr\src\main\kotlin', not found
file or directory 'C:\Users\xmeta\projects\Mr.Comic\android\feature-ocr\src\main\kotlin', not found
file or directory 'C:\Users\xmeta\projects\Mr.Comic\android\feature-ocr\src\main\kotlin', not found
file or directory 'C:\Users\xmeta\projects\Mr.Comic\android\feature-ocr\src\debug\java', not found
Kotlin source files: C:\Users\xmeta\projects\Mr.Comic\android\feature-ocr\src\main\java\com\example\feature\ocr\data\OcrEngineImpl.kt, C:\Users\xmeta\projects\Mr.Comic\android\feature-ocr\src\main\java\com\example\feature\ocr\domain\BubbleDetector.kt, C:\Users\xmeta\projects\Mr.Comic\android\feature-ocr\src\main\java\com\example\feature\ocr\domain\OcrEngine.kt, C:\Users\xmeta\projects\Mr.Comic\android\feature-ocr\src\main\java\com\example\feature\ocr\domain\OcrRepository.kt, C:\Users\xmeta\projects\Mr.Comic\android\feature-ocr\src\main\java\com\example\feature\ocr\domain\TextPreprocessor.kt, C:\Users\xmeta\projects\Mr.Comic\android\feature-ocr\src\main\java\com\example\feature\ocr\ui\CameraPreviewScreen.kt, C:\Users\xmeta\projects\Mr.Comic\android\feature-ocr\src\main\java\com\example\feature\ocr\ui\SimpleTranslateScreen.kt, C:\Users\xmeta\projects\Mr.Comic\android\feature-ocr\src\main\java\com\example\feature\ocr\ui\TranslateOcrViewModel.kt
Java source files: C:\Users\xmeta\projects\Mr.Comic\android\feature-ocr\build\generated\ksp\debug\java\com\example\feature\ocr\data\OcrEngineImpl_Factory.java, C:\Users\xmeta\projects\Mr.Comic\android\feature-ocr\build\generated\ksp\debug\java\com\example\feature\ocr\ui\TranslateOcrViewModel_Factory.java, C:\Users\xmeta\projects\Mr.Comic\android\feature-ocr\build\generated\ksp\debug\java\com\example\feature\ocr\ui\TranslateOcrViewModel_HiltModules.java, C:\Users\xmeta\projects\Mr.Comic\android\feature-ocr\build\generated\ksp\debug\java\com\example\feature\ocr\ui\TranslateOcrViewModel_HiltModules_KeyModule_ProvideFactory.java, C:\Users\xmeta\projects\Mr.Comic\android\feature-ocr\build\generated\ksp\debug\java\hilt_aggregated_deps\_com_example_feature_ocr_ui_TranslateOcrViewModel_HiltModules_BindsModule.java, C:\Users\xmeta\projects\Mr.Comic\android\feature-ocr\build\generated\ksp\debug\java\hilt_aggregated_deps\_com_example_feature_ocr_ui_TranslateOcrViewModel_HiltModules_KeyModule.java
Script source files: 
Script file extensions: 
Using Kotlin/JVM incremental compilation
[KOTLIN] Kotlin compilation 'jdkHome' argument: null
i: found daemon on port 17008 (87012 ms old), trying to connect
i: connected to the daemon
Options for KOTLIN DAEMON: IncrementalCompilationOptions(super=CompilationOptions(compilerMode=INCREMENTAL_COMPILER, targetPlatform=JVM, reportCategories=[0, 3], reportSeverity=2, requestedCompilationResults=[0], kotlinScriptExtensions=[]), areFileChangesKnown=true, modifiedFiles=[C:\Users\xmeta\projects\Mr.Comic\android\feature-ocr\src\main\java\com\example\feature\ocr\domain\OcrEngine.kt, C:\Users\xmeta\projects\Mr.Comic\android\feature-ocr\src\main\java\com\example\feature\ocr\domain\BubbleDetector.kt, C:\Users\xmeta\projects\Mr.Comic\android\feature-ocr\src\main\java\com\example\feature\ocr\domain\OcrRepository.kt, C:\Users\xmeta\projects\Mr.Comic\android\feature-ocr\src\main\java\com\example\feature\ocr\domain\TextPreprocessor.kt, C:\Users\xmeta\.gradle\caches\8.10\transforms\793400a4160af0b8246628c0a10a5f4c\transformed\classes_jar-snapshot.bin], deletedFiles=[], classpathChanges=ToBeComputedByIncrementalCompiler, workingDir=C:\Users\xmeta\projects\Mr.Comic\android\feature-ocr\build\kotlin\compileDebugKotlin\cacheable, multiModuleICSettings=MultiModuleICSettings(buildHistoryFile=C:\Users\xmeta\projects\Mr.Comic\android\feature-ocr\build\kotlin\compileDebugKotlin\local-state\build-history.bin, useModuleDetection=true), usePreciseJavaTracking=true, outputFiles=[C:\Users\xmeta\projects\Mr.Comic\android\feature-ocr\build\tmp\kotlin-classes\debug, C:\Users\xmeta\projects\Mr.Comic\android\feature-ocr\build\kotlin\compileDebugKotlin\cacheable, C:\Users\xmeta\projects\Mr.Comic\android\feature-ocr\build\kotlin\compileDebugKotlin\local-state])
e: file:///C:/Users/xmeta/projects/Mr.Comic/android/feature-ocr/src/main/java/com/example/feature/ocr/data/OcrEngineImpl.kt:14:1 Class 'OcrEngineImpl' is not abstract and does not implement abstract member public abstract val displayName: String defined in com.example.feature.ocr.domain.OcrEngine
e: file:///C:/Users/xmeta/projects/Mr.Comic/android/feature-ocr/src/main/java/com/example/feature/ocr/data/OcrEngineImpl.kt:15:5 'recognizeText' overrides nothing
Restoring task outputs to pre-compilation state

> Task :android:feature-ocr:compileDebugKotlin FAILED

FAILURE: Build failed with an exception.

* What went wrong:
Execution failed for task ':android:feature-ocr:compileDebugKotlin'.
> A failure occurred while executing org.jetbrains.kotlin.compilerRunner.GradleCompilerRunnerWithWorkers$GradleKotlinCompilerWorkAction
   > Compilation error. See log for more details

* Try:
> Run with --debug option to get more log output.
> Run with --scan to get full insights.
> Get more help at https://help.gradle.org.

* Exception is:
org.gradle.api.tasks.TaskExecutionException: Execution failed for task ':android:feature-ocr:compileDebugKotlin'.
	at org.gradle.api.internal.tasks.execution.ExecuteActionsTaskExecuter.lambda$executeIfValid$1(ExecuteActionsTaskExecuter.java:130)
	at org.gradle.internal.Try$Failure.ifSuccessfulOrElse(Try.java:293)
	at org.gradle.api.internal.tasks.execution.ExecuteActionsTaskExecuter.executeIfValid(ExecuteActionsTaskExecuter.java:128)
	at org.gradle.api.internal.tasks.execution.ExecuteActionsTaskExecuter.execute(ExecuteActionsTaskExecuter.java:116)
	at org.gradle.api.internal.tasks.execution.FinalizePropertiesTaskExecuter.execute(FinalizePropertiesTaskExecuter.java:46)
	at org.gradle.api.internal.tasks.execution.ResolveTaskExecutionModeExecuter.execute(ResolveTaskExecutionModeExecuter.java:51)
	at org.gradle.api.internal.tasks.execution.SkipTaskWithNoActionsExecuter.execute(SkipTaskWithNoActionsExecuter.java:57)
	at org.gradle.api.internal.tasks.execution.SkipOnlyIfTaskExecuter.execute(SkipOnlyIfTaskExecuter.java:74)
	at org.gradle.api.internal.tasks.execution.CatchExceptionTaskExecuter.execute(CatchExceptionTaskExecuter.java:36)
	at org.gradle.api.internal.tasks.execution.EventFiringTaskExecuter$1.executeTask(EventFiringTaskExecuter.java:77)
	at org.gradle.api.internal.tasks.execution.EventFiringTaskExecuter$1.call(EventFiringTaskExecuter.java:55)
	at org.gradle.api.internal.tasks.execution.EventFiringTaskExecuter$1.call(EventFiringTaskExecuter.java:52)
	at org.gradle.internal.operations.DefaultBuildOperationRunner$CallableBuildOperationWorker.execute(DefaultBuildOperationRunner.java:209)
	at org.gradle.internal.operations.DefaultBuildOperationRunner$CallableBuildOperationWorker.execute(DefaultBuildOperationRunner.java:204)
	at org.gradle.internal.operations.DefaultBuildOperationRunner$2.execute(DefaultBuildOperationRunner.java:66)
	at org.gradle.internal.operations.DefaultBuildOperationRunner$2.execute(DefaultBuildOperationRunner.java:59)
	at org.gradle.internal.operations.DefaultBuildOperationRunner.execute(DefaultBuildOperationRunner.java:166)
	at org.gradle.internal.operations.DefaultBuildOperationRunner.execute(DefaultBuildOperationRunner.java:59)
	at org.gradle.internal.operations.DefaultBuildOperationRunner.call(DefaultBuildOperationRunner.java:53)
	at org.gradle.api.internal.tasks.execution.EventFiringTaskExecuter.execute(EventFiringTaskExecuter.java:52)
	at org.gradle.execution.plan.LocalTaskNodeExecutor.execute(LocalTaskNodeExecutor.java:42)
	at org.gradle.execution.taskgraph.DefaultTaskExecutionGraph$InvokeNodeExecutorsAction.execute(DefaultTaskExecutionGraph.java:331)
	at org.gradle.execution.taskgraph.DefaultTaskExecutionGraph$InvokeNodeExecutorsAction.execute(DefaultTaskExecutionGraph.java:318)
	at org.gradle.execution.taskgraph.DefaultTaskExecutionGraph$BuildOperationAwareExecutionAction.lambda$execute$0(DefaultTaskExecutionGraph.java:314)
	at org.gradle.internal.operations.CurrentBuildOperationRef.with(CurrentBuildOperationRef.java:85)
	at org.gradle.execution.taskgraph.DefaultTaskExecutionGraph$BuildOperationAwareExecutionAction.execute(DefaultTaskExecutionGraph.java:314)
	at org.gradle.execution.taskgraph.DefaultTaskExecutionGraph$BuildOperationAwareExecutionAction.execute(DefaultTaskExecutionGraph.java:303)
	at org.gradle.execution.plan.DefaultPlanExecutor$ExecutorWorker.execute(DefaultPlanExecutor.java:459)
	at org.gradle.execution.plan.DefaultPlanExecutor$ExecutorWorker.run(DefaultPlanExecutor.java:376)
	at org.gradle.internal.concurrent.ExecutorPolicy$CatchAndRecordFailures.onExecute(ExecutorPolicy.java:64)
	at org.gradle.internal.concurrent.AbstractManagedExecutor$1.run(AbstractManagedExecutor.java:48)
Caused by: org.gradle.workers.internal.DefaultWorkerExecutor$WorkExecutionException: A failure occurred while executing org.jetbrains.kotlin.compilerRunner.GradleCompilerRunnerWithWorkers$GradleKotlinCompilerWorkAction
	at org.gradle.workers.internal.DefaultWorkerExecutor$WorkItemExecution.waitForCompletion(DefaultWorkerExecutor.java:287)
	at org.gradle.internal.work.DefaultAsyncWorkTracker.lambda$waitForItemsAndGatherFailures$2(DefaultAsyncWorkTracker.java:130)
	at org.gradle.internal.Factories$1.create(Factories.java:31)
	at org.gradle.internal.work.DefaultWorkerLeaseService.withoutLocks(DefaultWorkerLeaseService.java:335)
	at org.gradle.internal.work.DefaultWorkerLeaseService.withoutLocks(DefaultWorkerLeaseService.java:318)
	at org.gradle.internal.work.DefaultWorkerLeaseService.withoutLock(DefaultWorkerLeaseService.java:323)
	at org.gradle.internal.work.DefaultAsyncWorkTracker.waitForItemsAndGatherFailures(DefaultAsyncWorkTracker.java:126)
	at org.gradle.internal.work.DefaultAsyncWorkTracker.waitForItemsAndGatherFailures(DefaultAsyncWorkTracker.java:92)
	at org.gradle.internal.work.DefaultAsyncWorkTracker.waitForAll(DefaultAsyncWorkTracker.java:78)
	at org.gradle.internal.work.DefaultAsyncWorkTracker.waitForCompletion(DefaultAsyncWorkTracker.java:66)
	at org.gradle.api.internal.tasks.execution.TaskExecution$3.run(TaskExecution.java:252)
	at org.gradle.internal.operations.DefaultBuildOperationRunner$1.execute(DefaultBuildOperationRunner.java:29)
	at org.gradle.internal.operations.DefaultBuildOperationRunner$1.execute(DefaultBuildOperationRunner.java:26)
	at org.gradle.internal.operations.DefaultBuildOperationRunner$2.execute(DefaultBuildOperationRunner.java:66)
	at org.gradle.internal.operations.DefaultBuildOperationRunner$2.execute(DefaultBuildOperationRunner.java:59)
	at org.gradle.internal.operations.DefaultBuildOperationRunner.execute(DefaultBuildOperationRunner.java:166)
	at org.gradle.internal.operations.DefaultBuildOperationRunner.execute(DefaultBuildOperationRunner.java:59)
	at org.gradle.internal.operations.DefaultBuildOperationRunner.run(DefaultBuildOperationRunner.java:47)
	at org.gradle.api.internal.tasks.execution.TaskExecution.executeAction(TaskExecution.java:229)
	at org.gradle.api.internal.tasks.execution.TaskExecution.executeActions(TaskExecution.java:212)
	at org.gradle.api.internal.tasks.execution.TaskExecution.executeWithPreviousOutputFiles(TaskExecution.java:195)
	at org.gradle.api.internal.tasks.execution.TaskExecution.execute(TaskExecution.java:162)
	at org.gradle.internal.execution.steps.ExecuteStep.executeInternal(ExecuteStep.java:105)
	at org.gradle.internal.execution.steps.ExecuteStep.access$000(ExecuteStep.java:44)
	at org.gradle.internal.execution.steps.ExecuteStep$1.call(ExecuteStep.java:59)
	at org.gradle.internal.execution.steps.ExecuteStep$1.call(ExecuteStep.java:56)
	at org.gradle.internal.operations.DefaultBuildOperationRunner$CallableBuildOperationWorker.execute(DefaultBuildOperationRunner.java:209)
	at org.gradle.internal.operations.DefaultBuildOperationRunner$CallableBuildOperationWorker.execute(DefaultBuildOperationRunner.java:204)
	at org.gradle.internal.operations.DefaultBuildOperationRunner$2.execute(DefaultBuildOperationRunner.java:66)
	at org.gradle.internal.operations.DefaultBuildOperationRunner$2.execute(DefaultBuildOperationRunner.java:59)
	at org.gradle.internal.operations.DefaultBuildOperationRunner.execute(DefaultBuildOperationRunner.java:166)
	at org.gradle.internal.operations.DefaultBuildOperationRunner.execute(DefaultBuildOperationRunner.java:59)
	at org.gradle.internal.operations.DefaultBuildOperationRunner.call(DefaultBuildOperationRunner.java:53)
	at org.gradle.internal.execution.steps.ExecuteStep.execute(ExecuteStep.java:56)
	at org.gradle.internal.execution.steps.ExecuteStep.execute(ExecuteStep.java:44)
	at org.gradle.internal.execution.steps.CancelExecutionStep.execute(CancelExecutionStep.java:42)
	at org.gradle.internal.execution.steps.TimeoutStep.executeWithoutTimeout(TimeoutStep.java:75)
	at org.gradle.internal.execution.steps.TimeoutStep.execute(TimeoutStep.java:55)
	at org.gradle.internal.execution.steps.PreCreateOutputParentsStep.execute(PreCreateOutputParentsStep.java:50)
	at org.gradle.internal.execution.steps.PreCreateOutputParentsStep.execute(PreCreateOutputParentsStep.java:28)
	at org.gradle.internal.execution.steps.RemovePreviousOutputsStep.execute(RemovePreviousOutputsStep.java:67)
	at org.gradle.internal.execution.steps.RemovePreviousOutputsStep.execute(RemovePreviousOutputsStep.java:37)
	at org.gradle.internal.execution.steps.BroadcastChangingOutputsStep.execute(BroadcastChangingOutputsStep.java:61)
	at org.gradle.internal.execution.steps.BroadcastChangingOutputsStep.execute(BroadcastChangingOutputsStep.java:26)
	at org.gradle.internal.execution.steps.CaptureOutputsAfterExecutionStep.execute(CaptureOutputsAfterExecutionStep.java:69)
	at org.gradle.internal.execution.steps.CaptureOutputsAfterExecutionStep.execute(CaptureOutputsAfterExecutionStep.java:46)
	at org.gradle.internal.execution.steps.ResolveInputChangesStep.execute(ResolveInputChangesStep.java:40)
	at org.gradle.internal.execution.steps.ResolveInputChangesStep.execute(ResolveInputChangesStep.java:29)
	at org.gradle.internal.execution.steps.BuildCacheStep.executeWithoutCache(BuildCacheStep.java:189)
	at org.gradle.internal.execution.steps.BuildCacheStep.executeAndStoreInCache(BuildCacheStep.java:145)
	at org.gradle.internal.execution.steps.BuildCacheStep.lambda$executeWithCache$4(BuildCacheStep.java:101)
	at org.gradle.internal.execution.steps.BuildCacheStep.lambda$executeWithCache$5(BuildCacheStep.java:101)
	at org.gradle.internal.Try$Success.map(Try.java:175)
	at org.gradle.internal.execution.steps.BuildCacheStep.executeWithCache(BuildCacheStep.java:85)
	at org.gradle.internal.execution.steps.BuildCacheStep.lambda$execute$0(BuildCacheStep.java:74)
	at org.gradle.internal.Either$Left.fold(Either.java:115)
	at org.gradle.internal.execution.caching.CachingState.fold(CachingState.java:62)
	at org.gradle.internal.execution.steps.BuildCacheStep.execute(BuildCacheStep.java:73)
	at org.gradle.internal.execution.steps.BuildCacheStep.execute(BuildCacheStep.java:48)
	at org.gradle.internal.execution.steps.StoreExecutionStateStep.execute(StoreExecutionStateStep.java:46)
	at org.gradle.internal.execution.steps.StoreExecutionStateStep.execute(StoreExecutionStateStep.java:35)
	at org.gradle.internal.execution.steps.SkipUpToDateStep.executeBecause(SkipUpToDateStep.java:75)
	at org.gradle.internal.execution.steps.SkipUpToDateStep.lambda$execute$2(SkipUpToDateStep.java:53)
	at org.gradle.internal.execution.steps.SkipUpToDateStep.execute(SkipUpToDateStep.java:53)
	at org.gradle.internal.execution.steps.SkipUpToDateStep.execute(SkipUpToDateStep.java:35)
	at org.gradle.internal.execution.steps.legacy.MarkSnapshottingInputsFinishedStep.execute(MarkSnapshottingInputsFinishedStep.java:37)
	at org.gradle.internal.execution.steps.legacy.MarkSnapshottingInputsFinishedStep.execute(MarkSnapshottingInputsFinishedStep.java:27)
	at org.gradle.internal.execution.steps.ResolveIncrementalCachingStateStep.executeDelegate(ResolveIncrementalCachingStateStep.java:49)
	at org.gradle.internal.execution.steps.ResolveIncrementalCachingStateStep.executeDelegate(ResolveIncrementalCachingStateStep.java:27)
	at org.gradle.internal.execution.steps.AbstractResolveCachingStateStep.execute(AbstractResolveCachingStateStep.java:71)
	at org.gradle.internal.execution.steps.AbstractResolveCachingStateStep.execute(AbstractResolveCachingStateStep.java:39)
	at org.gradle.internal.execution.steps.ResolveChangesStep.execute(ResolveChangesStep.java:65)
	at org.gradle.internal.execution.steps.ResolveChangesStep.execute(ResolveChangesStep.java:36)
	at org.gradle.internal.execution.steps.ValidateStep.execute(ValidateStep.java:107)
	at org.gradle.internal.execution.steps.ValidateStep.execute(ValidateStep.java:56)
	at org.gradle.internal.execution.steps.AbstractCaptureStateBeforeExecutionStep.execute(AbstractCaptureStateBeforeExecutionStep.java:64)
	at org.gradle.internal.execution.steps.AbstractCaptureStateBeforeExecutionStep.execute(AbstractCaptureStateBeforeExecutionStep.java:43)
	at org.gradle.internal.execution.steps.AbstractSkipEmptyWorkStep.executeWithNonEmptySources(AbstractSkipEmptyWorkStep.java:125)
	at org.gradle.internal.execution.steps.AbstractSkipEmptyWorkStep.execute(AbstractSkipEmptyWorkStep.java:61)
	at org.gradle.internal.execution.steps.AbstractSkipEmptyWorkStep.execute(AbstractSkipEmptyWorkStep.java:36)
	at org.gradle.internal.execution.steps.legacy.MarkSnapshottingInputsStartedStep.execute(MarkSnapshottingInputsStartedStep.java:38)
	at org.gradle.internal.execution.steps.LoadPreviousExecutionStateStep.execute(LoadPreviousExecutionStateStep.java:36)
	at org.gradle.internal.execution.steps.LoadPreviousExecutionStateStep.execute(LoadPreviousExecutionStateStep.java:23)
	at org.gradle.internal.execution.steps.HandleStaleOutputsStep.execute(HandleStaleOutputsStep.java:75)
	at org.gradle.internal.execution.steps.HandleStaleOutputsStep.execute(HandleStaleOutputsStep.java:41)
	at org.gradle.internal.execution.steps.AssignMutableWorkspaceStep.lambda$execute$0(AssignMutableWorkspaceStep.java:35)
	at org.gradle.api.internal.tasks.execution.TaskExecution$4.withWorkspace(TaskExecution.java:289)
	at org.gradle.internal.execution.steps.AssignMutableWorkspaceStep.execute(AssignMutableWorkspaceStep.java:31)
	at org.gradle.internal.execution.steps.AssignMutableWorkspaceStep.execute(AssignMutableWorkspaceStep.java:22)
	at org.gradle.internal.execution.steps.ChoosePipelineStep.execute(ChoosePipelineStep.java:40)
	at org.gradle.internal.execution.steps.ChoosePipelineStep.execute(ChoosePipelineStep.java:23)
	at org.gradle.internal.execution.steps.ExecuteWorkBuildOperationFiringStep.lambda$execute$2(ExecuteWorkBuildOperationFiringStep.java:67)
	at org.gradle.internal.execution.steps.ExecuteWorkBuildOperationFiringStep.execute(ExecuteWorkBuildOperationFiringStep.java:67)
	at org.gradle.internal.execution.steps.ExecuteWorkBuildOperationFiringStep.execute(ExecuteWorkBuildOperationFiringStep.java:39)
	at org.gradle.internal.execution.steps.IdentityCacheStep.execute(IdentityCacheStep.java:46)
	at org.gradle.internal.execution.steps.IdentityCacheStep.execute(IdentityCacheStep.java:34)
	at org.gradle.internal.execution.steps.IdentifyStep.execute(IdentifyStep.java:48)
	at org.gradle.internal.execution.steps.IdentifyStep.execute(IdentifyStep.java:35)
	at org.gradle.internal.execution.impl.DefaultExecutionEngine$1.execute(DefaultExecutionEngine.java:61)
	at org.gradle.api.internal.tasks.execution.ExecuteActionsTaskExecuter.executeIfValid(ExecuteActionsTaskExecuter.java:127)
	at org.gradle.api.internal.tasks.execution.ExecuteActionsTaskExecuter.execute(ExecuteActionsTaskExecuter.java:116)
	at org.gradle.api.internal.tasks.execution.FinalizePropertiesTaskExecuter.execute(FinalizePropertiesTaskExecuter.java:46)
	at org.gradle.api.internal.tasks.execution.ResolveTaskExecutionModeExecuter.execute(ResolveTaskExecutionModeExecuter.java:51)
	at org.gradle.api.internal.tasks.execution.SkipTaskWithNoActionsExecuter.execute(SkipTaskWithNoActionsExecuter.java:57)
	at org.gradle.api.internal.tasks.execution.SkipOnlyIfTaskExecuter.execute(SkipOnlyIfTaskExecuter.java:74)
	at org.gradle.api.internal.tasks.execution.CatchExceptionTaskExecuter.execute(CatchExceptionTaskExecuter.java:36)
	at org.gradle.api.internal.tasks.execution.EventFiringTaskExecuter$1.executeTask(EventFiringTaskExecuter.java:77)
	at org.gradle.api.internal.tasks.execution.EventFiringTaskExecuter$1.call(EventFiringTaskExecuter.java:55)
	at org.gradle.api.internal.tasks.execution.EventFiringTaskExecuter$1.call(EventFiringTaskExecuter.java:52)
	at org.gradle.internal.operations.DefaultBuildOperationRunner$CallableBuildOperationWorker.execute(DefaultBuildOperationRunner.java:209)
	at org.gradle.internal.operations.DefaultBuildOperationRunner$CallableBuildOperationWorker.execute(DefaultBuildOperationRunner.java:204)
	at org.gradle.internal.operations.DefaultBuildOperationRunner$2.execute(DefaultBuildOperationRunner.java:66)
	at org.gradle.internal.operations.DefaultBuildOperationRunner$2.execute(DefaultBuildOperationRunner.java:59)
	at org.gradle.internal.operations.DefaultBuildOperationRunner.execute(DefaultBuildOperationRunner.java:166)
	at org.gradle.internal.operations.DefaultBuildOperationRunner.execute(DefaultBuildOperationRunner.java:59)
	at org.gradle.internal.operations.DefaultBuildOperationRunner.call(DefaultBuildOperationRunner.java:53)
	at org.gradle.api.internal.tasks.execution.EventFiringTaskExecuter.execute(EventFiringTaskExecuter.java:52)
	at org.gradle.execution.plan.LocalTaskNodeExecutor.execute(LocalTaskNodeExecutor.java:42)
	at org.gradle.execution.taskgraph.DefaultTaskExecutionGraph$InvokeNodeExecutorsAction.execute(DefaultTaskExecutionGraph.java:331)
	at org.gradle.execution.taskgraph.DefaultTaskExecutionGraph$InvokeNodeExecutorsAction.execute(DefaultTaskExecutionGraph.java:318)
	at org.gradle.execution.taskgraph.DefaultTaskExecutionGraph$BuildOperationAwareExecutionAction.lambda$execute$0(DefaultTaskExecutionGraph.java:314)
	at org.gradle.internal.operations.CurrentBuildOperationRef.with(CurrentBuildOperationRef.java:85)
	at org.gradle.execution.taskgraph.DefaultTaskExecutionGraph$BuildOperationAwareExecutionAction.execute(DefaultTaskExecutionGraph.java:314)
	at org.gradle.execution.taskgraph.DefaultTaskExecutionGraph$BuildOperationAwareExecutionAction.execute(DefaultTaskExecutionGraph.java:303)
	at org.gradle.execution.plan.DefaultPlanExecutor$ExecutorWorker.execute(DefaultPlanExecutor.java:459)
	at org.gradle.execution.plan.DefaultPlanExecutor$ExecutorWorker.run(DefaultPlanExecutor.java:376)
	at org.gradle.internal.concurrent.ExecutorPolicy$CatchAndRecordFailures.onExecute(ExecutorPolicy.java:64)
	at org.gradle.internal.concurrent.AbstractManagedExecutor$1.run(AbstractManagedExecutor.java:48)
Caused by: org.jetbrains.kotlin.gradle.tasks.CompilationErrorException: Compilation error. See log for more details
	at org.jetbrains.kotlin.gradle.tasks.TasksUtilsKt.throwExceptionIfCompilationFailed(tasksUtils.kt:20)
	at org.jetbrains.kotlin.compilerRunner.GradleKotlinCompilerWork.run(GradleKotlinCompilerWork.kt:141)
	at org.jetbrains.kotlin.compilerRunner.GradleCompilerRunnerWithWorkers$GradleKotlinCompilerWorkAction.execute(GradleCompilerRunnerWithWorkers.kt:73)
	at org.gradle.workers.internal.DefaultWorkerServer.execute(DefaultWorkerServer.java:63)
	at org.gradle.workers.internal.NoIsolationWorkerFactory$1$1.create(NoIsolationWorkerFactory.java:66)
	at org.gradle.workers.internal.NoIsolationWorkerFactory$1$1.create(NoIsolationWorkerFactory.java:62)
	at org.gradle.internal.classloader.ClassLoaderUtils.executeInClassloader(ClassLoaderUtils.java:100)
	at org.gradle.workers.internal.NoIsolationWorkerFactory$1.lambda$execute$0(NoIsolationWorkerFactory.java:62)
	at org.gradle.workers.internal.AbstractWorker$1.call(AbstractWorker.java:44)
	at org.gradle.workers.internal.AbstractWorker$1.call(AbstractWorker.java:41)
	at org.gradle.internal.operations.DefaultBuildOperationRunner$CallableBuildOperationWorker.execute(DefaultBuildOperationRunner.java:209)
	at org.gradle.internal.operations.DefaultBuildOperationRunner$CallableBuildOperationWorker.execute(DefaultBuildOperationRunner.java:204)
	at org.gradle.internal.operations.DefaultBuildOperationRunner$2.execute(DefaultBuildOperationRunner.java:66)
	at org.gradle.internal.operations.DefaultBuildOperationRunner$2.execute(DefaultBuildOperationRunner.java:59)
	at org.gradle.internal.operations.DefaultBuildOperationRunner.execute(DefaultBuildOperationRunner.java:166)
	at org.gradle.internal.operations.DefaultBuildOperationRunner.execute(DefaultBuildOperationRunner.java:59)
	at org.gradle.internal.operations.DefaultBuildOperationRunner.call(DefaultBuildOperationRunner.java:53)
	at org.gradle.workers.internal.AbstractWorker.executeWrappedInBuildOperation(AbstractWorker.java:41)
	at org.gradle.workers.internal.NoIsolationWorkerFactory$1.execute(NoIsolationWorkerFactory.java:59)
	at org.gradle.workers.internal.DefaultWorkerExecutor.lambda$submitWork$0(DefaultWorkerExecutor.java:174)
	at org.gradle.internal.work.DefaultConditionalExecutionQueue$ExecutionRunner.runExecution(DefaultConditionalExecutionQueue.java:194)
	at org.gradle.internal.work.DefaultConditionalExecutionQueue$ExecutionRunner.access$700(DefaultConditionalExecutionQueue.java:127)
	at org.gradle.internal.work.DefaultConditionalExecutionQueue$ExecutionRunner$1.run(DefaultConditionalExecutionQueue.java:169)
	at org.gradle.internal.Factories$1.create(Factories.java:31)
	at org.gradle.internal.work.DefaultWorkerLeaseService.withLocks(DefaultWorkerLeaseService.java:263)
	at org.gradle.internal.work.DefaultWorkerLeaseService.runAsWorkerThread(DefaultWorkerLeaseService.java:127)
	at org.gradle.internal.work.DefaultWorkerLeaseService.runAsWorkerThread(DefaultWorkerLeaseService.java:132)
	at org.gradle.internal.work.DefaultConditionalExecutionQueue$ExecutionRunner.runBatch(DefaultConditionalExecutionQueue.java:164)
	at org.gradle.internal.work.DefaultConditionalExecutionQueue$ExecutionRunner.run(DefaultConditionalExecutionQueue.java:133)
	... 2 more


Deprecated Gradle features were used in this build, making it incompatible with Gradle 9.0.

You can use '--warning-mode all' to show the individual deprecation warnings and determine if they come from your own scripts or plugins.

For more on this, please refer to https://docs.gradle.org/8.10/userguide/command_line_interface.html#sec:command_line_warnings in the Gradle documentation.

BUILD FAILED in 59s
39 actionable tasks: 5 executed, 34 up-to-date
Watched directory hierarchies: [C:\Users\xmeta\projects\Mr.Comic]
