#
# There is insufficient memory for the Java Runtime Environment to continue.
# Native memory allocation (malloc) failed to allocate 1550576 bytes. Error detail: Chunk::new
# Possible reasons:
#   The system is out of physical RAM or swap space
#   This process is running with CompressedOops enabled, and the Java Heap may be blocking the growth of the native heap
# Possible solutions:
#   Reduce memory load on the system
#   Increase physical memory or swap space
#   Check if swap backing store is full
#   Decrease Java heap size (-Xmx/-Xms)
#   Decrease number of Java threads
#   Decrease Java thread stack sizes (-Xss)
#   Set larger code cache with -XX:ReservedCodeCacheSize=
#   JVM is running with Unscaled Compressed Oops mode in which the Java heap is
#     placed in the first 4GB address space. The Java Heap base address is the
#     maximum limit for the native heap growth. Please use -XX:HeapBaseMinAddress
#     to set the Java Heap base and to place the Java Heap above 4GB virtual address.
# This output file may be truncated or incomplete.
#
#  Out of Memory Error (arena.cpp:191), pid=23396, tid=27660
#
# JRE version: OpenJDK Runtime Environment Microsoft-11369865 (17.0.15+6) (build 17.0.15+6-LTS)
# Java VM: OpenJDK 64-Bit Server VM Microsoft-11369865 (17.0.15+6-LTS, mixed mode, sharing, tiered, compressed oops, compressed class ptrs, g1 gc, windows-amd64)
# No core dump will be written. Minidumps are not enabled by default on client versions of Windows
#

---------------  S U M M A R Y ------------

Command Line: --add-opens=java.base/java.util=ALL-UNNAMED --add-opens=java.base/java.lang=ALL-UNNAMED --add-opens=java.base/java.lang.invoke=ALL-UNNAMED --add-opens=java.prefs/java.util.prefs=ALL-UNNAMED --add-exports=jdk.compiler/com.sun.tools.javac.api=ALL-UNNAMED --add-exports=jdk.compiler/com.sun.tools.javac.util=ALL-UNNAMED --add-opens=java.base/java.nio.charset=ALL-UNNAMED --add-opens=java.base/java.net=ALL-UNNAMED --add-opens=java.base/java.util.concurrent.atomic=ALL-UNNAMED -Xmx1536M -Dfile.encoding=windows-1251 -Duser.country=RU -Duser.language=ru -Duser.variant -javaagent:C:\Users\xmeta\.gradle\wrapper\dists\gradle-8.10-bin\deqhafrv1ntovfmgh0nh3npr9\gradle-8.10\lib\agents\gradle-instrumentation-agent-8.10.jar org.gradle.launcher.daemon.bootstrap.GradleDaemon 8.10

Host: Intel(R) Core(TM) i7-8750H CPU @ 2.20GHz, 12 cores, 31G,  Windows 11 , 64 bit Build 26100 (10.0.26100.6972)
Time: Wed Oct 22 06:45:39 2025  Windows 11 , 64 bit Build 26100 (10.0.26100.6972) elapsed time: 71.941019 seconds (0d 0h 1m 11s)

---------------  T H R E A D  ---------------

Current thread (0x000001cb72fca5b0):  JavaThread "C2 CompilerThread1" daemon [_thread_in_native, id=27660, stack(0x00000027a3700000,0x00000027a3800000)]


Current CompileTask:
C2:  71941 20700       4       org.gradle.api.internal.artifacts.transform.AttributeMatchingArtifactVariantSelector::doSelect (285 bytes)

Stack: [0x00000027a3700000,0x00000027a3800000]
Native frames: (J=compiled Java code, j=interpreted, Vv=VM code, C=native code)
V  [jvm.dll+0x6887a9]
V  [jvm.dll+0x83f5a8]
V  [jvm.dll+0x841053]
V  [jvm.dll+0x8416c3]
V  [jvm.dll+0x2496ef]
V  [jvm.dll+0xad134]
V  [jvm.dll+0xad7cc]
V  [jvm.dll+0x36aedf]
V  [jvm.dll+0x1bce62]
V  [jvm.dll+0x21aa7c]
V  [jvm.dll+0x219d3f]
V  [jvm.dll+0x1a55f6]
V  [jvm.dll+0x22a39a]
V  [jvm.dll+0x2284db]
V  [jvm.dll+0x7f4e28]
V  [jvm.dll+0x7ef2dc]
V  [jvm.dll+0x687687]
C  [ucrtbase.dll+0x37b0]
C  [KERNEL32.DLL+0x2e8d7]
C  [ntdll.dll+0x8c53c]


---------------  P R O C E S S  ---------------

Threads class SMR info:
_java_thread_list=0x000001cb75ae4be0, length=172, elements={
0x000001cb4e7367a0, 0x000001cb6bdf01c0, 0x000001cb6bdf2ab0, 0x000001cb6be0fb90,
0x000001cb6be10460, 0x000001cb6be10d30, 0x000001cb6be13610, 0x000001cb6be14210,
0x000001cb6be14b20, 0x000001cb6be16170, 0x000001cb6bf310c0, 0x000001cb6bf33940,
0x000001cb6bf33430, 0x000001cb6bf315d0, 0x000001cb6bf32500, 0x000001cb6bf32a10,
0x000001cb6bf32f20, 0x000001cb6bf30190, 0x000001cb6bf30bb0, 0x000001cb71fc4d60,
0x000001cb71fc5270, 0x000001cb71fc4340, 0x000001cb71fc5c90, 0x000001cb71fc4850,
0x000001cb71fc6bc0, 0x000001cb71fc3e30, 0x000001cb71fc61a0, 0x000001cb71fc75e0,
0x000001cb71fc8510, 0x000001cb71fc7af0, 0x000001cb71fc5780, 0x000001cb71fc9950,
0x000001cb71fcb7b0, 0x000001cb71fcad90, 0x000001cb71fc9440, 0x000001cb71fca370,
0x000001cb71fcb2a0, 0x000001cb6bf31ae0, 0x000001cb6bf306a0, 0x000001cb73d09430,
0x000001cb73d09940, 0x000001cb73d09e50, 0x000001cb73d0a360, 0x000001cb73d0a870,
0x000001cb73d0ad80, 0x000001cb73d08a10, 0x000001cb73d075d0, 0x000001cb73d07ff0,
0x000001cb73d08f20, 0x000001cb73d0b290, 0x000001cb73d07ae0, 0x000001cb73d0b7a0,
0x000001cb73d0bcb0, 0x000001cb73d08500, 0x000001cb73d0db10, 0x000001cb73d0ea40,
0x000001cb73d0c6d0, 0x000001cb73d0c1c0, 0x000001cb73d0e530, 0x000001cb73d0cbe0,
0x000001cb73d0ef50, 0x000001cb73d0d0f0, 0x000001cb724eb390, 0x000001cb724ebdb0,
0x000001cb724ea970, 0x000001cb724eae80, 0x000001cb724ec7d0, 0x000001cb724ed1f0,
0x000001cb72fca5b0, 0x000001cb72fca060, 0x000001cb7334f780, 0x000001cb73350bc0,
0x000001cb73352000, 0x000001cb7334e850, 0x000001cb73352510, 0x000001cb7334ed60,
0x000001cb73353440, 0x000001cb73352a20, 0x000001cb73352f30, 0x000001cb7334fc90,
0x000001cb73353e60, 0x000001cb73353950, 0x000001cb733506b0, 0x000001cb73354370,
0x000001cb73354880, 0x000001cb73354d90, 0x000001cb733552a0, 0x000001cb733557b0,
0x000001cb73355cc0, 0x000001cb724eff80, 0x000001cb71fc9e60, 0x000001cb76172f90,
0x000001cb761734a0, 0x000001cb76174df0, 0x000001cb76172060, 0x000001cb76175300,
0x000001cb761739b0, 0x000001cb761743d0, 0x000001cb76172570, 0x000001cb761748e0,
0x000001cb76175810, 0x000001cb76175d20, 0x000001cb76176230, 0x000001cb76172a80,
0x000001cb76177160, 0x000001cb76176740, 0x000001cb76173ec0, 0x000001cb761794d0,
0x000001cb761799e0, 0x000001cb76176c50, 0x000001cb76177b80, 0x000001cb76177670,
0x000001cb76178090, 0x000001cb761785a0, 0x000001cb76178ab0, 0x000001cb76178fc0,
0x000001cb75d3fb10, 0x000001cb75d432c0, 0x000001cb75d40a40, 0x000001cb75d40f50,
0x000001cb75d40020, 0x000001cb75d437d0, 0x000001cb75d42db0, 0x000001cb75d41970,
0x000001cb75d43ce0, 0x000001cb75d41460, 0x000001cb75d41e80, 0x000001cb75d42390,
0x000001cb75d428a0, 0x000001cb75d40530, 0x000001cb75d47490, 0x000001cb75d44c10,
0x000001cb75d44700, 0x000001cb75d441f0, 0x000001cb75d45630, 0x000001cb75d46a70,
0x000001cb75d45120, 0x000001cb75d46f80, 0x000001cb75d46560, 0x000001cb75d45b40,
0x000001cb75d46050, 0x000001cb7241a2c0, 0x000001cb72417020, 0x000001cb724198a0,
0x000001cb7241a7d0, 0x000001cb7241ace0, 0x000001cb72417f50, 0x000001cb72419db0,
0x000001cb72417530, 0x000001cb7241b1f0, 0x000001cb72418970, 0x000001cb72417a40,
0x000001cb7241b700, 0x000001cb72418460, 0x000001cb72418e80, 0x000001cb7241df80,
0x000001cb7241c120, 0x000001cb7241c630, 0x000001cb7241d560, 0x000001cb7241d050,
0x000001cb7241bc10, 0x000001cb7241e490, 0x000001cb7241cb40, 0x000001cb7241da70,
0x000001cb7241e9a0, 0x000001cb72bb9240, 0x000001cb72bb5a90, 0x000001cb72bb8310,
0x000001cb72bb5fa0, 0x000001cb72bb8820, 0x000001cb72bb7e00, 0x000001cb72bb64b0
}

Java Threads: ( => current thread )
  0x000001cb4e7367a0 JavaThread "main" [_thread_blocked, id=13808, stack(0x00000027a0e00000,0x00000027a0f00000)]
  0x000001cb6bdf01c0 JavaThread "Reference Handler" daemon [_thread_blocked, id=34076, stack(0x00000027a1500000,0x00000027a1600000)]
  0x000001cb6bdf2ab0 JavaThread "Finalizer" daemon [_thread_blocked, id=34532, stack(0x00000027a1600000,0x00000027a1700000)]
  0x000001cb6be0fb90 JavaThread "Signal Dispatcher" daemon [_thread_blocked, id=33776, stack(0x00000027a1700000,0x00000027a1800000)]
  0x000001cb6be10460 JavaThread "Attach Listener" daemon [_thread_blocked, id=31416, stack(0x00000027a1800000,0x00000027a1900000)]
  0x000001cb6be10d30 JavaThread "Service Thread" daemon [_thread_blocked, id=2924, stack(0x00000027a1900000,0x00000027a1a00000)]
  0x000001cb6be13610 JavaThread "Monitor Deflation Thread" daemon [_thread_blocked, id=25516, stack(0x00000027a1a00000,0x00000027a1b00000)]
  0x000001cb6be14210 JavaThread "C2 CompilerThread0" daemon [_thread_in_native, id=27480, stack(0x00000027a1b00000,0x00000027a1c00000)]
  0x000001cb6be14b20 JavaThread "C1 CompilerThread0" daemon [_thread_blocked, id=16556, stack(0x00000027a1c00000,0x00000027a1d00000)]
  0x000001cb6be16170 JavaThread "Sweeper thread" daemon [_thread_blocked, id=28244, stack(0x00000027a1d00000,0x00000027a1e00000)]
  0x000001cb6bf310c0 JavaThread "Common-Cleaner" daemon [_thread_blocked, id=16388, stack(0x00000027a1e00000,0x00000027a1f00000)]
  0x000001cb6bf33940 JavaThread "Notification Thread" daemon [_thread_blocked, id=10784, stack(0x00000027a2000000,0x00000027a2100000)]
  0x000001cb6bf33430 JavaThread "Daemon health stats" [_thread_blocked, id=33368, stack(0x00000027a2200000,0x00000027a2300000)]
  0x000001cb6bf315d0 JavaThread "Incoming local TCP Connector on port 4981" [_thread_in_native, id=20376, stack(0x00000027a1f00000,0x00000027a2000000)]
  0x000001cb6bf32500 JavaThread "Daemon periodic checks" [_thread_blocked, id=23208, stack(0x00000027a2c00000,0x00000027a2d00000)]
  0x000001cb6bf32a10 JavaThread "Daemon" [_thread_blocked, id=28428, stack(0x00000027a2d00000,0x00000027a2e00000)]
  0x000001cb6bf32f20 JavaThread "Handler for socket connection from /127.0.0.1:4981 to /127.0.0.1:4982" [_thread_in_native, id=11304, stack(0x00000027a2e00000,0x00000027a2f00000)]
  0x000001cb6bf30190 JavaThread "Cancel handler" [_thread_blocked, id=9412, stack(0x00000027a2f00000,0x00000027a3000000)]
  0x000001cb6bf30bb0 JavaThread "Daemon worker" [_thread_blocked, id=17656, stack(0x00000027a3000000,0x00000027a3100000)]
  0x000001cb71fc4d60 JavaThread "Asynchronous log dispatcher for DefaultDaemonConnection: socket connection from /127.0.0.1:4981 to /127.0.0.1:4982" [_thread_blocked, id=28788, stack(0x00000027a3100000,0x00000027a3200000)]
  0x000001cb71fc5270 JavaThread "Stdin handler" [_thread_blocked, id=10056, stack(0x00000027a3200000,0x00000027a3300000)]
  0x000001cb71fc4340 JavaThread "Daemon client event forwarder" [_thread_blocked, id=32876, stack(0x00000027a3300000,0x00000027a3400000)]
  0x000001cb71fc5c90 JavaThread "Cache worker for journal cache (C:\Users\xmeta\.gradle\caches\journal-1)" [_thread_blocked, id=36316, stack(0x00000027a3400000,0x00000027a3500000)]
  0x000001cb71fc4850 JavaThread "File lock request listener" [_thread_in_native, id=1600, stack(0x00000027a3500000,0x00000027a3600000)]
  0x000001cb71fc6bc0 JavaThread "Cache worker for file hash cache (C:\Users\xmeta\.gradle\caches\8.10\fileHashes)" [_thread_blocked, id=21408, stack(0x00000027a3600000,0x00000027a3700000)]
  0x000001cb71fc3e30 JavaThread "Cache worker for file hash cache (C:\Users\xmeta\projects\Mr.Comic\.gradle\8.10\fileHashes)" [_thread_blocked, id=4316, stack(0x00000027a3900000,0x00000027a3a00000)]
  0x000001cb71fc61a0 JavaThread "Cache worker for Build Output Cleanup Cache (C:\Users\xmeta\projects\Mr.Comic\.gradle\buildOutputCleanup)" [_thread_blocked, id=20416, stack(0x00000027a3a00000,0x00000027a3b00000)]
  0x000001cb71fc75e0 JavaThread "File watcher server" daemon [_thread_in_native, id=22688, stack(0x00000027a3800000,0x00000027a3900000)]
  0x000001cb71fc8510 JavaThread "File watcher consumer" daemon [_thread_blocked, id=33308, stack(0x00000027a3d00000,0x00000027a3e00000)]
  0x000001cb71fc7af0 JavaThread "Cache worker for checksums cache (C:\Users\xmeta\projects\Mr.Comic\.gradle\8.10\checksums)" [_thread_blocked, id=6488, stack(0x00000027a3e00000,0x00000027a3f00000)]
  0x000001cb71fc5780 JavaThread "Cache worker for file content cache (C:\Users\xmeta\.gradle\caches\8.10\fileContent)" [_thread_blocked, id=10916, stack(0x00000027a3f00000,0x00000027a4000000)]
  0x000001cb71fc9950 JavaThread "Cache worker for cache directory md-rule (C:\Users\xmeta\.gradle\caches\8.10\md-rule)" [_thread_blocked, id=36280, stack(0x00000027a4100000,0x00000027a4200000)]
  0x000001cb71fcb7b0 JavaThread "Cache worker for cache directory md-supplier (C:\Users\xmeta\.gradle\caches\8.10\md-supplier)" [_thread_blocked, id=11892, stack(0x00000027a4200000,0x00000027a4300000)]
  0x000001cb71fcad90 JavaThread "Unconstrained build operations" [_thread_blocked, id=25128, stack(0x00000027a4000000,0x00000027a4100000)]
  0x000001cb71fc9440 JavaThread "Unconstrained build operations Thread 2" [_thread_blocked, id=23400, stack(0x00000027a4300000,0x00000027a4400000)]
  0x000001cb71fca370 JavaThread "Unconstrained build operations Thread 3" [_thread_blocked, id=9288, stack(0x00000027a4400000,0x00000027a4500000)]
  0x000001cb71fcb2a0 JavaThread "Unconstrained build operations Thread 4" [_thread_blocked, id=33016, stack(0x00000027a4500000,0x00000027a4600000)]
  0x000001cb6bf31ae0 JavaThread "Unconstrained build operations Thread 5" [_thread_blocked, id=29536, stack(0x00000027a4600000,0x00000027a4700000)]
  0x000001cb6bf306a0 JavaThread "Unconstrained build operations Thread 6" [_thread_blocked, id=36208, stack(0x00000027a4700000,0x00000027a4800000)]
  0x000001cb73d09430 JavaThread "Unconstrained build operations Thread 7" [_thread_blocked, id=29156, stack(0x00000027a4800000,0x00000027a4900000)]
  0x000001cb73d09940 JavaThread "Unconstrained build operations Thread 8" [_thread_blocked, id=32464, stack(0x00000027a4900000,0x00000027a4a00000)]
  0x000001cb73d09e50 JavaThread "Unconstrained build operations Thread 9" [_thread_blocked, id=17016, stack(0x00000027a4a00000,0x00000027a4b00000)]
  0x000001cb73d0a360 JavaThread "Unconstrained build operations Thread 10" [_thread_blocked, id=20884, stack(0x00000027a4b00000,0x00000027a4c00000)]
  0x000001cb73d0a870 JavaThread "Unconstrained build operations Thread 11" [_thread_blocked, id=36820, stack(0x00000027a4c00000,0x00000027a4d00000)]
  0x000001cb73d0ad80 JavaThread "Unconstrained build operations Thread 12" [_thread_blocked, id=3516, stack(0x00000027a4d00000,0x00000027a4e00000)]
  0x000001cb73d08a10 JavaThread "Unconstrained build operations Thread 13" [_thread_blocked, id=18076, stack(0x00000027a4e00000,0x00000027a4f00000)]
  0x000001cb73d075d0 JavaThread "Unconstrained build operations Thread 14" [_thread_blocked, id=34980, stack(0x00000027a4f00000,0x00000027a5000000)]
  0x000001cb73d07ff0 JavaThread "Unconstrained build operations Thread 15" [_thread_blocked, id=10052, stack(0x00000027a5000000,0x00000027a5100000)]
  0x000001cb73d08f20 JavaThread "Unconstrained build operations Thread 16" [_thread_blocked, id=12576, stack(0x00000027a5100000,0x00000027a5200000)]
  0x000001cb73d0b290 JavaThread "Unconstrained build operations Thread 17" [_thread_blocked, id=1900, stack(0x00000027a5200000,0x00000027a5300000)]
  0x000001cb73d07ae0 JavaThread "Unconstrained build operations Thread 18" [_thread_blocked, id=8916, stack(0x00000027a5300000,0x00000027a5400000)]
  0x000001cb73d0b7a0 JavaThread "Unconstrained build operations Thread 19" [_thread_blocked, id=2976, stack(0x00000027a5400000,0x00000027a5500000)]
  0x000001cb73d0bcb0 JavaThread "Unconstrained build operations Thread 20" [_thread_blocked, id=9888, stack(0x00000027a5500000,0x00000027a5600000)]
  0x000001cb73d08500 JavaThread "Unconstrained build operations Thread 21" [_thread_blocked, id=22708, stack(0x00000027a5600000,0x00000027a5700000)]
  0x000001cb73d0db10 JavaThread "Unconstrained build operations Thread 22" [_thread_blocked, id=34140, stack(0x00000027a5700000,0x00000027a5800000)]
  0x000001cb73d0ea40 JavaThread "Unconstrained build operations Thread 23" [_thread_blocked, id=35144, stack(0x00000027a5900000,0x00000027a5a00000)]
  0x000001cb73d0c6d0 JavaThread "Unconstrained build operations Thread 24" [_thread_blocked, id=15096, stack(0x00000027a5a00000,0x00000027a5b00000)]
  0x000001cb73d0c1c0 JavaThread "Unconstrained build operations Thread 25" [_thread_blocked, id=36400, stack(0x00000027a5b00000,0x00000027a5c00000)]
  0x000001cb73d0e530 JavaThread "Unconstrained build operations Thread 26" [_thread_blocked, id=1244, stack(0x00000027a5c00000,0x00000027a5d00000)]
  0x000001cb73d0cbe0 JavaThread "Unconstrained build operations Thread 27" [_thread_blocked, id=9152, stack(0x00000027a5d00000,0x00000027a5e00000)]
  0x000001cb73d0ef50 JavaThread "Unconstrained build operations Thread 28" [_thread_blocked, id=30432, stack(0x00000027a5e00000,0x00000027a5f00000)]
  0x000001cb73d0d0f0 JavaThread "Unconstrained build operations Thread 29" [_thread_blocked, id=34092, stack(0x00000027a5f00000,0x00000027a6000000)]
  0x000001cb724eb390 JavaThread "Unconstrained build operations Thread 30" [_thread_blocked, id=27404, stack(0x00000027a6000000,0x00000027a6100000)]
  0x000001cb724ebdb0 JavaThread "Unconstrained build operations Thread 31" [_thread_blocked, id=20160, stack(0x00000027a6100000,0x00000027a6200000)]
  0x000001cb724ea970 JavaThread "Unconstrained build operations Thread 32" [_thread_blocked, id=31036, stack(0x00000027a6200000,0x00000027a6300000)]
  0x000001cb724eae80 JavaThread "Unconstrained build operations Thread 33" [_thread_blocked, id=36692, stack(0x00000027a6300000,0x00000027a6400000)]
  0x000001cb724ec7d0 JavaThread "Memory manager" [_thread_blocked, id=18480, stack(0x00000027a6400000,0x00000027a6500000)]
  0x000001cb724ed1f0 JavaThread "build event listener" [_thread_blocked, id=36600, stack(0x00000027a6500000,0x00000027a6600000)]
=>0x000001cb72fca5b0 JavaThread "C2 CompilerThread1" daemon [_thread_in_native, id=27660, stack(0x00000027a3700000,0x00000027a3800000)]
  0x000001cb72fca060 JavaThread "C2 CompilerThread2" daemon [_thread_in_native, id=15824, stack(0x00000027a6700000,0x00000027a6800000)]
  0x000001cb7334f780 JavaThread "pool-3-thread-1" [_thread_blocked, id=16444, stack(0x00000027a6800000,0x00000027a6900000)]
  0x000001cb73350bc0 JavaThread "build event listener" [_thread_blocked, id=25320, stack(0x00000027a6900000,0x00000027a6a00000)]
  0x000001cb73352000 JavaThread "included builds" [_thread_blocked, id=11600, stack(0x00000027a6a00000,0x00000027a6b00000)]
  0x000001cb7334e850 JavaThread "Execution worker" [_thread_blocked, id=6080, stack(0x00000027a6b00000,0x00000027a6c00000)]
  0x000001cb73352510 JavaThread "Execution worker Thread 2" [_thread_blocked, id=24260, stack(0x00000027a6c00000,0x00000027a6d00000)]
  0x000001cb7334ed60 JavaThread "Execution worker Thread 3" [_thread_blocked, id=27132, stack(0x00000027a6d00000,0x00000027a6e00000)]
  0x000001cb73353440 JavaThread "Execution worker Thread 4" [_thread_blocked, id=34492, stack(0x00000027a6e00000,0x00000027a6f00000)]
  0x000001cb73352a20 JavaThread "Execution worker Thread 5" [_thread_blocked, id=20772, stack(0x00000027a6f00000,0x00000027a7000000)]
  0x000001cb73352f30 JavaThread "Execution worker Thread 6" [_thread_in_vm, id=6736, stack(0x00000027a7000000,0x00000027a7100000)]
  0x000001cb7334fc90 JavaThread "Execution worker Thread 7" [_thread_in_Java, id=5320, stack(0x00000027a7100000,0x00000027a7200000)]
  0x000001cb73353e60 JavaThread "Execution worker Thread 8" [_thread_blocked, id=23972, stack(0x00000027a7200000,0x00000027a7300000)]
  0x000001cb73353950 JavaThread "Execution worker Thread 9" [_thread_blocked, id=35576, stack(0x00000027a7300000,0x00000027a7400000)]
  0x000001cb733506b0 JavaThread "Execution worker Thread 10" [_thread_blocked, id=28696, stack(0x00000027a7400000,0x00000027a7500000)]
  0x000001cb73354370 JavaThread "Execution worker Thread 11" [_thread_blocked, id=36408, stack(0x00000027a7500000,0x00000027a7600000)]
  0x000001cb73354880 JavaThread "Cache worker for execution history cache (C:\Users\xmeta\projects\Mr.Comic\.gradle\8.10\executionHistory)" [_thread_blocked, id=7856, stack(0x00000027a7600000,0x00000027a7700000)]
  0x000001cb73354d90 JavaThread "Unconstrained build operations Thread 34" [_thread_blocked, id=36292, stack(0x00000027a7700000,0x00000027a7800000)]
  0x000001cb733552a0 JavaThread "Unconstrained build operations Thread 35" [_thread_blocked, id=26716, stack(0x00000027a7800000,0x00000027a7900000)]
  0x000001cb733557b0 JavaThread "Unconstrained build operations Thread 36" [_thread_blocked, id=32588, stack(0x00000027a7900000,0x00000027a7a00000)]
  0x000001cb73355cc0 JavaThread "Unconstrained build operations Thread 37" [_thread_blocked, id=23864, stack(0x00000027a7a00000,0x00000027a7b00000)]
  0x000001cb724eff80 JavaThread "Unconstrained build operations Thread 38" [_thread_blocked, id=27220, stack(0x00000027a7b00000,0x00000027a7c00000)]
  0x000001cb71fc9e60 JavaThread "Unconstrained build operations Thread 39" [_thread_blocked, id=35260, stack(0x00000027a7c00000,0x00000027a7d00000)]
  0x000001cb76172f90 JavaThread "Unconstrained build operations Thread 40" [_thread_blocked, id=33648, stack(0x00000027a7d00000,0x00000027a7e00000)]
  0x000001cb761734a0 JavaThread "Unconstrained build operations Thread 41" [_thread_blocked, id=31804, stack(0x00000027a7e00000,0x00000027a7f00000)]
  0x000001cb76174df0 JavaThread "Unconstrained build operations Thread 42" [_thread_blocked, id=35216, stack(0x00000027a7f00000,0x00000027a8000000)]
  0x000001cb76172060 JavaThread "Unconstrained build operations Thread 43" [_thread_blocked, id=35852, stack(0x00000027a8000000,0x00000027a8100000)]
  0x000001cb76175300 JavaThread "Unconstrained build operations Thread 44" [_thread_blocked, id=27328, stack(0x00000027a8100000,0x00000027a8200000)]
  0x000001cb761739b0 JavaThread "Unconstrained build operations Thread 46" [_thread_blocked, id=20940, stack(0x00000027a8200000,0x00000027a8300000)]
  0x000001cb761743d0 JavaThread "Unconstrained build operations Thread 45" [_thread_blocked, id=33864, stack(0x00000027a8300000,0x00000027a8400000)]
  0x000001cb76172570 JavaThread "Unconstrained build operations Thread 47" [_thread_blocked, id=24112, stack(0x00000027a8400000,0x00000027a8500000)]
  0x000001cb761748e0 JavaThread "Unconstrained build operations Thread 48" [_thread_blocked, id=31604, stack(0x00000027a8500000,0x00000027a8600000)]
  0x000001cb76175810 JavaThread "Unconstrained build operations Thread 49" [_thread_blocked, id=36448, stack(0x00000027a8600000,0x00000027a8700000)]
  0x000001cb76175d20 JavaThread "Unconstrained build operations Thread 50" [_thread_blocked, id=22920, stack(0x00000027a8700000,0x00000027a8800000)]
  0x000001cb76176230 JavaThread "Unconstrained build operations Thread 51" [_thread_blocked, id=6304, stack(0x00000027a8800000,0x00000027a8900000)]
  0x000001cb76172a80 JavaThread "Unconstrained build operations Thread 52" [_thread_blocked, id=18036, stack(0x00000027a8900000,0x00000027a8a00000)]
  0x000001cb76177160 JavaThread "Unconstrained build operations Thread 53" [_thread_blocked, id=20060, stack(0x00000027a8a00000,0x00000027a8b00000)]
  0x000001cb76176740 JavaThread "Unconstrained build operations Thread 54" [_thread_blocked, id=31076, stack(0x00000027a8b00000,0x00000027a8c00000)]
  0x000001cb76173ec0 JavaThread "Unconstrained build operations Thread 55" [_thread_blocked, id=27916, stack(0x00000027a8c00000,0x00000027a8d00000)]
  0x000001cb761794d0 JavaThread "Unconstrained build operations Thread 56" [_thread_blocked, id=31124, stack(0x00000027a8d00000,0x00000027a8e00000)]
  0x000001cb761799e0 JavaThread "Unconstrained build operations Thread 57" [_thread_blocked, id=21788, stack(0x00000027a8e00000,0x00000027a8f00000)]
  0x000001cb76176c50 JavaThread "Unconstrained build operations Thread 58" [_thread_blocked, id=26800, stack(0x00000027a8f00000,0x00000027a9000000)]
  0x000001cb76177b80 JavaThread "Unconstrained build operations Thread 59" [_thread_blocked, id=13896, stack(0x00000027a9000000,0x00000027a9100000)]
  0x000001cb76177670 JavaThread "Unconstrained build operations Thread 60" [_thread_blocked, id=33980, stack(0x00000027a9100000,0x00000027a9200000)]
  0x000001cb76178090 JavaThread "Unconstrained build operations Thread 61" [_thread_blocked, id=11904, stack(0x00000027a9200000,0x00000027a9300000)]
  0x000001cb761785a0 JavaThread "Unconstrained build operations Thread 62" [_thread_blocked, id=24620, stack(0x00000027a9300000,0x00000027a9400000)]
  0x000001cb76178ab0 JavaThread "Unconstrained build operations Thread 63" [_thread_blocked, id=1100, stack(0x00000027a9400000,0x00000027a9500000)]
  0x000001cb76178fc0 JavaThread "Unconstrained build operations Thread 64" [_thread_blocked, id=31436, stack(0x00000027a9500000,0x00000027a9600000)]
  0x000001cb75d3fb10 JavaThread "Unconstrained build operations Thread 65" [_thread_blocked, id=33796, stack(0x00000027a9600000,0x00000027a9700000)]
  0x000001cb75d432c0 JavaThread "Unconstrained build operations Thread 66" [_thread_blocked, id=27868, stack(0x00000027a9700000,0x00000027a9800000)]
  0x000001cb75d40a40 JavaThread "Unconstrained build operations Thread 67" [_thread_blocked, id=23848, stack(0x00000027a9800000,0x00000027a9900000)]
  0x000001cb75d40f50 JavaThread "Unconstrained build operations Thread 68" [_thread_blocked, id=36816, stack(0x00000027a9900000,0x00000027a9a00000)]
  0x000001cb75d40020 JavaThread "Unconstrained build operations Thread 69" [_thread_blocked, id=35060, stack(0x00000027a9a00000,0x00000027a9b00000)]
  0x000001cb75d437d0 JavaThread "Unconstrained build operations Thread 70" [_thread_blocked, id=27004, stack(0x00000027a9b00000,0x00000027a9c00000)]
  0x000001cb75d42db0 JavaThread "Unconstrained build operations Thread 71" [_thread_blocked, id=35000, stack(0x00000027a9c00000,0x00000027a9d00000)]
  0x000001cb75d41970 JavaThread "Unconstrained build operations Thread 72" [_thread_blocked, id=17528, stack(0x00000027a9d00000,0x00000027a9e00000)]
  0x000001cb75d43ce0 JavaThread "Unconstrained build operations Thread 73" [_thread_blocked, id=20472, stack(0x00000027a9e00000,0x00000027a9f00000)]
  0x000001cb75d41460 JavaThread "Unconstrained build operations Thread 74" [_thread_blocked, id=14468, stack(0x00000027a9f00000,0x00000027aa000000)]
  0x000001cb75d41e80 JavaThread "Unconstrained build operations Thread 75" [_thread_blocked, id=21696, stack(0x00000027aa000000,0x00000027aa100000)]
  0x000001cb75d42390 JavaThread "Unconstrained build operations Thread 76" [_thread_blocked, id=14612, stack(0x00000027aa100000,0x00000027aa200000)]
  0x000001cb75d428a0 JavaThread "Unconstrained build operations Thread 77" [_thread_blocked, id=31100, stack(0x00000027aa200000,0x00000027aa300000)]
  0x000001cb75d40530 JavaThread "Unconstrained build operations Thread 78" [_thread_blocked, id=21348, stack(0x00000027aa300000,0x00000027aa400000)]
  0x000001cb75d47490 JavaThread "Unconstrained build operations Thread 79" [_thread_blocked, id=11012, stack(0x00000027aa400000,0x00000027aa500000)]
  0x000001cb75d44c10 JavaThread "Unconstrained build operations Thread 80" [_thread_blocked, id=26064, stack(0x00000027aa500000,0x00000027aa600000)]
  0x000001cb75d44700 JavaThread "Unconstrained build operations Thread 81" [_thread_blocked, id=32112, stack(0x00000027aa600000,0x00000027aa700000)]
  0x000001cb75d441f0 JavaThread "Unconstrained build operations Thread 82" [_thread_blocked, id=5884, stack(0x00000027aa700000,0x00000027aa800000)]
  0x000001cb75d45630 JavaThread "Unconstrained build operations Thread 83" [_thread_blocked, id=23324, stack(0x00000027aa800000,0x00000027aa900000)]
  0x000001cb75d46a70 JavaThread "Unconstrained build operations Thread 84" [_thread_blocked, id=36176, stack(0x00000027aa900000,0x00000027aaa00000)]
  0x000001cb75d45120 JavaThread "Unconstrained build operations Thread 85" [_thread_blocked, id=16772, stack(0x00000027aaa00000,0x00000027aab00000)]
  0x000001cb75d46f80 JavaThread "Unconstrained build operations Thread 86" [_thread_blocked, id=11812, stack(0x00000027aab00000,0x00000027aac00000)]
  0x000001cb75d46560 JavaThread "Unconstrained build operations Thread 87" [_thread_blocked, id=23852, stack(0x00000027aac00000,0x00000027aad00000)]
  0x000001cb75d45b40 JavaThread "Unconstrained build operations Thread 88" [_thread_blocked, id=3068, stack(0x00000027aad00000,0x00000027aae00000)]
  0x000001cb75d46050 JavaThread "Unconstrained build operations Thread 89" [_thread_blocked, id=9584, stack(0x00000027aae00000,0x00000027aaf00000)]
  0x000001cb7241a2c0 JavaThread "Unconstrained build operations Thread 90" [_thread_blocked, id=25932, stack(0x00000027aaf00000,0x00000027ab000000)]
  0x000001cb72417020 JavaThread "Unconstrained build operations Thread 91" [_thread_blocked, id=14184, stack(0x00000027ab000000,0x00000027ab100000)]
  0x000001cb724198a0 JavaThread "Unconstrained build operations Thread 92" [_thread_blocked, id=16320, stack(0x00000027ab100000,0x00000027ab200000)]
  0x000001cb7241a7d0 JavaThread "Unconstrained build operations Thread 93" [_thread_blocked, id=33376, stack(0x00000027ab200000,0x00000027ab300000)]
  0x000001cb7241ace0 JavaThread "Unconstrained build operations Thread 94" [_thread_blocked, id=35080, stack(0x00000027ab300000,0x00000027ab400000)]
  0x000001cb72417f50 JavaThread "Unconstrained build operations Thread 95" [_thread_blocked, id=14284, stack(0x00000027ab400000,0x00000027ab500000)]
  0x000001cb72419db0 JavaThread "Unconstrained build operations Thread 96" [_thread_blocked, id=31460, stack(0x00000027ab500000,0x00000027ab600000)]
  0x000001cb72417530 JavaThread "Unconstrained build operations Thread 97" [_thread_blocked, id=20660, stack(0x00000027ab600000,0x00000027ab700000)]
  0x000001cb7241b1f0 JavaThread "Unconstrained build operations Thread 98" [_thread_blocked, id=19588, stack(0x00000027ab700000,0x00000027ab800000)]
  0x000001cb72418970 JavaThread "Unconstrained build operations Thread 99" [_thread_blocked, id=30812, stack(0x00000027ab800000,0x00000027ab900000)]
  0x000001cb72417a40 JavaThread "Unconstrained build operations Thread 100" [_thread_blocked, id=22768, stack(0x00000027ab900000,0x00000027aba00000)]
  0x000001cb7241b700 JavaThread "Unconstrained build operations Thread 101" [_thread_blocked, id=35164, stack(0x00000027aba00000,0x00000027abb00000)]
  0x000001cb72418460 JavaThread "Unconstrained build operations Thread 102" [_thread_blocked, id=10080, stack(0x00000027abb00000,0x00000027abc00000)]
  0x000001cb72418e80 JavaThread "Unconstrained build operations Thread 103" [_thread_blocked, id=34812, stack(0x00000027abc00000,0x00000027abd00000)]
  0x000001cb7241df80 JavaThread "Unconstrained build operations Thread 104" [_thread_blocked, id=30796, stack(0x00000027abd00000,0x00000027abe00000)]
  0x000001cb7241c120 JavaThread "Unconstrained build operations Thread 105" [_thread_blocked, id=20192, stack(0x00000027abe00000,0x00000027abf00000)]
  0x000001cb7241c630 JavaThread "Unconstrained build operations Thread 106" [_thread_blocked, id=9848, stack(0x00000027abf00000,0x00000027ac000000)]
  0x000001cb7241d560 JavaThread "Unconstrained build operations Thread 107" [_thread_blocked, id=25260, stack(0x00000027ac000000,0x00000027ac100000)]
  0x000001cb7241d050 JavaThread "Unconstrained build operations Thread 108" [_thread_blocked, id=29200, stack(0x00000027ac100000,0x00000027ac200000)]
  0x000001cb7241bc10 JavaThread "Unconstrained build operations Thread 109" [_thread_blocked, id=4132, stack(0x00000027ac200000,0x00000027ac300000)]
  0x000001cb7241e490 JavaThread "Unconstrained build operations Thread 110" [_thread_blocked, id=13268, stack(0x00000027ac300000,0x00000027ac400000)]
  0x000001cb7241cb40 JavaThread "Unconstrained build operations Thread 111" [_thread_blocked, id=28808, stack(0x00000027ac400000,0x00000027ac500000)]
  0x000001cb7241da70 JavaThread "Unconstrained build operations Thread 112" [_thread_blocked, id=24544, stack(0x00000027ac500000,0x00000027ac600000)]
  0x000001cb7241e9a0 JavaThread "Unconstrained build operations Thread 113" [_thread_blocked, id=28264, stack(0x00000027ac600000,0x00000027ac700000)]
  0x000001cb72bb9240 JavaThread "Unconstrained build operations Thread 114" [_thread_blocked, id=31656, stack(0x00000027ac700000,0x00000027ac800000)]
  0x000001cb72bb5a90 JavaThread "Unconstrained build operations Thread 115" [_thread_blocked, id=35772, stack(0x00000027ac800000,0x00000027ac900000)]
  0x000001cb72bb8310 JavaThread "Unconstrained build operations Thread 116" [_thread_blocked, id=33656, stack(0x00000027ac900000,0x00000027aca00000)]
  0x000001cb72bb5fa0 JavaThread "Unconstrained build operations Thread 117" [_thread_blocked, id=7828, stack(0x00000027aca00000,0x00000027acb00000)]
  0x000001cb72bb8820 JavaThread "Unconstrained build operations Thread 118" [_thread_blocked, id=4188, stack(0x00000027acb00000,0x00000027acc00000)]
  0x000001cb72bb7e00 JavaThread "Unconstrained build operations Thread 119" [_thread_blocked, id=19716, stack(0x00000027acc00000,0x00000027acd00000)]
  0x000001cb72bb64b0 JavaThread "Unconstrained build operations Thread 120" [_thread_blocked, id=30504, stack(0x00000027acd00000,0x00000027ace00000)]

Other Threads:
  0x000001cb6bdeb1d0 VMThread "VM Thread" [stack: 0x00000027a1400000,0x00000027a1500000] [id=20632]
  0x000001cb4e737530 WatcherThread [stack: 0x00000027a2100000,0x00000027a2200000] [id=23152]
  0x000001cb4e77d9a0 GCTaskThread "GC Thread#0" [stack: 0x00000027a0f00000,0x00000027a1000000] [id=25780]
  0x000001cb6c6dbfe0 GCTaskThread "GC Thread#1" [stack: 0x00000027a2300000,0x00000027a2400000] [id=34340]
  0x000001cb712a80c0 GCTaskThread "GC Thread#2" [stack: 0x00000027a2400000,0x00000027a2500000] [id=18772]
  0x000001cb712a8380 GCTaskThread "GC Thread#3" [stack: 0x00000027a2500000,0x00000027a2600000] [id=23144]
  0x000001cb6c107470 GCTaskThread "GC Thread#4" [stack: 0x00000027a2600000,0x00000027a2700000] [id=26448]
  0x000001cb713a14d0 GCTaskThread "GC Thread#5" [stack: 0x00000027a2700000,0x00000027a2800000] [id=19616]
  0x000001cb713a1790 GCTaskThread "GC Thread#6" [stack: 0x00000027a2800000,0x00000027a2900000] [id=36144]
  0x000001cb6c7dd6d0 GCTaskThread "GC Thread#7" [stack: 0x00000027a2900000,0x00000027a2a00000] [id=6960]
  0x000001cb6c7dd990 GCTaskThread "GC Thread#8" [stack: 0x00000027a2a00000,0x00000027a2b00000] [id=5796]
  0x000001cb6c7ddc50 GCTaskThread "GC Thread#9" [stack: 0x00000027a2b00000,0x00000027a2c00000] [id=13464]
  0x000001cb4e78a700 ConcurrentGCThread "G1 Main Marker" [stack: 0x00000027a1000000,0x00000027a1100000] [id=1908]
  0x000001cb4e78bd00 ConcurrentGCThread "G1 Conc#0" [stack: 0x00000027a1100000,0x00000027a1200000] [id=18156]
  0x000001cb6c7a4250 ConcurrentGCThread "G1 Conc#1" [stack: 0x00000027a3b00000,0x00000027a3c00000] [id=9952]
  0x000001cb6c7a3750 ConcurrentGCThread "G1 Conc#2" [stack: 0x00000027a3c00000,0x00000027a3d00000] [id=30492]
  0x000001cb6bca6ac0 ConcurrentGCThread "G1 Refine#0" [stack: 0x00000027a1200000,0x00000027a1300000] [id=25428]
  0x000001cb6bca81b0 ConcurrentGCThread "G1 Service" [stack: 0x00000027a1300000,0x00000027a1400000] [id=3204]

Threads with active compile tasks:
C2 CompilerThread0    72108 21175       4       org.gradle.api.internal.artifacts.transform.TransformingAsyncArtifactListener$TransformedArtifact::lambda$visit$3 (65 bytes)
C1 CompilerThread0    72109 21283 %     3       org.jetbrains.kotlin.gradle.internal.kapt.incremental.ClasspathEntryData::writeObject @ 343 (1063 bytes)
C2 CompilerThread1    72110 20700       4       org.gradle.api.internal.artifacts.transform.AttributeMatchingArtifactVariantSelector::doSelect (285 bytes)
C2 CompilerThread2    72110 21223       4       java.io.ObjectInputStream$BlockDataInputStream::readUTFBody (192 bytes)

VM state: not at safepoint (normal execution)

VM Mutex/Monitor currently owned by a thread: None

Heap address: 0x00000000a0000000, size: 1536 MB, Compressed Oops mode: 32-bit

CDS archive(s) mapped at: [0x000001cb00000000-0x000001cb00bb0000-0x000001cb00bb0000), size 12255232, SharedBaseAddress: 0x000001cb00000000, ArchiveRelocationMode: 1.
Compressed class space mapped at: 0x000001cb01000000-0x000001cb41000000, reserved size: 1073741824
Narrow klass base: 0x000001cb00000000, Narrow klass shift: 0, Narrow klass range: 0x100000000

GC Precious Log:
 CPUs: 12 total, 12 available
 Memory: 32617M
 Large Page Support: Disabled
 NUMA Support: Disabled
 Compressed Oops: Enabled (32-bit)
 Heap Region Size: 1M
 Heap Min Capacity: 8M
 Heap Initial Capacity: 510M
 Heap Max Capacity: 1536M
 Pre-touch: Disabled
 Parallel Workers: 10
 Concurrent Workers: 3
 Concurrent Refinement Workers: 10
 Periodic GC: Disabled

Heap:
 garbage-first heap   total 377856K, used 305152K [0x00000000a0000000, 0x0000000100000000)
  region size 1024K, 27 young (27648K), 8 survivors (8192K)
 Metaspace       used 113266K, committed 114752K, reserved 1179648K
  class space    used 15705K, committed 16384K, reserved 1048576K

Heap Regions: E=young(eden), S=young(survivor), O=old, HS=humongous(starts), HC=humongous(continues), CS=collection set, F=free, OA=open archive, CA=closed archive, TAMS=top-at-mark-start (previous, next)
|   0|0x00000000a0000000, 0x00000000a0100000, 0x00000000a0100000|100%|HS|  |TAMS 0x00000000a0100000, 0x00000000a0000000| Complete 
|   1|0x00000000a0100000, 0x00000000a0200000, 0x00000000a0200000|100%|HC|  |TAMS 0x00000000a0200000, 0x00000000a0100000| Complete 
|   2|0x00000000a0200000, 0x00000000a0300000, 0x00000000a0300000|100%|HC|  |TAMS 0x00000000a0300000, 0x00000000a0200000| Complete 
|   3|0x00000000a0300000, 0x00000000a0400000, 0x00000000a0400000|100%|HC|  |TAMS 0x00000000a0400000, 0x00000000a0300000| Complete 
|   4|0x00000000a0400000, 0x00000000a0500000, 0x00000000a0500000|100%| O|  |TAMS 0x00000000a0500000, 0x00000000a0400000| Untracked 
|   5|0x00000000a0500000, 0x00000000a0600000, 0x00000000a0600000|100%| O|  |TAMS 0x00000000a0600000, 0x00000000a0500000| Untracked 
|   6|0x00000000a0600000, 0x00000000a0700000, 0x00000000a0700000|100%| O|  |TAMS 0x00000000a0700000, 0x00000000a0600000| Untracked 
|   7|0x00000000a0700000, 0x00000000a0800000, 0x00000000a0800000|100%| O|  |TAMS 0x00000000a0800000, 0x00000000a0700000| Untracked 
|   8|0x00000000a0800000, 0x00000000a0900000, 0x00000000a0900000|100%| O|  |TAMS 0x00000000a0900000, 0x00000000a0800000| Untracked 
|   9|0x00000000a0900000, 0x00000000a0a00000, 0x00000000a0a00000|100%| O|  |TAMS 0x00000000a0a00000, 0x00000000a0900000| Untracked 
|  10|0x00000000a0a00000, 0x00000000a0b00000, 0x00000000a0b00000|100%|HS|  |TAMS 0x00000000a0b00000, 0x00000000a0a00000| Complete 
|  11|0x00000000a0b00000, 0x00000000a0c00000, 0x00000000a0c00000|100%|HS|  |TAMS 0x00000000a0c00000, 0x00000000a0b00000| Complete 
|  12|0x00000000a0c00000, 0x00000000a0d00000, 0x00000000a0d00000|100%| O|  |TAMS 0x00000000a0d00000, 0x00000000a0c00000| Untracked 
|  13|0x00000000a0d00000, 0x00000000a0e00000, 0x00000000a0e00000|100%| O|  |TAMS 0x00000000a0e00000, 0x00000000a0d00000| Untracked 
|  14|0x00000000a0e00000, 0x00000000a0f00000, 0x00000000a0f00000|100%| O|  |TAMS 0x00000000a0f00000, 0x00000000a0e00000| Untracked 
|  15|0x00000000a0f00000, 0x00000000a1000000, 0x00000000a1000000|100%| O|  |TAMS 0x00000000a1000000, 0x00000000a0f00000| Untracked 
|  16|0x00000000a1000000, 0x00000000a1100000, 0x00000000a1100000|100%| O|  |TAMS 0x00000000a1100000, 0x00000000a1000000| Untracked 
|  17|0x00000000a1100000, 0x00000000a1200000, 0x00000000a1200000|100%| O|  |TAMS 0x00000000a1200000, 0x00000000a1100000| Untracked 
|  18|0x00000000a1200000, 0x00000000a1300000, 0x00000000a1300000|100%| O|  |TAMS 0x00000000a1300000, 0x00000000a1200000| Untracked 
|  19|0x00000000a1300000, 0x00000000a1400000, 0x00000000a1400000|100%| O|  |TAMS 0x00000000a1400000, 0x00000000a1300000| Untracked 
|  20|0x00000000a1400000, 0x00000000a1500000, 0x00000000a1500000|100%| O|  |TAMS 0x00000000a1500000, 0x00000000a1400000| Untracked 
|  21|0x00000000a1500000, 0x00000000a1600000, 0x00000000a1600000|100%| O|  |TAMS 0x00000000a1600000, 0x00000000a1500000| Untracked 
|  22|0x00000000a1600000, 0x00000000a1700000, 0x00000000a1700000|100%| O|  |TAMS 0x00000000a1700000, 0x00000000a1600000| Untracked 
|  23|0x00000000a1700000, 0x00000000a1800000, 0x00000000a1800000|100%| O|  |TAMS 0x00000000a1800000, 0x00000000a1700000| Untracked 
|  24|0x00000000a1800000, 0x00000000a1900000, 0x00000000a1900000|100%| O|  |TAMS 0x00000000a1900000, 0x00000000a1800000| Untracked 
|  25|0x00000000a1900000, 0x00000000a1a00000, 0x00000000a1a00000|100%| O|  |TAMS 0x00000000a1a00000, 0x00000000a1900000| Untracked 
|  26|0x00000000a1a00000, 0x00000000a1b00000, 0x00000000a1b00000|100%| O|  |TAMS 0x00000000a1b00000, 0x00000000a1a00000| Untracked 
|  27|0x00000000a1b00000, 0x00000000a1c00000, 0x00000000a1c00000|100%| O|  |TAMS 0x00000000a1c00000, 0x00000000a1b00000| Untracked 
|  28|0x00000000a1c00000, 0x00000000a1d00000, 0x00000000a1d00000|100%| O|  |TAMS 0x00000000a1d00000, 0x00000000a1c00000| Untracked 
|  29|0x00000000a1d00000, 0x00000000a1e00000, 0x00000000a1e00000|100%| O|  |TAMS 0x00000000a1e00000, 0x00000000a1d00000| Untracked 
|  30|0x00000000a1e00000, 0x00000000a1f00000, 0x00000000a1f00000|100%| O|  |TAMS 0x00000000a1f00000, 0x00000000a1e00000| Untracked 
|  31|0x00000000a1f00000, 0x00000000a2000000, 0x00000000a2000000|100%| O|  |TAMS 0x00000000a2000000, 0x00000000a1f00000| Untracked 
|  32|0x00000000a2000000, 0x00000000a2100000, 0x00000000a2100000|100%| O|  |TAMS 0x00000000a2100000, 0x00000000a2000000| Untracked 
|  33|0x00000000a2100000, 0x00000000a2200000, 0x00000000a2200000|100%| O|  |TAMS 0x00000000a2200000, 0x00000000a2100000| Untracked 
|  34|0x00000000a2200000, 0x00000000a2300000, 0x00000000a2300000|100%| O|  |TAMS 0x00000000a2300000, 0x00000000a2200000| Untracked 
|  35|0x00000000a2300000, 0x00000000a2400000, 0x00000000a2400000|100%| O|  |TAMS 0x00000000a2400000, 0x00000000a2300000| Untracked 
|  36|0x00000000a2400000, 0x00000000a2500000, 0x00000000a2500000|100%| O|  |TAMS 0x00000000a2500000, 0x00000000a2400000| Untracked 
|  37|0x00000000a2500000, 0x00000000a2600000, 0x00000000a2600000|100%| O|  |TAMS 0x00000000a2600000, 0x00000000a2500000| Untracked 
|  38|0x00000000a2600000, 0x00000000a2700000, 0x00000000a2700000|100%| O|  |TAMS 0x00000000a2700000, 0x00000000a2600000| Untracked 
|  39|0x00000000a2700000, 0x00000000a2800000, 0x00000000a2800000|100%| O|  |TAMS 0x00000000a2800000, 0x00000000a2700000| Untracked 
|  40|0x00000000a2800000, 0x00000000a2900000, 0x00000000a2900000|100%| O|  |TAMS 0x00000000a2900000, 0x00000000a2800000| Untracked 
|  41|0x00000000a2900000, 0x00000000a2a00000, 0x00000000a2a00000|100%| O|  |TAMS 0x00000000a2a00000, 0x00000000a2900000| Untracked 
|  42|0x00000000a2a00000, 0x00000000a2b00000, 0x00000000a2b00000|100%| O|  |TAMS 0x00000000a2b00000, 0x00000000a2a00000| Untracked 
|  43|0x00000000a2b00000, 0x00000000a2c00000, 0x00000000a2c00000|100%| O|  |TAMS 0x00000000a2c00000, 0x00000000a2b00000| Untracked 
|  44|0x00000000a2c00000, 0x00000000a2d00000, 0x00000000a2d00000|100%| O|  |TAMS 0x00000000a2d00000, 0x00000000a2c00000| Untracked 
|  45|0x00000000a2d00000, 0x00000000a2e00000, 0x00000000a2e00000|100%| O|  |TAMS 0x00000000a2e00000, 0x00000000a2d00000| Untracked 
|  46|0x00000000a2e00000, 0x00000000a2f00000, 0x00000000a2f00000|100%| O|  |TAMS 0x00000000a2f00000, 0x00000000a2e00000| Untracked 
|  47|0x00000000a2f00000, 0x00000000a3000000, 0x00000000a3000000|100%| O|  |TAMS 0x00000000a3000000, 0x00000000a2f00000| Untracked 
|  48|0x00000000a3000000, 0x00000000a3100000, 0x00000000a3100000|100%| O|  |TAMS 0x00000000a3100000, 0x00000000a3000000| Untracked 
|  49|0x00000000a3100000, 0x00000000a3200000, 0x00000000a3200000|100%| O|  |TAMS 0x00000000a3200000, 0x00000000a3100000| Untracked 
|  50|0x00000000a3200000, 0x00000000a3300000, 0x00000000a3300000|100%| O|  |TAMS 0x00000000a3300000, 0x00000000a3200000| Untracked 
|  51|0x00000000a3300000, 0x00000000a3400000, 0x00000000a3400000|100%| O|  |TAMS 0x00000000a3400000, 0x00000000a3300000| Untracked 
|  52|0x00000000a3400000, 0x00000000a3500000, 0x00000000a3500000|100%| O|  |TAMS 0x00000000a3500000, 0x00000000a3400000| Untracked 
|  53|0x00000000a3500000, 0x00000000a3600000, 0x00000000a3600000|100%| O|  |TAMS 0x00000000a3500000, 0x00000000a3500000| Untracked 
|  54|0x00000000a3600000, 0x00000000a3700000, 0x00000000a3700000|100%| O|  |TAMS 0x00000000a3700000, 0x00000000a3600000| Untracked 
|  55|0x00000000a3700000, 0x00000000a3800000, 0x00000000a3800000|100%|HS|  |TAMS 0x00000000a3800000, 0x00000000a3700000| Complete 
|  56|0x00000000a3800000, 0x00000000a3900000, 0x00000000a3900000|100%|HS|  |TAMS 0x00000000a3900000, 0x00000000a3800000| Complete 
|  57|0x00000000a3900000, 0x00000000a3a00000, 0x00000000a3a00000|100%|HC|  |TAMS 0x00000000a3a00000, 0x00000000a3900000| Complete 
|  58|0x00000000a3a00000, 0x00000000a3b00000, 0x00000000a3b00000|100%|HS|  |TAMS 0x00000000a3b00000, 0x00000000a3a00000| Complete 
|  59|0x00000000a3b00000, 0x00000000a3c00000, 0x00000000a3c00000|100%|HS|  |TAMS 0x00000000a3c00000, 0x00000000a3b00000| Complete 
|  60|0x00000000a3c00000, 0x00000000a3d00000, 0x00000000a3d00000|100%|HC|  |TAMS 0x00000000a3d00000, 0x00000000a3c00000| Complete 
|  61|0x00000000a3d00000, 0x00000000a3e00000, 0x00000000a3e00000|100%|HC|  |TAMS 0x00000000a3e00000, 0x00000000a3d00000| Complete 
|  62|0x00000000a3e00000, 0x00000000a3f00000, 0x00000000a3f00000|100%|HC|  |TAMS 0x00000000a3f00000, 0x00000000a3e00000| Complete 
|  63|0x00000000a3f00000, 0x00000000a4000000, 0x00000000a4000000|100%|HS|  |TAMS 0x00000000a4000000, 0x00000000a3f00000| Complete 
|  64|0x00000000a4000000, 0x00000000a4100000, 0x00000000a4100000|100%|HS|  |TAMS 0x00000000a4100000, 0x00000000a4000000| Complete 
|  65|0x00000000a4100000, 0x00000000a4200000, 0x00000000a4200000|100%|HS|  |TAMS 0x00000000a4200000, 0x00000000a4100000| Complete 
|  66|0x00000000a4200000, 0x00000000a4300000, 0x00000000a4300000|100%|HC|  |TAMS 0x00000000a4300000, 0x00000000a4200000| Complete 
|  67|0x00000000a4300000, 0x00000000a4400000, 0x00000000a4400000|100%| O|  |TAMS 0x00000000a4400000, 0x00000000a4300000| Untracked 
|  68|0x00000000a4400000, 0x00000000a4500000, 0x00000000a4500000|100%| O|  |TAMS 0x00000000a4500000, 0x00000000a4400000| Untracked 
|  69|0x00000000a4500000, 0x00000000a4600000, 0x00000000a4600000|100%|HS|  |TAMS 0x00000000a4600000, 0x00000000a4500000| Complete 
|  70|0x00000000a4600000, 0x00000000a4700000, 0x00000000a4700000|100%| O|  |TAMS 0x00000000a4700000, 0x00000000a4600000| Untracked 
|  71|0x00000000a4700000, 0x00000000a4800000, 0x00000000a4800000|100%| O|  |TAMS 0x00000000a4800000, 0x00000000a4700000| Untracked 
|  72|0x00000000a4800000, 0x00000000a4900000, 0x00000000a4900000|100%| O|  |TAMS 0x00000000a4900000, 0x00000000a4800000| Untracked 
|  73|0x00000000a4900000, 0x00000000a4a00000, 0x00000000a4a00000|100%| O|  |TAMS 0x00000000a4a00000, 0x00000000a4900000| Untracked 
|  74|0x00000000a4a00000, 0x00000000a4b00000, 0x00000000a4b00000|100%| O|  |TAMS 0x00000000a4b00000, 0x00000000a4a00000| Untracked 
|  75|0x00000000a4b00000, 0x00000000a4c00000, 0x00000000a4c00000|100%| O|  |TAMS 0x00000000a4c00000, 0x00000000a4b00000| Untracked 
|  76|0x00000000a4c00000, 0x00000000a4d00000, 0x00000000a4d00000|100%| O|  |TAMS 0x00000000a4d00000, 0x00000000a4c00000| Untracked 
|  77|0x00000000a4d00000, 0x00000000a4e00000, 0x00000000a4e00000|100%| O|  |TAMS 0x00000000a4e00000, 0x00000000a4d00000| Untracked 
|  78|0x00000000a4e00000, 0x00000000a4f00000, 0x00000000a4f00000|100%| O|  |TAMS 0x00000000a4f00000, 0x00000000a4e00000| Untracked 
|  79|0x00000000a4f00000, 0x00000000a5000000, 0x00000000a5000000|100%| O|  |TAMS 0x00000000a5000000, 0x00000000a4f00000| Untracked 
|  80|0x00000000a5000000, 0x00000000a5100000, 0x00000000a5100000|100%| O|  |TAMS 0x00000000a5100000, 0x00000000a5000000| Untracked 
|  81|0x00000000a5100000, 0x00000000a5200000, 0x00000000a5200000|100%| O|  |TAMS 0x00000000a5200000, 0x00000000a5100000| Untracked 
|  82|0x00000000a5200000, 0x00000000a5300000, 0x00000000a5300000|100%| O|  |TAMS 0x00000000a5300000, 0x00000000a5200000| Untracked 
|  83|0x00000000a5300000, 0x00000000a5400000, 0x00000000a5400000|100%| O|  |TAMS 0x00000000a5400000, 0x00000000a5300000| Untracked 
|  84|0x00000000a5400000, 0x00000000a5500000, 0x00000000a5500000|100%|HS|  |TAMS 0x00000000a5500000, 0x00000000a5400000| Complete 
|  85|0x00000000a5500000, 0x00000000a5600000, 0x00000000a5600000|100%|HC|  |TAMS 0x00000000a5600000, 0x00000000a5500000| Complete 
|  86|0x00000000a5600000, 0x00000000a5700000, 0x00000000a5700000|100%|HC|  |TAMS 0x00000000a5700000, 0x00000000a5600000| Complete 
|  87|0x00000000a5700000, 0x00000000a5800000, 0x00000000a5800000|100%|HC|  |TAMS 0x00000000a5800000, 0x00000000a5700000| Complete 
|  88|0x00000000a5800000, 0x00000000a5900000, 0x00000000a5900000|100%|HS|  |TAMS 0x00000000a5900000, 0x00000000a5800000| Complete 
|  89|0x00000000a5900000, 0x00000000a5a00000, 0x00000000a5a00000|100%| O|  |TAMS 0x00000000a5a00000, 0x00000000a5900000| Untracked 
|  90|0x00000000a5a00000, 0x00000000a5b00000, 0x00000000a5b00000|100%| O|  |TAMS 0x00000000a5b00000, 0x00000000a5a00000| Untracked 
|  91|0x00000000a5b00000, 0x00000000a5c00000, 0x00000000a5c00000|100%| O|  |TAMS 0x00000000a5c00000, 0x00000000a5b00000| Untracked 
|  92|0x00000000a5c00000, 0x00000000a5d00000, 0x00000000a5d00000|100%| O|  |TAMS 0x00000000a5d00000, 0x00000000a5c00000| Untracked 
|  93|0x00000000a5d00000, 0x00000000a5e00000, 0x00000000a5e00000|100%| O|  |TAMS 0x00000000a5e00000, 0x00000000a5d00000| Untracked 
|  94|0x00000000a5e00000, 0x00000000a5f00000, 0x00000000a5f00000|100%| O|  |TAMS 0x00000000a5f00000, 0x00000000a5e00000| Untracked 
|  95|0x00000000a5f00000, 0x00000000a6000000, 0x00000000a6000000|100%| O|  |TAMS 0x00000000a6000000, 0x00000000a5f00000| Untracked 
|  96|0x00000000a6000000, 0x00000000a6100000, 0x00000000a6100000|100%| O|  |TAMS 0x00000000a6100000, 0x00000000a6000000| Untracked 
|  97|0x00000000a6100000, 0x00000000a6200000, 0x00000000a6200000|100%| O|  |TAMS 0x00000000a6200000, 0x00000000a6100000| Untracked 
|  98|0x00000000a6200000, 0x00000000a6300000, 0x00000000a6300000|100%| O|  |TAMS 0x00000000a6300000, 0x00000000a6200000| Untracked 
|  99|0x00000000a6300000, 0x00000000a6400000, 0x00000000a6400000|100%| O|  |TAMS 0x00000000a6400000, 0x00000000a6300000| Untracked 
| 100|0x00000000a6400000, 0x00000000a6500000, 0x00000000a6500000|100%| O|  |TAMS 0x00000000a6500000, 0x00000000a6400000| Untracked 
| 101|0x00000000a6500000, 0x00000000a6600000, 0x00000000a6600000|100%| O|  |TAMS 0x00000000a6600000, 0x00000000a6500000| Untracked 
| 102|0x00000000a6600000, 0x00000000a6700000, 0x00000000a6700000|100%| O|  |TAMS 0x00000000a6700000, 0x00000000a6600000| Untracked 
| 103|0x00000000a6700000, 0x00000000a6800000, 0x00000000a6800000|100%| O|  |TAMS 0x00000000a6800000, 0x00000000a6700000| Untracked 
| 104|0x00000000a6800000, 0x00000000a6900000, 0x00000000a6900000|100%| O|  |TAMS 0x00000000a6900000, 0x00000000a6800000| Untracked 
| 105|0x00000000a6900000, 0x00000000a6a00000, 0x00000000a6a00000|100%| O|  |TAMS 0x00000000a6a00000, 0x00000000a6900000| Untracked 
| 106|0x00000000a6a00000, 0x00000000a6b00000, 0x00000000a6b00000|100%| O|  |TAMS 0x00000000a6b00000, 0x00000000a6a00000| Untracked 
| 107|0x00000000a6b00000, 0x00000000a6c00000, 0x00000000a6c00000|100%| O|  |TAMS 0x00000000a6c00000, 0x00000000a6b00000| Untracked 
| 108|0x00000000a6c00000, 0x00000000a6d00000, 0x00000000a6d00000|100%| O|  |TAMS 0x00000000a6c00000, 0x00000000a6c00000| Untracked 
| 109|0x00000000a6d00000, 0x00000000a6e00000, 0x00000000a6e00000|100%| O|  |TAMS 0x00000000a6e00000, 0x00000000a6d00000| Untracked 
| 110|0x00000000a6e00000, 0x00000000a6f00000, 0x00000000a6f00000|100%| O|  |TAMS 0x00000000a6f00000, 0x00000000a6e00000| Untracked 
| 111|0x00000000a6f00000, 0x00000000a7000000, 0x00000000a7000000|100%| O|  |TAMS 0x00000000a7000000, 0x00000000a6f00000| Untracked 
| 112|0x00000000a7000000, 0x00000000a7100000, 0x00000000a7100000|100%| O|  |TAMS 0x00000000a7100000, 0x00000000a7000000| Untracked 
| 113|0x00000000a7100000, 0x00000000a7200000, 0x00000000a7200000|100%| O|  |TAMS 0x00000000a7200000, 0x00000000a7100000| Untracked 
| 114|0x00000000a7200000, 0x00000000a7300000, 0x00000000a7300000|100%| O|  |TAMS 0x00000000a7300000, 0x00000000a7200000| Untracked 
| 115|0x00000000a7300000, 0x00000000a7400000, 0x00000000a7400000|100%| O|  |TAMS 0x00000000a7400000, 0x00000000a7300000| Untracked 
| 116|0x00000000a7400000, 0x00000000a7500000, 0x00000000a7500000|100%| O|  |TAMS 0x00000000a7500000, 0x00000000a7400000| Untracked 
| 117|0x00000000a7500000, 0x00000000a7600000, 0x00000000a7600000|100%| O|  |TAMS 0x00000000a7600000, 0x00000000a7500000| Untracked 
| 118|0x00000000a7600000, 0x00000000a7700000, 0x00000000a7700000|100%| O|  |TAMS 0x00000000a7700000, 0x00000000a7600000| Untracked 
| 119|0x00000000a7700000, 0x00000000a7800000, 0x00000000a7800000|100%| O|  |TAMS 0x00000000a7800000, 0x00000000a7700000| Untracked 
| 120|0x00000000a7800000, 0x00000000a7900000, 0x00000000a7900000|100%| O|  |TAMS 0x00000000a7800000, 0x00000000a7800000| Untracked 
| 121|0x00000000a7900000, 0x00000000a7a00000, 0x00000000a7a00000|100%| O|  |TAMS 0x00000000a7a00000, 0x00000000a7900000| Untracked 
| 122|0x00000000a7a00000, 0x00000000a7b00000, 0x00000000a7b00000|100%| O|  |TAMS 0x00000000a7b00000, 0x00000000a7a00000| Untracked 
| 123|0x00000000a7b00000, 0x00000000a7c00000, 0x00000000a7c00000|100%| O|  |TAMS 0x00000000a7c00000, 0x00000000a7b00000| Untracked 
| 124|0x00000000a7c00000, 0x00000000a7d00000, 0x00000000a7d00000|100%| O|  |TAMS 0x00000000a7d00000, 0x00000000a7c00000| Untracked 
| 125|0x00000000a7d00000, 0x00000000a7e00000, 0x00000000a7e00000|100%| O|  |TAMS 0x00000000a7e00000, 0x00000000a7d00000| Untracked 
| 126|0x00000000a7e00000, 0x00000000a7f00000, 0x00000000a7f00000|100%| O|  |TAMS 0x00000000a7f00000, 0x00000000a7e00000| Untracked 
| 127|0x00000000a7f00000, 0x00000000a8000000, 0x00000000a8000000|100%| O|  |TAMS 0x00000000a8000000, 0x00000000a7f00000| Untracked 
| 128|0x00000000a8000000, 0x00000000a8100000, 0x00000000a8100000|100%| O|  |TAMS 0x00000000a8100000, 0x00000000a8000000| Untracked 
| 129|0x00000000a8100000, 0x00000000a8200000, 0x00000000a8200000|100%| O|  |TAMS 0x00000000a8200000, 0x00000000a8100000| Untracked 
| 130|0x00000000a8200000, 0x00000000a8300000, 0x00000000a8300000|100%| O|  |TAMS 0x00000000a8300000, 0x00000000a8200000| Untracked 
| 131|0x00000000a8300000, 0x00000000a8400000, 0x00000000a8400000|100%| O|  |TAMS 0x00000000a8300000, 0x00000000a8300000| Untracked 
| 132|0x00000000a8400000, 0x00000000a8500000, 0x00000000a8500000|100%| O|  |TAMS 0x00000000a8400000, 0x00000000a8400000| Untracked 
| 133|0x00000000a8500000, 0x00000000a8600000, 0x00000000a8600000|100%| O|  |TAMS 0x00000000a8600000, 0x00000000a8500000| Untracked 
| 134|0x00000000a8600000, 0x00000000a8700000, 0x00000000a8700000|100%| O|  |TAMS 0x00000000a8600000, 0x00000000a8600000| Untracked 
| 135|0x00000000a8700000, 0x00000000a8800000, 0x00000000a8800000|100%| O|  |TAMS 0x00000000a8800000, 0x00000000a8700000| Untracked 
| 136|0x00000000a8800000, 0x00000000a8900000, 0x00000000a8900000|100%| O|  |TAMS 0x00000000a8900000, 0x00000000a8800000| Untracked 
| 137|0x00000000a8900000, 0x00000000a8a00000, 0x00000000a8a00000|100%| O|  |TAMS 0x00000000a8a00000, 0x00000000a8900000| Untracked 
| 138|0x00000000a8a00000, 0x00000000a8b00000, 0x00000000a8b00000|100%| O|  |TAMS 0x00000000a8b00000, 0x00000000a8a00000| Untracked 
| 139|0x00000000a8b00000, 0x00000000a8c00000, 0x00000000a8c00000|100%| O|  |TAMS 0x00000000a8c00000, 0x00000000a8b00000| Untracked 
| 140|0x00000000a8c00000, 0x00000000a8d00000, 0x00000000a8d00000|100%| O|  |TAMS 0x00000000a8d00000, 0x00000000a8c00000| Untracked 
| 141|0x00000000a8d00000, 0x00000000a8e00000, 0x00000000a8e00000|100%| O|  |TAMS 0x00000000a8e00000, 0x00000000a8d00000| Untracked 
| 142|0x00000000a8e00000, 0x00000000a8f00000, 0x00000000a8f00000|100%| O|  |TAMS 0x00000000a8f00000, 0x00000000a8e00000| Untracked 
| 143|0x00000000a8f00000, 0x00000000a9000000, 0x00000000a9000000|100%| O|  |TAMS 0x00000000a9000000, 0x00000000a8f00000| Untracked 
| 144|0x00000000a9000000, 0x00000000a9100000, 0x00000000a9100000|100%| O|  |TAMS 0x00000000a9100000, 0x00000000a9000000| Untracked 
| 145|0x00000000a9100000, 0x00000000a9200000, 0x00000000a9200000|100%| O|  |TAMS 0x00000000a9200000, 0x00000000a9100000| Untracked 
| 146|0x00000000a9200000, 0x00000000a9300000, 0x00000000a9300000|100%| O|  |TAMS 0x00000000a9200000, 0x00000000a9200000| Untracked 
| 147|0x00000000a9300000, 0x00000000a9400000, 0x00000000a9400000|100%| O|  |TAMS 0x00000000a9400000, 0x00000000a9300000| Untracked 
| 148|0x00000000a9400000, 0x00000000a9500000, 0x00000000a9500000|100%| O|  |TAMS 0x00000000a9500000, 0x00000000a9400000| Untracked 
| 149|0x00000000a9500000, 0x00000000a9600000, 0x00000000a9600000|100%| O|  |TAMS 0x00000000a9600000, 0x00000000a9500000| Untracked 
| 150|0x00000000a9600000, 0x00000000a9700000, 0x00000000a9700000|100%| O|  |TAMS 0x00000000a9700000, 0x00000000a9600000| Untracked 
| 151|0x00000000a9700000, 0x00000000a9800000, 0x00000000a9800000|100%| O|  |TAMS 0x00000000a9800000, 0x00000000a9700000| Untracked 
| 152|0x00000000a9800000, 0x00000000a9900000, 0x00000000a9900000|100%| O|  |TAMS 0x00000000a9900000, 0x00000000a9800000| Untracked 
| 153|0x00000000a9900000, 0x00000000a9a00000, 0x00000000a9a00000|100%| O|  |TAMS 0x00000000a9a00000, 0x00000000a9900000| Untracked 
| 154|0x00000000a9a00000, 0x00000000a9b00000, 0x00000000a9b00000|100%| O|  |TAMS 0x00000000a9b00000, 0x00000000a9a00000| Untracked 
| 155|0x00000000a9b00000, 0x00000000a9c00000, 0x00000000a9c00000|100%| O|  |TAMS 0x00000000a9c00000, 0x00000000a9b00000| Untracked 
| 156|0x00000000a9c00000, 0x00000000a9d00000, 0x00000000a9d00000|100%| O|  |TAMS 0x00000000a9d00000, 0x00000000a9c00000| Untracked 
| 157|0x00000000a9d00000, 0x00000000a9e00000, 0x00000000a9e00000|100%| O|  |TAMS 0x00000000a9e00000, 0x00000000a9d00000| Untracked 
| 158|0x00000000a9e00000, 0x00000000a9f00000, 0x00000000a9f00000|100%| O|  |TAMS 0x00000000a9f00000, 0x00000000a9e00000| Untracked 
| 159|0x00000000a9f00000, 0x00000000aa000000, 0x00000000aa000000|100%| O|  |TAMS 0x00000000aa000000, 0x00000000a9f00000| Untracked 
| 160|0x00000000aa000000, 0x00000000aa100000, 0x00000000aa100000|100%| O|  |TAMS 0x00000000aa100000, 0x00000000aa000000| Untracked 
| 161|0x00000000aa100000, 0x00000000aa200000, 0x00000000aa200000|100%| O|  |TAMS 0x00000000aa200000, 0x00000000aa100000| Untracked 
| 162|0x00000000aa200000, 0x00000000aa300000, 0x00000000aa300000|100%| O|  |TAMS 0x00000000aa300000, 0x00000000aa200000| Untracked 
| 163|0x00000000aa300000, 0x00000000aa400000, 0x00000000aa400000|100%| O|  |TAMS 0x00000000aa400000, 0x00000000aa300000| Untracked 
| 164|0x00000000aa400000, 0x00000000aa500000, 0x00000000aa500000|100%| O|  |TAMS 0x00000000aa500000, 0x00000000aa400000| Untracked 
| 165|0x00000000aa500000, 0x00000000aa600000, 0x00000000aa600000|100%| O|  |TAMS 0x00000000aa600000, 0x00000000aa500000| Untracked 
| 166|0x00000000aa600000, 0x00000000aa700000, 0x00000000aa700000|100%| O|  |TAMS 0x00000000aa700000, 0x00000000aa600000| Untracked 
| 167|0x00000000aa700000, 0x00000000aa800000, 0x00000000aa800000|100%| O|  |TAMS 0x00000000aa800000, 0x00000000aa700000| Untracked 
| 168|0x00000000aa800000, 0x00000000aa900000, 0x00000000aa900000|100%| O|  |TAMS 0x00000000aa900000, 0x00000000aa800000| Untracked 
| 169|0x00000000aa900000, 0x00000000aaa00000, 0x00000000aaa00000|100%| O|  |TAMS 0x00000000aaa00000, 0x00000000aa900000| Untracked 
| 170|0x00000000aaa00000, 0x00000000aab00000, 0x00000000aab00000|100%| O|  |TAMS 0x00000000aab00000, 0x00000000aaa00000| Untracked 
| 171|0x00000000aab00000, 0x00000000aac00000, 0x00000000aac00000|100%| O|  |TAMS 0x00000000aac00000, 0x00000000aab00000| Untracked 
| 172|0x00000000aac00000, 0x00000000aad00000, 0x00000000aad00000|100%| O|  |TAMS 0x00000000aad00000, 0x00000000aac00000| Untracked 
| 173|0x00000000aad00000, 0x00000000aae00000, 0x00000000aae00000|100%| O|  |TAMS 0x00000000aae00000, 0x00000000aad00000| Untracked 
| 174|0x00000000aae00000, 0x00000000aaf00000, 0x00000000aaf00000|100%| O|  |TAMS 0x00000000aaf00000, 0x00000000aae00000| Untracked 
| 175|0x00000000aaf00000, 0x00000000ab000000, 0x00000000ab000000|100%| O|  |TAMS 0x00000000ab000000, 0x00000000aaf00000| Untracked 
| 176|0x00000000ab000000, 0x00000000ab100000, 0x00000000ab100000|100%| O|  |TAMS 0x00000000ab100000, 0x00000000ab000000| Untracked 
| 177|0x00000000ab100000, 0x00000000ab200000, 0x00000000ab200000|100%| O|  |TAMS 0x00000000ab200000, 0x00000000ab100000| Untracked 
| 178|0x00000000ab200000, 0x00000000ab300000, 0x00000000ab300000|100%| O|  |TAMS 0x00000000ab2d2a00, 0x00000000ab200000| Untracked 
| 179|0x00000000ab300000, 0x00000000ab400000, 0x00000000ab400000|100%| O|  |TAMS 0x00000000ab300000, 0x00000000ab300000| Untracked 
| 180|0x00000000ab400000, 0x00000000ab500000, 0x00000000ab500000|100%| O|  |TAMS 0x00000000ab400000, 0x00000000ab400000| Untracked 
| 181|0x00000000ab500000, 0x00000000ab600000, 0x00000000ab600000|100%| O|  |TAMS 0x00000000ab500000, 0x00000000ab500000| Untracked 
| 182|0x00000000ab600000, 0x00000000ab700000, 0x00000000ab700000|100%| O|  |TAMS 0x00000000ab600000, 0x00000000ab600000| Untracked 
| 183|0x00000000ab700000, 0x00000000ab800000, 0x00000000ab800000|100%| O|  |TAMS 0x00000000ab700000, 0x00000000ab700000| Untracked 
| 184|0x00000000ab800000, 0x00000000ab900000, 0x00000000ab900000|100%| O|  |TAMS 0x00000000ab800000, 0x00000000ab800000| Untracked 
| 185|0x00000000ab900000, 0x00000000aba00000, 0x00000000aba00000|100%| O|  |TAMS 0x00000000ab900000, 0x00000000ab900000| Untracked 
| 186|0x00000000aba00000, 0x00000000abb00000, 0x00000000abb00000|100%| O|  |TAMS 0x00000000aba00000, 0x00000000aba00000| Untracked 
| 187|0x00000000abb00000, 0x00000000abc00000, 0x00000000abc00000|100%| O|  |TAMS 0x00000000abb00000, 0x00000000abb00000| Untracked 
| 188|0x00000000abc00000, 0x00000000abd00000, 0x00000000abd00000|100%| O|  |TAMS 0x00000000abc00000, 0x00000000abc00000| Untracked 
| 189|0x00000000abd00000, 0x00000000abe00000, 0x00000000abe00000|100%| O|  |TAMS 0x00000000abd00000, 0x00000000abd00000| Untracked 
| 190|0x00000000abe00000, 0x00000000abf00000, 0x00000000abf00000|100%| O|  |TAMS 0x00000000abe00000, 0x00000000abe00000| Untracked 
| 191|0x00000000abf00000, 0x00000000ac000000, 0x00000000ac000000|100%| O|  |TAMS 0x00000000abf00000, 0x00000000abf00000| Untracked 
| 192|0x00000000ac000000, 0x00000000ac100000, 0x00000000ac100000|100%| O|  |TAMS 0x00000000ac000000, 0x00000000ac000000| Untracked 
| 193|0x00000000ac100000, 0x00000000ac200000, 0x00000000ac200000|100%| O|  |TAMS 0x00000000ac100000, 0x00000000ac100000| Untracked 
| 194|0x00000000ac200000, 0x00000000ac300000, 0x00000000ac300000|100%| O|  |TAMS 0x00000000ac200000, 0x00000000ac200000| Untracked 
| 195|0x00000000ac300000, 0x00000000ac400000, 0x00000000ac400000|100%| O|  |TAMS 0x00000000ac300000, 0x00000000ac300000| Untracked 
| 196|0x00000000ac400000, 0x00000000ac500000, 0x00000000ac500000|100%| O|  |TAMS 0x00000000ac400000, 0x00000000ac400000| Untracked 
| 197|0x00000000ac500000, 0x00000000ac600000, 0x00000000ac600000|100%| O|  |TAMS 0x00000000ac500000, 0x00000000ac500000| Untracked 
| 198|0x00000000ac600000, 0x00000000ac700000, 0x00000000ac700000|100%| O|  |TAMS 0x00000000ac600000, 0x00000000ac600000| Untracked 
| 199|0x00000000ac700000, 0x00000000ac800000, 0x00000000ac800000|100%| O|  |TAMS 0x00000000ac700000, 0x00000000ac700000| Untracked 
| 200|0x00000000ac800000, 0x00000000ac900000, 0x00000000ac900000|100%| O|  |TAMS 0x00000000ac800000, 0x00000000ac800000| Untracked 
| 201|0x00000000ac900000, 0x00000000aca00000, 0x00000000aca00000|100%| O|  |TAMS 0x00000000ac900000, 0x00000000ac900000| Untracked 
| 202|0x00000000aca00000, 0x00000000acb00000, 0x00000000acb00000|100%| O|  |TAMS 0x00000000aca00000, 0x00000000aca00000| Untracked 
| 203|0x00000000acb00000, 0x00000000acc00000, 0x00000000acc00000|100%| O|  |TAMS 0x00000000acb00000, 0x00000000acb00000| Untracked 
| 204|0x00000000acc00000, 0x00000000acd00000, 0x00000000acd00000|100%| O|  |TAMS 0x00000000acc00000, 0x00000000acc00000| Untracked 
| 205|0x00000000acd00000, 0x00000000ace00000, 0x00000000ace00000|100%| O|  |TAMS 0x00000000acd00000, 0x00000000acd00000| Untracked 
| 206|0x00000000ace00000, 0x00000000acf00000, 0x00000000acf00000|100%| O|  |TAMS 0x00000000ace00000, 0x00000000ace00000| Untracked 
| 207|0x00000000acf00000, 0x00000000ad000000, 0x00000000ad000000|100%| O|  |TAMS 0x00000000acf00000, 0x00000000acf00000| Untracked 
| 208|0x00000000ad000000, 0x00000000ad100000, 0x00000000ad100000|100%| O|  |TAMS 0x00000000ad000000, 0x00000000ad000000| Untracked 
| 209|0x00000000ad100000, 0x00000000ad200000, 0x00000000ad200000|100%| O|  |TAMS 0x00000000ad100000, 0x00000000ad100000| Untracked 
| 210|0x00000000ad200000, 0x00000000ad300000, 0x00000000ad300000|100%| O|  |TAMS 0x00000000ad200000, 0x00000000ad200000| Untracked 
| 211|0x00000000ad300000, 0x00000000ad400000, 0x00000000ad400000|100%| O|  |TAMS 0x00000000ad300000, 0x00000000ad300000| Untracked 
| 212|0x00000000ad400000, 0x00000000ad500000, 0x00000000ad500000|100%| O|  |TAMS 0x00000000ad400000, 0x00000000ad400000| Untracked 
| 213|0x00000000ad500000, 0x00000000ad600000, 0x00000000ad600000|100%| O|  |TAMS 0x00000000ad500000, 0x00000000ad500000| Untracked 
| 214|0x00000000ad600000, 0x00000000ad700000, 0x00000000ad700000|100%| O|  |TAMS 0x00000000ad600000, 0x00000000ad600000| Untracked 
| 215|0x00000000ad700000, 0x00000000ad800000, 0x00000000ad800000|100%| O|  |TAMS 0x00000000ad700000, 0x00000000ad700000| Untracked 
| 216|0x00000000ad800000, 0x00000000ad900000, 0x00000000ad900000|100%| O|  |TAMS 0x00000000ad800000, 0x00000000ad800000| Untracked 
| 217|0x00000000ad900000, 0x00000000ada00000, 0x00000000ada00000|100%| O|  |TAMS 0x00000000ad900000, 0x00000000ad900000| Untracked 
| 218|0x00000000ada00000, 0x00000000adb00000, 0x00000000adb00000|100%| O|  |TAMS 0x00000000ada00000, 0x00000000ada00000| Untracked 
| 219|0x00000000adb00000, 0x00000000adc00000, 0x00000000adc00000|100%| O|  |TAMS 0x00000000adb00000, 0x00000000adb00000| Untracked 
| 220|0x00000000adc00000, 0x00000000add00000, 0x00000000add00000|100%| O|  |TAMS 0x00000000adc00000, 0x00000000adc00000| Untracked 
| 221|0x00000000add00000, 0x00000000ade00000, 0x00000000ade00000|100%| O|  |TAMS 0x00000000add00000, 0x00000000add00000| Untracked 
| 222|0x00000000ade00000, 0x00000000adf00000, 0x00000000adf00000|100%| O|  |TAMS 0x00000000ade00000, 0x00000000ade00000| Untracked 
| 223|0x00000000adf00000, 0x00000000ae000000, 0x00000000ae000000|100%| O|  |TAMS 0x00000000adf00000, 0x00000000adf00000| Untracked 
| 224|0x00000000ae000000, 0x00000000ae100000, 0x00000000ae100000|100%| O|  |TAMS 0x00000000ae000000, 0x00000000ae000000| Untracked 
| 225|0x00000000ae100000, 0x00000000ae200000, 0x00000000ae200000|100%| O|  |TAMS 0x00000000ae100000, 0x00000000ae100000| Untracked 
| 226|0x00000000ae200000, 0x00000000ae300000, 0x00000000ae300000|100%| O|  |TAMS 0x00000000ae200000, 0x00000000ae200000| Untracked 
| 227|0x00000000ae300000, 0x00000000ae400000, 0x00000000ae400000|100%| O|  |TAMS 0x00000000ae300000, 0x00000000ae300000| Untracked 
| 228|0x00000000ae400000, 0x00000000ae500000, 0x00000000ae500000|100%| O|  |TAMS 0x00000000ae400000, 0x00000000ae400000| Untracked 
| 229|0x00000000ae500000, 0x00000000ae600000, 0x00000000ae600000|100%| O|  |TAMS 0x00000000ae500000, 0x00000000ae500000| Untracked 
| 230|0x00000000ae600000, 0x00000000ae700000, 0x00000000ae700000|100%| O|  |TAMS 0x00000000ae600000, 0x00000000ae600000| Untracked 
| 231|0x00000000ae700000, 0x00000000ae800000, 0x00000000ae800000|100%| O|  |TAMS 0x00000000ae700000, 0x00000000ae700000| Untracked 
| 232|0x00000000ae800000, 0x00000000ae900000, 0x00000000ae900000|100%| O|  |TAMS 0x00000000ae800000, 0x00000000ae800000| Untracked 
| 233|0x00000000ae900000, 0x00000000aea00000, 0x00000000aea00000|100%| O|  |TAMS 0x00000000ae900000, 0x00000000ae900000| Untracked 
| 234|0x00000000aea00000, 0x00000000aeb00000, 0x00000000aeb00000|100%| O|  |TAMS 0x00000000aea00000, 0x00000000aea00000| Untracked 
| 235|0x00000000aeb00000, 0x00000000aec00000, 0x00000000aec00000|100%| O|  |TAMS 0x00000000aeb00000, 0x00000000aeb00000| Untracked 
| 236|0x00000000aec00000, 0x00000000aed00000, 0x00000000aed00000|100%| O|  |TAMS 0x00000000aec00000, 0x00000000aec00000| Untracked 
| 237|0x00000000aed00000, 0x00000000aee00000, 0x00000000aee00000|100%| O|  |TAMS 0x00000000aed00000, 0x00000000aed00000| Untracked 
| 238|0x00000000aee00000, 0x00000000aef00000, 0x00000000aef00000|100%| O|  |TAMS 0x00000000aee00000, 0x00000000aee00000| Untracked 
| 239|0x00000000aef00000, 0x00000000af000000, 0x00000000af000000|100%| O|  |TAMS 0x00000000aef00000, 0x00000000aef00000| Untracked 
| 240|0x00000000af000000, 0x00000000af100000, 0x00000000af100000|100%| O|  |TAMS 0x00000000af000000, 0x00000000af000000| Untracked 
| 241|0x00000000af100000, 0x00000000af200000, 0x00000000af200000|100%| O|  |TAMS 0x00000000af100000, 0x00000000af100000| Untracked 
| 242|0x00000000af200000, 0x00000000af300000, 0x00000000af300000|100%| O|  |TAMS 0x00000000af200000, 0x00000000af200000| Untracked 
| 243|0x00000000af300000, 0x00000000af400000, 0x00000000af400000|100%| O|  |TAMS 0x00000000af300000, 0x00000000af300000| Untracked 
| 244|0x00000000af400000, 0x00000000af500000, 0x00000000af500000|100%| O|  |TAMS 0x00000000af400000, 0x00000000af400000| Untracked 
| 245|0x00000000af500000, 0x00000000af600000, 0x00000000af600000|100%| O|  |TAMS 0x00000000af500000, 0x00000000af500000| Untracked 
| 246|0x00000000af600000, 0x00000000af700000, 0x00000000af700000|100%| O|  |TAMS 0x00000000af600000, 0x00000000af600000| Untracked 
| 247|0x00000000af700000, 0x00000000af800000, 0x00000000af800000|100%| O|  |TAMS 0x00000000af700000, 0x00000000af700000| Untracked 
| 248|0x00000000af800000, 0x00000000af900000, 0x00000000af900000|100%| O|  |TAMS 0x00000000af800000, 0x00000000af800000| Untracked 
| 249|0x00000000af900000, 0x00000000afa00000, 0x00000000afa00000|100%| O|  |TAMS 0x00000000af900000, 0x00000000af900000| Untracked 
| 250|0x00000000afa00000, 0x00000000afb00000, 0x00000000afb00000|100%| O|  |TAMS 0x00000000afa00000, 0x00000000afa00000| Untracked 
| 251|0x00000000afb00000, 0x00000000afc00000, 0x00000000afc00000|100%| O|  |TAMS 0x00000000afb00000, 0x00000000afb00000| Untracked 
| 252|0x00000000afc00000, 0x00000000afd00000, 0x00000000afd00000|100%| O|  |TAMS 0x00000000afc00000, 0x00000000afc00000| Untracked 
| 253|0x00000000afd00000, 0x00000000afe00000, 0x00000000afe00000|100%| O|  |TAMS 0x00000000afd00000, 0x00000000afd00000| Untracked 
| 254|0x00000000afe00000, 0x00000000aff00000, 0x00000000aff00000|100%| O|  |TAMS 0x00000000afe00000, 0x00000000afe00000| Untracked 
| 255|0x00000000aff00000, 0x00000000b0000000, 0x00000000b0000000|100%| O|  |TAMS 0x00000000aff00000, 0x00000000aff00000| Untracked 
| 256|0x00000000b0000000, 0x00000000b0100000, 0x00000000b0100000|100%| O|  |TAMS 0x00000000b0000000, 0x00000000b0000000| Untracked 
| 257|0x00000000b0100000, 0x00000000b0200000, 0x00000000b0200000|100%| O|  |TAMS 0x00000000b0100000, 0x00000000b0100000| Untracked 
| 258|0x00000000b0200000, 0x00000000b0300000, 0x00000000b0300000|100%| O|  |TAMS 0x00000000b0200000, 0x00000000b0200000| Untracked 
| 259|0x00000000b0300000, 0x00000000b0400000, 0x00000000b0400000|100%| O|  |TAMS 0x00000000b0300000, 0x00000000b0300000| Untracked 
| 260|0x00000000b0400000, 0x00000000b0500000, 0x00000000b0500000|100%| O|  |TAMS 0x00000000b0400000, 0x00000000b0400000| Untracked 
| 261|0x00000000b0500000, 0x00000000b0600000, 0x00000000b0600000|100%| O|  |TAMS 0x00000000b0500000, 0x00000000b0500000| Untracked 
| 262|0x00000000b0600000, 0x00000000b0700000, 0x00000000b0700000|100%| O|  |TAMS 0x00000000b0600000, 0x00000000b0600000| Untracked 
| 263|0x00000000b0700000, 0x00000000b0800000, 0x00000000b0800000|100%| O|  |TAMS 0x00000000b0700000, 0x00000000b0700000| Untracked 
| 264|0x00000000b0800000, 0x00000000b0900000, 0x00000000b0900000|100%| O|  |TAMS 0x00000000b0800000, 0x00000000b0800000| Untracked 
| 265|0x00000000b0900000, 0x00000000b0a00000, 0x00000000b0a00000|100%| O|  |TAMS 0x00000000b0900000, 0x00000000b0900000| Untracked 
| 266|0x00000000b0a00000, 0x00000000b0b00000, 0x00000000b0b00000|100%| O|  |TAMS 0x00000000b0a00000, 0x00000000b0a00000| Untracked 
| 267|0x00000000b0b00000, 0x00000000b0c00000, 0x00000000b0c00000|100%| O|  |TAMS 0x00000000b0b00000, 0x00000000b0b00000| Untracked 
| 268|0x00000000b0c00000, 0x00000000b0d00000, 0x00000000b0d00000|100%| O|  |TAMS 0x00000000b0c00000, 0x00000000b0c00000| Untracked 
| 269|0x00000000b0d00000, 0x00000000b0e00000, 0x00000000b0e00000|100%| O|  |TAMS 0x00000000b0d00000, 0x00000000b0d00000| Untracked 
| 270|0x00000000b0e00000, 0x00000000b0f00000, 0x00000000b0f00000|100%| O|  |TAMS 0x00000000b0e00000, 0x00000000b0e00000| Untracked 
| 271|0x00000000b0f00000, 0x00000000b1000000, 0x00000000b1000000|100%| O|  |TAMS 0x00000000b0f00000, 0x00000000b0f00000| Untracked 
| 272|0x00000000b1000000, 0x00000000b1000000, 0x00000000b1100000|  0%| F|  |TAMS 0x00000000b1000000, 0x00000000b1000000| Untracked 
| 273|0x00000000b1100000, 0x00000000b1100000, 0x00000000b1200000|  0%| F|  |TAMS 0x00000000b1100000, 0x00000000b1100000| Untracked 
| 274|0x00000000b1200000, 0x00000000b1200000, 0x00000000b1300000|  0%| F|  |TAMS 0x00000000b1200000, 0x00000000b1200000| Untracked 
| 275|0x00000000b1300000, 0x00000000b1300000, 0x00000000b1400000|  0%| F|  |TAMS 0x00000000b1300000, 0x00000000b1300000| Untracked 
| 276|0x00000000b1400000, 0x00000000b1400000, 0x00000000b1500000|  0%| F|  |TAMS 0x00000000b1400000, 0x00000000b1400000| Untracked 
| 277|0x00000000b1500000, 0x00000000b1500000, 0x00000000b1600000|  0%| F|  |TAMS 0x00000000b1500000, 0x00000000b1500000| Untracked 
| 278|0x00000000b1600000, 0x00000000b1600000, 0x00000000b1700000|  0%| F|  |TAMS 0x00000000b1600000, 0x00000000b1600000| Untracked 
| 279|0x00000000b1700000, 0x00000000b1700000, 0x00000000b1800000|  0%| F|  |TAMS 0x00000000b1700000, 0x00000000b1700000| Untracked 
| 280|0x00000000b1800000, 0x00000000b1800000, 0x00000000b1900000|  0%| F|  |TAMS 0x00000000b1800000, 0x00000000b1800000| Untracked 
| 281|0x00000000b1900000, 0x00000000b1900000, 0x00000000b1a00000|  0%| F|  |TAMS 0x00000000b1900000, 0x00000000b1900000| Untracked 
| 282|0x00000000b1a00000, 0x00000000b1a00000, 0x00000000b1b00000|  0%| F|  |TAMS 0x00000000b1a00000, 0x00000000b1a00000| Untracked 
| 283|0x00000000b1b00000, 0x00000000b1b00000, 0x00000000b1c00000|  0%| F|  |TAMS 0x00000000b1b00000, 0x00000000b1b00000| Untracked 
| 284|0x00000000b1c00000, 0x00000000b1c00000, 0x00000000b1d00000|  0%| F|  |TAMS 0x00000000b1c00000, 0x00000000b1c00000| Untracked 
| 285|0x00000000b1d00000, 0x00000000b1d00000, 0x00000000b1e00000|  0%| F|  |TAMS 0x00000000b1d00000, 0x00000000b1d00000| Untracked 
| 286|0x00000000b1e00000, 0x00000000b1e00000, 0x00000000b1f00000|  0%| F|  |TAMS 0x00000000b1e00000, 0x00000000b1e00000| Untracked 
| 287|0x00000000b1f00000, 0x00000000b1f00000, 0x00000000b2000000|  0%| F|  |TAMS 0x00000000b1f00000, 0x00000000b1f00000| Untracked 
| 288|0x00000000b2000000, 0x00000000b2000000, 0x00000000b2100000|  0%| F|  |TAMS 0x00000000b2000000, 0x00000000b2000000| Untracked 
| 289|0x00000000b2100000, 0x00000000b2100000, 0x00000000b2200000|  0%| F|  |TAMS 0x00000000b2100000, 0x00000000b2100000| Untracked 
| 290|0x00000000b2200000, 0x00000000b2200000, 0x00000000b2300000|  0%| F|  |TAMS 0x00000000b2200000, 0x00000000b2200000| Untracked 
| 291|0x00000000b2300000, 0x00000000b2300000, 0x00000000b2400000|  0%| F|  |TAMS 0x00000000b2300000, 0x00000000b2300000| Untracked 
| 292|0x00000000b2400000, 0x00000000b2400000, 0x00000000b2500000|  0%| F|  |TAMS 0x00000000b2400000, 0x00000000b2400000| Untracked 
| 293|0x00000000b2500000, 0x00000000b2500000, 0x00000000b2600000|  0%| F|  |TAMS 0x00000000b2500000, 0x00000000b2500000| Untracked 
| 294|0x00000000b2600000, 0x00000000b2600000, 0x00000000b2700000|  0%| F|  |TAMS 0x00000000b2600000, 0x00000000b2600000| Untracked 
| 295|0x00000000b2700000, 0x00000000b2700000, 0x00000000b2800000|  0%| F|  |TAMS 0x00000000b2700000, 0x00000000b2700000| Untracked 
| 296|0x00000000b2800000, 0x00000000b2800000, 0x00000000b2900000|  0%| F|  |TAMS 0x00000000b2800000, 0x00000000b2800000| Untracked 
| 297|0x00000000b2900000, 0x00000000b2900000, 0x00000000b2a00000|  0%| F|  |TAMS 0x00000000b2900000, 0x00000000b2900000| Untracked 
| 298|0x00000000b2a00000, 0x00000000b2a00000, 0x00000000b2b00000|  0%| F|  |TAMS 0x00000000b2a00000, 0x00000000b2a00000| Untracked 
| 299|0x00000000b2b00000, 0x00000000b2b00000, 0x00000000b2c00000|  0%| F|  |TAMS 0x00000000b2b00000, 0x00000000b2b00000| Untracked 
| 300|0x00000000b2c00000, 0x00000000b2d00000, 0x00000000b2d00000|100%| S|CS|TAMS 0x00000000b2c00000, 0x00000000b2c00000| Complete 
| 301|0x00000000b2d00000, 0x00000000b2e00000, 0x00000000b2e00000|100%| S|CS|TAMS 0x00000000b2d00000, 0x00000000b2d00000| Complete 
| 302|0x00000000b2e00000, 0x00000000b2e00000, 0x00000000b2f00000|  0%| F|  |TAMS 0x00000000b2e00000, 0x00000000b2e00000| Untracked 
| 303|0x00000000b2f00000, 0x00000000b3000000, 0x00000000b3000000|100%| S|CS|TAMS 0x00000000b2f00000, 0x00000000b2f00000| Complete 
| 304|0x00000000b3000000, 0x00000000b3100000, 0x00000000b3100000|100%| S|CS|TAMS 0x00000000b3000000, 0x00000000b3000000| Complete 
| 305|0x00000000b3100000, 0x00000000b3200000, 0x00000000b3200000|100%| S|CS|TAMS 0x00000000b3100000, 0x00000000b3100000| Complete 
| 306|0x00000000b3200000, 0x00000000b3300000, 0x00000000b3300000|100%| S|CS|TAMS 0x00000000b3200000, 0x00000000b3200000| Complete 
| 307|0x00000000b3300000, 0x00000000b3300000, 0x00000000b3400000|  0%| F|  |TAMS 0x00000000b3300000, 0x00000000b3300000| Untracked 
| 308|0x00000000b3400000, 0x00000000b3400000, 0x00000000b3500000|  0%| F|  |TAMS 0x00000000b3400000, 0x00000000b3400000| Untracked 
| 309|0x00000000b3500000, 0x00000000b3500000, 0x00000000b3600000|  0%| F|  |TAMS 0x00000000b3500000, 0x00000000b3500000| Untracked 
| 310|0x00000000b3600000, 0x00000000b3600000, 0x00000000b3700000|  0%| F|  |TAMS 0x00000000b3600000, 0x00000000b3600000| Untracked 
| 311|0x00000000b3700000, 0x00000000b3800000, 0x00000000b3800000|100%| S|CS|TAMS 0x00000000b3700000, 0x00000000b3700000| Complete 
| 312|0x00000000b3800000, 0x00000000b3900000, 0x00000000b3900000|100%| S|CS|TAMS 0x00000000b3800000, 0x00000000b3800000| Complete 
| 313|0x00000000b3900000, 0x00000000b3900000, 0x00000000b3a00000|  0%| F|  |TAMS 0x00000000b3900000, 0x00000000b3900000| Untracked 
| 314|0x00000000b3a00000, 0x00000000b3a00000, 0x00000000b3b00000|  0%| F|  |TAMS 0x00000000b3a00000, 0x00000000b3a00000| Untracked 
| 315|0x00000000b3b00000, 0x00000000b3b00000, 0x00000000b3c00000|  0%| F|  |TAMS 0x00000000b3b00000, 0x00000000b3b00000| Untracked 
| 316|0x00000000b3c00000, 0x00000000b3c00000, 0x00000000b3d00000|  0%| F|  |TAMS 0x00000000b3c00000, 0x00000000b3c00000| Untracked 
| 317|0x00000000b3d00000, 0x00000000b3d00000, 0x00000000b3e00000|  0%| F|  |TAMS 0x00000000b3d00000, 0x00000000b3d00000| Untracked 
| 318|0x00000000b3e00000, 0x00000000b3e00000, 0x00000000b3f00000|  0%| F|  |TAMS 0x00000000b3e00000, 0x00000000b3e00000| Untracked 
| 319|0x00000000b3f00000, 0x00000000b3f00000, 0x00000000b4000000|  0%| F|  |TAMS 0x00000000b3f00000, 0x00000000b3f00000| Untracked 
| 320|0x00000000b4000000, 0x00000000b4000000, 0x00000000b4100000|  0%| F|  |TAMS 0x00000000b4000000, 0x00000000b4000000| Untracked 
| 321|0x00000000b4100000, 0x00000000b4100000, 0x00000000b4200000|  0%| F|  |TAMS 0x00000000b4100000, 0x00000000b4100000| Untracked 
| 322|0x00000000b4200000, 0x00000000b4200000, 0x00000000b4300000|  0%| F|  |TAMS 0x00000000b4200000, 0x00000000b4200000| Untracked 
| 323|0x00000000b4300000, 0x00000000b4300000, 0x00000000b4400000|  0%| F|  |TAMS 0x00000000b4300000, 0x00000000b4300000| Untracked 
| 324|0x00000000b4400000, 0x00000000b4400000, 0x00000000b4500000|  0%| F|  |TAMS 0x00000000b4400000, 0x00000000b4400000| Untracked 
| 325|0x00000000b4500000, 0x00000000b4500000, 0x00000000b4600000|  0%| F|  |TAMS 0x00000000b4500000, 0x00000000b4500000| Untracked 
| 326|0x00000000b4600000, 0x00000000b4600000, 0x00000000b4700000|  0%| F|  |TAMS 0x00000000b4600000, 0x00000000b4600000| Untracked 
| 327|0x00000000b4700000, 0x00000000b4700000, 0x00000000b4800000|  0%| F|  |TAMS 0x00000000b4700000, 0x00000000b4700000| Untracked 
| 328|0x00000000b4800000, 0x00000000b4800000, 0x00000000b4900000|  0%| F|  |TAMS 0x00000000b4800000, 0x00000000b4800000| Untracked 
| 329|0x00000000b4900000, 0x00000000b4900000, 0x00000000b4a00000|  0%| F|  |TAMS 0x00000000b4900000, 0x00000000b4900000| Untracked 
| 330|0x00000000b4a00000, 0x00000000b4a00000, 0x00000000b4b00000|  0%| F|  |TAMS 0x00000000b4a00000, 0x00000000b4a00000| Untracked 
| 331|0x00000000b4b00000, 0x00000000b4b00000, 0x00000000b4c00000|  0%| F|  |TAMS 0x00000000b4b00000, 0x00000000b4b00000| Untracked 
| 332|0x00000000b4c00000, 0x00000000b4c00000, 0x00000000b4d00000|  0%| F|  |TAMS 0x00000000b4c00000, 0x00000000b4c00000| Untracked 
| 333|0x00000000b4d00000, 0x00000000b4d00000, 0x00000000b4e00000|  0%| F|  |TAMS 0x00000000b4d00000, 0x00000000b4d00000| Untracked 
| 334|0x00000000b4e00000, 0x00000000b4e00000, 0x00000000b4f00000|  0%| F|  |TAMS 0x00000000b4e00000, 0x00000000b4e00000| Untracked 
| 335|0x00000000b4f00000, 0x00000000b4f00000, 0x00000000b5000000|  0%| F|  |TAMS 0x00000000b4f00000, 0x00000000b4f00000| Untracked 
| 336|0x00000000b5000000, 0x00000000b5000000, 0x00000000b5100000|  0%| F|  |TAMS 0x00000000b5000000, 0x00000000b5000000| Untracked 
| 337|0x00000000b5100000, 0x00000000b5100000, 0x00000000b5200000|  0%| F|  |TAMS 0x00000000b5100000, 0x00000000b5100000| Untracked 
| 338|0x00000000b5200000, 0x00000000b5200000, 0x00000000b5300000|  0%| F|  |TAMS 0x00000000b5200000, 0x00000000b5200000| Untracked 
| 339|0x00000000b5300000, 0x00000000b5300000, 0x00000000b5400000|  0%| F|  |TAMS 0x00000000b5300000, 0x00000000b5300000| Untracked 
| 340|0x00000000b5400000, 0x00000000b5400000, 0x00000000b5500000|  0%| F|  |TAMS 0x00000000b5400000, 0x00000000b5400000| Untracked 
| 341|0x00000000b5500000, 0x00000000b5500000, 0x00000000b5600000|  0%| F|  |TAMS 0x00000000b5500000, 0x00000000b5500000| Untracked 
| 342|0x00000000b5600000, 0x00000000b5600000, 0x00000000b5700000|  0%| F|  |TAMS 0x00000000b5600000, 0x00000000b5600000| Untracked 
| 343|0x00000000b5700000, 0x00000000b5700000, 0x00000000b5800000|  0%| F|  |TAMS 0x00000000b5700000, 0x00000000b5700000| Untracked 
| 344|0x00000000b5800000, 0x00000000b5800000, 0x00000000b5900000|  0%| F|  |TAMS 0x00000000b5800000, 0x00000000b5800000| Untracked 
| 345|0x00000000b5900000, 0x00000000b5900000, 0x00000000b5a00000|  0%| F|  |TAMS 0x00000000b5900000, 0x00000000b5900000| Untracked 
| 346|0x00000000b5a00000, 0x00000000b5a00000, 0x00000000b5b00000|  0%| F|  |TAMS 0x00000000b5a00000, 0x00000000b5a00000| Untracked 
| 347|0x00000000b5b00000, 0x00000000b5b00000, 0x00000000b5c00000|  0%| F|  |TAMS 0x00000000b5b00000, 0x00000000b5b00000| Untracked 
| 348|0x00000000b5c00000, 0x00000000b5c00000, 0x00000000b5d00000|  0%| F|  |TAMS 0x00000000b5c00000, 0x00000000b5c00000| Untracked 
| 349|0x00000000b5d00000, 0x00000000b5db5df0, 0x00000000b5e00000| 71%| E|  |TAMS 0x00000000b5d00000, 0x00000000b5d00000| Complete 
| 350|0x00000000b5e00000, 0x00000000b5f00000, 0x00000000b5f00000|100%| E|CS|TAMS 0x00000000b5e00000, 0x00000000b5e00000| Complete 
| 351|0x00000000b5f00000, 0x00000000b6000000, 0x00000000b6000000|100%| E|CS|TAMS 0x00000000b5f00000, 0x00000000b5f00000| Complete 
| 352|0x00000000b6000000, 0x00000000b6100000, 0x00000000b6100000|100%| E|CS|TAMS 0x00000000b6000000, 0x00000000b6000000| Complete 
| 353|0x00000000b6100000, 0x00000000b6200000, 0x00000000b6200000|100%| E|CS|TAMS 0x00000000b6100000, 0x00000000b6100000| Complete 
| 354|0x00000000b6200000, 0x00000000b6300000, 0x00000000b6300000|100%| E|CS|TAMS 0x00000000b6200000, 0x00000000b6200000| Complete 
| 355|0x00000000b6300000, 0x00000000b6400000, 0x00000000b6400000|100%| E|CS|TAMS 0x00000000b6300000, 0x00000000b6300000| Complete 
| 356|0x00000000b6400000, 0x00000000b6500000, 0x00000000b6500000|100%| E|CS|TAMS 0x00000000b6400000, 0x00000000b6400000| Complete 
| 357|0x00000000b6500000, 0x00000000b6600000, 0x00000000b6600000|100%| E|CS|TAMS 0x00000000b6500000, 0x00000000b6500000| Complete 
| 358|0x00000000b6600000, 0x00000000b6700000, 0x00000000b6700000|100%| E|CS|TAMS 0x00000000b6600000, 0x00000000b6600000| Complete 
| 359|0x00000000b6700000, 0x00000000b6800000, 0x00000000b6800000|100%| E|CS|TAMS 0x00000000b6700000, 0x00000000b6700000| Complete 
| 360|0x00000000b6800000, 0x00000000b6900000, 0x00000000b6900000|100%| E|CS|TAMS 0x00000000b6800000, 0x00000000b6800000| Complete 
| 361|0x00000000b6900000, 0x00000000b6a00000, 0x00000000b6a00000|100%| E|CS|TAMS 0x00000000b6900000, 0x00000000b6900000| Complete 
| 362|0x00000000b6a00000, 0x00000000b6b00000, 0x00000000b6b00000|100%| E|CS|TAMS 0x00000000b6a00000, 0x00000000b6a00000| Complete 
| 363|0x00000000b6b00000, 0x00000000b6c00000, 0x00000000b6c00000|100%| E|CS|TAMS 0x00000000b6b00000, 0x00000000b6b00000| Complete 
| 364|0x00000000b6c00000, 0x00000000b6d00000, 0x00000000b6d00000|100%| E|CS|TAMS 0x00000000b6c00000, 0x00000000b6c00000| Complete 
| 365|0x00000000b6d00000, 0x00000000b6e00000, 0x00000000b6e00000|100%| E|CS|TAMS 0x00000000b6d00000, 0x00000000b6d00000| Complete 
| 366|0x00000000b6e00000, 0x00000000b6f00000, 0x00000000b6f00000|100%| E|CS|TAMS 0x00000000b6e00000, 0x00000000b6e00000| Complete 
| 367|0x00000000b6f00000, 0x00000000b7000000, 0x00000000b7000000|100%| E|CS|TAMS 0x00000000b6f00000, 0x00000000b6f00000| Complete 
| 509|0x00000000bfd00000, 0x00000000bfe00000, 0x00000000bfe00000|100%| E|CS|TAMS 0x00000000bfd00000, 0x00000000bfd00000| Complete 

Card table byte_map: [0x000001cb65ac0000,0x000001cb65dc0000] _byte_map_base: 0x000001cb655c0000

Marking Bits (Prev, Next): (CMBitMap*) 0x000001cb4e77ddd0, (CMBitMap*) 0x000001cb4e77de10
 Prev Bits: [0x000001cb660c0000, 0x000001cb678c0000)
 Next Bits: [0x000001cb678c0000, 0x000001cb690c0000)

Polling page: 0x000001cb4c4d0000

Metaspace:

Usage:
  Non-class:     95.28 MB used.
      Class:     15.34 MB used.
       Both:    110.62 MB used.

Virtual space:
  Non-class space:      128.00 MB reserved,      96.06 MB ( 75%) committed,  2 nodes.
      Class space:        1.00 GB reserved,      16.00 MB (  2%) committed,  1 nodes.
             Both:        1.12 GB reserved,     112.06 MB ( 10%) committed. 

Chunk freelists:
   Non-Class:  15.65 MB
       Class:  15.92 MB
        Both:  31.57 MB

MaxMetaspaceSize: unlimited
CompressedClassSpaceSize: 1.00 GB
Initial GC threshold: 21.00 MB
Current GC threshold: 163.06 MB
CDS: on
MetaspaceReclaimPolicy: balanced
 - commit_granule_bytes: 65536.
 - commit_granule_words: 8192.
 - virtual_space_node_default_size: 8388608.
 - enlarge_chunks_in_place: 1.
 - new_chunks_are_fully_committed: 0.
 - uncommit_free_chunks: 1.
 - use_allocation_guard: 0.
 - handle_deallocations: 1.


Internal statistics:

num_allocs_failed_limit: 6.
num_arena_births: 2228.
num_arena_deaths: 0.
num_vsnodes_births: 3.
num_vsnodes_deaths: 0.
num_space_committed: 1792.
num_space_uncommitted: 0.
num_chunks_returned_to_freelist: 6.
num_chunks_taken_from_freelist: 7436.
num_chunk_merges: 6.
num_chunk_splits: 4545.
num_chunks_enlarged: 2600.
num_inconsistent_stats: 0.

CodeHeap 'non-profiled nmethods': size=120000Kb used=11982Kb max_used=12361Kb free=108017Kb
 bounds [0x000001cb5dd40000, 0x000001cb5e960000, 0x000001cb65270000]
CodeHeap 'profiled nmethods': size=120000Kb used=31113Kb max_used=32009Kb free=88886Kb
 bounds [0x000001cb56270000, 0x000001cb581d0000, 0x000001cb5d7a0000]
CodeHeap 'non-nmethods': size=5760Kb used=1778Kb max_used=1927Kb free=3981Kb
 bounds [0x000001cb5d7a0000, 0x000001cb5da10000, 0x000001cb5dd40000]
 total_blobs=18222 nmethods=17345 adapters=788
 compilation: enabled
              stopped_count=0, restarted_count=0
 full_count=0

Compilation events (20 events):
Event: 70.789 Thread 0x000001cb72fca060 21210       4       java.io.DataInputStream::readUnsignedShort (38 bytes)
Event: 70.791 Thread 0x000001cb72fca060 nmethod 21210 0x000001cb5e94f990 code [0x000001cb5e94fb20, 0x000001cb5e94fbf8]
Event: 70.791 Thread 0x000001cb72fca060 21189       4       org.gradle.internal.vfs.impl.VersionHierarchy::getVersion (27 bytes)
Event: 70.795 Thread 0x000001cb6be14b20 21235       2       java.util.HashMap$KeySet::contains (9 bytes)
Event: 70.796 Thread 0x000001cb6be14b20 nmethod 21235 0x000001cb56520c90 code [0x000001cb56520e20, 0x000001cb56520f48]
Event: 70.797 Thread 0x000001cb6be14b20 21236       1       org.jetbrains.kotlin.gradle.internal.kapt.incremental.ClassDependencies::getAbiTypes (5 bytes)
Event: 70.797 Thread 0x000001cb6be14b20 nmethod 21236 0x000001cb5e94fd10 code [0x000001cb5e94fea0, 0x000001cb5e94ff78]
Event: 70.798 Thread 0x000001cb6be14b20 21237       1       org.jetbrains.kotlin.gradle.internal.kapt.incremental.ClassDependencies::getPrivateTypes (5 bytes)
Event: 70.799 Thread 0x000001cb6be14b20 nmethod 21237 0x000001cb5e950010 code [0x000001cb5e9501a0, 0x000001cb5e950278]
Event: 70.822 Thread 0x000001cb72fca060 nmethod 21189 0x000001cb5e950310 code [0x000001cb5e950520, 0x000001cb5e950b50]
Event: 70.823 Thread 0x000001cb72fca060 21198       4       java.io.ObjectInputStream$BlockDataInputStream::peek (55 bytes)
Event: 70.830 Thread 0x000001cb72fca060 nmethod 21198 0x000001cb5e951290 code [0x000001cb5e951440, 0x000001cb5e951ae8]
Event: 70.830 Thread 0x000001cb72fca060 21223       4       java.io.ObjectInputStream$BlockDataInputStream::readUTFBody (192 bytes)
Event: 70.864 Thread 0x000001cb6be14b20 21238 %     3       org.jetbrains.kotlin.gradle.internal.kapt.incremental.ClasspathSnapshot::findAllImpacted @ 75 (481 bytes)
Event: 70.870 Thread 0x000001cb6be14b20 nmethod 21238% 0x000001cb5819e410 code [0x000001cb5819ea40, 0x000001cb581a2bb8]
Event: 70.871 Thread 0x000001cb6be14b20 21239       3       org.jetbrains.kotlin.gradle.internal.kapt.incremental.ClasspathSnapshot::findAllImpacted (481 bytes)
Event: 70.878 Thread 0x000001cb6be14b20 nmethod 21239 0x000001cb581a3d10 code [0x000001cb581a4360, 0x000001cb581a84f8]
Event: 70.912 Thread 0x000001cb6be14b20 21240       2       java.util.HashMap$ValueSpliterator::tryAdvance (138 bytes)
Event: 70.914 Thread 0x000001cb6be14b20 nmethod 21240 0x000001cb56520390 code [0x000001cb56520580, 0x000001cb56520a58]
Event: 71.210 Thread 0x000001cb6be14b20 21241       1       org.gradle.api.internal.provider.ValueSupplier$ExecutionTimeValue::isMissing (2 bytes)

GC Heap History (20 events):
Event: 64.525 GC heap before
{Heap before GC invocations=76 (full 0):
 garbage-first heap   total 327680K, used 281959K [0x00000000a0000000, 0x0000000100000000)
  region size 1024K, 37 young (37888K), 4 survivors (4096K)
 Metaspace       used 112470K, committed 113856K, reserved 1179648K
  class space    used 15603K, committed 16256K, reserved 1048576K
}
Event: 64.531 GC heap after
{Heap after GC invocations=77 (full 0):
 garbage-first heap   total 327680K, used 250319K [0x00000000a0000000, 0x0000000100000000)
  region size 1024K, 4 young (4096K), 4 survivors (4096K)
 Metaspace       used 112470K, committed 113856K, reserved 1179648K
  class space    used 15603K, committed 16256K, reserved 1048576K
}
Event: 64.694 GC heap before
{Heap before GC invocations=77 (full 0):
 garbage-first heap   total 327680K, used 282063K [0x00000000a0000000, 0x0000000100000000)
  region size 1024K, 36 young (36864K), 4 survivors (4096K)
 Metaspace       used 112500K, committed 113920K, reserved 1179648K
  class space    used 15608K, committed 16256K, reserved 1048576K
}
Event: 64.700 GC heap after
{Heap after GC invocations=78 (full 0):
 garbage-first heap   total 327680K, used 251725K [0x00000000a0000000, 0x0000000100000000)
  region size 1024K, 4 young (4096K), 4 survivors (4096K)
 Metaspace       used 112500K, committed 113920K, reserved 1179648K
  class space    used 15608K, committed 16256K, reserved 1048576K
}
Event: 64.844 GC heap before
{Heap before GC invocations=78 (full 0):
 garbage-first heap   total 327680K, used 282445K [0x00000000a0000000, 0x0000000100000000)
  region size 1024K, 35 young (35840K), 4 survivors (4096K)
 Metaspace       used 112500K, committed 113920K, reserved 1179648K
  class space    used 15608K, committed 16256K, reserved 1048576K
}
Event: 64.851 GC heap after
{Heap after GC invocations=79 (full 0):
 garbage-first heap   total 327680K, used 252446K [0x00000000a0000000, 0x0000000100000000)
  region size 1024K, 3 young (3072K), 3 survivors (3072K)
 Metaspace       used 112500K, committed 113920K, reserved 1179648K
  class space    used 15608K, committed 16256K, reserved 1048576K
}
Event: 65.057 GC heap before
{Heap before GC invocations=79 (full 0):
 garbage-first heap   total 327680K, used 283166K [0x00000000a0000000, 0x0000000100000000)
  region size 1024K, 34 young (34816K), 3 survivors (3072K)
 Metaspace       used 112501K, committed 113920K, reserved 1179648K
  class space    used 15608K, committed 16256K, reserved 1048576K
}
Event: 65.064 GC heap after
{Heap after GC invocations=80 (full 0):
 garbage-first heap   total 327680K, used 253327K [0x00000000a0000000, 0x0000000100000000)
  region size 1024K, 4 young (4096K), 4 survivors (4096K)
 Metaspace       used 112501K, committed 113920K, reserved 1179648K
  class space    used 15608K, committed 16256K, reserved 1048576K
}
Event: 65.377 GC heap before
{Heap before GC invocations=80 (full 0):
 garbage-first heap   total 327680K, used 283023K [0x00000000a0000000, 0x0000000100000000)
  region size 1024K, 34 young (34816K), 4 survivors (4096K)
 Metaspace       used 112501K, committed 113920K, reserved 1179648K
  class space    used 15608K, committed 16256K, reserved 1048576K
}
Event: 65.383 GC heap after
{Heap after GC invocations=81 (full 0):
 garbage-first heap   total 377856K, used 254053K [0x00000000a0000000, 0x0000000100000000)
  region size 1024K, 4 young (4096K), 4 survivors (4096K)
 Metaspace       used 112501K, committed 113920K, reserved 1179648K
  class space    used 15608K, committed 16256K, reserved 1048576K
}
Event: 65.757 GC heap before
{Heap before GC invocations=81 (full 0):
 garbage-first heap   total 377856K, used 323685K [0x00000000a0000000, 0x0000000100000000)
  region size 1024K, 73 young (74752K), 4 survivors (4096K)
 Metaspace       used 112538K, committed 113920K, reserved 1179648K
  class space    used 15613K, committed 16256K, reserved 1048576K
}
Event: 65.765 GC heap after
{Heap after GC invocations=82 (full 0):
 garbage-first heap   total 377856K, used 257647K [0x00000000a0000000, 0x0000000100000000)
  region size 1024K, 7 young (7168K), 7 survivors (7168K)
 Metaspace       used 112538K, committed 113920K, reserved 1179648K
  class space    used 15613K, committed 16256K, reserved 1048576K
}
Event: 67.224 GC heap before
{Heap before GC invocations=82 (full 0):
 garbage-first heap   total 377856K, used 324207K [0x00000000a0000000, 0x0000000100000000)
  region size 1024K, 73 young (74752K), 7 survivors (7168K)
 Metaspace       used 112634K, committed 114048K, reserved 1179648K
  class space    used 15623K, committed 16256K, reserved 1048576K
}
Event: 67.234 GC heap after
{Heap after GC invocations=83 (full 0):
 garbage-first heap   total 377856K, used 260156K [0x00000000a0000000, 0x0000000100000000)
  region size 1024K, 6 young (6144K), 6 survivors (6144K)
 Metaspace       used 112634K, committed 114048K, reserved 1179648K
  class space    used 15623K, committed 16256K, reserved 1048576K
}
Event: 68.525 GC heap before
{Heap before GC invocations=83 (full 0):
 garbage-first heap   total 377856K, used 322620K [0x00000000a0000000, 0x0000000100000000)
  region size 1024K, 68 young (69632K), 6 survivors (6144K)
 Metaspace       used 112763K, committed 114176K, reserved 1179648K
  class space    used 15627K, committed 16320K, reserved 1048576K
}
Event: 68.535 GC heap after
{Heap after GC invocations=84 (full 0):
 garbage-first heap   total 377856K, used 264151K [0x00000000a0000000, 0x0000000100000000)
  region size 1024K, 7 young (7168K), 7 survivors (7168K)
 Metaspace       used 112763K, committed 114176K, reserved 1179648K
  class space    used 15627K, committed 16320K, reserved 1048576K
}
Event: 69.705 GC heap before
{Heap before GC invocations=84 (full 0):
 garbage-first heap   total 377856K, used 322519K [0x00000000a0000000, 0x0000000100000000)
  region size 1024K, 65 young (66560K), 7 survivors (7168K)
 Metaspace       used 112869K, committed 114304K, reserved 1179648K
  class space    used 15643K, committed 16320K, reserved 1048576K
}
Event: 69.718 GC heap after
{Heap after GC invocations=85 (full 0):
 garbage-first heap   total 377856K, used 267248K [0x00000000a0000000, 0x0000000100000000)
  region size 1024K, 5 young (5120K), 5 survivors (5120K)
 Metaspace       used 112869K, committed 114304K, reserved 1179648K
  class space    used 15643K, committed 16320K, reserved 1048576K
}
Event: 70.744 GC heap before
{Heap before GC invocations=85 (full 0):
 garbage-first heap   total 377856K, used 323568K [0x00000000a0000000, 0x0000000100000000)
  region size 1024K, 61 young (62464K), 5 survivors (5120K)
 Metaspace       used 113198K, committed 114624K, reserved 1179648K
  class space    used 15701K, committed 16384K, reserved 1048576K
}
Event: 70.772 GC heap after
{Heap after GC invocations=86 (full 0):
 garbage-first heap   total 377856K, used 286720K [0x00000000a0000000, 0x0000000100000000)
  region size 1024K, 8 young (8192K), 8 survivors (8192K)
 Metaspace       used 113198K, committed 114624K, reserved 1179648K
  class space    used 15701K, committed 16384K, reserved 1048576K
}

Dll operation events (15 events):
Event: 0.023 Loaded shared library C:\Java\bin\java.dll
Event: 0.059 Loaded shared library C:\Java\bin\jsvml.dll
Event: 0.160 Loaded shared library C:\Java\bin\zip.dll
Event: 0.166 Loaded shared library C:\Java\bin\instrument.dll
Event: 0.176 Loaded shared library C:\Java\bin\net.dll
Event: 0.180 Loaded shared library C:\Java\bin\nio.dll
Event: 0.183 Loaded shared library C:\Java\bin\zip.dll
Event: 0.723 Loaded shared library C:\Java\bin\jimage.dll
Event: 1.102 Loaded shared library C:\Java\bin\verify.dll
Event: 1.717 Loaded shared library C:\Users\xmeta\.gradle\native\c067742578af261105cb4f569cf0c3c89f3d7b1fecec35dd04571415982c5e48\windows-amd64\native-platform.dll
Event: 1.726 Loaded shared library C:\Users\xmeta\.gradle\native\100fb08df4bc3b14c8652ba06237920a3bd2aa13389f12d3474272988ae205f9\windows-amd64\native-platform-file-events.dll
Event: 3.842 Loaded shared library C:\Java\bin\management.dll
Event: 3.845 Loaded shared library C:\Java\bin\management_ext.dll
Event: 4.254 Loaded shared library C:\Java\bin\extnet.dll
Event: 5.042 Loaded shared library C:\Java\bin\sunmscapi.dll

Deoptimization events (20 events):
Event: 70.557 Thread 0x000001cb7334fc90 DEOPT PACKING pc=0x000001cb57b4757e sp=0x00000027a71f8af0
Event: 70.558 Thread 0x000001cb7334fc90 DEOPT UNPACKING pc=0x000001cb5d7f7143 sp=0x00000027a71f7fb0 mode 0
Event: 70.558 Thread 0x000001cb7334fc90 DEOPT PACKING pc=0x000001cb57b4757e sp=0x00000027a71f8af0
Event: 70.558 Thread 0x000001cb7334fc90 DEOPT UNPACKING pc=0x000001cb5d7f7143 sp=0x00000027a71f7fb0 mode 0
Event: 70.559 Thread 0x000001cb7334fc90 DEOPT PACKING pc=0x000001cb57b4757e sp=0x00000027a71f8af0
Event: 70.559 Thread 0x000001cb7334fc90 DEOPT UNPACKING pc=0x000001cb5d7f7143 sp=0x00000027a71f7fb0 mode 0
Event: 70.561 Thread 0x000001cb7334fc90 DEOPT PACKING pc=0x000001cb57b4757e sp=0x00000027a71f8af0
Event: 70.561 Thread 0x000001cb7334fc90 DEOPT UNPACKING pc=0x000001cb5d7f7143 sp=0x00000027a71f7fb0 mode 0
Event: 70.576 Thread 0x000001cb7334fc90 DEOPT PACKING pc=0x000001cb57b4757e sp=0x00000027a71f9320
Event: 70.576 Thread 0x000001cb7334fc90 DEOPT UNPACKING pc=0x000001cb5d7f7143 sp=0x00000027a71f87e0 mode 0
Event: 70.577 Thread 0x000001cb7334fc90 DEOPT PACKING pc=0x000001cb57b4757e sp=0x00000027a71f9320
Event: 70.577 Thread 0x000001cb7334fc90 DEOPT UNPACKING pc=0x000001cb5d7f7143 sp=0x00000027a71f87e0 mode 0
Event: 70.578 Thread 0x000001cb7334fc90 DEOPT PACKING pc=0x000001cb57b4757e sp=0x00000027a71f9320
Event: 70.578 Thread 0x000001cb7334fc90 DEOPT UNPACKING pc=0x000001cb5d7f7143 sp=0x00000027a71f87e0 mode 0
Event: 70.578 Thread 0x000001cb7334fc90 DEOPT PACKING pc=0x000001cb57b4757e sp=0x00000027a71f9320
Event: 70.578 Thread 0x000001cb7334fc90 DEOPT UNPACKING pc=0x000001cb5d7f7143 sp=0x00000027a71f87e0 mode 0
Event: 70.579 Thread 0x000001cb7334fc90 DEOPT PACKING pc=0x000001cb57b4757e sp=0x00000027a71f9320
Event: 70.579 Thread 0x000001cb7334fc90 DEOPT UNPACKING pc=0x000001cb5d7f7143 sp=0x00000027a71f87e0 mode 0
Event: 70.579 Thread 0x000001cb7334fc90 DEOPT PACKING pc=0x000001cb57b4757e sp=0x00000027a71f9320
Event: 70.579 Thread 0x000001cb7334fc90 DEOPT UNPACKING pc=0x000001cb5d7f7143 sp=0x00000027a71f87e0 mode 0

Classes loaded (20 events):
Event: 58.350 Loading class sun/security/ssl/NewSessionTicket$T12NewSessionTicketMessage
Event: 58.350 Loading class sun/security/ssl/NewSessionTicket$NewSessionTicketMessage
Event: 58.350 Loading class sun/security/ssl/NewSessionTicket$NewSessionTicketMessage done
Event: 58.350 Loading class sun/security/ssl/NewSessionTicket$T12NewSessionTicketMessage done
Event: 58.351 Loading class sun/security/ssl/SSLCipher$T12GcmReadCipherGenerator$GcmReadCipher
Event: 58.352 Loading class sun/security/ssl/SSLCipher$T12GcmReadCipherGenerator$GcmReadCipher done
Event: 58.352 Loading class com/sun/crypto/provider/GaloisCounterMode$GCMDecrypt
Event: 58.353 Loading class com/sun/crypto/provider/GaloisCounterMode$GCMDecrypt done
Event: 58.355 Loading class jdk/internal/event/TLSHandshakeEvent
Event: 58.355 Loading class jdk/internal/event/TLSHandshakeEvent done
Event: 58.355 Loading class javax/net/ssl/SSLEngineResult$HandshakeStatus
Event: 58.355 Loading class javax/net/ssl/SSLEngineResult$HandshakeStatus done
Event: 58.637 Loading class java/net/Authenticator$RequestorType
Event: 58.637 Loading class java/net/Authenticator$RequestorType done
Event: 58.637 Loading class java/net/Authenticator
Event: 58.637 Loading class java/net/Authenticator done
Event: 58.637 Loading class sun/net/www/protocol/http/AuthenticatorKeys$AuthenticatorKeyAccess
Event: 58.637 Loading class sun/net/www/protocol/http/AuthenticatorKeys$AuthenticatorKeyAccess done
Event: 58.638 Loading class sun/net/www/protocol/http/AuthenticatorKeys
Event: 58.638 Loading class sun/net/www/protocol/http/AuthenticatorKeys done

Classes unloaded (0 events):
No events

Classes redefined (0 events):
No events

Internal exceptions (20 events):
Event: 61.250 Thread 0x000001cb73352a20 Exception <a 'java/lang/NoSuchMethodError'{0x00000000b270cbd0}: static Lcom/android/build/api/artifact/ArtifactKind;.<clinit>()V> (0x00000000b270cbd0) 
thrown [s\src\hotspot\share\prims\jni.cpp, line 1112]
Event: 61.250 Thread 0x000001cb73352a20 Exception <a 'java/lang/NoSuchMethodError'{0x00000000b2722168}: static Lcom/android/build/api/artifact/ArtifactKind;.<clinit>()V> (0x00000000b2722168) 
thrown [s\src\hotspot\share\prims\jni.cpp, line 1112]
Event: 61.414 Thread 0x000001cb75d42390 Implicit null exception at 0x000001cb5e74bec0 to 0x000001cb5e74d698
Event: 61.716 Thread 0x000001cb73353440 Exception <a 'sun/nio/fs/WindowsException'{0x00000000b32de9c8}> (0x00000000b32de9c8) 
thrown [s\src\hotspot\share\prims\jni.cpp, line 516]
Event: 61.717 Thread 0x000001cb73353440 Exception <a 'sun/nio/fs/WindowsException'{0x00000000b32e6e70}> (0x00000000b32e6e70) 
thrown [s\src\hotspot\share\prims\jni.cpp, line 516]
Event: 61.718 Thread 0x000001cb73353440 Exception <a 'sun/nio/fs/WindowsException'{0x00000000b32ee728}> (0x00000000b32ee728) 
thrown [s\src\hotspot\share\prims\jni.cpp, line 516]
Event: 61.733 Thread 0x000001cb73353440 Exception <a 'sun/nio/fs/WindowsException'{0x00000000b2f20b78}> (0x00000000b2f20b78) 
thrown [s\src\hotspot\share\prims\jni.cpp, line 516]
Event: 61.734 Thread 0x000001cb73353440 Exception <a 'sun/nio/fs/WindowsException'{0x00000000b2f8c230}> (0x00000000b2f8c230) 
thrown [s\src\hotspot\share\prims\jni.cpp, line 516]
Event: 61.735 Thread 0x000001cb73353440 Exception <a 'sun/nio/fs/WindowsException'{0x00000000b2f977e0}> (0x00000000b2f977e0) 
thrown [s\src\hotspot\share\prims\jni.cpp, line 516]
Event: 61.787 Thread 0x000001cb73352000 Exception <a 'sun/nio/fs/WindowsException'{0x00000000b32c2e68}> (0x00000000b32c2e68) 
thrown [s\src\hotspot\share\prims\jni.cpp, line 516]
Event: 63.991 Thread 0x000001cb73352510 Exception <a 'sun/nio/fs/WindowsException'{0x00000000b1f95038}> (0x00000000b1f95038) 
thrown [s\src\hotspot\share\prims\jni.cpp, line 516]
Event: 66.415 Thread 0x000001cb73353e60 Exception <a 'java/lang/NoSuchMethodError'{0x00000000b52e65d0}: static Ljava/lang/Object;.<clinit>()V> (0x00000000b52e65d0) 
thrown [s\src\hotspot\share\prims\jni.cpp, line 1112]
Event: 67.313 Thread 0x000001cb7334ed60 Implicit null exception at 0x000001cb5e484240 to 0x000001cb5e48477f
Event: 67.391 Thread 0x000001cb73354370 Implicit null exception at 0x000001cb5e272c16 to 0x000001cb5e2730b8
Event: 67.878 Thread 0x000001cb7334fc90 Implicit null exception at 0x000001cb5e4f2b60 to 0x000001cb5e4f36d4
Event: 67.884 Thread 0x000001cb71fc3e30 Implicit null exception at 0x000001cb5e820eec to 0x000001cb5e827450
Event: 67.895 Thread 0x000001cb71fc3e30 Implicit null exception at 0x000001cb5e80ef54 to 0x000001cb5e8163bc
Event: 67.905 Thread 0x000001cb71fc3e30 Implicit null exception at 0x000001cb5e801ad0 to 0x000001cb5e80938c
Event: 67.927 Thread 0x000001cb71fc3e30 Implicit null exception at 0x000001cb5e8566e4 to 0x000001cb5e85e034
Event: 70.498 Thread 0x000001cb7334fc90 Exception <a 'java/lang/NoSuchMethodError'{0x00000000b5236518}: static Lorg/jetbrains/kotlin/gradle/internal/kapt/incremental/ClasspathEntryData;.<clinit>()V> (0x00000000b5236518) 
thrown [s\src\hotspot\share\prims\jni.cpp, line 1112]

VM Operations (20 events):
Event: 65.383 Executing VM operation: G1CollectForAllocation done
Event: 65.756 Executing VM operation: G1CollectForAllocation
Event: 65.766 Executing VM operation: G1CollectForAllocation done
Event: 66.769 Executing VM operation: Cleanup
Event: 66.769 Executing VM operation: Cleanup done
Event: 67.224 Executing VM operation: G1CollectForAllocation
Event: 67.234 Executing VM operation: G1CollectForAllocation done
Event: 68.242 Executing VM operation: Cleanup
Event: 68.243 Executing VM operation: Cleanup done
Event: 68.525 Executing VM operation: G1CollectForAllocation
Event: 68.535 Executing VM operation: G1CollectForAllocation done
Event: 69.542 Executing VM operation: Cleanup
Event: 69.543 Executing VM operation: Cleanup done
Event: 69.705 Executing VM operation: G1CollectForAllocation
Event: 69.718 Executing VM operation: G1CollectForAllocation done
Event: 69.755 Executing VM operation: HandshakeAllThreads
Event: 69.761 Executing VM operation: HandshakeAllThreads done
Event: 70.744 Executing VM operation: G1CollectForAllocation
Event: 70.772 Executing VM operation: G1CollectForAllocation done
Event: 71.781 Executing VM operation: Cleanup

Memory protections (0 events):
No events

Nmethod flushes (20 events):
Event: 61.997 Thread 0x000001cb6be16170 flushing  nmethod 0x000001cb57e40310
Event: 69.782 Thread 0x000001cb6be16170 flushing  nmethod 0x000001cb5651fc90
Event: 69.827 Thread 0x000001cb6be16170 flushing  nmethod 0x000001cb57c4ed90
Event: 69.827 Thread 0x000001cb6be16170 flushing  nmethod 0x000001cb57c4ff90
Event: 69.828 Thread 0x000001cb6be16170 flushing  nmethod 0x000001cb57c6de90
Event: 69.828 Thread 0x000001cb6be16170 flushing  nmethod 0x000001cb57c6e490
Event: 69.828 Thread 0x000001cb6be16170 flushing  nmethod 0x000001cb57c73010
Event: 69.829 Thread 0x000001cb6be16170 flushing  nmethod 0x000001cb57cc5310
Event: 69.829 Thread 0x000001cb6be16170 flushing  nmethod 0x000001cb57cc5690
Event: 69.829 Thread 0x000001cb6be16170 flushing  nmethod 0x000001cb57cc5d10
Event: 69.829 Thread 0x000001cb6be16170 flushing  nmethod 0x000001cb57cc8d10
Event: 69.829 Thread 0x000001cb6be16170 flushing  nmethod 0x000001cb57ccaf90
Event: 69.830 Thread 0x000001cb6be16170 flushing  nmethod 0x000001cb57cdd090
Event: 69.830 Thread 0x000001cb6be16170 flushing  nmethod 0x000001cb57ce2c10
Event: 69.830 Thread 0x000001cb6be16170 flushing  nmethod 0x000001cb57d28110
Event: 69.830 Thread 0x000001cb6be16170 flushing  nmethod 0x000001cb57d28510
Event: 69.831 Thread 0x000001cb6be16170 flushing  nmethod 0x000001cb57d38190
Event: 69.831 Thread 0x000001cb6be16170 flushing  nmethod 0x000001cb57d38890
Event: 69.831 Thread 0x000001cb6be16170 flushing  nmethod 0x000001cb57d39110
Event: 69.833 Thread 0x000001cb6be16170 flushing  nmethod 0x000001cb57de1c90

Events (20 events):
Event: 55.049 Thread 0x000001cb7334fc90 Thread added: 0x000001cb7241b700
Event: 55.050 Thread 0x000001cb73353e60 Thread added: 0x000001cb72418460
Event: 55.050 Thread 0x000001cb7334fc90 Thread added: 0x000001cb72418e80
Event: 55.050 Thread 0x000001cb73353e60 Thread added: 0x000001cb7241df80
Event: 55.051 Thread 0x000001cb7334fc90 Thread added: 0x000001cb7241c120
Event: 55.051 Thread 0x000001cb73353e60 Thread added: 0x000001cb7241c630
Event: 55.051 Thread 0x000001cb7334fc90 Thread added: 0x000001cb7241d560
Event: 55.051 Thread 0x000001cb73353e60 Thread added: 0x000001cb7241d050
Event: 55.052 Thread 0x000001cb7334fc90 Thread added: 0x000001cb7241bc10
Event: 55.052 Thread 0x000001cb73353e60 Thread added: 0x000001cb7241e490
Event: 55.052 Thread 0x000001cb7334fc90 Thread added: 0x000001cb7241cb40
Event: 55.061 Thread 0x000001cb73352f30 Thread added: 0x000001cb7241da70
Event: 55.061 Thread 0x000001cb73352f30 Thread added: 0x000001cb7241e9a0
Event: 55.061 Thread 0x000001cb73352f30 Thread added: 0x000001cb72bb9240
Event: 55.064 Thread 0x000001cb73352f30 Thread added: 0x000001cb72bb5a90
Event: 55.064 Thread 0x000001cb73352f30 Thread added: 0x000001cb72bb8310
Event: 55.065 Thread 0x000001cb73352f30 Thread added: 0x000001cb72bb5fa0
Event: 55.070 Thread 0x000001cb73352f30 Thread added: 0x000001cb72bb8820
Event: 55.075 Thread 0x000001cb73352f30 Thread added: 0x000001cb72bb7e00
Event: 55.076 Thread 0x000001cb73352f30 Thread added: 0x000001cb72bb64b0


Dynamic libraries:
0x00007ff79def0000 - 0x00007ff79defe000 	C:\Java\bin\java.exe
0x00007ffb8ba20000 - 0x00007ffb8bc88000 	C:\WINDOWS\SYSTEM32\ntdll.dll
0x00007ffb8a3d0000 - 0x00007ffb8a499000 	C:\WINDOWS\System32\KERNEL32.DLL
0x00007ffb89300000 - 0x00007ffb896f8000 	C:\WINDOWS\System32\KERNELBASE.dll
0x00007ffb88b70000 - 0x00007ffb88cbb000 	C:\WINDOWS\System32\ucrtbase.dll
0x00007ffb68a00000 - 0x00007ffb68a1d000 	C:\Java\bin\VCRUNTIME140.dll
0x00007ffb718b0000 - 0x00007ffb718c7000 	C:\Java\bin\jli.dll
0x00007ffb8a5d0000 - 0x00007ffb8a797000 	C:\WINDOWS\System32\USER32.dll
0x00007ffb70cd0000 - 0x00007ffb70f64000 	C:\WINDOWS\WinSxS\amd64_microsoft.windows.common-controls_6595b64144ccf1df_6.0.26100.6972_none_3e0d9daae32fa2fd\COMCTL32.dll
0x00007ffb88cc0000 - 0x00007ffb88ce7000 	C:\WINDOWS\System32\win32u.dll
0x00007ffb8b690000 - 0x00007ffb8b739000 	C:\WINDOWS\System32\msvcrt.dll
0x00007ffb8b5d0000 - 0x00007ffb8b5fb000 	C:\WINDOWS\System32\GDI32.dll
0x00007ffb88fd0000 - 0x00007ffb890fc000 	C:\WINDOWS\System32\gdi32full.dll
0x00007ffb88cf0000 - 0x00007ffb88d93000 	C:\WINDOWS\System32\msvcp_win.dll
0x00007ffb8b7c0000 - 0x00007ffb8b7f1000 	C:\WINDOWS\System32\IMM32.DLL
0x00007ffb82e90000 - 0x00007ffb82e9c000 	C:\Java\bin\vcruntime140_1.dll
0x00007ffb55c40000 - 0x00007ffb55ccd000 	C:\Java\bin\msvcp140.dll
0x00007ffacfb70000 - 0x00007ffad07e2000 	C:\Java\bin\server\jvm.dll
0x00007ffb89a20000 - 0x00007ffb89ad4000 	C:\WINDOWS\System32\ADVAPI32.dll
0x00007ffb897c0000 - 0x00007ffb89866000 	C:\WINDOWS\System32\sechost.dll
0x00007ffb8a4a0000 - 0x00007ffb8a5b8000 	C:\WINDOWS\System32\RPCRT4.dll
0x00007ffb898e0000 - 0x00007ffb89954000 	C:\WINDOWS\System32\WS2_32.dll
0x00007ffb889d0000 - 0x00007ffb88a2e000 	C:\WINDOWS\SYSTEM32\POWRPROF.dll
0x00007ffb75980000 - 0x00007ffb759b5000 	C:\WINDOWS\SYSTEM32\WINMM.dll
0x00007ffb7bcb0000 - 0x00007ffb7bcbb000 	C:\WINDOWS\SYSTEM32\VERSION.dll
0x00007ffb889b0000 - 0x00007ffb889c4000 	C:\WINDOWS\SYSTEM32\UMPDC.dll
0x00007ffb878f0000 - 0x00007ffb8790b000 	C:\WINDOWS\SYSTEM32\kernel.appcore.dll
0x00007ffb82930000 - 0x00007ffb8293a000 	C:\Java\bin\jimage.dll
0x00007ffb86390000 - 0x00007ffb865d2000 	C:\WINDOWS\SYSTEM32\DBGHELP.DLL
0x00007ffb8aa10000 - 0x00007ffb8ad9b000 	C:\WINDOWS\System32\combase.dll
0x00007ffb8a260000 - 0x00007ffb8a337000 	C:\WINDOWS\System32\OLEAUT32.dll
0x00007ffb71110000 - 0x00007ffb7114c000 	C:\WINDOWS\SYSTEM32\dbgcore.DLL
0x00007ffb88f20000 - 0x00007ffb88fc5000 	C:\WINDOWS\System32\bcryptPrimitives.dll
0x00007ffb85180000 - 0x00007ffb8518e000 	C:\Java\bin\instrument.dll
0x00007ffb5cb00000 - 0x00007ffb5cb25000 	C:\Java\bin\java.dll
0x00007ffb075a0000 - 0x00007ffb07676000 	C:\Java\bin\jsvml.dll
0x00007ffb8adf0000 - 0x00007ffb8b541000 	C:\WINDOWS\System32\SHELL32.dll
0x00007ffb89190000 - 0x00007ffb892fb000 	C:\WINDOWS\System32\wintypes.dll
0x00007ffb86770000 - 0x00007ffb86fcd000 	C:\WINDOWS\SYSTEM32\windows.storage.dll
0x00007ffb8a910000 - 0x00007ffb8aa02000 	C:\WINDOWS\System32\SHCORE.dll
0x00007ffb89870000 - 0x00007ffb898d7000 	C:\WINDOWS\System32\shlwapi.dll
0x00007ffb88a90000 - 0x00007ffb88ab8000 	C:\WINDOWS\SYSTEM32\profapi.dll
0x00007ffb61360000 - 0x00007ffb61378000 	C:\Java\bin\zip.dll
0x00007ffb661a0000 - 0x00007ffb661ba000 	C:\Java\bin\net.dll
0x00007ffb806c0000 - 0x00007ffb807e0000 	C:\WINDOWS\SYSTEM32\WINHTTP.dll
0x00007ffb87e40000 - 0x00007ffb87eab000 	C:\WINDOWS\system32\mswsock.dll
0x00007ffb65700000 - 0x00007ffb65716000 	C:\Java\bin\nio.dll
0x00007ffb7bdf0000 - 0x00007ffb7be00000 	C:\Java\bin\verify.dll
0x00007ffb76950000 - 0x00007ffb76977000 	C:\Users\xmeta\.gradle\native\c067742578af261105cb4f569cf0c3c89f3d7b1fecec35dd04571415982c5e48\windows-amd64\native-platform.dll
0x00007ffb028c0000 - 0x00007ffb02a04000 	C:\Users\xmeta\.gradle\native\100fb08df4bc3b14c8652ba06237920a3bd2aa13389f12d3474272988ae205f9\windows-amd64\native-platform-file-events.dll
0x00007ffb82630000 - 0x00007ffb8263a000 	C:\Java\bin\management.dll
0x00007ffb82600000 - 0x00007ffb8260b000 	C:\Java\bin\management_ext.dll
0x00007ffb8a5c0000 - 0x00007ffb8a5c8000 	C:\WINDOWS\System32\PSAPI.DLL
0x00007ffb88230000 - 0x00007ffb8824b000 	C:\WINDOWS\SYSTEM32\CRYPTSP.dll
0x00007ffb87850000 - 0x00007ffb8788a000 	C:\WINDOWS\system32\rsaenh.dll
0x00007ffb87ef0000 - 0x00007ffb87f1b000 	C:\WINDOWS\SYSTEM32\USERENV.dll
0x00007ffb88a60000 - 0x00007ffb88a8a000 	C:\WINDOWS\SYSTEM32\bcrypt.dll
0x00007ffb88090000 - 0x00007ffb8809c000 	C:\WINDOWS\SYSTEM32\CRYPTBASE.dll
0x00007ffb872e0000 - 0x00007ffb87314000 	C:\WINDOWS\SYSTEM32\IPHLPAPI.DLL
0x00007ffb8b680000 - 0x00007ffb8b68a000 	C:\WINDOWS\System32\NSI.dll
0x00007ffb81d30000 - 0x00007ffb81d4e000 	C:\WINDOWS\SYSTEM32\dhcpcsvc6.DLL
0x00007ffb80210000 - 0x00007ffb80233000 	C:\WINDOWS\SYSTEM32\dhcpcsvc.DLL
0x00007ffb87370000 - 0x00007ffb87494000 	C:\WINDOWS\SYSTEM32\DNSAPI.dll
0x00007ffb81d60000 - 0x00007ffb81d69000 	C:\Java\bin\extnet.dll
0x00007ffb82580000 - 0x00007ffb8258e000 	C:\Java\bin\sunmscapi.dll
0x00007ffb88da0000 - 0x00007ffb88f17000 	C:\WINDOWS\System32\CRYPT32.dll
0x00007ffb88380000 - 0x00007ffb883b0000 	C:\WINDOWS\SYSTEM32\ncrypt.dll
0x00007ffb88330000 - 0x00007ffb8836f000 	C:\WINDOWS\SYSTEM32\NTASN1.dll
0x00007ffb66a10000 - 0x00007ffb66a18000 	C:\WINDOWS\system32\wshunix.dll
0x00007ffb803a0000 - 0x00007ffb803b8000 	C:\WINDOWS\system32\napinsp.dll
0x00007ffb80380000 - 0x00007ffb80392000 	C:\WINDOWS\System32\winrnr.dll
0x00007ffb5af50000 - 0x00007ffb5af72000 	C:\WINDOWS\system32\nlansp_c.dll
0x00007ffb83700000 - 0x00007ffb83716000 	C:\WINDOWS\system32\wshbth.dll
0x00007ffb76910000 - 0x00007ffb7691b000 	C:\Windows\System32\rasadhlp.dll
0x00007ffb7b6a0000 - 0x00007ffb7b726000 	C:\WINDOWS\System32\fwpuclnt.dll

dbghelp: loaded successfully - version: 4.0.5 - missing functions: none
symbol engine: initialized successfully - sym options: 0x614 - pdb path: .;C:\Java\bin;C:\WINDOWS\SYSTEM32;C:\WINDOWS\WinSxS\amd64_microsoft.windows.common-controls_6595b64144ccf1df_6.0.26100.6972_none_3e0d9daae32fa2fd;C:\Java\bin\server;C:\Users\xmeta\.gradle\native\c067742578af261105cb4f569cf0c3c89f3d7b1fecec35dd04571415982c5e48\windows-amd64;C:\Users\xmeta\.gradle\native\100fb08df4bc3b14c8652ba06237920a3bd2aa13389f12d3474272988ae205f9\windows-amd64

VM Arguments:
jvm_args: --add-opens=java.base/java.util=ALL-UNNAMED --add-opens=java.base/java.lang=ALL-UNNAMED --add-opens=java.base/java.lang.invoke=ALL-UNNAMED --add-opens=java.prefs/java.util.prefs=ALL-UNNAMED --add-exports=jdk.compiler/com.sun.tools.javac.api=ALL-UNNAMED --add-exports=jdk.compiler/com.sun.tools.javac.util=ALL-UNNAMED --add-opens=java.base/java.nio.charset=ALL-UNNAMED --add-opens=java.base/java.net=ALL-UNNAMED --add-opens=java.base/java.util.concurrent.atomic=ALL-UNNAMED -Xmx1536M -Dfile.encoding=windows-1251 -Duser.country=RU -Duser.language=ru -Duser.variant -javaagent:C:\Users\xmeta\.gradle\wrapper\dists\gradle-8.10-bin\deqhafrv1ntovfmgh0nh3npr9\gradle-8.10\lib\agents\gradle-instrumentation-agent-8.10.jar 
java_command: org.gradle.launcher.daemon.bootstrap.GradleDaemon 8.10
java_class_path (initial): C:\Users\xmeta\.gradle\wrapper\dists\gradle-8.10-bin\deqhafrv1ntovfmgh0nh3npr9\gradle-8.10\lib\gradle-daemon-main-8.10.jar
Launcher Type: SUN_STANDARD

[Global flags]
     intx CICompilerCount                          = 4                                         {product} {ergonomic}
     uint ConcGCThreads                            = 3                                         {product} {ergonomic}
     uint G1ConcRefinementThreads                  = 10                                        {product} {ergonomic}
   size_t G1HeapRegionSize                         = 1048576                                   {product} {ergonomic}
    uintx GCDrainStackTargetSize                   = 64                                        {product} {ergonomic}
   size_t InitialHeapSize                          = 534773760                                 {product} {ergonomic}
   size_t MarkStackSize                            = 4194304                                   {product} {ergonomic}
   size_t MaxHeapSize                              = 1610612736                                {product} {command line}
   size_t MaxNewSize                               = 965738496                                 {product} {ergonomic}
   size_t MinHeapDeltaBytes                        = 1048576                                   {product} {ergonomic}
   size_t MinHeapSize                              = 8388608                                   {product} {ergonomic}
    uintx NonNMethodCodeHeapSize                   = 5839372                                {pd product} {ergonomic}
    uintx NonProfiledCodeHeapSize                  = 122909434                              {pd product} {ergonomic}
    uintx ProfiledCodeHeapSize                     = 122909434                              {pd product} {ergonomic}
    uintx ReservedCodeCacheSize                    = 251658240                              {pd product} {ergonomic}
     bool SegmentedCodeCache                       = true                                      {product} {ergonomic}
   size_t SoftMaxHeapSize                          = 1610612736                             {manageable} {ergonomic}
     bool UseCompressedClassPointers               = true                           {product lp64_product} {ergonomic}
     bool UseCompressedOops                        = true                           {product lp64_product} {ergonomic}
     bool UseG1GC                                  = true                                      {product} {ergonomic}
     bool UseLargePagesIndividualAllocation        = false                                  {pd product} {ergonomic}

Logging:
Log output configuration:
 #0: stdout all=warning uptime,level,tags
 #1: stderr all=off uptime,level,tags

Environment Variables:
JAVA_HOME=C:\Java
CLASSPATH=C:\Users\xmeta\projects\Mr.Comic\\gradle\wrapper\gradle-wrapper.jar
PATH=C:\Program Files\PowerShell\7;%SystemRoot%\system32\WBEM;C:\Users\xmeta\AppData\Local\Programs\Qoder;C:\Python313\Scripts\;C:\Python313\;C:\Java\bin;C:\WINDOWS\system32\WBEM;C:\WINDOWS\system32;C:\WINDOWS;C:\WINDOWS\System32\Wbem;C:\WINDOWS\System32\WindowsPowerShell\v1.0\;C:\WINDOWS\System32\OpenSSH\;C:\Program Files\dotnet\;C:\Program Files\NVIDIA Corporation\NVIDIA App\NvDLISR;C:\Program Files (x86)\NVIDIA Corporation\PhysX\Common;C:\Users\xmeta\AppData\Local\Microsoft\WindowsApps;C:\Users\xmeta\AppData\Local\Programs\Microsoft VS Code\bin;C:\msys64\ucrt64\bin;C:\ControlD;c:\Users\xmeta\AppData\Local\Programs\cursor\resources\app\bin;C:\Program Files (x86)\Windows Kits\10\Windows Performance Toolkit\;C:\Program Files\nodejs\;C:\ProgramData\chocolatey\bin;C:\Users\xmeta\AppData\Local\Programs\Python\Python312\Scripts\;C:\Users\xmeta\AppData\Local\Programs\Python\Python312\;C:\Users\xmeta\AppData\Local\Programs\Python\Launcher\;C:\Users\xmeta\.dotnet\tools;C:\Users\xmeta\.lmstudio\bin;C:\Users\xmeta\AppData\Local\Programs\cursor\resources\app\bin;C:\Users\xmeta\AppData\Roaming\npm;C:\Gradle\gradle-8.14.2\bin;C:\Program Files\GitHub CLI\;C:\Program Files\Git\cmd;C:\Program Files\PowerShell\7\;C:\Users\xmeta\AppData\Local\P;C:\Users\xmeta\AppData\Local\Programs\Ollama;C:\Users\xmeta\AppData\Local\Microsoft\WinGet\Links;C:\Users\xmeta\AppData\Local\Programs\Kiro\bin;%SystemRoot%\system32;%SystemRoot%;%SystemRoot%\System32\Wbem;%SYSTEMROOT%\System32\WindowsPowerShell\v1.0\;%SYSTEMROOT%\System32\OpenSSH\;C:\WINDOWS\system32\WBEM;C:\Python313\Scripts\;C:\Python313\;C:\Java\bin;C:\WINDOWS\system32;C:\WINDOWS;C:\WINDOWS\System32\Wbem;C:\WINDOWS\System32\WindowsPowerShell\v1.0\;C:\WINDOWS\System32\OpenSSH\;C:\Program Files\dotnet\;C:\Program Files\NVIDIA Corporation\NVIDIA App\NvDLISR;C:\Program Files (x86)\NVIDIA Corporation\PhysX\Common;C:\Users\xmeta\AppData\Local\Microsoft\WindowsApps;C:\Users\xmeta\AppData\Local\Programs\Microsoft VS Code\bin;C:\msys64\ucrt64\bin;C:\ControlD;C:\Program Files\Git\cmd;c:\Users\xmeta\AppData\Local\Programs\cursor\resources\app\bin;C:\Program Files (x86)\Windows Kits\10\Windows Performance Toolkit\;C:\Program Files\nodejs\;C:\ProgramData\chocolatey\bin;C:\Users\xmeta\AppData\Local\Programs\Python\Python312\Scripts\;C:\Users\xmeta\AppData\Local\P;;C:\Users\xmeta\.lmstudio\bin;C:\Users\xmeta\AppData\Local\Programs\Ollama;C:\Users\xmeta\AppData\Local\Programs\cursor\resources\app\bin;C:\Program Files\nodejs;C:\Users\xmeta\AppData\Local\Microsoft\WindowsApps;C:\Users\xmeta\AppData\Local\Microsoft\WinGet\Links;C:\Users\xmeta\AppData\Local\Programs\Kiro\bin;C:\Users\xmeta\AppData\Local\Programs\Windsurf\bin;C:\Users\xmeta\AppData\Local\Programs\Qoder\bin
USERNAME=Leo
LANG=en_US.UTF-8
OS=Windows_NT
PROCESSOR_IDENTIFIER=Intel64 Family 6 Model 158 Stepping 10, GenuineIntel
TMP=C:\Users\xmeta\AppData\Local\Temp
TEMP=C:\Users\xmeta\AppData\Local\Temp



Periodic native trim disabled


---------------  S Y S T E M  ---------------

OS:
 Windows 11 , 64 bit Build 26100 (10.0.26100.6972)
OS uptime: 3 days 20:04 hours
Hyper-V role detected

CPU: total 12 (initial active 12) (6 cores per cpu, 2 threads per core) family 6 model 158 stepping 10 microcode 0xde, cx8, cmov, fxsr, ht, mmx, 3dnowpref, sse, sse2, sse3, ssse3, sse4.1, sse4.2, popcnt, lzcnt, tsc, tscinvbit, avx, avx2, aes, erms, clmul, bmi1, bmi2, adx, fma, vzeroupper, clflush, clflushopt, hv
Processor Information for the first 12 processors :
  Max Mhz: 2208, Current Mhz: 1806, Mhz Limit: 2208

Memory: 4k page, system-wide physical 32617M (14127M free)
TotalPageFile size 48619M (AvailPageFile size 191M)
current process WorkingSet (physical memory assigned to process): 717M, peak: 748M
current process commit charge ("private bytes"): 769M, peak: 799M

vm_info: OpenJDK 64-Bit Server VM (17.0.15+6-LTS) for windows-amd64 JRE (17.0.15+6-LTS), built on Apr  9 2025 22:27:25 by "MicrosoftCorporation" with unknown MS VC++:1939

END.
