lemma	part_of_speech	translations
's-hertogenbosch	noun	スヘルトーヘンボス|デン・ボス
able	adjective	れる|できる|有能|腕利き|有資格
blast	noun	細胞|疾風|突風
burger	noun	ーガー|バーガー
chan		ゃん
cide		し|す人
ed		た|味
er		っと|り
esque		ぽい
est		番|も
gon		形
ible		れる
ide		物
ify		る
in-law		理
ing		いる|と
ish		ぽい
ism		ズム|義
ist		義者
itis		炎
ize		る
kun		ん
land	noun	ンド|土地|土|陸地|不動産|国|着陸
less	adverb	い|-|し|...より少ない|それほど...ない|より小さい
like	adjective	ぽい|様に|たい|みたい|よう|形容詞|好み|って言うか|のように|好む
logist		者
logy		ジー
pedia		ディア
philia	noun	フィリア|...派|嗜好
phobia	noun	ォビア|怖症|い|悪|恐怖症
phone	noun	者|単音|音価|電話|電話をかける
proof	noun	-|証拠
san		ん
th		目
tion		ション|化
tomy		除
um		ム
wise	adjective	つ|賢い|賢明
y		状|質|たい|き|り|ゃん
.net	noun	ドットネット
1 chronicles	noun	歴代志上
1 kings	noun	列王記上
1 samuel	noun	サムエル記上
1-up	noun	1UP|ワンアップ
100 metres	noun	100メートル
1000 metres	noun	1000メートル
10000 metres	noun	10000メートル
101	adjective	入門
120-cell	noun	正百二十胞体
1500 metres	noun	1500メートル
16-cell	noun	正十六胞体
18 holes	noun	18ホール
1992	noun	一九九二年|１９９２年
2 chronicles	noun	歴代志下
2 kings	noun	列王記下
2 samuel	noun	サムエル記下
200 metres	noun	200メートル
24-cell	noun	正二十四胞体
24-hour clock	noun	24時制
3d job	noun	3K
3d printer	noun	3Dプリンター
3x3 basketball	noun	3x3
400 metres	noun	400メートル
5-cell	noun	正五胞体
50 cent army	noun	五毛党
5000 metres	noun	5000メートル
5w1h	noun	5W1H
600-cell	noun	正六百胞体
65537-gon	noun	六万五千五百三十七角形
7 up	noun	セブンアップ
7-eleven	noun	セブン|セブンイレブン
8-bit	adjective	8ビット
8-cell	noun	正八胞体
800 metres	noun	800メートル
9 to 5	noun	九時五時
9/11	noun	9・11|アメリカ同時多発テロ
90s	noun	90年代
a coruña	noun	ア・コルーニャ|ラ・コルーニャ
a major	noun	イ長調
a minor	noun	イ短調
a-bomb	noun	原爆|原子爆弾
a-flat major	noun	変イ長調
a-flat minor	noun	変イ短調
a-sharp major	noun	嬰イ長調
a-sharp minor	noun	嬰イ短調
abc	noun	いろは
ac	noun	交流
ac adapter	noun	ACアダプタ
ac/dc	adjective	両刀使い
ad	adverb	紀元|西暦|西紀
afu	noun	ウクライナ軍
ai	noun	人工知能
aids	noun	エイズ
ak-47	noun	エーケー４７
and	noun	アンド|と|や|かつ|とか|そして
anfo	noun	硝安油剤爆薬
apec	noun	アジア太平洋経済協力会議
asap	adverb	なるはや|なるべく早く|大至急
ascii	noun	ASCII|アスキー
ascii art	noun	ASCIIアート|アスキーアート
asean	noun	アセアン
asmr	noun	ASMR
asmrtist	noun	ASMRtist
atm	noun	エーティーエム|ATM|現金自動預払機|自動現金預払機|自動窓口機|非同期転送モード
aachen	noun	アーヘン
aalborg	noun	オールボルグ
aalenian	noun	アーレニアン
aalst	noun	アールスト
aar	noun	アーレ川
aarhus	noun	オーフス
abadan	noun	アーバーダーン
abakan	noun	アバカン
abaza	noun	アバザ人|アバザ語
abbas	noun	アッバース
abbeville	noun	アブヴィル
abbott	noun	アボット
abdullah	noun	アブドラ
abdullatif	noun	アブデラティフ
abe's salamander	noun	阿部山椒魚
abel	noun	アベル
abenomics	noun	アベノミクス
aberdeen	noun	アバディーン
abha	noun	アブハー
abhidharma	noun	阿毘達磨
abidjan	noun	アビジャン
abiko	noun	我孫子
abinomn	noun	アビノムン語
abkhaz	noun	アブハズ語|アブハジア語
abkhazia	noun	アブハジア
aborigine	noun	アボリジニ|原住民
abraham	noun	アブラハム|イブラヒム|エイブラハム
abruzzo	noun	アブルッツォ州
absalom	noun	^アブサロム
abu dhabi	noun	アブダビ
abuja	noun	アブジャ
abydos	noun	アビドス
abyssinia	noun	アビシニア
abyssinian	noun	アビシニアン
acarnania	noun	アカルナニア
accra	noun	アクラ
achaean	adjective	アカイアの|アカイア人
acheron	noun	アケローン
achilles	noun	アキレウス|アキレス
achilles heel	noun	アキレス腱
achilles tendon	noun	アキレス腱
achlys	noun	アクリュース
acre	noun	アクレ|エーカー
acropolis	noun	アクロポリス
actaeon	noun	アクタイオーン
actium	noun	アクティウム
acts of the apostles	noun	使徒行伝|使徒言行録
adam	noun	アダム
adam and eve	noun	アダムとイヴ
adam's apple	noun	喉頭隆起|喉仏
adamic	noun	アダムの言語
adana	noun	アダナ
addis ababa	noun	アジスアベバ|アディスアベバ
addison's disease	noun	アジソン病
adelaide	noun	アデレード|アデライド
aden	noun	アデン
adige	noun	アディジェ川
adriatic	adjective	アドリア
adriatic sea	noun	アドリア海
advent	noun	降臨節
advent calendar	noun	アドベントカレンダー
adygea	noun	アディゲ共和国|アディゲ
adyghe	noun	アディゲ語
aeaea	noun	アイアイエー島
aegean sea	noun	エーゲ海
aelita	noun	アイリータ
aeneid	noun	アエネーイス
aeolian harp	noun	エオリアン・ハープ
aeolus	noun	アイオロス
aeroflot	noun	アエロフロート
aesacus	noun	アイサコス
aeschines	noun	アイスキネス
aeschylus	noun	アイスキュロス
aesop	noun	アイソーポス|イソップ
aether	noun	アイテール
affenpinscher	noun	アッフェンピンシャー|アーフェンピンシャー
afghan	adjective	アフガニスタン|アフガニスタン人|アフガン人|アフガニスタン語
afghan hound	noun	アフガン・ハウンド
afghanistan	noun	アフガニスタン|アフガン
africa	noun	アフリカ|阿弗利加
african	adjective	アフリカ|アフリカ人
african union	noun	アフリカ連合
african blue tit	noun	テネリフェアオガラ
african elephant	noun	アフリカ象
african forest elephant	noun	丸耳象
african hunting dog	noun	リカオン
african nutmeg	noun	イロンバ
african violet	noun	セントポーリア
african wildcat	noun	利比亜山猫
african-american	noun	アフリカ系アメリカ人
african-american vernacular english	noun	黒人英語
afrikaans	noun	アフリカーンス語
afrikaner	noun	アフリカーナー
afro-eurasia	noun	アフロ・ユーラシア
afroasiatic	noun	アフロ・アジア語族
agamemnon	noun	アガメムノン|アガメムノーン
agartala	noun	アガルタラ
age of enlightenment	noun	啓蒙時代
aglaia	noun	アグラヤ
agni	noun	アグニ
agra	noun	アーグラ
agrigento	noun	アグリジェント
aguilares	noun	アギラレス
ahasuerus	noun	アハシュエロス
ahmed	noun	アフマド
ahmedabad	noun	アフマダーバード
ahnenerbe	noun	アーネンエルベ
ahriman	noun	アフリマン|アンラ・マンユ|アーリマン
ahura mazda	noun	アフラ・マズダー|祆
aichi	noun	愛知|愛知県
aigio	noun	アイギオ|エギオ
ainu	noun	アイヌ語|アイヌ
aion	noun	アイオーン
air force one	noun	エアフォースワン
airbus	noun	エアバス
aizawl	noun	アイザウル
aizu	noun	会津若松
aizuwakamatsu	noun	会津若松|會津若松
ajaccio	noun	アジャクシオ|アヤッチョ
ajax	noun	アイアース|アヤックス
akabane	noun	赤羽
akaiwa	noun	赤磐
akasagarbha	noun	虛空藏
akashi	noun	明石
akhenaten	noun	アクエンアテン
aki	noun	安芸
akio	noun	章男
akiruno	noun	あきる野
akita	noun	秋田犬|秋田
akitsu	noun	秋津
akrotiri and dhekelia	noun	アクロティリおよびデケリア
aksai chin	noun	アクサイチン
akutagawa	noun	芥川
akō	noun	赤穂
akṣayamati	noun	無盡意菩薩
al hoceima	noun	アル・ホセイマ
al-raqqah	noun	ラッカ
alabama	noun	アラバマ州
aladdin	noun	アラジン
alagoas	noun	アラゴアス
alaska	noun	アラスカ州
alaska pollock	noun	介党鱈|助宗鱈|助惣鱈|明太|鯳
alaskan malamute	noun	アラスカン・マラミュート
albania	noun	アルバニア
albanian	adjective	アルバニア|アルバニア語|アルバニア人
albany	noun	オールバニ
albany pitcher plant	noun	袋雪の下
albert	noun	アルバート|アルベルト
alberta	noun	アルバータ|アルバータ州
albi	noun	アルビ
albireo	noun	アルビレオ
alcalá de henares	noun	アルカラ・デ・エナーレス
aldebaran	noun	アルデバラン
alec	noun	アレック
alecto	noun	アレークトー
aleister	noun	アレイスター
alejandro	noun	アレハンドロ
aleppo	noun	アレッポ
alessandria	noun	アレッサンドリア
aleutian islands	noun	アリューシャン列島
alexander	noun	アレクサンダー
alexander the great	noun	アレキサンダー大王|アレクサンドロス大王
alexandra	noun	アレクサンドラ
alexandria	noun	アレキサンドリア|アレクサンドリア
alexandroupoli	noun	アレクサンドルーポリ
alexandrovsk-sakhalinsky	noun	亜港
alexius	noun	アレクシオス
alfredo	noun	アルフレド
alfvén	noun	アルヴェーン
alfvén wave	noun	アルヴェーン波
algeria	noun	アルジェリア
algerian	adjective	アルジェリア|アルジェリアの|アルジェリア人
alghero	noun	アルゲーロ
algiers	noun	アルジェ
ali	noun	アリ
ali baba	noun	アリババ
alice	noun	アリス
alice band	noun	カチューシャ|ヘアバンド
alice in wonderland	adjective	不思議の国のアリス
alice in wonderland syndrome	noun	不思議の国のアリス症候群
alishan	noun	阿里山
alistair	noun	アリステア
all blacks	noun	オールブラックス
all saints' day	noun	万聖節|諸聖人の日|諸聖人の祝日
allah	noun	アッラーフ|アッラー|アラー
allahabad	noun	イラーハーバード
allahu akbar		アッラーフ・アクバル
allee effect	noun	アリー効果
allen key	noun	六角棒スパナ
allier	noun	アリエ県
allies	noun	連合国
almaty	noun	アルマトイ
almería	noun	アルメリア
alor setar	noun	アロースター
alpha centauri	noun	アルファケンタウリ|ケンタウルス座アルファ星
alps	noun	アルプス|アルプス山脈
alsace	noun	アルザス
alsace-lorraine	noun	アルザス・ロレーヌ
altai	noun	アルタイ
altai republic	noun	アルタイ共和国
altaic	adjective	アルタイ語族
altair	noun	アルタイル
alvin	noun	アルビン
alzheimer's disease	noun	アルツハイマー病
amalthea	noun	アマルテア
amami	noun	奄美
amami rabbit	noun	アマミノクロウサギ|奄美の黒兎
amapá	noun	アマパー
amarone	noun	アマローネ
amaterasu	noun	天照|天照大御神|天照大神
amazon	noun	アマゾネス|アマゾン|アマゾン川
amazonas	noun	アマゾナス州
amazonian antshrike	noun	アマゾンアリモズ
ame-no-uzume	noun	天宇受売命|天鈿女命
american	adjective	アメリカ|米国|アメリカン|南北アメリカ|米|アメリカ人
american bulldog	noun	アメリカン・ブルドッグ
american civil war	noun	南北戦争
american dream	noun	アメリカンドリーム
american english	noun	アメリカ英語|米語|米英語
american league	noun	アメリカンリーグ|ア・リーグ
american samoa	noun	アメリカン・サモア
american sign language	noun	アメリカ手話|アメスラン
american badger	noun	アメリカアナグマ
american bittern	noun	アメリカサンカノゴイ
american black bear	noun	アメリカグマ|亜米利加熊
american black duck	noun	アメリカガモ
american cliff swallow	noun	三色燕
american football	noun	アメフト|アメリカンフットボール|フットボール|鎧球
american kestrel	noun	ハイタカ
american robin	noun	駒鶇
american wigeon	noun	アメリカヒドリ
americanisation	noun	アメリカニゼーション|アメリカ化|米国化
americanism	noun	米語
americanize	verb	アメリカナイズ|アメリカ風にする|米国化
americanness	noun	アメリカらしさ
americas	noun	亜米利加|米州|アメリカ州
americophilia	noun	親米派
americophobia	noun	反米
amharic	noun	アムハラ語
amis	noun	アミ族
amish	noun	アーミッシュ
amitābha	noun	無量光仏|阿弥陀仏|阿弥陀如来
amitābha buddha	noun	無量光仏|阿弥陀仏
amman	noun	アンマン
ammiyya	noun	アーンミーヤ
amorgos	noun	アモルゴス
amos	noun	アモス書|アモス
amoy	noun	アモイ語
amphitrite	noun	アムピトリーテー|アンフィトリテ
amritsar	noun	アムリトサル
amstelveen	noun	アムステルフェーン
amsterdam	noun	アムステルダム
amu darya	noun	アムダリヤ川|アム川
amur	noun	アムール川|黒竜江|あむ0
amur cork tree	noun	黄檗|黄蘗
amur leopard	noun	アムールヒョウ
anadyr	noun	アナディリ
anantacaritra	noun	無辺行菩薩
anapa	noun	アナパ
anastasius	noun	アナスタシウス|アナスタシオス
anatoli	noun	アナトリー|アナトーリー
anatolia	noun	アナトリア
anatolius	noun	アナトリー|アナトーリー
anchorage	noun	アンカレッジ
ancient egypt	noun	古代エジプト
ancient greece	noun	古代ギリシャ
ancient greek	noun	古代ギリシャ語
ancient rome	noun	古代ローマ
ancona	noun	アンコーナ
andalusia	noun	アンダルシア|アンダルシア州
andalusian	adjective	アンダルシアの
andaman islands	noun	アンダマン諸島
andaman sea	noun	アンダマン海
andaman and nicobar islands	noun	アンダマン・ニコバル諸島
andean condor	noun	アンデスコンドル|コンドル|南米コンドル
anderlecht	noun	アンデルレヒト
andersen	noun	アンデルセン
andes mountains	noun	アンデス山脈
andhra pradesh	noun	アーンドラ・プラデーシュ州
andorra	noun	アンドラ|アンドラ公国
andorra la vella	noun	アンドラ・ラ・ベリャ
andrew	noun	アンドリュー|アンデレ
android	noun	アンドロイド|人造人間|ロボット
andromache	noun	アンドロマケー
andromeda	noun	アンドロメダー|アンドロメデー|アンドロメダ座
andronicus	noun	アンドロニク
angara	noun	アンガラ川
angat	noun	アンガット
angela	noun	アンゲラ|アンジェラ
angeles	noun	アンヘレス
angers	noun	アンジェ
angkor wat	noun	アンコール・ワット
anglican communion	noun	アングリカン・コミュニオン
anglicanism	noun	聖公会
anglo-		英
anglo-american	adjective	米英
anglo-egyptian sudan	noun	イギリス・エジプト領スーダン
anglo-saxon	noun	アングロサクソン
anglophone	noun	英語話者
anglosphere	noun	英語圏
angola	noun	アンゴラ
anguilla	noun	アンギラ
anhui	noun	安徽
ankara	noun	アンカラ
ann	noun	アンナ|アン
anna	noun	アンナ
annaka	noun	安中
annam	noun	安南
annas	noun	アンナス
anno domini	adverb	紀元|西暦
anping	noun	安平
anschluss	noun	アンシュルス
anshan	noun	鞍山
antalya	noun	アンタリヤ|アンタルヤ
antananarivo	noun	アンタナナリボ
antarctic	adjective	南極
antarctic circle	noun	南極圈|南極線
antarctic peninsula	noun	南極半島
antarctica	noun	南極大陸|南極
antares	noun	アンタレス
anthony	noun	アンソニー|アントワン|アントニオ|アントワーヌ
anthropocene	noun	アンソロポシーン|アントロポセン|人新世
antibes	noun	アンティーブ
antichrist	noun	反キリスト
antigua and barbuda	noun	アンティグア・バーブーダ
antilles	noun	アンティル
antlered god	noun	有角神
antlia	noun	ポンプ座
antwerp	noun	アントワープ|アントワープ市
anubis	noun	アヌビス
anuruddha	noun	大迦葉
anya	noun	アンヤ|アーニャ
anzac day	noun	アンザック・デー
aomi	noun	青海
aomori	noun	青森
aosta	noun	アオスタ
apalala	noun	阿波羅竜王
apennines	noun	アペニン山脈
aphrodite	noun	アフロディーテ
apia	noun	アピア
apocalypse	noun	黙示録|黙示
apocrypha	noun	アポクリファ|外典
apollo	noun	アポロ|アポローン|アポロン
apopa	noun	アポパ
apostles' creed	noun	使徒信条
appalachia	noun	アパラチア
appalachians	noun	アパラチア山脈
appian	noun	アッピアーヌス
apple	noun	アップル|林檎|苹果|りんご
april	noun	四月|卯月
april fools' day	noun	エイプリルフール|四月馬鹿|４月馬鹿
april fool	noun	エイプリルフール
aptian	noun	アプチアン
apuleius	noun	アプレイウス
apulia	noun	プッリャ|プッリャ州|プーリア|プーリャ
apus	noun	ふうちょう座|風鳥座
aqaba	noun	アカバ
aqdas	noun	最聖の書
aquarius	noun	水瓶座|みずがめ座生まれの人|みずがめ座|宝瓶宮
aquila	noun	鷲座|わし座
aquinas	noun	アクィナス
aquitaine	noun	アキテーヌ
ara	noun	祭壇座|𩺊
arab	adjective	アラブ|アラビア人
arab republic of egypt	noun	エジプト・アラブ共和国
arab spring	noun	アラブの春
arab world	noun	アラブ世界
arabia	noun	アラビア|亜剌比亜
arabian	adjective	アラビア|アラビア人
arabian peninsula	noun	アラビア半島
arabian sea	noun	アラビア海
arabic	adjective	アラビア|アラブ|アラビア語|アラビア文字
arabic numeral	noun	アラビア数字
arabisation	noun	アラビア化
arabize	verb	アラビア化
arabo-		アラビア|アラブ
aracan	noun	アラカン
arafura sea	noun	アラフラ海
aragon	noun	アラゴン|アラゴン州
aragonese	adjective	アラゴン|アラゴン語|アラゴン人
arakawa	noun	荒川
aral sea	noun	アラル海
aramaic	adjective	アラム語
ararat	noun	アララト山|アララト
arbil	noun	アルビール
arc de triomphe	noun	凱旋門
archimedes	noun	アルキメデス
arctic	noun	北極
arctic circle	noun	北極圈|北極線
arctic ocean	noun	北極海|北極洋|北氷洋
arcturus	noun	アークトゥルス
ardèche	noun	アルデーシュ|アルデーシュ川
area 51	noun	エリア51
arecibo message	noun	アシレボ・メッセージ
ares	noun	アレース
arezzo	noun	アレッツォ
argentina	noun	アルゼンチン|亜爾然丁
argentine	adjective	アルゼンチンの|アルゼンチン人
argonaut	noun	アルゴナウタイ
argos	noun	アルゴス
arian	adjective	アリウス派の
arica	noun	アリカ
arida	noun	有田
ariel	noun	アリエル
aries	noun	牡羊座|おひつじ座|白羊宮
aristaeus	noun	アリスタイオス
aristotle	noun	アリストテレス
arizona	noun	アリゾナ|アリゾナ州
ark of the covenant	noun	契約の箱|掟の箱|約櫃|聖櫃|証の箱
arkansas	noun	アーカンソー州
arkhangelsk	noun	アルハンゲリスク
armageddon	noun	ハルマゲドン|アルマゲドン
armagnac	noun	アルマニャック
armenia	noun	アルメニア
armenian	adjective	アルメニア|アルメニア語|アルメニア人
armenian ssr	noun	アルメニア・ソビエト社会主義共和国
arminianism	noun	アルミニウス主義
armorica	noun	アルモリカ
arno	noun	アルノ川
arsenal	noun	アーセナル|兵器廠
art deco	noun	アール・デコ
art nouveau	noun	アール・ヌーヴォー
arte povera	noun	アルテ・ポーヴェラ
artemis	noun	アルテミス
arthur	noun	アーサー
artina	noun	アルティナ
artsakh	noun	アルツァフ
aruba	noun	アルバ
arunachal pradesh	noun	アルナーチャル・プラデーシュ州
aryadeva	noun	聖提婆
aryan	noun	アーリア人
asahi	noun	旭
asaka	noun	朝霞
ascension	noun	昇天
ascension day	noun	キリストの昇天
ascension island	noun	アセンション島
asclepius	noun	アスクレーピオス
asgard	noun	アスガルズ|アスガルト|アスガルド|アスガード|アースガルズ|アースガルド
ash wednesday	noun	灰の水曜日
ashgabat	noun	アシガバート
ashina	noun	あしな|蘆名
ashoka	noun	アショーカ|阿育王
ashura	noun	アーシューラー
asia	noun	アジア|亜細亜|亜洲
asia minor	noun	小アジア
asia-pacific	noun	アジア太平洋地域
asian	adjective	アジア|南アジア人|東アジア人|アジア人
asian games	noun	アジア競技大会
asian black bear	noun	ツキノワグマ|黒熊
asian brown flycatcher	noun	コサメビタキ
asian conical hat	noun	笠
asian desert warbler	noun	砂漠虫喰
asian dust	noun	黄砂
asian elephant	noun	アジア象
asian flu	noun	アジアインフルエンザ|アジア風邪
asian giant hornet	noun	オオスズメバチ
asian lion	noun	インドライオン
asian squat	noun	うんこ座り|アジアスクワット|ヤンキー座り|便所座り
asian swamp eel	noun	田鰻
asianization	noun	アジア化
asiatic pennywort	noun	ゴツコラ|壺草
asmara	noun	アスマラ
asperger's syndrome	noun	アスペルガー症候群
assam	noun	アッサム
assamese	noun	アッサム語
assyria	noun	アッシリア
assyriology	noun	アッシリア学
astana	noun	アスタナ
astarte	noun	アスタルテ
asterix	noun	アステリックス
astraea	noun	アストレア
astrakhan	noun	アストラハン
asturian	noun	アストゥリア語
asunción	noun	アスンシオン
asura	noun	アスラ|阿修羅
atami	noun	熱海
atayal	noun	タイヤル族|タイヤル語
athena	noun	アテーナー|アテナ
athens	noun	アテネ
atkinson	noun	アトキンソン
atlanta	noun	アトランタ
atlantic ocean	noun	大西洋
atlantic puffin	noun	ニシツノメドリ|西角目鳥
atlantic salmon	noun	大西洋鮭
atlantis	noun	アトランティス
atlas mountains	noun	アトラス山脈
atlas moth	noun	与那国蚕
atomic age	noun	核時代
atsugi	noun	厚木
attic	adjective	アッティカの|屋根裏
attic greek	noun	アッティカ方言
attica	noun	アッティカ
attila the hun	noun	アッティラ
auckland	noun	オークランド
audouin's gull	noun	アカハシカモメ
audrey	noun	オードリー
augsburg	noun	アウクスブルク|アウクスブルグ
august	noun	八月|葉月|はちがつ
augustus	noun	アウグスツス|アウグストゥス
auki	noun	アウキ
aurangabad	noun	アウランガーバード
aurelius	noun	アウレリウス
auriga	noun	ぎょしゃ座|馭者座
aurora	noun	アウロラ|アウローラ|オーロラ|オーロール|極光
auschwitz	noun	アウシュビッツ|アウシュヴィッツ|オシフィエンチム
auslan	noun	オーストラリア手話
aussie	adjective	オージーの|オーストラリア人の|オージー
austerlitz	noun	アウステルリッツ
austin	noun	オースティン
australasia	noun	オーストララシア
australia	noun	オーストラリア|豪州|濠太剌利|濠洲|濠|豪
australian	adjective	オーストラリア|豪|オーストラリア人
australian capital territory	noun	オーストラリア首都特別地域
australian english	noun	オーストラリア英語
australian cockroach	noun	コワモンゴキブリ
australian dollar	noun	オーストラリア・ドル
australian magpie	noun	鵲笛鴉
australian rules football	noun	オージーフットボール
australian white ibis	noun	オーストラリア黒朱鷺|赤足黒朱鷺
austria	noun	オーストリア|墺太利
austria-hungary	noun	オーストリア゠ハンガリー|オーストリア゠ハンガリー帝国
austrian	adjective	オーストリア|オーストリアの|オーストリア人
austronesia	noun	オーストロネシア
auvergne	noun	オーヴェルニュ|オーベルニュ
avalon	noun	アヴァロン
avar	noun	アヴァル人|アヴァル語
avicenna	noun	アウィケンナ|イブン・スィーナー
avignon	noun	アヴィニョン
avogadro's number	noun	アボガドロ定数|アボガドロ数
awa	noun	阿波
awadhi	noun	アワディー語
axel	noun	アクセル
axis power	noun	枢軸国
ayase	noun	綾瀬
aymara	noun	アイマラ|アイマラ語
ayodhya	noun	アヨーディヤー
ayurveda	noun	アーユルヴェーダ
azawad	noun	アザワド
azerbaijan	noun	アゼルバイジャン
azerbaijani	adjective	アゼルバイジャン|アゼルバイジャン人|アゼルバイジャン語
azores	noun	アゾレス諸島
azrael	noun	アズラーイール
ağrı	noun	アール
b cell	noun	B細胞
b major	noun	ロ長調
b minor	noun	ロ短調
b-flat major	noun	変ロ長調
b-flat minor	noun	変ロ短調
b-movie	noun	B級映画
base jumping	noun	ベースジャンピング
bb cream	noun	BBクリーム
bbc	noun	ビー・ビー・シー
bbs	noun	掲示板
bc	adverb	紀元前
bdsm	noun	BDSM
bl lac object	noun	とかげ座BL型天体
bmw	noun	ビー・エム・ダブリュー
bric	noun	ブリック
brics	noun	ブリックス
bsod	noun	BSOD
baal	noun	バアル|バール
bab el mandeb	noun	バブ・エル・マンデブ海峡
baba yaga	noun	バーバ・ヤーガ
babel	noun	バベル
babylon	noun	バビロン
babylonia	noun	バビロニア
bacchanalia	noun	バッカス祭
bacchus	noun	バックス|バッコス
bach	noun	バッハ
bachelor of arts	noun	文学士
bachelor of laws	noun	法学士
bachelor of science	noun	理学士
bacolod	noun	バコロド
bacoor	noun	バコール
bactrian camel	noun	フタコブラクダ
badalona	noun	バダロナ
baden	noun	バーデン
baden-württemberg	noun	バーデン゠ヴュルテンベルク|バーデン＝ヴュルテンベルク州
baekje	noun	百済
baffin bay	noun	バフィン湾
baffin island	noun	バフィン島
baghdad	noun	バグダード|バグダッド
bagmati	noun	バグマティ州
baguio	noun	バギオ
bahamas	noun	バハマ
bahia	noun	バイーア
bahrain	noun	バーレーン|バーレイン
baháʼu'lláh	noun	バハオラ
baháʼí faith	noun	バハイ教
baicheng	noun	白城
baihe	noun	白河
baikal	noun	バイカル
baikonur	noun	バイコヌール
baily's beads	noun	ベイリー・ビーズ
baird's sandpiper	noun	ヒメウズラシギ
baishan	noun	白山
baja california	noun	バハカリフォルニア|バハ・カリフォルニア|下カリフォルニア
bak	noun	パク
bakhmut	noun	バフムート
baku	noun	バクー
balaghat	noun	バーラーガート
balakliia	noun	バラクリヤ
balearic islands	noun	バレアレス諸島
balhae	noun	渤海|渤海国
bali	noun	バリ島|バリ
balinese	noun	バリニーズ
baliuag	noun	バリウアッグ
balkan peninsula	noun	バルカン半島
balkanization	noun	バルカニゼーション|バルカン化
balkans	noun	バルカン半島
balochi	noun	バローチー語
baltic	adjective	バルト
baltic sea	noun	バルト海
baltimore	noun	ボルチモア|ボルティモア
balto-slavic	adjective	バルト・スラヴ
bamako	noun	バマコ
bambara	noun	バンバラ語
bamboo curtain	noun	竹のカーテン
banach space	noun	バナッハ空間
bandar seri begawan	noun	バンダルスリブガワン
bandera	noun	バンデーラ
bandung	noun	バンドン
bandō	noun	坂東
banff	noun	バンフ
bangka belitung islands	noun	バンカ・ブリトゥン
bangkok	noun	バンコク
bangladesh	noun	バングラデシュ
bangladeshi	adjective	バングラデシュ|バングラデシュ人
bangui	noun	バンギ
banjul	noun	バンジュール
banke	noun	バンケ
banqiao	noun	板橋
bantu	noun	バントゥー
baoding	noun	保定
baotou	noun	パオトウ|包頭
baphomet	noun	バフォメット
baptist	noun	バプテスト
barack	noun	バラク
barbados	noun	バルバドス
barbie	noun	バービー
barcelona	noun	バルセロナ
barents sea	noun	バレンツ海
barnaul	noun	バルナウル
barolo	noun	バローロ
baroque	adjective	バロック
bartholin's gland	noun	バルトリン腺|大前庭腺
bartholomew	noun	バルトロマイ
bas-rhin	noun	バ＝ラン
basallote	noun	バサリョテ
basel	noun	バーゼル
basenji	noun	バセンジー
bashar	noun	バッシャール
bashi channel	noun	バシー海峡
bashkir	noun	バシキール人|バシキール語
bashkortostan	noun	バシコルトスタン
basil	noun	バジル|バジリコ|目箒
basilicata	noun	バジリカータ州
basmachi	noun	バスマチ
basque	adjective	バスク語|バスクの|バスク人の|バスク人
basque country	noun	バスク地方
basque shepherd dog	noun	バスク・シェパード
basra	noun	バスラ
basse-terre	noun	バス＝テール
basseterre	noun	バセテール
bastia	noun	バスティア|バスティーア
bastille	noun	バスティーユ牢獄
bataan	noun	バターン
batam	noun	バタム
batangas	noun	バタンガス
bath	noun	バース|浴槽|湯船|風呂|風呂場|浴室
batman	noun	バットマン
batna	noun	バトナ
baton rouge	noun	バトン・ルージュ
battabara	noun	跋陀婆羅
battambang	noun	バタンバン
battle of britain	noun	バトル・オブ・ブリテン
bauhaus	noun	バウハウス
baumkuchen	noun	バウムクーヘン|バームクーヘン
bautzen	noun	バウツェン
bavaria	noun	バイエルン|バイエルン州
bavarian	noun	バイエルン方言|バイエルン語
bay of bengal	noun	ベンガル湾
bay of biscay	noun	ビスケー湾
bayer designation	noun	バイエル名|バイエル符号|バイエル記号
bayonne	noun	バイヨンヌ
bačka	noun	バチュカ
beatlemania	noun	ビートルマニア
beatles	noun	ザ・ビートルズ|ビートルズ
beaufort scale	noun	ビューフォート風力階級
bechuanaland	noun	ベチュアナランド
bedouin	noun	ベドウィン
beethoven	noun	ベートーベン|ベートーヴェン
behçet's disease	noun	ベーチェット病
beijing	noun	北京|ペキン
beijinger	noun	北京人
beirut	noun	ベイルート
bejaia	noun	ベジャイア
bekasi	noun	ブカシ
bel paese	noun	ベルパエーゼ
belarus	noun	ベラルーシ|ベロルシア
belarusian	adjective	ベラルーシ|ベラルーシ人|ベラルーシ語
belfast	noun	ベルファスト
belgian	adjective	ベルギー|ベルギー人
belgium	noun	ベルギー|白耳義
belgorod	noun	ベルゴロド
belgrade	noun	ベオグラード
belial	noun	ベリアル
belinda	noun	ベリンダ
belize	noun	ベリーズ
belize city	noun	ベリーズシティ
belizean	noun	ベリーズ人
bell's palsy	noun	ベル麻痺
bellefontaine	noun	ベルフォンテーヌ|ベルフォンテーン
belmopan	noun	ベルモパン
benedict	noun	ベネディクト
benelux	noun	ベネルクス
bengal	noun	ベンガル|ベンガル地方
bengalese finch	noun	十姉妹
bengali	noun	ベンガル人|ベンガル語
bengaluru	noun	バンガロール
benghazi	noun	ベンガジ
bengkulu	noun	ブンクル
benguet	noun	ベンゲット
benin	noun	ベナン
benjamin	noun	ベニヤミン|ベンジャミン
benson	noun	ベンソン
bentley	noun	ベントレー
benxi	noun	本渓
beowulf	noun	ベーオウルフ
beppu	noun	別府
berber	adjective	ベルベル人|ベルベル語
berchidda	noun	ベルキッダ
bergen	noun	ベルゲン
bering sea	noun	ベーリング海
bering strait	noun	ベーリング海峡
berkeley	noun	バークリー
berlin	noun	ベルリン|伯林
berlin wall	noun	ベルリンの壁
berlusconi	noun	ベルルスコーニ
bermuda	noun	バーミューダ|バミューダ
bermuda triangle	noun	バーミューダトライアングル
bern	noun	ベルン
bernoulli's principle	noun	ベルヌーイの定理
bertram	noun	ベルトラン
berwick-upon-tweed	noun	ベリック・アポン・ツイード
besançon	noun	ブザンソン
bessarabia	noun	ベッサラビア
betelgeuse	noun	ベテルギウス
bethlehem	noun	ベツレヘム|ワィフレエム
bethsaida	noun	ベツサイダ
betsy	noun	ベッツィ|ベッツィー
beverly hills	noun	ビバリー・ヒルズ|ビバリーヒルズ
bewick's swan	noun	コハクチョウ
beyblade	noun	ベイブレード
bhaiṣajyaguru	noun	薬師如来|薬師瑠璃光如来
bhaiṣajyarāja	noun	薬王菩薩
bhaiṣajyasamudgata	noun	薬上菩薩
bharat	noun	バーラタ|バーラト
bhilai	noun	ビライ
bhopal	noun	ボーパール
bhubaneswar	noun	ブヴァネーシュヴァル
bhutan	noun	ブータン
bianca	noun	ビアンカ
białystok	noun	ビャウィストク
bible	noun	聖書|バイブル|経典|虎の巻
bichon frisé	noun	ビション・フリーゼ
bicol	noun	ビコール語
bicol peninsula	noun	ビコル半島
bicol region	noun	ビコル地方
biden	noun	バイデン
big apple	noun	ビッグ・アップル
big bad wolf	noun	大きな悪いオオカミ
big bang	noun	ビッグバン
big ben	noun	ビッグベン|ビッグ・ベン
big dipper	noun	北斗七星|七つ星
big mac	noun	ビッグマック
big5	noun	Big5
bigfoot	noun	ヒバゴン|ビッグフット
bihar	noun	ビハール州|ビハール
bikol	noun	ビコール語
bill	noun	ビル|嘴|法律案|法案|勘定|料金
biratnagar	noun	ビラートナガル
birmingham	noun	バーミンガム|バーミングハム
birobidzhan	noun	ビロビジャン
bishkek	noun	ビシュケク
bishnupriya manipuri	noun	ビシュヌプリヤ・マニプリ語
bislama	noun	ビスラマ語
bissau	noun	ビサウ
bithynia	noun	ビテュニア
bitola	noun	ビトラ
biwa trout	noun	琵琶鱒
biñan	noun	ビニャン
bjurholm	noun	ブジュルホルム
black death	noun	黒死病
black forest	noun	シュヴァルツヴァルト
black forest gâteau	noun	シュヴァルツヴェルダー・キルシュトルテ|ガトー・ド・フォレノワール|ブラックフォレストケーキ|ブラック・フォレスト・ケーキ
black friday	noun	ブラックフライデー
black sea	noun	黒海
black turtle	noun	玄武
blackberry	noun	ブラックベリー
blackadder chord	noun	ブラックアダーコード
blackbeard	noun	黒髭
blagoevgrad	noun	ブラゴエヴグラト
blagoveshchensk	noun	ブラゴヴェシチェンスク
blissymbols	noun	ブリスシンボル
blitzen	noun	ブリッツェン
block island	noun	ブロック島
bloemfontein	noun	ブルームフォンテーン
blois	noun	ブロワ
blu-ray	noun	ブルーレイ
blue banana	noun	ブルーバナナ
blue house	noun	青瓦台
blue planet	noun	青い惑星
bluebeard	noun	青ひげ|青髭
bluetooth	noun	青歯王|ブルートゥース|青歯
bob	noun	ボブ
bobigny	noun	ボビニー
bobo-dioulasso	noun	ボボ・ディウラッソ
boca raton	noun	ボカラトン
boeing	noun	ボーイング
bogor	noun	ボゴール
bogotá	noun	ボゴタ
bohai sea	noun	渤海
bohemia	noun	ボヘミア
bohemian waxwing	noun	黄連雀
bohol	noun	ボホール
bok globule	noun	ボック・グロビュール
bokmål	noun	ブークモール
boli	noun	はくり
bolivia	noun	ボリビア
bollywood	noun	ボリウッド
bologna	noun	ボローニャ
bolognese	adjective	ボローニャの|ボロネーゼ|ミートソース
bolshevik	noun	ボリシェヴィキ
bolshevism	noun	ボリシェビズム|ボリシェヴィズム|ボルシェビズム|ボルシェヴィズム
bolshoye soldatskoye	noun	ボリショエ・ソルダツコイ|ボリショエ・ソルダーツコェ
bombay	noun	ボンベイ
bonaire	noun	ボネール
bonaparte's gull	noun	ボナパルト鴎
bonapartism	noun	ボナパルティズム
bonapartist	adjective	ボナパルティズムの|ナポレオン支持者
bondi	noun	ボンダイ
bondi beach	noun	ボンダイビーチ|ボンダイ・ビーチ
bondi junction	noun	ボンダイジャンクション|ボンダイ・ジャンクション
bongalo	noun	ボンガロ
bonifacio	noun	ボニファシオ|ボニファーチョ
bonin	noun	小笠原|小笠原群島|小笠原諸島
bonn	noun	ボン
book of concord	noun	协同书
book of mormon	noun	モルモン書|モルモン経
books of moses	noun	モーセの書
boolean	adjective	ブール代数|ブーリアン|ブール値
boolean algebra	noun	ブール代数
bordeaux	noun	ボルドー
boris	noun	ボリス
borneo	noun	ボルネオ
bortala	noun	ボルタラ
bose-einstein condensate	noun	ボース＝アインシュタイン凝縮
bose-einstein statistics	noun	ボース＝アインシュタイン統計
boshiamy	noun	嘸蝦米輸入法
bosnia	noun	ボスニア
bosnia and herzegovina	noun	ボスニア・ヘルツェゴヴィナ|ボスニア・ヘルツェゴビナ
bosniak	noun	ボスニア人
bosnian	noun	ボスニア語|ボスニア人
bosphorus	noun	ボスフォラス海峡
boston	noun	ボストン
boston ivy	noun	ツタ
botswana	noun	ボツワナ
bouches-du-rhône	noun	ブーシュ＝デュ＝ローヌ
bougainville	noun	ブーゲンビル
bournemouth	noun	ボーンマス
bowie	noun	ボウイ
bowman's capsule	noun	ボーマン嚢
boxer	noun	義和団|ボクサー|拳闘家
boxing day	noun	ボクシング・デー
boy scout	noun	スカウト|ボーイスカウト
boötes	noun	うしかい座|牛飼い座
brabant	noun	ブラバント
bradford	noun	ブラッドフォード
bragança	noun	ブラガンサ
brahma	noun	ブラフマー|梵天
brahman	noun	ブラフマン
brahmi	noun	ブラーフミー
brahui	noun	ブラーフーイー語
brampton	noun	ブランプトン
brandenburg	noun	ブランデンブルク州
brandenburg gate	noun	ブランデンブルク門
brandon	noun	ブランドン
brasília	noun	ブラジリア
bratislava	noun	ブラチスラヴァ|ブラチスラバ|ブラティスラヴァ
brazil	noun	ブラジル|伯剌西爾
brazilian	noun	ブラジル人|伯人
brazilian jiu-jitsu	noun	グレイシー流柔術
brazzaville	noun	ブラザヴィル
brașov	noun	ブラショヴ
breaker point	noun	ブリーカー岬
breda	noun	ブレダ
bregenz	noun	ブレゲンツ|ブレゲンツぐん|ブレゲンツ郡
bremen	noun	ブレーメン
brendan	noun	ブレンダン
brest	noun	ブレスト
breton	noun	ブルトン語|ブルターニュ語|ブレイス語
brexit	noun	ブレグジット|イギリスの欧州連合離脱
brezhnev	noun	ブレジネフ
brian	noun	ブライアン
bridgetown	noun	ブリッジタウン
brihaspati	noun	ブリハスパティ
brindisi	noun	ブリンディジ
brisbane	noun	ブリスベン|ブリズベン
bristol	noun	ブリストル
britain	noun	ブリテン
briticism	noun	イギリス語法
british	adjective	イギリス|英国|イギリス人|英国人|イギリス英語|英々語
british antarctic territory	noun	イギリス領南極地域
british columbia	noun	ブリティッシュ・コロンビア|英領コロンビア
british empire	noun	イギリス帝国|大英帝国
british english	noun	イギリス英語|英英語|英々語
british indian ocean territory	noun	イギリス領インド洋地域
british isles	noun	イギリス諸島|ブリテン諸島
british shorthair	noun	ブリティッシュショートヘア
british virgin islands	noun	イギリス領ヴァージン諸島|英領ヴァージン諸島
briton	noun	イギリス人
britpop	noun	ブリットポップ
brittany	noun	ブルターニュ|ブリタニー
brixen	noun	ブレッサノーネ|ブリクセン
brixton	noun	ブリクストン
brno	noun	ブルノ
broken hill	noun	ブロークンヒル
bronx	noun	ブロンクス
bronze age	noun	青銅器時代
brooklyn	noun	ブルックリン
brown	noun	ブラウン|茶色い|褐色|茶色
brownian motion	noun	ブラウン運動
brownshirt	noun	突撃隊員
bruges	noun	ブルッヘ|ブリュッヘ|ブリュージュ
brumaire	noun	ブリュメール|霧月
brunei	noun	ブルネイ
bruno	noun	ブルーノ
brussels	noun	ブリュッセル
brussels sprout	noun	コモチカンラン|子持ち甘藍|芽キャベツ
brussels-capital region	noun	ブリュッセル首都圏地域
brutalism	noun	ブルータリズム
bryan	noun	ブライアン
bryansk	noun	ブリャンスク
bryce	noun	ブライス
bucha	noun	ブーチャ
bucharest	noun	ブカレスト
buckingham palace	noun	バッキンガム宮殿
budai	noun	布袋
budapest	noun	ブダペスト
buddha	noun	仏|仏陀
buddha's hand	noun	仏手柑
buddhism	noun	仏教
buddhist	adjective	仏教|仏教徒
buddhist era	noun	仏暦|仏滅紀元
buenos aires	noun	ブエノスアイレス
buffalo	noun	バッファロー|野牛
bujumbura	noun	ブジュンブラ
bukhara	noun	ブハラ
bulacan	noun	ブラカン
bulakan	noun	ブラカン
bulgaria	noun	ブルガリア
bulgarian	adjective	ブルガリア|ブルガリア語|ブルガリア人
bunkyō	noun	文京
bunsen burner	noun	ブンゼンバーナー
bunun	noun	ブヌン族
burgas	noun	ブルガス
burgundy	noun	ブルゴーニュ
burj khalifa	noun	ブルジュハリファ
burkina faso	noun	ブルキナファソ
burma	noun	ビルマ
burmese	adjective	ビルマ|ミャンマー|ビルマ人|ミャンマー人|バーミーズ|ビルマ語
buruli ulcer	noun	ブルーリ潰瘍
burundi	noun	ブルンジ
buryat	noun	ブリヤート人|ブリヤート語
buryatia	noun	ブリヤート
busan	noun	釜山
buscemese	adjective	ブシェミ
buscemi	noun	ブシェミ
bush	noun	ブッシュ|低木|灌木|茂み
bushism	noun	ブッシュイズム
bushman	noun	ブッシュマン
buttigieg	noun	ブティジェッジ
buyan	noun	ブヤン
buzançais	noun	ビュザンセ
buzen	noun	豊前
bydgoszcz	noun	ブィドゴシュチュ|ビドゴシュチ
byzantine empire	noun	東ローマ帝国|ビザンツ帝国|ビザンティン帝国
byzantium	noun	ビュザンティオン
béarn	noun	ベアルン
bézier curve	noun	ベジェ曲線
bình thuận	noun	平順
büchner flask	noun	吸引ビン
büchner funnel	noun	ブフナー漏斗
bălți	noun	バルツィ
c	noun	C|C言語
c clef	noun	ハ音記号
c major	noun	ハ長調
c minor	noun	ハ短調
c++	noun	C++|シータスタス|シープラ|シープラスプラス|シープラプラ
c-drama	noun	中国ドラマ
c-flat major	noun	変ハ長調
c-pop	noun	C-POP|Cポップ|シー・ポップ|中華ポップ|中華ポップス
c-sharp major	noun	嬰ハ長調
c-sharp minor	noun	嬰ハ短調
ccp	noun	中共
cctv	noun	中国中央テレビジョン|中国中央電視台
cd	noun	シーディー|ＣＤ
cd burner	noun	CDバーナー|シーディーバーナー
cd player	noun	CDプレーヤー
cia	noun	シー・アイ・エー|中央情報局
cis	noun	CIS|独立国家共同体|シス
cjk	noun	日中韓
cng	noun	圧縮天然ガス
coboler	noun	コボラー
covid-19	noun	コロナ2019|コロナウイルス感染症2019|新型コロナウイルス感染症|新型肺炎
cpu	noun	CPU
crt	noun	中国の剰余定理
ct scan	noun	CT撮影
cabanatuan	noun	カバナチュアン
cabernet sauvignon	noun	カベルネ・ソーヴィニヨン
cadillac	noun	キャデラック
caelum	noun	ちょうこくぐ座|彫刻具座
caesar	noun	カエサル|シーザー
caesar salad	noun	シーザーサラダ
caesarean section	noun	帝王切開|カイザー|帝切
cagayan	noun	カガヤン
cagayan valley	noun	カガヤンバレー
cagayan de oro	noun	カガヤン・デ・オロ
cagliari	noun	カリャリ|カリアリ
caiaphas	noun	カイアファ
cain	noun	カイン
cairns	noun	ケアンズ
cairo	noun	カイロ
calabria	noun	カラブリア州
calais	noun	カレー
calamba	noun	カランバ
calapan	noun	カラパン
calcutta	noun	カルカッタ
caledonia	noun	カレドニヤ
calgarian	noun	カルガリー人
calgary	noun	カルガリー
caliban	noun	キャリバン
california	noun	カリフォルニア州|加州
california condor	noun	カリフォルニアコンドル
california quail	noun	冠鶉
california roll	noun	カリフォルニアロール
californian	noun	カリフォルニア人|カリフォルニア州人
calliope	noun	カリオペー
callirrhoë	noun	カリロエー
callisto	noun	カリスト
caloocan	noun	カローカン
calot's triangle	noun	カロー三角
caltanissetta	noun	カルタニッセッタ
calvados	noun	カルヴァドス
calvinism	noun	カルビン主義
calvinist	noun	カルヴァン主義者
calypso	noun	カリュプソー
camagüey	noun	カマグエイ
camarines norte	noun	北カマリネス
camarines sur	noun	南カマリネス
cambodia	noun	カンボジア|カンボディア
cambodian	adjective	カンボジア|カンボディア|カンボジア人
cambrian	noun	カンブリア紀|寒武利亜紀
cambrian explosion	noun	カンブリア爆発
cambridge	noun	ケンブリッジ|剣橋|ケンブリッジ大学
cambyses	noun	カンビュセス
camelopardalis	noun	きりん座|麒麟座
cameron	noun	キャメロン
cameroon	noun	カメルーン
camorra	noun	カモッラ
campania	noun	カンパニア|カンパニア州
campeche	noun	カンペチェ
canaan	noun	カナン|カナアン
canaan dog	noun	カナーン・ドッグ|カナーン犬
canada	noun	カナダ|加奈陀
canada goose	noun	カナダガン
canada lynx	noun	カナダオオヤマネコ
canadian	adjective	カナダ|カナダの|カナダ人
canadian dollar	noun	カナダドル
canadian football	noun	カナディアンフットボール
canary islands	noun	カナリア諸島|カナリアス諸島
canberra	noun	キャンベラ|カンベラ
cancer	noun	蟹座|かに座|巨蟹宮|癌
cancún	noun	カンクン
candlemas	noun	キャンドルマス
candraprabha	noun	月光王菩薩|月光菩薩|月光遍照菩薩|月浄菩薩
cane corso	noun	イタリアン・コルソ・ドッグ|カネ・コルソ
canes venatici	noun	りょうけん座|猟犬座
cangjie	noun	倉頡|倉頡入力|倉頡輸入法|蒼頡
canis major	noun	おおいぬ座|大犬座
canis minor	noun	こいぬ座|小犬座
cannes	noun	カンヌ
cannizzaro reaction	noun	カニッツァーロ反応
cantal	noun	カンタル
canterbury	noun	カンタベリー
canterbury bells	noun	フウリンソウ|風鈴草
canton	noun	広州|広州市|広東|広東省
cantonese	adjective	広東語|広東人|広東|粤語
cantopop	noun	広東ポップ|香港ポップ|香港ポップス
cape town	noun	ケープタウン
cape verde	noun	カーボベルデ
cape gooseberry	noun	シマホオズキ|ブドウホオズキ
cape jasmine	noun	梔子
cape of good hope	noun	喜望峰
capella	noun	カペラ
capernaum	noun	カペナウム
capetonian	noun	ケープタウン人
capitol	noun	連邦議会議事堂|国会議事堂
capitol hill	noun	キャピトル・ヒル
capiz	noun	カピス
cappadocia	noun	カッパドキア
capricorn	noun	磨羯宮
capricornus	noun	やぎ座|山羊座
caracalla	noun	カラカラ
caracas	noun	カラカス
caravaggio	noun	カラヴァッジオ|カラヴァッジョ
carboniferous	noun	石炭紀
carcassonne	noun	カルカソンヌ|カルカソン|カルカッソン|カルカッソンヌ
cardiff	noun	カーディフ
care bears	noun	ケアベア|ケアーベア
caria	noun	カリア|カーリア
caribbean	noun	カリブ海地域
caribbean sea	noun	カリブ海
carina	noun	りゅうこつ座|竜骨座
carl	noun	カル|カール
carlos	noun	カルロス
carmen	noun	カルメン
carolina chickadee	noun	カロライナコガラ
caroline islands	noun	カロリン諸島
carpathians	noun	カルパティア山脈
carter	noun	カーター
cartesian coordinates	noun	デカルト座標|直交座標
cartesian product	noun	デカルト積|直積集合
carthage	noun	カルタゴ
casablanca	noun	カサブランカ
casanova	noun	カサノバ
casimir	noun	カジミール
caspian sea	noun	カスピ海
caspian gull	noun	カスピアカモメ
caspian tern	noun	鬼鰺刺
caspian tit	noun	カスピアコガラ
cassiopeia	noun	カッシオペイア|カシオペヤ座
castelnau's antshrike	noun	クロシラナミアリモズ
castile soap	noun	カスティーリャ石鹸
castries	noun	カストリーズ
catalan	adjective	カタルーニャの|カタロニアの|カタルーニャ語|カタルーニャ人|カタロニア人|カタロニア語
catalonia	noun	カタルーニャ|カタロニア
cathay	noun	キタイ
catherine	noun	キャサリン|カトリーヌ
catholic	adjective	カソリック|カトリック|公教
catholic church	noun	カトリック教会
catholicism	noun	カトリシズム|カトリック教会
caucasian	noun	カフカース人|白人
caucasus	noun	カフカース|コーカサス
causeway bay	noun	銅鑼灣
cavalaire	noun	カヴァレール
cavite	noun	カヴィテ
cayenne	noun	カイエンヌ
cayman islands	noun	ケイマン諸島
ceará	noun	セアラー
cebu	noun	セブ
cebuano	noun	セブアノ語
celsius	adjective	セルシウス|摂氏
celt	noun	ケルト人
celtiberian	noun	ケルティベリア語
celtic	adjective	ケルト|ケルト語
celtic sea	noun	ケルト海
celtic studies	noun	ケルト学
centaurus	noun	ケンタウルス座
central africa	noun	中央アフリカ
central african	noun	中央アフリカ人
central african empire	noun	中央アフリカ帝国
central african republic	noun	中央アフリカ共和国
central america	noun	中央アメリカ|中米
central asia	noun	中央アジア
central europe	noun	中央ヨーロッパ|中欧
central european	adjective	中央ヨーロッパの|中欧の
central luzon	noun	中央ルソン
central standard time	noun	中部標準時
centre	noun	サントル地域圏
centre-val de loire	noun	サントル＝ヴァル・ド・ロワール|サントル地域圏
cephas	noun	シファス
cepheus	noun	ケペウス|ケーペウス|ケフェウス座
cerberus	noun	ケルベロス|三頭犬
ceres	noun	ケレース|セレス|ケレス
cetus	noun	くじら座|鯨座
ceylon	noun	セイロン
chad	noun	チャド
chadian	noun	チャド人
chahar	noun	チャハル
chakavian	noun	チャ方言
challenger	noun	チャレンジャー|挑戦者
cham	noun	チャム語
chamaeleon	noun	カメレオン座
chambord	noun	シャンボール
chambéry	noun	シャンベリ|シャンベリー
chamonix	noun	シャモニー
champa	noun	チャンパ
champagne	noun	シャンパーニュ|シャンパン|シャンペン|シャンパン色
champagne-ardenne	noun	シャンパーニュ·アルデンヌ|シャンパーニュ＝アルデンヌ
chandannagar	noun	シャンデルナゴル
chandigarh	noun	チャンディーガル
chang'an avenue	noun	長安街
chang'e	noun	嫦娥
changbai	noun	長白
changchun	noun	長春
changhua	noun	彰化
changi	noun	チャンギ
changping	noun	昌平
changsha	noun	長沙
changwon	noun	昌原
changzhou	noun	常州
channel islands	noun	チャンネル諸島
channel tunnel	noun	英仏海峡トンネル
chaohu	noun	巣湖
chaoyang	noun	朝陽|潮陽
chaplin	noun	チャップリン
chapman's antshrike	noun	シマアリモズ
chardonnay	noun	シャルドネ
charente	noun	シャラント
charente-maritime	noun	シャラント＝マリティーム
charlemagne	noun	カール大帝
charlene	noun	シャーリーン
charleroi	noun	シャルルロワ|シャールロア
charles	noun	シャルル|チャールズ
charles's law	noun	シャルルの法則
charlotte	noun	シャーロット|シャルロット
charon	noun	カローン|カロン|シャロン
chartism	noun	チャーティズム
chartres	noun	シャルトル
charybdis	noun	カリュブディス
chaubunagungamaug	noun	チャーゴグガゴグマンチャウグガゴグチャウバナガンガマウグ
chaucer	noun	チョーサー
cheboksary	noun	チェボクサル|チェボクサルイ
chechen	noun	チェチェン人|チェチェン語
chechen republic	noun	チェチェン共和国
chechnya	noun	チェチェン|チェチェン共和国
cheddar cheese	noun	チェダーチーズ
chefchaouen	noun	シャフシャウエン
cheka	noun	チェーカー
chekhov's gun	noun	チェーホフの銃
chelsea	noun	チェルシー
chelyabinsk	noun	チェリャビンスク
chemnitz	noun	ケムニッツ
chengde	noun	承徳
chengdu	noun	成都
chengguan	noun	城関
chenghai	noun	澄海
chennai	noun	チェンナイ
chenonceaux	noun	シュノンソー
cherkessk	noun	チェルケスク
chernihiv	noun	チェルニーヒウ|チェルニーゴフ
chernivtsi	noun	チェルニウツィー|チェルノフツィー
chernobyl	noun	チョルノーブィリ|チェルノブイリ
cherokee	noun	チェロキー語
cheshire cat	noun	チェシャ猫
cheshire cheese	noun	チェシャーチーズ
chevrolet	noun	シボレー
chhattisgarh	noun	チャッティースガル州|チャッティースガル
chhattisgarhi	noun	チャッティースガリー語
chiang mai	noun	チエンマイ
chianti	noun	キアンティ|キャンティ
chiari malformation	noun	アーノルド・キアリ奇形
chiayi	noun	嘉義
chiba	noun	千葉
chibi	noun	赤壁|SDのキャラクター|SD|スーパーデフォルメ
chicago	noun	シカゴ
chigasaki	noun	茅ヶ崎
chihuahua	noun	チワワ
chikugo	noun	筑後
chikusei	noun	筑西
chikushino	noun	筑紫野
chilaw	noun	チラウ
chile	noun	チリ
chile saltpetre	noun	チリ硝石
chimera	noun	キマイラ|キメラ|寄り合い所帯
china	noun	中国|支那|中華人民共和国|磁器|チャイナシンバル
china proper	noun	中国本土
china root	noun	山帰来
china syndrome	noun	チャイナ・シンドローム
china virus	noun	武漢ウイルス|武漢肺炎
chinatown	noun	チャイナタウン|中華街
chinese	adjective	中国|中|中華|中国人|中国語|中華料理
chinese crested dog	noun	チャイニーズ・クレステッド・ドッグ
chinese new year	noun	旧正月|春節
chinese taipei	noun	チャイニーズタイペイ|中華台北
chinese character	noun	漢字
chinese checkers	noun	ダイヤモンドゲーム
chinese cherry	noun	唐実桜
chinese cinnamon	noun	桂
chinese dragon	noun	竜
chinese elder	noun	蒴藋
chinese elm	noun	秋楡
chinese hackberry	noun	榎
chinese hibiscus	noun	仏桑花
chinese honeysuckle	noun	使君子
chinese juniper	noun	伊吹
chinese lantern	noun	提灯|灯篭
chinese numeral	noun	漢数字
chinese olive	noun	橄欖
chinese studies	noun	中国学|漢学
chinese trumpet vine	noun	ノウゼンカズラ|凌霄花
chinese virus	noun	武漢ウイルス|武漢肺炎
chinese whispers	noun	伝言ゲーム
chinglish	adjective	中国英語の|チングリッシュ
chink	noun	ちゃんころ|ポコペン|支那人|チャンコロ|不彀本
chiron	noun	キロン
chita	noun	チタ
chitose	noun	千歲
chitral	noun	チトラル
chittagong	noun	チッタゴン
chișinău	noun	キシナウ|キシニョフ
chloe	noun	クロエ
chongjin	noun	清津
chongqing	noun	重慶
chopin	noun	ショパン
chorasmia	noun	ホラズム
chow chow	noun	チャウチャウ|チャウ・チャウ
christ	noun	キリスト|ハリストス|基督
christ the redeemer	noun	キリストの贖い主
christadelphian	adjective	キリスト・アデルフィアン派の|キリスト・アデルフィアン派教徒
christchurch	noun	クライストチャーチ
christendom	noun	キリスト教世界
christian	adjective	キリスト教|クリスチャン|キリスト教徒
christian democracy	noun	キリスト教民主主義
christian name	noun	洗礼名|クリスチャンネーム|名前
christianity	noun	キリスト教|基督教
christianization	noun	キリスト教化
christianize	verb	キリスト教化
christie	noun	クリスティー
christina	noun	クリスティーナ
christmas	noun	クリスマス|聖誕祭|聖誕節
christmas eve	noun	クリスマスイブ
christmas island	noun	クリスマス島
christmas cake	noun	クリスマスケーキ
christmas card	noun	クリスマスカード
christmas carol	noun	クリスマス・キャロル
christmas cookie	noun	クリスマスクッキー
christmas pudding	noun	クリスマスプディング
christmas tree	noun	クリスマスツリー
christology	noun	キリスト論
christopher	noun	クリストファー
chronicles	noun	歴代誌|れきだいし
chrysanthemum throne	noun	皇位
chukchi	noun	チュクチ人|チュクチ語
chukchi peninsula	noun	チュクチ半島
chukchi sea	noun	チュクチ海
chukotka	noun	チュクチ|チュコトカ
chukotka autonomous okrug	noun	チュクチ自治管区
church of england	noun	イングランド国教会
church of jesus christ of latter-day saints	noun	末日聖徒イエス・キリスト教会
church of scotland	noun	スコットランド国教会
churchill	noun	チャーチル
chuukese	noun	チューク語
chuvash	noun	チュヴァシ人|チュヴァシ語
chuvashia	noun	チュヴァシ
châteauroux	noun	シャトールー|シャトルー
châtelaillon-plage	noun	シャティライヨン＝プラージュ
chūbu	noun	中部
chūō	noun	中央
cianjhen	noun	前鎮
cicero	noun	キケロ
cijin	noun	旗津
cincinnati	noun	シンシナティ
cinderella	noun	シンデレラ|灰かぶり姫|灰だらけ姫|灰まみれ
cintāmaṇicakra	noun	如意輪観音菩薩
cinzano	noun	チンザノ
circinus	noun	コンパス座
cisjordan	noun	ヨルダン川西岸地区
city	noun	シティ|都市|市|町|都会
city of kilgore	noun	キルゴア
clara	noun	クララ
classical arabic	noun	古典アラビア語
classical chinese	noun	漢文
classical greek	noun	古典ギリシア語
classical latin	noun	古典ラテン語
classical nahuatl	noun	古典ナワトル語
cleopatra	noun	クレオパトラ
cleveland	noun	クリーブランド
clifford algebra	noun	クリフォード代数
climategate	noun	クライメートゲート
clipperton island	noun	クリッパートン島
cluj-napoca	noun	クルジュ＝ナポカ
co-operative republic of guyana	noun	ガイアナ協同共和国
cobain	noun	コバーン|コベイン
coca-cola	noun	コカ・コーラ
cocha antshrike	noun	コアチャアリモズ
cochin china	noun	コーチシナ
cognac	noun	コニャック|ブランデー
cognos	noun	コグノス
coimbatore	noun	コーヤンブットゥール
coimbra	noun	コインブラ
cointreau	noun	コアントロー
coke	noun	コーラ|コークス|骸炭
colchester	noun	コルチェスター
cold war	noun	冷戦|米ソ冷戦
cologne	noun	ケルン|オーデコロン|コロン
colombia	noun	コロンビア
colombian	noun	コロンビア人
colombo	noun	コロンボ
colophon	noun	コロポン|奥付
colorado	noun	コロラド州
colorado beetle	noun	コロラドハムシ
colosseum	noun	コロッセオ
colossians	noun	コロサイ人への手紙
colossus of rhodes	noun	ロードス島の巨人
colton	noun	コルトン
columba	noun	コルンバ|はと座|鳩座
columbia	noun	コロンビア
columbian exchange	noun	コロンブス交換
columbus	noun	コロンブス
coma berenices	noun	かみのけ座|髪座
comecon	noun	コメコン
comet	noun	コメット|彗星|箒星
comintern	noun	コミンテルン
command key	noun	コマンド|コマンドキー
commander islands	noun	コマンドルスキー諸島|コマンドル諸島
common era	noun	西暦
commonwealth games	noun	コモンウェルスゲームズ
commonwealth of australia	noun	オーストラリア連邦
commonwealth of independent states	noun	独立国家共同体
commonwealth of nations	noun	イギリス連邦|英連邦
commonwealth of puerto rico	noun	プエルトリコ自治連邦区
communist china	noun	中共
comoros	noun	コモロ
compiègne	noun	コンピエーニュ
conakry	noun	コナクリ
conan	noun	コナン
confucian	noun	儒家
confucianism	noun	儒教|儒学|孔教
confucius	noun	孔子|孔夫子
congo	noun	コンゴ
congolese	noun	コンゴ人|コンゴ共和国人|コンゴ民主共和国人
congress	noun	コングレス|議会|会議|国会
conley	noun	コンリー
connecticut	noun	コネチカット
connelly	noun	コネリー
connemara	noun	コネマラ|コネマラ山地
connery	noun	コネリー
conservative party	noun	保守党
constantine	noun	コンスタンティノス|コンスタンティノ
constantinople	noun	コンスタンティノポリス|コンスタンティノープル
constanța	noun	コンスタンツァ
conté	noun	コンテ
cook islands	noun	クック諸島
cookies and cream	noun	クッキー&クリーム|クッキーアンドクリーム
copenhagen	noun	コペンハーゲン
copernicus	noun	コペルニクス
coptic	noun	コプト語
coral sea	noun	珊瑚海
corcyra	noun	コルキラ
cordelia	noun	コーディリア
corfu	noun	ケルキラ島
corinth	noun	コリント|コリントス
corinthians	noun	コリント人への手紙
coriolis force	noun	コリオリ力
cork	noun	コーク|コルク|コルク栓|ストッパー
cornish	noun	コーンウォール語
corona australis	noun	みなみのかんむり座|南の冠座
corona borealis	noun	かんむり座|冠座
corregidor	noun	コレヒドール島
corse-du-sud	noun	コルス゠デュ゠シュド県|南コルシカ
corsica	noun	コルシカ|コルス
corsican	adjective	コルシカ島の|コルシカの|コルシカ人|コルシカ語
corte	noun	コルテ
corvus	noun	からす座|烏座
cossack	noun	コサック
costa rica	noun	コスタリカ
cotabato	noun	コタバト
cotonou	noun	コトヌー
courland	noun	クールラント
coventry	noun	コヴェントリー
crater	noun	コップ座|クレーター|隕石孔|噴火口|火山口
crawford	noun	クロウフォード
crawley	noun	クローリー
creative commons	noun	クリエイティブ・コモンズ
creator	noun	創造主|造物主|クリエイター|創作者|創造者|作り主
cree	noun	クリー|クリー語
creole	noun	クレオール|クリオール|クレオール言語
cressida	noun	クレシダ
cretaceous	noun	白亜紀|白堊紀
crete	noun	クレタ島
creutzfeldt-jakob disease	noun	クロイツフェルト・ヤコブ病
crimea	noun	クリミア|クリミア半島
crimean tatar	noun	クリミア・タタール語|クリミア・タタール人
crimean war	noun	クリミア戦争
crimean peninsula	noun	クリミア半島
crius	noun	クレイオス
cro-magnon	noun	クロマニョン人
croatia	noun	クロアチア
croatian	noun	クロアチア人|クロアチア語
crohn's disease	noun	クローン病
croix-des-bouquets	noun	クロワ＝デ＝ブーケ
cronus	noun	クロノス
crusade	noun	十字軍
créteil	noun	クレテイユ
cthulhu	noun	クトゥルフ
cuba	noun	キューバ|玖馬
cultural revolution	noun	文化大革命|文革|文化革命
cuman	noun	クマン人
cundi	noun	准胝観音
cuneo	noun	クネオ|クーネオ
cupid	noun	キューピッド|アモール|クピド|クピードー
curaçao	noun	キュラソー|クラサオ
curitiba	noun	クリチバ
cuscatancingo	noun	クスカタンシンゴ
cuttack	noun	カタック
cygnus	noun	白鳥座|はくちょう座
cynic	adjective	犬儒
cynthia	noun	シンシア
cyprian	noun	きプリアヌス
cyprus	noun	キプロス
cyrene	noun	キュレネ
cyril	noun	キリル|シリル
cyrillic	adjective	キリル|キリル文字
cyrillization	noun	キリル文字化
cyrus	noun	キューロス
czech	adjective	チェコ|チェコ語|チェコ人
czech republic	noun	チェコ共和国|チェコ
czechia	noun	チェコ
czechoslovakia	noun	チェコスロバキア
częstochowa	noun	チェンストホヴァ|チェンストホーヴァ
côte d'ivoire	noun	コートジボワール|アイボリーコースト|象牙海岸
cần thơ	noun	カントー
d major	noun	ニ長調
d minor	noun	ニ短調
d-flat major	noun	変ニ長調
d-sharp minor	noun	嬰ニ短調
dc	noun	直流
dna	noun	ディー・エヌ・エー|ＤＮＡ
dna virus	noun	DNAウイルス
doe	verb	経験による|麀|雌
dp	noun	DP|ダイパ
dut	noun	供試品
dvd	noun	DVD|ディーブイディー
dvd player	noun	DVDプレーヤー
da nang	noun	ダナン
dacia	noun	ダキア
dadra and nagar haveli	noun	ダードラー及びナガル・ハヴェーリー
daegu	noun	大邱
daejeon	noun	大田
daffy duck	noun	ダフィー・ダック
dagestan	noun	ダゲスタン
dagon	noun	ダゴン
dahingganling	noun	大興安嶺
dahomey	noun	ダホメ
daisy	noun	デイジー|雛菊|延命菊
dakar	noun	ダカール
dalai lama	noun	ダライ・ラマ
dalian	noun	大連
dalit	noun	不可触民|不可触賤民
dall sheep	noun	ドールビッグホーン
dallas	noun	ダラス
dalmatian	noun	ダルメシアン|ダルマチア語
daman	noun	ダマン
daman and diu	noun	ダマン・ディーウ
damascus	noun	ダマスカス
dammam	noun	ダンマーム
dan	noun	ダン
dancer	noun	ダンサー|舞踊家|踊り子
dane	noun	デンマーク人
danelaw	noun	デーンロウ
dangjin	noun	唐津
dangun	noun	檀君
daniel	noun	ダニエル書|ダニエル
danish	adjective	デンマーク|デンマーク語|デニッシュ
danish blue	noun	ダナブルー
danish pastry	noun	デニッシュ
danny	noun	ダニー
dante	noun	ダンテ
dantesque	adjective	ダンテ
danube	noun	ドナウ川
danzig	noun	ダンツィヒ
daphne	noun	ダプネー
daqing	noun	大慶
dar es salaam	noun	ダルエスサラーム
dardanelles	noun	ダーダネルス海峡
darfur	noun	ダルフール
dari	noun	ダリー語
darius	noun	ダレイオス|ダーレイオス
darién gap	noun	ダリエン・ギャップ|ダリエン地峡
dark ages	noun	暗黒時代
dark continent	noun	暗黒大陸
dark knight	noun	ダークナイト
dark web	noun	ダークウェブ
darth vader	noun	ダース・ヴェイダー
darwin	noun	ダーウィン
darwin award	noun	ダーウィン賞
darwinism	noun	ダーウィニズム
dasher	noun	ダッシャー
datong	noun	大同
daur	noun	だう0|ダウール語
daurian jackdaw	noun	黒丸鴉
davao city	noun	ダバオ
davao region	noun	ダバオ地方
david	noun	ダビデ|ダビド|デイヴィッド|デヴィッド|デービッド
davos	noun	ダボス
davy jones	noun	デイビー・ジョーンズ|海の悪霊
daxing	noun	大興
dead sea	noun	死海
deaf	adjective	ろう|聴覚障害者|耳の聞こえない|聾|聾者|耳が不自由
death	noun	死神|死|死亡|消滅|滅亡
decameron	noun	デカメロン
december	noun	十二月|師走|12月
decembrist	noun	デカブリスト
dehradun	noun	デヘラードゥーン
deianira	noun	デーイアネイラ
deimos	noun	デイモス|ダイモス
delaware	noun	デラウェア
delhi	noun	デリー
delhi sultanate	noun	デリー・スルターン朝
delphinus	noun	海豚座
demeter	noun	デメテル
demetrius	noun	ドミトリー
demiurge	noun	デミウルゴス
democrat	adjective	民主党員|民主主義者
democratic people's republic of korea	noun	朝鮮民主主義人民共和国
democratic republic of the congo	noun	コンゴ民主共和国
democratic socialist republic of sri lanka	noun	スリランカ民主社会主義共和国
democritus	noun	デモクリトス
demotic greek	noun	ジモティキ|デモティキ
deneb	noun	デネブ
denebola	noun	デネボラ
deng	noun	テン|デン|トウ|鄧
denmark	noun	デンマーク|丁抹
dennis	noun	デニス
denpasar	noun	デンパサール
denver	noun	デンバー
depok	noun	デポック
derek	noun	デレク
derry	noun	デリー
dervish	noun	ダーウィーシュ|ダルヴィーシュ
des moines	noun	デモイン
desdemona	noun	デズデモーナ
detroit	noun	デトロイト
deuteronomy	noun	申命記
deutsche mark	noun	ドイツマルク
devanagari	noun	デーヴァナーガリー
devonian	noun	デボン紀|泥盆紀
dewa	noun	出羽
dexter	noun	デクスター
dhaka	noun	ダッカ
dhivehi	noun	ディベヒ語
dhu'l-hijja	noun	ズー・アル゠ヒッジャ
dhu'l-qa'da	noun	ズー・アル゠カアダ
diana	noun	ダイアナ
diaz	noun	ディアス
dickens	noun	ディケンズ
diego	noun	ディエゴ
dien bien	noun	ディエンビエン|ディエンビエン省|奠邊|奠邊省
dien bien phu	noun	ディエンビエン|ディエンビエンフー|奠邊|奠邊府
dieppe	noun	ディエップ
dietman	noun	議員
dijon	noun	ディジョン
dijon mustard	noun	ディジョンマスタード
dili	noun	ディリ
dione	noun	ディオーネー|ディオネ
dionysus	noun	ディオニューソス
diophantine equation	noun	ディオファントス方程式
dipolog	noun	ディポログ
disciple	noun	弟子|門徒|信奉者
discord	noun	ディスコード|不調和|不和|不協和音
disney	noun	ディズニー|ウォルト・ディズニー・カンパニー
disneyan	adjective	ディズニーの
disneyland	noun	ディズニーランド
dispur	noun	ディスプル
district of columbia	noun	コロンビア特別区
divine liturgy	noun	聖体礼儀
diwali	noun	ディーワーリー
djibouti	noun	ジブチ
dmitry	noun	ドミトリー
dnipro	noun	ドニエプル川
dobermann	noun	ドーベルマン
doctor	noun	博士|改竄
dodecanese	noun	ドデカネス|ドデカーニソ
dodoma	noun	ドドマ
dogri	noun	ドーグリー語
doha	noun	ドーハ
dolores	noun	ドロレス
dominic	noun	ドミニク
dominica	noun	ドミニカ国|ドミニカ
dominican republic	noun	ドミニカ共和国
domodedovo	noun	ドモジェドヴォ
don	noun	ドン川|ドン|かぶる|履く|着る
don juan	noun	ドンファン|女垂らし|女誑し
don quixote	noun	ドン・キホーテ
donald	noun	ドナルド
donald duck	noun	ドナルドダック
donatello	noun	ドナテッロ
donbas	noun	ドンバス
donegal	noun	ドニゴール|ドニゴール州
donetsk	noun	ドネツク|ドネチク|ドネツィク
donetsk people's republic	noun	ドネツク人民共和国
dongcheng	noun	東城
dongguan	noun	ドングァン|東莞
dongxiang	noun	ドンシャン自治県|ドンシャン語
donna	noun	ドナ
donner	noun	ドナー
donohue syndrome	noun	妖精症
doppler effect	noun	ドップラー効果
doppler radar	noun	ドップラーレーダー
dordogne	noun	ドルドーニュ
doric	noun	ドーリス方言
dorothy	noun	ドロシー|ドロテア
dorset	noun	ドーセット
dortmund	noun	ドルトムント
douai	noun	ドゥエー
double ninth festival	noun	重陽
doubs	noun	ドゥー
douro	noun	ドウロ
dover	noun	ドーバー
down syndrome	noun	ダウン症
dr	noun	先生|博士
draco	noun	竜座
dracula	noun	ドラキュラ
drake equation	noun	ドレイクの方程式
dravidian	noun	ドラヴィダ語族|達羅毗荼語族
dresden	noun	ドレスデン
drunken fist	noun	酔拳
druskininkai	noun	ドゥルスキニンカイ|ドルスキニンカイ
druze	noun	ドゥルーズ派
dubai	noun	ドバイ
dubai chocolate	noun	ドバイチョコレート
dubeolsik	noun	2ボル式
dublin	noun	ダブリン
dubrovnik	noun	ドゥブロヴニク
duckburg	noun	ダックバーグ
duisburg	noun	デュースブルク
duluth	noun	ダルース
dumaguete	noun	ドゥマゲテ
dumbarton	noun	ダンバートン
dumfries and galloway	noun	ダンフリーズ・アンド・ガロウェイ
dundee	noun	ダンディー
dunedin	noun	ダニーデン
dunfermline	noun	ダンファームリン
dungan	noun	ドンガン人|ドンガン語
dungeons & dragons	noun	ダンジョンズ&ドラゴンズ
dunhuang	noun	敦煌
dunkirk	noun	ダンケルク
durban	noun	ダーバン
durrës	noun	ドゥラス
dushanbe	noun	ドゥシャンベ
dutch	adjective	オランダ|蘭|オランダ人|オランダ語|蘭語
dutch east indies	noun	オランダ領東インド|蘭印
dutch guiana	noun	オランダ領ギアナ
dutch shepherd	noun	オランダシェパード|ダッチ・シェパード
dutch elm disease	noun	ニレ立枯病
dutch wife	noun	竹夫人
dutchman	noun	オランダ人
dutchwoman	noun	オランダ人
dvořák	noun	ドボルザーク|ドヴォジャーク|ドヴォルザーク|ドヴォルジャーク
dyophysitism	noun	両性説
dysnomia	noun	ディスノミア
dzmitry	noun	ドミトリー
dzongkha	noun	ゾンカ語
dzungaria	noun	ジュンガリア
dún laoghaire-rathdown	noun	ダン・レアリー゠ラスダウン
düsseldorf	noun	デュッセルドルフ
dīpaṃkara	noun	燃燈仏
e	noun	鄂|イー
e major	noun	ホ長調
e minor	noun	ホ短調
e-flat major	noun	変ホ長調
e-flat minor	noun	変ホ短調
ednos	noun	特定不能の摂食障害
edt	noun	EDT
eu	noun	EU
earl	noun	アール|伯爵
earl grey	noun	アールグレイ
earth	noun	地球|アース|土|土壌|地|地面|アースする
earth day	noun	アースデイ|地球の日
earth mass	noun	地球質量
earthling	noun	地球人
east	noun	オリエント|東方|東洋|東|東部
east asia	noun	東アジア|東亜
east asian	noun	東アジア人
east china sea	noun	東シナ海|東支那海
east coast	noun	イーストコースト|東海岸
east germany	noun	東ドイツ|東独
east java	noun	東ジャワ
east jerusalem	noun	東エルサレム
east midlands	noun	イースト・ミッドランズ|ミッドランズ東部|ミッドランド東部
east prussia	noun	東プロイセン
east siberian sea	noun	東シベリア海
east timor	noun	東ティモール|東チモール
east turkestan	noun	東トルキスタン
easter	noun	復活祭|聖大パスハ|イースター
easter bunny	noun	イースターバニー
easter island	noun	イースター島
easter egg	noun	イースターエッグ
easter lily	noun	鉄砲百合
eastern bloc	noun	東側諸国
eastern europe	noun	東ヨーロッパ|東欧
eastern hemisphere	noun	東半球
eastern orthodox church	noun	東方正教会
eastern samar	noun	東サマール
ebetsu	noun	江別
ebino	noun	えびの
ebola	noun	エボラウ
ebola fever	noun	エボラ出血熱
ebola virus	noun	エボラウイルス
ecclesiastes	noun	伝道の書|コヘレトの言葉
ecclesiastical latin	noun	教会ラテン語
echizen	noun	越前
echo	noun	エーコー|反響|こだま|やまびこ|エコー|響く
ecuador	noun	エクアドル
ecumenical patriarch	noun	コンスタンティノープル総主教庁|コンスタンディヌーポリ総主教庁|全地総主教庁
eden	noun	エデン
edessa	noun	エデッサ
edinburgh	noun	エディンバラ
edison	noun	エジソン
edmonton	noun	エドモントン
edmontonian	noun	エドモントン人
edo	noun	江戸
edogawa	noun	江戸川
edward	noun	エドワード
edwin	noun	エドウイン
egypt	noun	エジプト|埃及
egyptian	adjective	エジプトの|エジプト人|エジプト語
egyptian arabic	noun	アラビア語エジプト方言
egyptian mau	noun	エジプシャンマウ
egyptian cobra	noun	アスプコブラ
egyptian goose	noun	エジプトガン
ehime	noun	愛媛
ehlers-danlos syndrome	noun	エーラス・ダンロス症候群
eid	noun	イド|イード
eid al-adha	noun	イード・アル＝アドハー|犠牲祭
eid al-fitr	noun	イド・アル＝フィトル
eiffel tower	noun	エッフェル塔
eight legions	noun	八部衆|天龍八部衆
eight precepts	noun	八斎戒
eighth route army	noun	八路軍
eileithyia	noun	エイレイテュイア
einstein	noun	アインシュタイン
einstein field equation	noun	アインシュタイン方程式|重力場の方程式
einstein space	noun	アインシュタイン空間
einstein's constant	noun	アインシュタイン定数
eire	noun	エール
el clásico	noun	エル・クラシコ|スペインダービー
el niño	noun	エルニーニョ
el paisnal	noun	エル・パイスナル
el paso	noun	エルパソ
el salvador	noun	エルサルバドル
elagabalus	noun	エラガバルス
elaina	noun	エレーナ
elam	noun	エラム
elara	noun	エララ
elbe	noun	エルベ川|エルベ
elbrus	noun	エルブルス山
elector	noun	選帝侯|選挙人
electoral college	noun	選挙人団
elephant	noun	象|ゾウ
eli	noun	エリ
elisabeth	noun	エリザベツ
elista	noun	エリスタ
elizabeth	noun	エリザベス
elliott wave	noun	エリオット波動
elmo	noun	エルモ
elohim	noun	エロヒム
elsagate	noun	エルサゲート
elsinore	noun	ヘルシンゲル
eluru	noun	エールール
elvis	noun	エルヴィス
elvish	noun	エルフ語
elysium	noun	エーリュシオン
emeishan	noun	峨眉山
emily	noun	エミリア|エミリー
emma	noun	エマ
emmentaler	noun	エメンタール|エメンタールチーズ
empedocles	noun	エンペドクレス
empire of japan	noun	大日本帝国
emsland	noun	エムスラント
enceladus	noun	エンケラドス|エンケラドゥス|エンセラダス
engels	noun	エンゲルス
england	noun	イングランド|イギリス|英国
englander	noun	イングランド人
english	adjective	英語|イギリスの|イギリス|イングランド|英|イギリス人
english channel	noun	イギリス海峡|ラ・マンシュ|英仏海峡
english muffin	noun	イングリッシュマフィン
english studies	noun	英語学
englishman	noun	イギリス人
englishwoman	noun	イギリス人|英国婦人
eniwa	noun	恵庭
enlightenment	noun	啓蒙|悟り
enochian	noun	エノク語
enyo	noun	エニューオー
enza	noun	エンツァ
enûma eliš	noun	エヌマ・エリシュ
eos	noun	エーオース|エオス
ephesians	noun	エペソ人への手紙
ephesus	noun	エフェソス
epicureanism	noun	快楽主義
epimetheus	noun	エピメテウス|エピメーテウス
epiphany	noun	公現祭|エピファニー|洞察
epirus	noun	イピロス|エピロス|エペイロス
epona	noun	エポナ
equatorial guinea	noun	赤道ギニア
erdoğan	noun	エルドアン
eric	noun	エリック
eridanus	noun	エリダヌス座
erie	noun	エリー湖
eris	noun	エリス
eritrea	noun	エリトリア
eros	noun	エロース|性愛
erzya	noun	エルジャ語
esashi	noun	江差
esau	noun	エサウ
eskimo	noun	エスキモー|エスキモー語
esperantist	noun	エスペランティスト
esperantize	verb	エスペラント化する|エスペラント語化する
esperanto	noun	エスペラント|エスペラント語|希望語
esperantology	noun	エスペラント学
esperantujo	noun	エスペラント界
espírito santo	noun	エスピリトサント
essaouira	noun	エッサウィラ
essen	noun	エッセン
esther	noun	エステル|エステル記
estonia	noun	エストニア
estonian	adjective	エストニア|エストニア語|エストニア人
estonian ssr	noun	エストニア・ソビエト社会主義共和国
eswatini	noun	エスワティニ
eternal city	noun	永遠の都
ethan	noun	イーサン
ethel	noun	エセル
ethereum	noun	イーサリアム
ethernet	noun	イーサネット
ethiopia	noun	エチオピア
ethiopian wolf	noun	アビシニアジャッカル
etna	noun	エトナ火山
etruria	noun	エトルリア
etruscan	adjective	エトルリアの|エトルリア人|エトルリア語
euanthe	noun	エウアンテ
euboea	noun	エウボイア
eucharist	noun	聖餐|聖体拝領
euclid	noun	エウクレイデス|ユークリッド
euclidean distance	noun	ユークリッド距離
euclidean geometry	noun	ユークリッド幾何学
euclidean space	noun	ユークリッド空間
eugene	noun	ユージン
eugenia	noun	エウヘニア
euler	noun	オイラー
euler's formula	noun	オイラーの公式
euler's totient function	noun	オイラーのφ関数
euphrates	noun	ユーフラテス川
eurabia	noun	ユーラビア
eurasia	noun	ユーラシア|亜欧|欧亜
eurasian economic union	noun	ユーラシア連合
eurasian blackcap	noun	頭黒虫喰
eurasian bullfinch	noun	鷽|鷽姫
eurasian eagle owl	noun	ワシミミズク
eurasian hobby	noun	チゴハヤブサ
eurasian lynx	noun	大山猫
eurasian magpie	noun	カササギ|鵲
eurasian nuthatch	noun	五十雀
eurasian pygmy owl	noun	スズメフクロウ
eurasian siskin	noun	真鶸
eurasian sparrowhawk	noun	鷂
eurasian spoonbill	noun	篦鷺
eurasian stone-curlew	noun	石千鳥
eurasian treecreeper	noun	木走
eurasian wigeon	noun	ヒドリガモ
eurasian woodcock	noun	ヤマシギ
eurasian wren	noun	ミソサザイ
eurasian wryneck	noun	蟻吸
eurasianism	noun	ユーラシア主義|欧亜主義
euripides	noun	エウリピデス|エウリーピデース
euro-		ユーロ|欧
eurobeat	noun	ユーロビート
eurocentrism	noun	ヨーロッパ中心主義|欧州中心主義
eurodance	noun	ユーロダンス
euromaidan	noun	ユーロマイダン
europa	noun	エウローペー|エウロパ|ユーロパ
europe	noun	ヨーロッパ|欧州|欧羅巴
european	adjective	ヨーロッパ|欧州|ヨーロッパ人|欧州人
european central bank	noun	欧州中央銀行
european parliament	noun	欧州議会
european union	noun	欧州連合|ヨーロッパ連合
european bison	noun	ヨーロッパバイソン|バイソン
european bitterling	noun	ヨーロッパ鱮
european eel	noun	ヨーロッパ鰻
european goldfinch	noun	五色鶸
european hedgehog	noun	ヨーロッパハリネズミ
european holly	noun	柊黐|西洋柊
european polecat	noun	ケナガイタチ|ヨーロッパケナガイタチ
european roller	noun	西仏法僧
european shag	noun	ヨーロッパヒメウ
european turtle dove	noun	コキジバト
europeanisation	noun	ヨーロッパ化|欧化|欧州化
europeanity	noun	ヨーロッパ性
europeanness	noun	ヨーロッパ性
europol	noun	ユーロポール
europop	noun	ヨーロッパポップ
euroscepticism	noun	欧州懐疑主義
eurovision	noun	ユーロビジョン
eurozone	noun	ユーロ圏
eurydice	noun	エウリュディケー
eustace	noun	ユースタス
eustachian tube	noun	エウスタキオ管|耳管
euterpe	noun	エウテルペー
evangeline	noun	エヴァンジェリン
eve	noun	イヴ|イブ|前夜
even	noun	エヴェン|エヴェン語|平|あいこ|同等|等しい|さえ
evenk	noun	エヴェンキ
evenki	noun	エウェンキー語|エベンキ語|エヴェンキ語
evere	noun	エヴェレ
ewe	noun	エウェ人|エウェ語|牝羊|雌羊
ewenki	noun	エベンキ自治旗|エヴェンキ族自治旗
excalibur	noun	エクスカリバー
excellency	noun	閣下
exeter	noun	エクセター
exodus	noun	出エジプト|出エジプト記|退去|移動|脱出
ezekiel	noun	エゼキエル書|エゼキエル
ezhou	noun	鄂州
ezra	noun	エズラ記|エズラ
f clef	noun	ヘ音記号
f major	noun	ヘ長調
f minor	noun	ヘ短調
f-flat major	noun	変ヘ長調
f-sharp major	noun	嬰ヘ長調
f-sharp minor	noun	嬰ヘ短調
faq	noun	よくあるご質問
fbi	noun	エフ・ビー・アイ|連邦捜査局
fabergé egg	noun	ファベルジェの卵
facebook	noun	フェイスブック
fahrenheit	adjective	華氏
fairbanks	noun	フェアバンクス
faisalabad	noun	ファイサラーバード
faliscan	noun	ファリスク語
falkland islands	noun	フォークランド諸島
falklands war	noun	フォークランド紛争
fallopian tube	noun	らっぱ管|卵管|輸卵管
falmouth	noun	ファルマウス
falun gong	noun	ファールンゴン|法輪功
fangchenggang	noun	防城港
fangshan	noun	方山|房山
fanta	noun	ファンタ
far east	noun	極東
faridabad	noun	ファリーダーバード
faroe islands	noun	フェロー諸島
faroese	noun	フェロー語
fata morgana	noun	ファタ・モルガーナ|浮き島|浮島
fatah	noun	ファタハ
father	noun	神父|天父|父|お父さん|パパ|父親
father frost	noun	ジェド・マロース
father sky	noun	父天空
father time	noun	父時間
father's day	noun	父の日
fatima	noun	ファーティマ
faulkner	noun	フォークナー
february	noun	二月|如月
federal democratic republic of ethiopia	noun	エチオピア連邦民主共和国
federal district	noun	連邦区|連邦直轄区
federal republic of germany	noun	ドイツ連邦共和国
federated states of micronesia	noun	ミクロネシア連邦
federative republic of brazil	noun	ブラジル連邦共和国
fediverse	noun	フェディバース
felicity	noun	フェリシティー
felix	noun	フェリックス|フェリクス
fengcheng	noun	鳳城
fengtai	noun	豊台
fenrir	noun	フェンリル
feodosia	noun	フェオドシヤ
ferdinand	noun	ファーディナンド
ferghana	noun	フェルガナ
ferrari	noun	フェラーリ
ferris wheel	noun	観覧車
fertile crescent	noun	肥沃な三日月地帯
feynman diagram	noun	ファインマン・ダイアグラム
fez	noun	フェズ
fibonacci	noun	フィボナッチ
fibonacci number	noun	フィボナッチ数
fibonacci sequence	noun	フィボナッチ数列
fier	noun	フィエル
figueres	noun	フィゲラス
fiji	noun	フィジー
fijian	noun	フィジー語
file transfer protocol	noun	ファイル転送プロトコル
filipino	adjective	フィリピノ|フィリピン人|フィリピン語
film nagar	noun	フィルムナガル
finistère	noun	フィニステール県
finland	noun	フィンランド|フィンランド共和国
finlandization	noun	フィンランド化
finn	noun	フィンランド人|フィン人
finnish	adjective	フィンランド|フィンランド語の|フィンランド語
finnmark	noun	フィンマルク|フィンマルク県
fiona	noun	フィオナ
firefox	noun	ファイアフォックス|火狐
first lady	noun	ファーストレディ|ファーストレディー
first nation	noun	ファースト・ネーション
first world	noun	第一世界
fitzgerald	noun	フィッツジェラルド
five precepts	noun	五戒
flanders	noun	フランドル|フランダース|フランデレン|フランデレン州|フランドル・フランセーズ
flash	noun	フラッシュ|閃光
flemish	noun	フラマン語
flevoland	noun	フレヴォラント
flora	noun	フローラ|植物相|植物誌
florence	noun	フィレンツェ|フローレンス
florida	noun	フロリダ
florida keys	noun	フロリダ・キーズ
florida panther	noun	フロリダパンサー
floréal	noun	花月|フロレアール
flying dutchman	noun	フライング・ダッチマン
flying fortress	noun	フライングフォートレス|空の要塞
fomalhaut	noun	フォーマルハウト
forbidden city	noun	紫禁城
ford	noun	フォード|浅瀬|洗い越し|渉る|渡る
fordism	noun	フォーディズム
formula one	noun	フォーミュラ・ワン|フォーミュラ１
forster's tern	noun	メリケンアジサシ
fort collins	noun	フォートコリンズ
fort-de-france	noun	フォール＝ド＝フランス
fortniter	noun	フォトナキッズ
fortuna	noun	フォルトゥナ
fosbury flop	noun	背面跳び
foshan	noun	仏山
foucault's pendulum	noun	フーコーの振り子
four books and five classics	noun	四書五経
four freedoms	noun	4つの自由|四つの自由
four horsemen of the apocalypse	noun	黙示録の四騎士
four noble truths	noun	四聖諦|四諦
four-corner	noun	四角号碼
fourier series	noun	フーリエ級数
fourier transform	noun	フーリエ変換
fourth reich	noun	ドイツ第四帝国|ナチス第四帝国|第四帝国
france	noun	フランス|仏蘭西
frances	noun	フランシス
franche-comté	noun	フランシュ·コンテ|フランシュ＝コンテ
francis	noun	フランシス|フランソワ
francisco	noun	フランシスコ
franco-		仏
franco-provençal	noun	アルピタン語
frank	noun	フランク人|フランク族|フランク|はっきり言う
frankenstein's monster	noun	フランケンシュタインの怪物
frankfurt	noun	フランクフルト
franklin's gull	noun	アメリカズグロカモメ
frederick	noun	フレデリック
fredericton	noun	フレデリクトン|フレデリックトン
free china	noun	自由中国
freecell	noun	フリーセル
freemason	noun	フリーメイソン
freemasonry	noun	フリーメイソンリー|フリーメーソン|フリーメイソン
freetown	noun	フリータウン
freiburg	noun	フライブルク
french	adjective	フランス語|フランス人|フランス|仏|仏人|仏語
french canadian	noun	フランス系カナダ人
french guiana	noun	フランス領ギアナ|仏領ギアナ
french indochina	noun	フランス領インドシナ|仏印|仏領印度支那
french polynesia	noun	フランス領ポリネシア|仏領ポリネシア
french republic	noun	フランス共和国
french republican calendar	noun	フランス共和暦|フランス革命暦
french riviera	noun	コート・ダジュール|フレンチ・リヴィエラ
french sign language	noun	フランス手話
french southern and antarctic lands	noun	フランス領南方・南極地域
french kiss	noun	ディープ・キス|フレンチ・キス
french onion soup	noun	オニオングラタン|オニオングラタンスープ
french toast	noun	フレンチトースト
frenchman	noun	フランス人|仏人
frenchwoman	noun	フランス人
freud	noun	フロイト
freudian slip	noun	フロイト的失言
freya	noun	フレイヤ|フライア|フライヤ|フレイア
fri	noun	金|金曜
friday	noun	金曜日|金曜
friday the thirteenth	noun	13日の金曜日
frigg	noun	フリッグ
frimaire	noun	フリメール|霜月
frisbee	noun	フライングディスク|フリスビー
frisia	noun	フリジア
frisian	noun	フリジア語|フリース語
friuli	noun	フリウリ
friuli-venezia giulia	noun	フリウリ＝ヴェネツィア・ジュリア|フリウリ＝ヴェネツィア・ジュリア州
friulian	noun	フリウリ語
frobisher bay	noun	フロビッシャー湾
fructidor	noun	フリュクティドール|実月
fuchū	noun	府中
fuefuki	noun	笛吹
fuenlabrada	noun	フエンラブラダ
fujian	noun	福建
fujieda	noun	藤枝
fujimino	noun	ふじみ野
fujimori	noun	フジモリ|藤森
fukagawa	noun	深川
fukaya	noun	深谷
fukuchiyama	noun	福知山
fukui	noun	福井
fukuoka	noun	福岡
fukuroi	noun	袋井
fukushima	noun	福島
fukuyama	noun	福山
funabashi	noun	船橋
funafuti	noun	フナフティ
funan	noun	扶南
furano	noun	富良野
fusha	noun	フスハー|標準アラビア語
fushun	noun	撫順
futtsu	noun	富津
fuxi	noun	伏羲
fuzhou	noun	福州
führer	noun	フューレル|総統
g clef	noun	ト音記号
g major	noun	ト長調
g minor	noun	ト短調
g-loc	noun	Gロック
g-flat major	noun	変ト長調
g-sharp major	noun	嬰ト長調
g-sharp minor	noun	嬰ト短調
g-string	noun	Gストリング|六尺褌
g20	noun	主要20ヶ国|主要二十ヶ国
g8	noun	ジーエイト|主要八ヶ国|主要８ヶ国
gdp	noun	GDP
giyf		ggrks
gabon	noun	ガボン
gabonese	noun	ガボン人
gaborone	noun	ハボローネ|ガボローネ
gabriel	noun	ガブリエル
gaddafi	noun	カッザーフィー|ガッダーフィ|ガッダーフィー
gaea	noun	ガイア
gael	noun	ゲール人
gaelic	adjective	ゲール族|ゲール語
gafsa	noun	ガフサ
gagarin	noun	ガガーリン
gagauzia	noun	ガガウジア|ガガウズ共和国
gaia	noun	ガイア
galapagos islands	noun	ガラパゴス諸島
galatians	noun	ガラテヤ人への手紙
galicia	noun	ガリシア|ガリツィア
galician	noun	ガリシア人|ガリシア語
galilee	noun	ガリレヤ
galileo	noun	ガリレオ
gallipoli	noun	ガッリーポリ
galois group	noun	ガロア群
galway	noun	ゴールウェイ|ゴールウェイ州
galway bay	noun	ゴールウェイ湾
galápagos syndrome	noun	ガラパゴス化|ガラパゴス現象
gamagōri	noun	蒲郡
gambel's quail	noun	頭赤冠鶉
gambia	noun	ガンビア
game of life	noun	人生ゲーム
gan	noun	贛語|カン語
gandalf	noun	ガンダルフ
gandhi	noun	ガンディー
gandhinagar	noun	ガンディーナガル
gandino	noun	ガンディーノ
ganesha	noun	ガネーシャ
gang of four	noun	四人組
ganges	noun	ガンジス|ガンジス川
gangnam	noun	江南区
gangtok	noun	ガントク
gangwon	noun	江原道
gansu	noun	甘粛
ganymede	noun	ガニュメーデース|ガニメデ
gapan	noun	ガパン
garden of eden	noun	エデンの園
garfield	noun	ガーフィールド
garhwal	noun	ガルワール
garibaldian	adjective	ガリバルディの
gascony	noun	ガスコーニュ
gatling gun	noun	ガトリング砲
gaul	noun	ガリア
gautama	noun	ゴータマ
gavarnie	noun	ガヴァルニー
gawain	noun	ガウェイン
gaza	noun	ガザ
gaza strip	noun	ガザ地区
gdańsk	noun	グダニスク
ge'ez	noun	ゲエズ語
gehenna	noun	ゲヘナ|地獄
geiger counter	noun	ガイガーカウンター|ガイガー計数管
gelderland	noun	ヘルダーラント
gelendzhik	noun	ゲレンジーク
gemini	noun	ふたご座|双子座|双児宮
general american	noun	一般米語
general secretary	noun	総書記
generation x	noun	ジェネレーションX
generation y	noun	Y世代
genesis	noun	創世記|そうせいき|創世期|起源
geneva	noun	ジュネーヴ|ジュネーブ
geneva convention	noun	ジュネーブ条約
genevieve	noun	ジュヌヴィエーヴ
genghis khan	noun	ジンギス・カン|チンギス・カン
genk	noun	ヘンク
genoa	noun	ジェノヴァ|ジェノア
george	noun	ジョージ
george town	noun	ジョージタウン
georgetown	noun	ジョージタウン
georgia	noun	グルジア|ジョージア
georgian	adjective	グルジア|ジョージア|グルジア人|グルジア語|ジョージア語
geraldine	noun	ジェラルディン
german	adjective	ドイツ|独|ドイツ語|ドイツ人|独語
german autumn	noun	ドイツの秋
german democratic republic	noun	ドイツ民主共和国
german empire	noun	ドイツ帝国|帝政ドイツ|帝政独逸|独逸帝国
german shepherd	noun	ジャーマン・シェパード・ドッグ|ドイツシェパード
germanic	adjective	ゲルマン|ゲルマン語|ゲルマン語派|ゲルマン諸語
germano-		独
germany	noun	ドイツ|独逸
germinal	noun	芽月|ジェルミナール
geronimo	noun	ג׳רונימו
gers	noun	ジェルス|ジェール
gestapo	noun	ゲシュタポ
ghana	noun	ガーナ
ghanaian	noun	ガーナ人
ghaziabad	noun	ガージヤーバード
gheg	noun	ゲグ方言
ghent	noun	ゲント|ヘント|ガン
ghibelline	noun	ギベリン|皇帝派
ghost festival	noun	中元
gibraltar	noun	ジブラルタル
gifu	noun	岐阜
gilaki	noun	ギラキ語
gilgal	noun	ギルガル
gilgamesh	noun	ギルガメッシュ
gillard	noun	ギラード
ginowan	noun	宜野湾
ginza	noun	銀座
girl scout	noun	ガールスカウト
giro d'italia	noun	ジロ・デ・イタリア
girona	noun	ジローナ
gironde	noun	ジロンド|ジロンド県
girondin	noun	ジロンド県人
gitega	noun	ギテガ
giudecca	noun	ジュデッカ|ジュデッカ島
giza	noun	ギーザ
gizo	noun	ギゾ
gjakova	noun	ジャコヴァ
glagolitic	noun	グラゴル文字
glasgow	noun	グラスゴー
glastonbury	noun	グラストンベリー
glaswegian	noun	グラスゴー人
glendale	noun	グレンデール
gliese 581	noun	グリーゼ５８１
global positioning system	noun	グローバル・ポジショニング・システム|全地球測位システム
global south	noun	グローバル・サウス
glorious revolution	noun	名誉革命
gloucester	noun	グロスター
gnosticism	noun	グノーシス主義
goa	noun	ゴア|ゴア州
gobi	noun	ゴビ|ゴビ砂漠
god	noun	デウス|神|神様|偶像|アイドル
god emperor	noun	神帝|神皇帝
god bless you		神様の祝福|徳万歳
god complex	noun	メサイアコンプレックス|神コンプレックス
god helps those who help themselves		天は自ら助ける者を助く
god object	noun	神オブジェクト
god the father	noun	父なる神
god willing		もし神が望めば|神の思し召しがあれば
god works in mysterious ways		神は独特で奇妙なやり方をする
goddess	noun	女神
godzilla	noun	ゴジラ
goebbels	noun	ゲッベルス
goethe	noun	ゲーテ
goethean	adjective	ゲーテの|ゲーテ風の
gogol	noun	ゴーゴリ
goguryeo	noun	高句麗|高麗
goiás	noun	ゴイアス
gojoseon	noun	古朝鮮
golan heights	noun	ゴラン高原
golconda	noun	ゴールコンダ
gold coast	noun	ゴールドコースト
golden gate bridge	noun	ゴールデンゲートブリッジ
golden horde	noun	ジョチ・ウルス|金帳汗国
golden horn	noun	金角湾
golden retriever	noun	ゴールデン・レトリバー
golden week	noun	GW|ゴールデンウィーク|黄金週間
goldilocks	noun	ゴルディロックス|金髪の巻き毛ちゃん
golgi apparatus	noun	ゴルジ体
goliath	noun	ゴリアテ
gollum	noun	ゴクリ
gomel	noun	ゴメリ|ホメリ
gomez's hamburger	noun	ゴメスのハンバーガー
gomorrah	noun	ゴモラ
gondwana	noun	ゴンドワナ大陸
good friday	noun	受難日|聖金曜日
good samaritan	noun	憐れみ深い人
goofy	noun	グーフィー|すっとこどっこい
google	noun	グーグル|検索|ググる|グーグる
gorbachev	noun	ゴルバチョフ
gordian knot	noun	ゴルディオスの結び目
gorinchem	noun	ゴルクム|ホルクム
gorizia	noun	ゴリツィア
gorno-altaysk	noun	ゴルノ·アルタイスク|ゴルノ＝アルタイスク
goryeo	noun	高麗
goshogawara	noun	五所川原
gosplan	noun	ゴスプラン
goth	noun	ゴート人|ゴシック|ゴス
gothenburg	noun	イェーテボリ|ヨーテボリ|イェテボリ|イエテボリ|エーテボリ
gothic	adjective	ゴシック|ゴート語
gotland	noun	ゴットランド|ゴトランド島
gould's razor shell	noun	蟶貝
grace	noun	グレース|祈り|優雅|雅やか|支払猶予期間|加護|名誉を与える
grad	noun	グラート
gran chaco	noun	グランチャコ
granada	noun	グラナダ
grand canyon	noun	グランドキャニオン
grand duchy of lithuania	noun	リトアニア大公国
grand duchy of luxembourg	noun	ルクセンブルク大公国
grand est	noun	グラン・テスト
grand prix	noun	グランプリ|大賞
grande-terre	noun	グランド・テール|グランド＝テール
grandmaster	noun	グランドマスター
graz	noun	グラーツ
great barrier reef	noun	グレート・バリア・リーフ
great britain	noun	グレートブリテン|グレートブリテン島
great dane	noun	グレートデン|グレート・デーン
great depression	noun	世界恐慌|大恐慌
great game	noun	グレート・ゲーム
great lakes	noun	五大湖
great leap forward	noun	大躍進|大躍進政策
great patriotic war	noun	大祖国戦争
great plains	noun	グレートプレーンズ
great purge	noun	大粛清
great pyramid of giza	noun	ギザの大ピラミッド|クフ王のピラミッド
great salt lake	noun	グレートソルト湖
great vowel shift	noun	大母音推移
great wall of china	noun	万里の長城
greater london	noun	グレーター・ロンドン
greco-roman	adjective	グレコローマン
greece	noun	ギリシア|ギリシャ|希臘
greek	adjective	ギリシア|ギリシャ|ギリシア人|ギリシャ人|ギリシア語|ギリシャ語
greek orthodox church	noun	ギリシャ正教会
greek fire	noun	ギリシア火薬
green island	noun	緑島
greenland	noun	グリーンランド
greenland shark	noun	ニシオンデンザメ
greenlander	noun	グリーンランド人
greenlandic	noun	グリーンランド語|カラーリット語
greenpeace	noun	グリーンピース
greenwich	noun	グリニッジ
greenwich mean time	noun	グリニッジ平均時|グリニッジ標準時
gregorian calendar	noun	グレゴリオ暦
gregory	noun	グレゴリー
grenada	noun	グレナダ
grenadines	noun	グレナディーン
grenoble	noun	グルノーブル
gretel	noun	グレーテル
grey cup	noun	[[グレイ・カップ]]
grim reaper	noun	死神
grimm	noun	グリム
grodno	noun	グロドノ|フロドナ
groningen	noun	フローニンゲン
grozny	noun	グロズヌイ
grus	noun	鶴座
gruyère	noun	グリュイエール
gryffindor	noun	グリフィンドール
guadalajara	noun	グアダラハラ|グアダラハーラ
guadalcanal	noun	ガダルカナル島|ガ島
guadalquivir	noun	グアダルキビール川
guadeloupe	noun	グアドループ
guadiana	noun	グアディアナ川
guam	noun	グアム
guangdong	noun	カントン|広東
guangshui	noun	広水市
guangxi	noun	広西
guangzhou	noun	広州
guantanamo	noun	グアンタナモ
guantanamo bay	noun	グァンタナモ湾|グアンタナモ湾
guanyin	noun	観音
guaraní	noun	グアラニー語|グアラニー
guardian	noun	ガーディアン|保護者
guarulhos	noun	グアルーリョス
guatemala	noun	グアテマラ
guatemala city	noun	グアテマラシティ
guayaquil	noun	グアヤキル
guazapa	noun	グアサパ
guelma	noun	ゲルマ
guelph	noun	ゲルフ|教皇派
guernsey	noun	ガーンジー島
guilin	noun	桂林
guillain-barré syndrome	noun	ギラン・バレー症候群
guinea	noun	ギニア|ギニー
guinea-bissau	noun	ギニアビサウ
guinevere	noun	グィネヴィア
guiuan	noun	ギウアン
guiyang	noun	貴陽
guizhou	noun	貴州
gujarat	noun	グジャラート州|グジャラート
gujarati	noun	グジャラティ語|グジャラート語
gujranwala	noun	グジランワーラ
gulf stream	noun	ガルフストリーム|メキシコ湾流|湾流
gulf of aden	noun	アデン湾
gulf of alaska	noun	アラスカ湾
gulf of bothnia	noun	ボスニア湾
gulf of california	noun	カリフォルニア湾
gulf of finland	noun	フィンランド湾
gulf of guinea	noun	ギニア湾
gulf of mexico	noun	メキシコ湾
gulf of naples	noun	ナポリ湾
gulf of riga	noun	リガ湾
gulf of thailand	noun	タイランド湾
gulf of tonkin	noun	トンキン湾
gunma	noun	群馬
gunpowder plot	noun	火薬陰謀事件
gupta empire	noun	グプタ朝
gurmukhi	noun	グルムキー文字
gutenberg	noun	グーテンベルク
gutenbergian	adjective	グーテンベルクの|グーテンベルグの
guwahati	noun	グワーハーティー
guy fawkes day	noun	ガイ・フォークス・ナイト
guy fawkes night	noun	ガイ・フォークス・ナイト
guyana	noun	ガイアナ
gwangju	noun	光州
gwoyeu romatzyh	noun	国語ローマ字
gwynedd	noun	グウィネズ
gypsy	noun	ジプシー
gyumri	noun	ギュムリ
gyōda	noun	行田
gällivare	noun	イェリヴァーレ
gästrikland	noun	イェストリークランド
gävleborg	noun	イェヴレボリ
gê'gyai	noun	ゲギェ県
göktürk	noun	突厥
h-bomb	noun	水爆
hiv	noun	HIV|人免疫不全ウイルス
hm slave	noun	秘伝要員
hsk	noun	エイチ・エス・ケイ|中国語検定試験|中国語能力検定試験
html	noun	HTML|エイチ・ティー・エム・エル
http cookie	noun	クッキー
haarlem	noun	ハールレム|ハーレム
haarlemmermeer	noun	ハーレマーメール
habakkuk	noun	ハバクク書|ハバクク
hachimantai	noun	八幡平
hachiōji	noun	八王子
hadano	noun	秦野
hades	noun	冥土|冥界|ハーデース|地獄|黄泉
haemimontus	noun	ハエミモントゥス
haggai	noun	ハガイ書
hagia sophia	noun	ハギアソフィア大聖堂
hagåtña	noun	ハガッニャ
haidian	noun	海淀
haifa	noun	ハイファ
haikou	noun	海口
hail mary	noun	アヴェ・マリア|天使祝詞|聖母マリアへの祈り
hainan	noun	海南
hainanese chicken rice	noun	海南鶏飯
hainaut	noun	エノー
haiti	noun	ハイチ
haitian	noun	ハイチ人
haitian creole	noun	ハイチ語
hakka	adjective	ハッカ|客家|客家語
hakui	noun	羽咋
hakusan	noun	白山
halacha	noun	ハラーハー
halahala	noun	カーラクータ|ハーラーハラ
halicarnassus	noun	ハリカルナッソス
halifax	noun	ハリファックス
halloween	noun	ハロウィン|ハロウィーン
halmahera	noun	ハルマヘラ島
halmstad	noun	ハルムスタッド
hama	noun	ハマ|ハマー
hamamatsu	noun	浜松
hamas	noun	ハマース
hamburg	noun	ハンブルク
hamburg steak	noun	ハンバーグステーキ
hamburger	noun	ハンブルク人|ハンバーガー|ハンバーグ
hamhung	noun	咸興
hami melon	noun	哈密瓜
hamilton	noun	ハミルトン
hamlet	noun	ハムレット|村落|集落|小村
hammarskjöld	noun	ハマーショルド
hammersmith	noun	ハマースミス
hampshire	noun	ハンプシャー
han	noun	漢|漢朝|漢族|漢民族|恨
han chinese	noun	漢人|漢族|漢民族
han river	noun	漢江
han dynasty	noun	漢
hanahoe	noun	ハナフェ
handa	noun	半田
handan	noun	邯鄲
hangzhou	noun	杭州
hannah	noun	ハナ|花
hanoi	noun	ハノイ
hanover	noun	ハノーファー|ハノーバー|ハノーヴァー
hansel	noun	ヘンゼル
hansel and gretel	noun	ヘンセルとグレーテル|ヘンゼルとグレーテル
hansen's disease	noun	ハンセン病
hanseong	noun	漢城
hanukkah	noun	ハニカ|ハヌカ|ハヌカー
hanuman	noun	ハヌマーン
hanyang	noun	漢陽
hanyu pinyin	noun	漢語拼音
hanyū	noun	羽生
happy ramadan		ハッピーラマダン|ラマダーン・カリーム|ラマダーン・ムバーラク
harajuku	noun	原宿
harappa	noun	ハラッパー
harare	noun	ハラレ
harbin	noun	ハルビン|哈爾浜
hariti	noun	鬼子母神
harlem	noun	ハーレム
harqin	noun	カラチン
harry	noun	ハリー
hartley county	noun	ハートリー郡
hartley oscillator	noun	ハートレー発振回路
harvard	noun	ハーバード
haryana	noun	ハリヤーナー|ハリヤーナー州
hashemite kingdom of jordan	noun	ヨルダン・ハシミテ王国
hateruma	noun	波照間
hattusa	noun	ハットゥシャ|ハットゥシャシュ
haumea	noun	ハウメア
hausa	noun	ハウサ人|ハウサ語
haute-corse	noun	オート＝コルス県|上コルシカ県
hauts-de-france	noun	オー＝ド＝フランス
havana	noun	ハバナ
hawaii	noun	ハワイ州|ハワイ|布哇
hawaiian	noun	ハワイ語
hawaiian monk seal	noun	ハワイモンクアザラシ
heard island and mcdonald islands	noun	ハード島とマクドナルド諸島
heather	noun	ヘザー|ギリュウモドキ
heathrow	noun	ヒースロー
heavenly father	noun	天地にお父様|天地に父|神の父
hebe	noun	ヘーベー
hebei	noun	河北
hebrew	adjective	ヘブライ|ヘブライ語
hebrews	noun	ヘブル人への手紙
hebron	noun	ヘブロン
hector	noun	ヘクター
hefei	noun	合肥
hegel	noun	ヘーゲル
hegelian	adjective	ヘーゲルの
heihe	noun	黒河
heijō	noun	平壤
heilongjiang	noun	黒竜江
heimlich maneuver	noun	ハイムリック法
heine	noun	ハイネ
heisenberg uncertainty principle	noun	ハイゼンベルグの不確定性原理
helen	noun	ヘレン
heliogabalus	noun	ヘリオガバルス
helios	noun	ヘリオス|ヘーリオス
hellenic republic	noun	ギリシャ共和国
hello world	noun	こんにちは世界
helsingborg	noun	ヘルシンボリ
helsinki	noun	ヘルシンキ|ヘルシンフォーズ
hemera	noun	ヘーメラー|ヘーメレー
henan	noun	河南
henrietta	noun	ヘンリエッタ
henry	noun	ヘンリー
hepburn	noun	ヘボン式|ヘボン式ローマ字
hephaestus	noun	ヘーパイストス
her majesty		陛下
hera	noun	ヘラ|ヘーラー
heracles	noun	ヘラクレス|ヘーラクレース
heraclitus	noun	ヘラクレイトス
herat	noun	ヘラート
herbert	noun	ハーバート
hercules beetle	noun	長戟大甲蟲
hereford	noun	ヘレフォード
hermes	noun	ヘルメース
herod	noun	ヘロデ|ヘロデ大王
herodotus	noun	ヘロドトス
hertzsprung-russell diagram	noun	ヘルツシュプルング・ラッセル図
herzegovina	noun	ヘルツェゴヴィナ|ヘルツェゴビナ
hesiod	noun	ヘシオドス
hesse	noun	ヘッセン
hestia	noun	ヘスティアー
hetauda	noun	ヘトウラ
hexi corridor	noun	河西回廊
hezbollah	noun	ヒズボラ
hibiya	noun	日比谷
hida	noun	飛騨
hidaka	noun	日高
higashihiroshima	noun	東広島
higashikagawa	noun	東かがわ
higashimurayama	noun	東村山
higashiōmi	noun	東近江
higashiōsaka	noun	東大阪
higgs boson	noun	ヒッグス粒子
highness	noun	殿下
hiji	noun	日出
hijra	noun	ヘジラ|イスラム教紀元|逃避行|ひじゅらー|ヒジュラー
hilbert space	noun	ヒルベルト空間
hill mari	noun	山地マリ語
hillary	noun	ヒラリー
hilversum	noun	ヒルフェルスム
himachal pradesh	noun	ヒマーチャル・プラデーシュ|ヒマーチャル・プラデーシュ州
himalayan	noun	ヒマラヤン
himalayan black-lored tit	noun	キホオカンムリガラ
himalayas	noun	ヒマラヤ
himalia	noun	ヒマリア
himi	noun	冰見
hinayana	noun	小乗
hindi	noun	ヒンディー語
hindu	adjective	ヒンズー教|ヒンズー人|ヒンドゥー人|印度人
hindu kush	noun	ヒンドゥークシュ山脈
hinduism	noun	ヒンズー教|ヒンドゥー教
hindustan	noun	ヒンドゥスターン|ヒンドスタン
hindustani	noun	ヒンドゥスターニー語
hino	noun	日野
hinomaru	noun	日の丸|日章旗
hippocrates	noun	ヒポクラテス|ヒッポクラテース
hirado	noun	平戸
hirakata	noun	枚方
hirakawa	noun	平川
hiratsuka	noun	平塚
hiri motu	noun	ヒリモツ語
hirogawa	noun	広川
hirosaki	noun	弘前
hiroshima	noun	広島
his imperial majesty		天皇陛下
hispaniola	noun	イスパニョーラ島
hispaniolan crossbill	noun	ヒスパニオライスカ
hispanophone	adjective	スペイン語圏
hita	noun	日田
hitachi	noun	日立
hitachinaka	noun	ひたちなか
hitachiōta	noun	常陸太田
hitchcock	noun	ヒッチコック
hitler	noun	ヒトラー
hitlerism	noun	ヒトラー主義
hittite	noun	ヒッタイト|ヒッタイト語
hmong	noun	ミャオ族|モン族|ミャオ語
ho chi minh city	noun	ホーチミン|ホーチミン市
hobart	noun	ホバート
hogwarts	noun	ホグワーツ
hohhot	noun	フフホト
hokkaido	noun	北海道
hokkaido wolf	noun	^エゾオオカミ|蝦夷狼
hokkien	noun	福建語
holiness	noun	台下|尊厳
holingol	noun	ホーリンゴル
holland	noun	オランダ|蘭国
hollywood	noun	ハリウッド
holocaust	noun	ユダヤ人大虐殺|ホロコースト
holodomor	noun	ホロドモール
holy communion	noun	聖餐
holy father	noun	父なる神
holy grail	noun	聖杯
holy land	noun	聖地
holy roman empire	noun	神聖ローマ帝国
holy see	noun	聖座
holy spirit	noun	聖霊
holy week	noun	聖週間
holy writ	noun	聖書
homer	noun	ホメロス
homs	noun	ホムス
honda	noun	ホンダ|本田
honduras	noun	ホンジュラス
hong kong	noun	香港|ホンコン|シャンガン
hong kong dollar	noun	香港ドル
honghu	noun	洪湖
hongze	noun	洪沢湖|洪沢
honiara	noun	ホニアラ
honolulu	noun	ホノルル
honshu	noun	本州
hoover	noun	フーバー
horn of africa	noun	アフリカの角
horned god	noun	有角神
horologium	noun	とけい座
horqin	noun	ホルチン
horus	noun	ホルス
hosea	noun	ホセア書|ホセア
hotan	noun	ホータン
houdini	noun	フーディニ|フーディーニ
house of commons	noun	庶民院|下院
house of lords	noun	貴族院|上院
house of representatives	noun	下院|衆議院
houston	noun	ヒューストン
houthi	noun	フーシ
howard	noun	ハワード|ホワード
howrah	noun	ハウラー
hsi	noun	シー|習
hsinchu	noun	新竹
hsinking	noun	新京
hu	noun	フー|ホゥー|胡
huai river	noun	淮河
huai'an	noun	淮安
huaibei	noun	淮北
huainan	noun	淮南
huainanzi	noun	淮南子
huairou	noun	懐柔
huaiyang	noun	淮陽
hualien	noun	花蓮
huangmei	noun	黄梅
huanren	noun	かんじん
huaqiao	noun	華僑
hubble constant	noun	ハッブルの法則
hubei	noun	湖北
hubert	noun	ヒュバート
hudson	noun	ハドソン川
hudson bay	noun	ハドソン湾
hudsonian godwit	noun	アメリカオグロシギ
hue	noun	フエ|色彩|色調
huelva	noun	ウエルバ
hufflepuff	noun	ハッフルパフ
huguang	noun	湖広
hui	noun	ホイ族|回族
huizhou	noun	惠州
hulunbuir	noun	フルンボイル
humboldt penguin	noun	フンボルトペンギン
humboldt squid	noun	アメリカオオアカイカ
hummer	noun	ハマー
hun	noun	フン族
hunan	noun	湖南
hunchun	noun	琿春
hungarian	adjective	ハンガリー|ハンガリー語|ハンガリー人
hungarian hound	noun	ハンガリアン・ハウンド
hungarian notation	noun	ハンガリアン記法|ハンガリー記法
hungary	noun	ハンガリー
hunmin jeongeum	noun	訓民正音
hure	noun	フレー
hurghada	noun	フルガダ
husayn	noun	フセイン
hvidovre	noun	ヴィズオウア
hwarang	noun	花郎
hyades	noun	ヒュアデス
hyde park	noun	ハイド・パーク
hyderabad	noun	ハイデラバード
hydra	noun	ヒュドラー|うみへび座|海蛇座|ヒドラ
hygieia	noun	ヒュギエイア
hyogo	noun	兵庫
hyperion	noun	ヒュペリーオーン|ヒペリオン
hypertext markup language	noun	ハイパーテキスト・マークアップ言語
hypnos	noun	ヒュプノス
hyundai	noun	ヒョンダ
hyūga	noun	日向
i	noun	私|俺|僕|わたくし|我|あたし|アイ
i ching	noun	易経
i am english		私はイングランド人です
i am a doctor		私は医者です
i came, i saw, i conquered		来た、見た、勝った|我来つ、我見つ、我勝ちつ
i can't swim		僕は泳ぐことができません|僕は泳げません|泳げません|私は泳ぐことができません|私は泳げません
i could eat a horse		おなかペコペコ|腹ペコ
i don't care		私は気にしません
i don't drive		運転ができない
i don't eat fish		魚は食べません
i don't eat meat		肉は食べません
i don't eat pork		私は豚肉を食べません
i don't know		分かる|知る
i don't speak english		私は日本語は話せません|私は英語は話せません
i don't think so		私はそうは思わない
i don't understand		分からない|分かりません
i don't want to buy anything		何も買いたくない
i hate you		あなたが大嫌い|大嫌い
i have aids		私はエイズがあります
i have a cold		私は風邪を引きました
i have a fever		私は熱があります
i have a headache		頭痛がします
i have a question		質問があります|質問がある
i have no money		お金がない|僕、金がないよ|私はお金がありません|私はお金がないんです
i like you		あなたが好きです
i live in melbourne		私はメルボルンに住んでいます
i lost my glasses		私は眼鏡をなくしました
i lost my handbag		私は財ハンドバッグをなくしました
i lost my keys		鍵をなくしました
i lost my wallet		私は財布をなくしました|財布をなくした
i love you		大好き|愛しています|愛してる|アイ・ラブ・ユー|俺はお前が好きだ|俺はお前のことが好きだ
i miss you		(あなたに)会いたい|あなたがいなくて寂しい|会いたくて寂しい
i must go		私は行かなくてはいけません|私は行かなければなりません
i need ...		...が必要です
i need to vomit		むかむかする|吐きそうです
i rest my case		これにて立証を終える|以上だ
i see		そうですね|なるほど|ふむ
i tell a lie		もとい
i think so		そう思います
i think, therefore i am		我思う、故に我在り
i told you		だから言ったでしょ|だから言ったでしょう|ほらね
i told you so		言っただろ|言ったでしょ|言わんこっちゃない
i want to go to the toilet		トイレに行きたいです
i want to know		知りたいです
i was born in ...		私は …年に生まれました|私は …に生まれました
i wish		いいのに|ばいいのになあ|よいものを|らいいのになあ
i'd like to kiss you		私はあなたにキスしたいのです
i'd like to know		私が知りたいのです
i'll call the police		私は警察を呼びます
i'm ... year(s) old		私は…歳です
i'm american		私はアメリカ人です
i'm british		私はイギリス人です
i'm canadian		私はカナダ人です
i'm jewish		私はユダヤ人です
i'm a buddhist		私は仏教徒です
i'm a christian		（私は）キリスト教徒です
i'm a muslim		私はイスラム教徒です|私はムスリムです
i'm a vegan		私はヴィーガンです
i'm a vegetarian		私は菜食主義者です
i'm allergic to aspirin		アスピリンにアレルギーを持っています
i'm allergic to pollen		私は花粉症です|花粉にアレルギーを持っています
i'm an atheist		私は無神論者です
i'm asexual		無性愛者です|私は無性愛者です
i'm ashamed		恥ずかしい
i'm bisexual		私は両性愛者です
i'm bleeding		私は出血しています
i'm blind		私は目が見えません
i'm cold		寒い
i'm deaf		私は耳が聞こえません
i'm divorced		私は離婚しています
i'm dying		私が死にます|私が死んでいます
i'm fine		おかげさまで元気です|元気です
i'm fine, thank you		お蔭様で、元気です|はい、元気です
i'm full		お腹がいっぱいになりました
i'm gay		私はゲイです|私は同性愛者です
i'm hot		熱い
i'm hungry		お腹が空いています|腹が減る|腹減った
i'm in love with you		好きです
i'm lesbian		私はレズビアンです
i'm looking for a grocery store		スーパーやコンビニを探してるのですが
i'm looking for a job		私は仕事を探しています
i'm lost		迷ってしまいました
i'm married		私は結婚しています|結婚してる
i'm mute		私は唖者です
i'm not interested		興味ないです
i'm not religious		私は無信仰です
i'm pregnant		私は妊娠しています
i'm scared		怖い
i'm sick		私は病気です
i'm single		私は独身です
i'm sorry		ごめんなさい|すみません|すまん|御免なさい|申し訳ありません
i'm straight		私は異性愛者です
i'm thirsty		喉が渇いています
i'm tired		疲れる
i'm twenty years old		私は二十歳です
i'm worried		心配です
i've been raped		私がレイプされました|私が強姦されました
i've been robbed		ひったくり|盗む
i-novel	noun	私小説
iaea	noun	国際原子力機関
ibm	noun	アイ・ビー・エム
ibsa	noun	アイ・ビー・エス・エー
icbm	noun	ICBM
ictv	noun	ICTV
icu	noun	ICU
ikea	noun	IKEA|イケア
iou	noun	借用書
ip address	noun	IPアドレス|アイピーアドレス|ＩＰアドレス
iq	noun	IQ|アイ・キュー
isbn	noun	国際標準図書番号
isis	noun	ISIS|アイシス|イラク・レバントのイスラム国|イシス
issn	noun	国際標準逐次刊行物番号
it	noun	IT|アイティー|それ|あれ|これ
iucn	noun	IUCN
iamblichus	noun	イアンブリコス
ian	noun	イアン
iapetus	noun	イーアペトス|イアペトゥス
ibara	noun	いばら|井原
ibaraki	noun	茨城
iberia	noun	イベリア
iberian peninsula	noun	イベリア半島
ibiza	noun	イビサ|イビサ島|エイビッサ
ibizan hound	noun	イビザン・ハウンド
iblis	noun	イブリース
ibrahim	noun	イブラヒム
iburi	noun	胆振
icarus	noun	イカロス
iceland	noun	アイスランド
iceland gull	noun	アイスランドカモメ
icelander	noun	アイスランド人
icelandic	adjective	アイスランド|アイスランド語
icelandic sheepdog	noun	アイスランド・シープドッグ
ichinoseki	noun	一関
ichiro	noun	いちろう
ichkeria	noun	イチケリア
ida	noun	アイダ
idaho	noun	アイダホ州
idist	noun	イディスト|イド語話者
idlib	noun	イドリブ
ido	noun	イド語
iga	noun	伊賀
igbo	noun	イグボ語|イボ語
iide	noun	飯豊
iizuka	noun	飯塚
ikebukuro	noun	池袋
iki	noun	壱岐
ikisugi chord	noun	イキスギコード
ikoma	noun	生駒
il duce	noun	ドゥーチェ|統帥
iliad	noun	イーリアス
ilium	noun	イリオス|腸骨
illinois	noun	イリノイ
illyria	noun	イリュリア
ilocano	noun	イロカノ語
iloilo	noun	イロイロ
ilopango	noun	イロパンゴ
imabari	noun	今治
imahara	noun	今原
imbolc	noun	インボルク
imhotep	noun	イムホテプ
imizu	noun	射水
imphal	noun	インパール
imsouane	noun	イムスアン|イムスワン
inari	noun	イナリ湖
inazawa	noun	稲沢
inca	noun	インカ
inca dove	noun	インカバト
incheon	noun	インチョン|仁川
independence day	noun	インデペンデンスデイ|独立記念日|インデペンデンス・デイ
india	noun	インド|印度|インディア
indian	adjective	インド|インディアン|インド人|印度人|アメリカ先住民|インディオ
indian english	noun	インド英語
indian ocean	noun	インド洋|印度洋
indian almond	noun	桃玉名
indian black-lored tit	noun	インドカンムリガラ
indian coral tree	noun	梯梧
indian elephant	noun	インド象
indian plum	noun	ナンヨウイヌカンコ|インドルカム|テンジクイヌカンコ
indian sandalwood	noun	白檀
indian star tortoise	noun	インドホシガメ
indian style	adverb	胡座
indian summer	noun	小春日和|小春|返り咲く
indiana	noun	インディアナ州
indianapolis	noun	インディアナポリス
indo-aryan	noun	インド語
indo-european	adjective	インドヨーロッパ|インド・ヨーロッパ語族
indo-european studies	noun	印欧語学
indochina	noun	印度支那
indonesia	noun	インドネシア
indonesian	adjective	インドネシアの|インドネシア語|インドネシア人
indore	noun	インドール
indra	noun	インドラ
indre	noun	アンドル
indre-et-loire	noun	アンドル＝エ＝ロワール
indus	noun	インダス川|インディアン座
indus valley civilization	noun	インダス文明
industrial revolution	noun	産業革命
information age	noun	情報化時代
ingram	noun	イングラム
ingria	noun	イングリア
ingrian	noun	イングリア語
ingush	noun	イングーシ人|イングーシ語
ingushetia	noun	イングーシ|イングーシ共和国
inner mongolia	noun	内モンゴル|内蒙古
inquisition	noun	異端審問
instagram	noun	インスタ|インスタグラム
instagrammable	adjective	インスタ映えする
instagrammer	noun	インスタグラマー
intel	noun	インテル
interlingua	noun	インターリングア|インターリングア語
international court of justice	noun	国際司法裁判所
international date line	noun	国際日付変更線
international klein blue	noun	インターナショナル・クライン・ブルー|サファイアブルー|パールサファイアブルー
international monetary fund	noun	国際通貨基金
international phonetic alphabet	noun	国際音声記号
international space station	noun	国際宇宙ステーション
international system of units	noun	国際単位系
internationale	noun	インターナショナル
internet	noun	インターネット|ネット
internet protocol	noun	インターネットプロトコル
internet cafe	noun	インターネットカフェ|ネカフェ|ネットカフェ
internet of things	noun	モノのインターネット
interpol	noun	インターポール|国際刑事警察機構
intramuros	noun	イントラムロス
inuktitut	noun	イヌクティトゥット語
inverness	noun	インヴァネス
invisible pink unicorn	noun	見えざるピンクのユニコーン
io	noun	イーオー|イオ
ioannina	noun	ヨアニナ
ionian sea	noun	イオニア海
iowa	noun	アイオワ
iqaluit	noun	イカルイト
iran	noun	イラン
iran-iraq war	noun	イラン･イラク戦争|イ･イ戦争
iranian	adjective	イラン|イラン人
iranian studies	noun	イラン学
iraq	noun	イラク
iraqi	adjective	イラク|イラク人
iraqw	noun	イラク語
ireland	noun	アイルランド|アイルランド島
irene	noun	アイリーン|エイレーネー
iriomote	noun	西表
iriomote cat	noun	イリオモテヤマネコ
iriomote tit	noun	オリイヤマガラ
iris	noun	イーリス|アイリス|菖蒲|虹彩
irish	adjective	アイルランド|アイルランド語|アイルランド語の|アイルランド人
irish american	adjective	アイルランド系アメリカ人
irish sea	noun	アイリッシュ海
irish traveller	noun	アイリッシュ・トラヴェラー|パヴィー
irish setter	noun	アイリッシュ・セッター
irishman	noun	アイルランド人
irkutsk	noun	イルクーツク
iron age	noun	鉄器時代
iron curtain	noun	鉄のカーテン
irrawaddy	noun	エーヤワディー
irtysh	noun	イルティシュ|イルティッシュ
iruma	noun	入間
isaac	noun	イサク|イサアク|アイザック
isahaya	noun	諫早
isaiah	noun	イザヤ書|イザヤ
ise	noun	伊勢
iseult	noun	イゾルデ
isfahan	noun	イスファハン
ishigaki	noun	石垣
ishikari	noun	石狩
ishikawa	noun	石川|石川県
ishinomaki	noun	石巻
ishioka	noun	石岡
ishmael	noun	イシュマエル
islam	noun	イスラム教|回教
islamabad	noun	イスラマバード
islamic	adjective	イスラム教
islamic emirate of afghanistan	noun	アフガニスタン・イスラム首長国
islamic republic of afghanistan	noun	アフガニスタン・イスラム共和国
islamic republic of iran	noun	イラン・イスラム共和国
islamic republic of pakistan	noun	パキスタン・イスラム共和国
islamic state	noun	イスラム国
islamic fundamentalism	noun	イスラム原理主義
islamism	noun	イスラム主義
islamization	noun	イスラム化
islamophobia	noun	イスラム恐怖症
isle of man	noun	マン島
isle of wight	noun	ワイト島
ismailia	noun	イスマイリア
isonade	noun	磯撫で
israel	noun	イスラエル
israeli	adjective	イスラエル|イスラエル人
istanbul	noun	イスタンブール|イスタンブル
isuzu	noun	いすゞ
itabashi	noun	板橋
italian	adjective	イタリア|伊|イタリア語|イタリア人|伊語
italian peninsula	noun	イタリア半島
italian republic	noun	イタリア共和国
italianization	noun	イタリア化
italianness	noun	イタリアらしさ
italic	adjective	イタリアの|イタリア語派の|イタリック語派|イタリック|斜体
italo-		伊
italy	noun	イタリア|伊太利|伊太利亜|イタリー
itami	noun	伊丹
itanagar	noun	イーターナガル
ithkuil	noun	イスクイル
itoigawa	noun	糸魚川
itokawa	noun	イトカワ
itoman	noun	糸満
itō	noun	伊東
ivalo	noun	イヴァロ
ivan	noun	イワン|イヴァン
ivanhoe	noun	アイバンホー
ivanovich	noun	イバノビッチ|イワノビッチ|イワーノヴィチ|イヴァノヴィチ
ivanovo	noun	イバノボ|イヴァノヴォ
iwanuma	noun	岩沼
iwate	noun	岩手
iwo jima	noun	硫黄島
izanagi	noun	伊弉諾|伊耶那岐|伊邪那岐
izanami	noun	伊弉冉|伊弉冉尊|伊弉弥|伊耶那美|伊邪那美|伊邪那美命
izhevsk	noun	イジェフスク
izium	noun	イジューム
izu	noun	伊豆
izumisano	noun	泉佐野
izumo	noun	出雲
j-drama	noun	テレビドラマ|ドラマ|日本ドラマ
j-pop	noun	J-POP|Jポップ|ジェー・ポップ
jasdf	noun	空自
jaxa	noun	JAXA
jfgi		ggrks
jgsdf	noun	陸自
jlpt	noun	JLPT|日本語能力試験
jmsdf	noun	海自
jsdf	noun	自衛隊
jabalpur	noun	ジャバルプル
jabberwocky	noun	ジャバウォッキー
jack	noun	ジェイムズ|サンティアゴ|ジェームズ|ジャック|ヤコブ|ジャッキ
jack frost	noun	ジャックフロスト
jack the ripper	noun	切り裂きジャック
jack-in-the-pulpit	noun	天南星
jackson	noun	ジャクソン
jacob	noun	ヤコブ
jacob's ladder	noun	花忍
jacobin cuckoo	noun	黒白冠郭公
jade	noun	ジェイド|翡翠|ヒスイ
jade emperor	noun	玉皇大帝
jaffa	noun	ヤッファ
jaffa orange	noun	ジャッファオレンジ
jaffna	noun	ジャフナ
jainism	noun	ジャイナ教
jaipur	noun	ジャイプル
jakarta	noun	ジャカルタ
jalalabad	noun	ジャラーラーバード
jamahiriya	noun	ジャマーヒリーヤ
jamaica	noun	ジャマイカ
jambavan	noun	ジャンバヴァン
james	noun	ジェームズ|ジェイムズ|ヤコブの手紙|ヤコブ
james bond	noun	ジェームズ・ボンド
jammu and kashmir	noun	ジャンムー・カシミール州
jan mayen	noun	ヤンマイエン島
janakpur	noun	ジャナクプル
jane	noun	ジェーン
jane doe	noun	山田花子
january	noun	一月|睦月
janus	noun	ヤヌス
jap	noun	ジャップ|チョッパリ
japan	noun	日本|倭|大和|日の本
japan standard time	noun	日本標準時
japanese	adjective	日本|日本の|和|日|日本人|ジャパニーズ|日本語
japanese bobtail	noun	ジャパニーズボブテイル
japanese sign language	noun	日本手話
japanese andromeda	noun	馬酔木
japanese aralia	noun	八手
japanese barberry	noun	目木
japanese beetle	noun	マメコガネ
japanese bush warbler	noun	鶯
japanese cedar	noun	杉
japanese cherry birch	noun	夜糞峰榛|梓|水芽
japanese crucian carp	noun	源五郎鮒
japanese dace	noun	鯎
japanese eel	noun	日本鰻
japanese encephalitis	noun	日本脳炎
japanese flying squid	noun	スルメイカ|鯣烏賊
japanese giant hornet	noun	オオスズメバチ
japanese giant salamander	noun	大山椒魚|半割
japanese grosbeak	noun	斑鳩|豆回し|豆甘|鵤
japanese iris	noun	文目|杜若|花菖蒲|菖蒲|射干
japanese ivy	noun	木蔦|蔦
japanese jack mackerel	noun	真鯵
japanese knotweed	noun	虎杖
japanese macaque	noun	ニホンザル|日本猿
japanese maple	noun	ハナノキ
japanese marten	noun	テン|貂
japanese morning glory	noun	朝顔
japanese night heron	noun	溝五位
japanese robin	noun	駒鳥|相思鳥
japanese sea bass	noun	鱸
japanese silkmoth	noun	天蚕|山繭蛾|𧔝
japanese sparrowhawk	noun	雀鷹
japanese spikenard	noun	独活
japanese spitz	noun	日本スピッツ
japanese studies	noun	日本学
japanese tit	noun	シジュウカラ|四十雀
japanese wagtail	noun	セグロセキレイ
japanese wolf	noun	ニホンオオカミ|日本狼
japanese yew	noun	一位
japaneseness	noun	日本さしさ
japanification	noun	ジャポニズム|日本化
japanophile	noun	親日派|ジャパノファイル|哈日族
japanophilia	noun	親日性
japanophobia	noun	反日|反日感情
japanophone	noun	日本語話者
japonic	noun	ジャポニック語族|日本‐琉球語族|日本語族|日琉語族
jason	noun	イアーソーン|ジェイソン
java	noun	ジャワ|ジャワ島|ジャバ|ジャヴァ
java sea	noun	ジャワ海
java sparrow	noun	文鳥
javascript	noun	ジャバスクリプト
javanese	noun	ジャワ語
jeddah	noun	ジッダ
jedi	noun	ジェダイ
jefferson	noun	ジェファーソン
jehovah	noun	エホバ
jehovah's witness	noun	エホバの証人
jehovah's witnesses	noun	エホバの証人
jeju	noun	済州島|済州|済州市
jeju-do	noun	チェジュ島|済州島
jenga	noun	ジェンガ
jenny	noun	ジェニー
jeremiah	noun	エレミヤ|エレミヤ書
jericho	noun	エリコ|イェリコ|ジェリコ
jeroboam	noun	Yarobuamu
jerome	noun	ジェローム
jersey	noun	ジャージー
jerusalem	noun	エルサレム|イェルサレム
jerusalem artichoke	noun	菊芋
jerusalemite	adjective	イェルサレム|エルサレム|イェルサレム人|エルサレム人
jessica	noun	ジェシカ
jesuit	noun	イエズス会士|ジェスイット
jesus	noun	イエス|イイスス|イエズス|耶蘇|イエス・キリスト
jesus christ	noun	イエス・キリスト|イイスス・ハリストス|耶蘇基督
jew	noun	ユダヤ人|猶太人
jew's ear	noun	木耳
jew's harp	noun	口琴
jewess	noun	ユダヤ人
jewish	adjective	ユダヤ人|ユダヤ
jewish autonomous oblast	noun	ユダヤ自治州
jewishness	noun	ユダヤ性
jewry	noun	ユダヤ民族
jezebel	noun	イゼベル
jharkhand	noun	ジャールカンド|ジャールカンド州
jiamusi	noun	ジャムス|チャムス|佳木斯
jiangmen	noun	江門
jiangnan	noun	江南
jiangsu	noun	江蘇
jiangxi	noun	江西
jiayuguan	noun	嘉峪関
jigglypuff	noun	プリン
jilin	noun	吉林
jim	noun	ジム
jimenez	noun	ヒメネス
jimmy	noun	ジミー
jin	noun	金
jinan	noun	済南
jincheng	noun	金城|晋城
jindo island	noun	珍島
job	noun	ヨブ記|ヨブ|仕事|ジョブ|バイト
job's tears	noun	数珠玉|薏苡
jodhpur	noun	ジョードプル
joe	noun	太郎|ジョー
joe average	noun	山田 太郎|普通人
joel	noun	ヨエル|ヨエル書
johannesburg	noun	ヨハネスブルグ
john	noun	ジョン|名無しの権兵衛|ヨハネ|ヨハネによる福音書|ヨハネの手紙
john bull	noun	ジョン・ブル
john doe	noun	だれだれ|なになに|ほげ|権兵衛|山田太郎
john dory	noun	マトウダイ
john the baptist	noun	洗礼者ヨハネ
johnson	noun	ジョンソン
johnson solid	noun	ジョンソンの立体
johor	noun	ジョホール
jolly roger	noun	海賊旗
jonah	noun	ヨナ|ヨナ書
jonathan	noun	紅玉
jordan	noun	ヨルダン|ヨルダン川
joseon	noun	李朝|李氏朝鮮
joseph	noun	ヨセフ|ジョセフ|ジョゼフ
joshua	noun	ヨシュア記|ヨシュア
jovian	noun	木星人
juba	noun	ジュバ
juche	noun	チュチェ|チュチェ思想|主体|主体思想
juche korea	noun	主体朝鮮
judah	noun	ユダ
judaism	noun	ユダヤ教
judas	noun	ユダ
jude	noun	ユダの手紙
judea	noun	ユダヤ
judges	noun	士師記
jukdo	noun	竹嶼
jules	noun	ジュール
julia	noun	ジュリア
julian	noun	ジュリアン
juliet	noun	ジュリエット
julius	noun	ユリウス
july	noun	七月|文月
jumada i	noun	ジュマーダー・アル゠ウーラー
jumada ii	noun	ジュマーダー・アッ゠サーニー|ジュマーダー・アル゠アーヒラ
june	noun	六月|水無月
juneau	noun	ジュノー
juno	noun	ジュノー|ユーノー
jupiter	noun	ジュピター|木星
jupiter mass	noun	木星質量
jurassic	noun	ジュラ紀|侏羅紀
jurchen	noun	女直|女真|女真語
juris doctor	noun	法務博士
jurong east	noun	ジュロンイースト
justice of the peace	noun	治安判事
justin	noun	ジャスティン
jutland	noun	ユトランド
jyutping	noun	粤ピン
jyväskylä	noun	ユヴァスキュラ
jõgeva	noun	ヨゲヴァ
jōetsu	noun	上越
jōnan	noun	城南
jōsō	noun	常総
jōyō	noun	城陽
k-drama	noun	韓ドラ|韓国ドラマ
k-pop	noun	K-POP|Kポップ|ケー・ポップ
k2	noun	K2
kfc	noun	ケンタ|ケンタッキー|ケンタッキーフライドチキン
kgb	noun	カーゲーベー|ケージービー
kaaba	noun	カアバ
kabardian	noun	カバルド語
kabardino-balkaria	noun	カバルダ・バルカル共和国
kabbalah	noun	カバラ
kabukicho	noun	歌舞伎町
kabul	noun	カブール
kabylia	noun	カビリ|カビリア
kachin	noun	カチン族|カチン州
kafkaesque	adjective	カフカ的
kaga	noun	加賀
kagamino	noun	鏡野
kagawa	noun	香川
kagoshima	noun	鹿児島
kagurazaka	noun	神楽坂
kagutsuchi	noun	火之夜藝速|火之炫毘古|火之迦具土|火産霊|火神|軻遇突智
kaguya	noun	かぐや姫
kaiser	noun	カイザー
kaizuka	noun	貝塚
kakegawa	noun	掛川
kakuda	noun	角田
kalahari	noun	カラハリ砂漠
kalamazoo	noun	カラマズー
kalash	noun	カラシュ人
kalevala	noun	カレワラ
kali	noun	カーリー
kaliningrad	noun	カリーニングラード
kalki	noun	カルキ
kalmyk	noun	カルムイク人|カルムイク語
kalmykia	noun	カルムイク共和国
kaluga	noun	カルーガ
kalyan-dombivali	noun	カリヤーン・ドンビヴリ
kama	noun	カマ川
kama sutra	noun	カーマ・スートラ
kamakura	noun	鎌倉
kamala	noun	カマラ
kamata	noun	蒲田
kamchatka	noun	カムチャッカ|カムチャツカ
kamikita	noun	上北
kaminoyama	noun	上山
kamogawa	noun	鴨川
kampala	noun	カンパラ
kampuchea	noun	カンプチア
kan	noun	菅
kanagawa	noun	神奈川
kanak	noun	カナック
kanaky	noun	カナキー
kanazawa	noun	金沢
kandahar	noun	カンダハル
kangxi	noun	康熙|康熙字典
kanishka	noun	カニシカ
kannada	noun	カンナダ語
kanpur	noun	カーンプル
kansai dialect	noun	関西弁|関西方言
kansas	noun	カンザス州
kansas city	noun	カンザスシティ|カンザス市
kant	noun	カント
kantō	noun	関東
kanzaki	noun	神崎
kaohsiung	noun	高雄
karachay-balkar	noun	カラチャイ・バルカル語
karachay-cherkessia	noun	カラチャイ・チェルケス共和国
karachev	noun	カラチェフ|カラチェフ公国
karachi	noun	カラチ
karaikal	noun	カーライッカール
karaj	noun	キャラジ
karatsu	noun	唐津
kare	noun	ケア
karelia	noun	カレリア
karelian	noun	カレリア人|カレリア語
karlskrona	noun	カールスクルーナ
karluk	noun	カルルク|歌邏禄|葛邏禄
karnali	noun	カルナリ州
karnataka	noun	カルナータカ|カルナータカ州
kasai	noun	加西
kashag	noun	カシャグ
kashgar	noun	カシュガル
kashihara	noun	橿原
kashima	noun	鹿嶋
kashiwara	noun	柏原
kashiwazaki	noun	柏崎
kashmir	noun	カシミール
kashmiri	noun	カシミール語
kassapa	noun	迦葉仏
katharevousa	noun	カサレヴサ
kathmandu	noun	カトマンズ
katori	noun	香取
katsuragi	noun	葛󠄀城
katsushika	noun	葛飾
katsuura	noun	勝浦
katyusha	noun	カチューシャ
katō	noun	加東
kaunas	noun	カウナス
kavala	noun	カヴァラ
kavaratti	noun	カバラティ
kawagoe	noun	川越
kawamata	noun	川俣
kawanuma	noun	河沼
kawasaki	noun	川崎|カワサキ
kawit	noun	カウィト
kazakh	adjective	カザフ|カザフ人|カザフ語
kazakhstan	noun	カザフスタン
kazan	noun	カザン
kazbek	noun	カズベク山
kazo	noun	加須
keats	noun	キーツ
kebnekaise	noun	ケブネカイセ
kedah	noun	ケダ州
keelung	noun	基隆
keeshond	noun	キースホンド
keijō	noun	京城
kelantan	noun	クランタン
kelly	noun	ケリー
kelowna	noun	ケロウナ
kemerovo	noun	ケメロボ|ケメロヴォ
kemi	noun	ケミ
kennedy	noun	ケネディ
kenneth	noun	ケネス
kenpeitai	noun	憲兵隊
kent	noun	ケント
kentish plover	noun	シロチドリ
kentucky	noun	ケンタッキー|ケンタッキー州
kenya	noun	ケニア
kepler's equation	noun	ケプラー方程式
kerala	noun	ケーララ|ケーララ州
kerberos	noun	ケルベロス
kerch	noun	ケルチ
kerr black hole	noun	カー・ブラックホール
kerry	noun	ケリー
ket	noun	ケット語
kevin	noun	ケビン|ケヴィン
key lime pie	noun	キーライムパイ
keynes	noun	ケインズ
khabarovsk	noun	ハバロフスク
khabarovsk krai	noun	ハバロフスク地方
khakas	noun	ハカス語|ハカス人
khakassia	noun	ハカス共和国
khalid	noun	ハリド|ハレド|ハーリド
khan tengri	noun	ハン・テングリ
khankendi	noun	ハンケンディ
khanty	noun	ハンティ人|ハンティ語
khanty-mansiysk	noun	ハンティ・マンシースク
khariboli	noun	カリー・ボリー
kharkiv	noun	ハルキウ|ハリコフ
khartoum	noun	ハルツーム
khazar	noun	ハザール
kherson	noun	ヘルソン
khitan	adjective	キタイ|キタン|契丹|キタイ人|キタン人|契丹人|契丹語
khitan large script	noun	契丹大字
khitan small script	noun	契丹小字
khmelnytskyi	noun	フメリニツキー
khmer	adjective	クメール|クメール語
khmer rouge	noun	クメール・ルージュ
khnum	noun	クヌム
khorgas	noun	コルガス
khrushchev	noun	フルシチョフ
khánh hoà	noun	慶和
khövsgöl nuur	noun	フブスグル湖
kielce	noun	キェルツェ
kievan rus	noun	キエフ・ルーシ|キエフ大公国
kigali	noun	キガリ
kii	noun	紀伊
kikai	noun	喜界
kikuchi	noun	菊池
kikuyu	noun	キクユ語
kili	noun	キリ語
kilimanjaro	noun	キリマンジャロ
kilivila	noun	キリウィナ語|キリヴィラ語
killing fields	noun	キリング・フィールド
kim	noun	キム|金
kimbanguism	noun	キンバングイズム
kimberly	noun	キンバリー
kimitsu	noun	君津
king arthur	noun	アーサー王
king james version	noun	欽定訳聖書
king kong	noun	キングコング
kingdom of bahrain	noun	バーレーン王国
kingdom of belgium	noun	ベルギー王国
kingdom of cambodia	noun	カンボジア王国
kingdom of denmark	noun	デンマーク王国
kingdom of england	noun	イングランド王国
kingdom of eswatini	noun	エスワティニ王国
kingdom of great britain	noun	グレートブリテン王国
kingdom of heaven	noun	天国|神の王国
kingdom of italy	noun	イタリア王国
kingdom of lesotho	noun	レソト王国
kingdom of morocco	noun	モロッコ王国
kingdom of norway	noun	ノルウェー王国
kingdom of saudi arabia	noun	サウジアラビア王国
kingdom of scotland	noun	スコットランド王国
kingdom of spain	noun	スペイン王国
kingdom of sweden	noun	スウェーデン王国
kingdom of thailand	noun	タイ王国
kingdom of yemen	noun	イエメン王国
kingdom of the netherlands	noun	オランダ王国
kings	noun	王記
kingston	noun	キングストン
kingstown	noun	キングスタウン
kinmen	noun	金門
kinokawa	noun	紀の川
kinshasa	noun	キンシャサ
kinyarwanda	noun	ルワンダ語
kiribati	noun	キリバス
kirill	noun	キリル
kirov	noun	キーロフ
kissinger	noun	キッシンジャー
kita	noun	北
kitakata	noun	喜多方
kitakyushu	noun	北九州
kitakyūshū	noun	北九州
kitezh	noun	キーテジ
kitti's hog-nosed bat	noun	豚鼻蝙蝠
klaukkala	noun	クラウカラ
klein bottle	noun	クラインの壺
klinefelter syndrome	noun	クラインフェルター症候群
klingon	noun	クリンゴン人|クリンゴンじん|クリンゴン語
klondike	noun	クロンダイク
klyazma	noun	^クリャージマ
knesset	noun	クネセト
knights templar	noun	テンプル騎士団
knossos	noun	クノッソス
knoxville	noun	ノックスビル|ノックスヴィル
kobarid	noun	コバリード
kobe	noun	神戸
koblenz	noun	コブレンツ|コーブレンツ
kochi	noun	高知|コーチ
kodiak	noun	コディアック
kodiak bear	noun	コディアックヒグマ
kofu	noun	甲府
kohima	noun	コヒマ
koine	noun	コイネー
koiwai	noun	小岩井
kojima	noun	児島|小島
kokand	noun	コーカンド
kola peninsula	noun	コラ半島
kolhapur	noun	コールハープル
kolkata	noun	コルカタ|カルカッタ
kolonai	noun	コローナイ
kolyma	noun	コリマ|コリマ川|コルィマ|コルィマ川
komae	noun	狛江
komagome	noun	駒込
komaki	noun	小牧
komi	noun	コミ人|コミ語|コミ|コミ共和国|こみ
komondor	noun	コモンドール
komoro	noun	小諸
komotini	noun	コモティニ
komsomol	noun	コムソモール
komsomolsk	noun	コムソモリスク|コムソモリスク・ナ・アムーレ
konami code	noun	コナミコマンド
konkani	noun	コンカニ語
kopino	noun	コピノ
korea	noun	朝鮮|韓国|コリア|高麗
korea strait	noun	大韓海峡|対馬海峡|朝鮮海峡|釜山海峡
korean	adjective	朝鮮の|韓国の|韓国人|朝鮮人|コリアン|朝鮮語
korean empire	noun	大韓帝国
korean peninsula	noun	朝鮮半島|韓半島
korean sign language	noun	韓国手話|朝鮮手話
korean war	noun	朝鮮戦争
korean wave	noun	韓流
korean melon	noun	真桑瓜
korean mussel	noun	貽貝
korean studies	noun	韓国学
koreatown	noun	コリアタウン
korla	noun	コルラ
korčula	noun	コルチュラ
kos	noun	コス島
koschei	noun	コシチェイ
kosovo	noun	コソボ|コソヴォ
kostroma	noun	コストロマ
kota bharu	noun	コタバル
koto	noun	江東|箏
kowloon	noun	カオルーン|ガウロン|クーロン|ジウロン|九龍
koxinga	noun	国姓爺
koyasu	noun	子安
koṇāgamana	noun	倶那含牟尼仏
kragujevac	noun	クラグイェヴァツ
kraken	noun	クラーケン
krakow	noun	クラクフ
kramatorsk	noun	クラマトルスク
krasnodar	noun	クラスノダール
krasnoyarsk	noun	クラスノヤルスク
krav maga	noun	クラヴマガ
kremenchuk	noun	クレメンチューク
kremlin	noun	クレムリ|クレムリン
krishna	noun	クリシュナ
kristallnacht	noun	水晶の夜
kristianstad	noun	クリシャンスタ|クリシャンスタード
kryvyi rih	noun	クルィヴィーイ・リーフ
ku klux klan	noun	クー・クラックス・クラン
kuala lumpur	noun	クアラルンプール
kuala terengganu	noun	クアラトレンガヌ
kuandian	noun	かんてん
kuantan	noun	クアンタン
kuban	noun	クバン|クバン川
kudamatsu	noun	下松
kufic	adjective	クーフィ|クーフィー体
kuiper belt	noun	カイパーベルト
kumagaya	noun	熊谷
kumamoto	noun	熊本
kumiko	noun	駒実子
kumyk	noun	クムク人|クムク語
kunduz	noun	クンドゥズ
kunitachi	noun	国立
kunming	noun	昆明
kunming lake	noun	昆明湖
kuomintang	noun	国民党
kuopio	noun	クオピオ
kupiansk	noun	クプヤンシク|クプヤンシク地区
kurashiki	noun	倉敷
kurayoshi	noun	倉吉
kurdish	adjective	クルド|クルド語
kurdistan	noun	クルディスタン
kure	noun	呉
kurgan	noun	クルガン
kuril islands	noun	クリル列島|千島列島
kurmanji	noun	クルマンチュ語
kurosawa	noun	黒沢|黒澤
kuroshio	noun	黒潮
kursk	noun	クルスク
kurukullā	noun	作明仏母|智行仏母
kushimoto	noun	串本
kuvasz	noun	クーヴァーズ|ハンガリアン・クーヴァーズ
kuwait	noun	クウェート
kuwana	noun	桑名
kuytun	noun	クイトゥン市
kven	noun	クヴェン語|クヴェン人
kyakhta	noun	キャフタ
kyiv	noun	キエフ|キーウ
kyoto	noun	京都|京都市|京都府
kyrgyz	adjective	キルギス|キルギス人|キルギス語
kyrgyz republic	noun	キルギス共和国
kyrgyzstan	noun	キルギス|キルギスタン
kyusakamoto	noun	坂本九
kyushu	noun	九州
kyzyl	noun	クズル
königsberg	noun	ケーニヒスベルク
kōnan	noun	江南|香南
kṣitigarbha	noun	地蔵
l1	noun	L1
l2	noun	L2
lan	noun	LAN
lasik	noun	レーシック
lcd	noun	LCD|液晶|液晶ディスプレイ
ld50	noun	半数致死量
ldp	noun	自民党
led	noun	LED
lgbt	adjective	LGBT
lol		w|www|ワラ|笑|草
la mancha	noun	ラ・マンチャ
la niña	noun	ラニーニャ
la paz	noun	ラパス
la pérouse strait	noun	ラ・ペルーズ海峡|宗谷海峡
la rochelle	noun	ラ・ロシェル
la spezia	noun	ラ・スペツィア
la union	noun	ラウニオン
laayoune	noun	アイウン|ラユーン
labour party	noun	労働党
labradoodle	noun	ラブラドゥードル
labrador	noun	ラブラドール
labrador retriever	noun	ラブラドール・レトリバー
labuan	noun	ラブアン
lacedaemon	noun	ラケダイモン|ラケダイモーン
lacedaemonian	noun	ラケダイモン人
lada	noun	ラダ|ラーダ
ladies	noun	レディース
ladino	noun	ラディーノ語
ladoga	noun	ラドガ湖
lady	noun	令嬢|奥方|姫|御前|淑女|婦人
lady amherst's pheasant	noun	銀鶏
lady justice	noun	正義の女神|正義の婦人
lady liberty	noun	自由の女神
lady luck	noun	幸運の女神|幸運の婦人
lagos	noun	ラゴス
lagrange point	noun	ラグランジュ点
lahore	noun	ラホール
lahti	noun	ラハティ
laius	noun	ラーイオス
lake biwa	noun	琵琶湖
lake constance	noun	ボーデン湖
lake district	noun	湖水地方
lake erie	noun	エリー湖
lake geneva	noun	レマン湖
lake huron	noun	ヒューロン湖
lake michigan	noun	ミシガン湖
lake ontario	noun	オンタリオ湖
lake superior	noun	スペリオル湖
lake tai	noun	太湖
lake victoria	noun	ヴィクトリア湖
lakshadweep	noun	ラクシャディープ
lakshmi	noun	ラクシュミ|吉祥天
lalibela	noun	ラリベラ
lamb of god	noun	神の子羊|神の小羊
lamentations	noun	哀歌
lancelot	noun	ランスロット
land of liberty	noun	自由の国
land of the rising sun	noun	日の本|日の本の国|日出づる国
langhe	noun	ランゲ
langkawi	noun	ランカウイ
languedoc	noun	ラングドック
languedoc-roussillon	noun	ラングドック＝ルシヨン
langya	noun	琅琊
lansing	noun	ランシング
lantern festival	noun	元宵節
lanzhou	noun	蘭州
lao	adjective	ラオ|ラオス|ラオス人|ラーオ語|ラオス語|ラオ語
lao people's democratic republic	noun	ラオス人民民主共和国
laocoön	noun	ラーオコオーン
laos	noun	ラオス
laotian	adjective	ラオの|ラオスの|ラオス語|ラオ語
laozi	noun	老子
laplace transform	noun	ラプラス変換
lapland	noun	ラップランド|サープミ
lapland longspur	noun	爪長頬白
laptev sea	noun	ラプテフ海
laputa	noun	ラピュタ
laredo	noun	ラレド
large magellanic cloud	noun	大マジェラン雲|大マゼラン星雲|大マゼラン銀河|大マゼラン雲
larissa	noun	ラリサ
las vegas	noun	ラスベガス
lassa fever	noun	ラッサ熱
last judgment	noun	最後の審判
last supper	noun	最後の晩餐
latakia	noun	ラタキア
latin	adjective	ラテン語|ラテン|古代ローマ|ラテン系|ラテンアメリカ|古代ローマ人
latin america	noun	ラテンアメリカ
latin american	noun	ラテンアメリカ人
latin alphabet	noun	ラテン文字|ローマ字
latinization	noun	ラテン化
latino	noun	ラテンアメリカ人
latium	noun	ラティウム
latona	noun	ラートーナ
latvia	noun	ラトビア|ラトヴィア
latvian	adjective	ラトビア|ラトヴィア語|ラトビア語|ラトビア人|ラトヴィア人
lau	noun	ラウ|劉
laura	noun	ローラ
laurasia	noun	ローラシア
laurence	noun	ロレンス|ローラン
lazarus	noun	ラザロ
lazio	noun	ラツィオ州
le havre	noun	ル・アーヴル|ルアーヴル
le lamentin	noun	ル・ラマンタン
le vauclin	noun	ル・ヴォクラン|ル・ヴォークラン
league of nations	noun	国際連盟
leander	noun	レアンドロ
leaning tower of pisa	noun	ピサの斜塔
lebanese republic	noun	レバノン共和国
lebanon	noun	レバノン
leeds	noun	リーズ
leeuwarden	noun	レーワルデン
legalism	noun	法家
legion of honor	noun	レジオンドヌール
lego	noun	レゴ
leicester	noun	レスター
leiden	noun	ライデン|レイデン
leinster	noun	レンスター
leipzig	noun	ライプツィヒ
lena	noun	レナ川|レナ
lenin	noun	レーニン
leningrad	noun	レニングラード
leninism	noun	レーニン主義|レーニズム
leninist	noun	レーニスト|レーニン主義者
lennon	noun	レノン
lent	noun	四旬節
leo	noun	レオ|しし座|獅子座|獅子宮
leon	noun	レオン
leonardo	noun	レオナルド
lepus	noun	兎座
les bleus	noun	レ・ブルー
leslie	noun	レスリー
lesotho	noun	レソト
lesser poland	noun	マウォポルスカ
lethe	noun	レテ|レーテー
leto	noun	レートー
leuven	noun	ルーヴェン
levant	noun	レバント|レヴァント
levantine arabic	noun	レバント・アラビア語
levantine sea	noun	レバント海
levi	noun	レビ
leviticus	noun	レビ記
leyden jar	noun	ライデン瓶
leyte	noun	レイテ
lezgi	noun	レズギ語
lhasa	noun	ラサ
lhasa apso	noun	ラサ・アプソ
li	noun	李|里
liancourt rocks	noun	竹島
liangyuan	noun	梁園
liaoning	noun	遼寧
liberdade	noun	リベルダージ
liberia	noun	リベリア
libra	noun	てんびん座|天秤座|天秤宮
libreville	noun	リーブルヴィル
libya	noun	リビア
lie algebra	noun	リー代数
lie group	noun	リー群
liechtenstein	noun	リヒテンシュタイン
liechtensteiner	noun	リヒテンシュタイン人
lienchiang	noun	連江
liepāja	noun	リエパーヤ
light	noun	光|明るい|軽い|明かり|灯り|光源|照らす
liguria	noun	リグーリア州
lijiang	noun	麗江
lilian	noun	リリアン
lilith	noun	リリス
lille	noun	リール
lilongwe	noun	リロングウェ
lily	noun	リリー|百合|ユリ
lima	noun	リマ
limburgish	noun	リンブルフ語
limerick	noun	リムリック|リメリック
limousin	noun	リムーザン
lingala	noun	リンガラ語
lingqijing	noun	霊棋経
lingua franca nova	noun	エレフェン|エレフェン語|リングア・フランカ・ノバ
link	noun	リンク|連結
linux	noun	リナックス
linyi	noun	臨沂
linz	noun	リンツ
lion of judah	noun	ユダのライオン|ユダの獅子
lionheart	noun	獅子心王
lipa	noun	リパ
lipetsk	noun	リペツク
lisa	noun	リサ
lisbon	noun	リスボン
liszt	noun	リスト
lithuania	noun	リトアニア
lithuanian	adjective	リトアニア|リトアニア語|リトアニア人
lithuanian hound	noun	リトアニアン・ハウンド
little britain	noun	リトルブリテン
little red riding hood	noun	赤ずきん
little rock	noun	リトルロック|リトル・ロック
little tokyo	noun	リトル・トーキョー|小東京
liuzhou	noun	柳州
liverpool	noun	リバプール
livonia	noun	リヴォニア
livonian	noun	リヴォニア人|リヴォニア語
livorno	noun	リボルノ|リヴォルノ
liège	noun	リエージュ
ljubljana	noun	リュブリャナ
lleida	noun	リェイダ
lobamba	noun	ロバンバ
local group	noun	局部銀河群
loch ness	noun	ネス湖
lodz	noun	ウッチ
lodève	noun	ロデーブ|ロデーヴ
logos	noun	言
logroño	noun	ログローニョ
loir-et-cher	noun	ロワール＝エ＝シェール
loire	noun	ロワール
loire-inférieure	noun	ロワール＝アンフェリウール
lojban	noun	ロジバン
loki	noun	ロキ
lolita	noun	ロリタ|ロリ
lolita fashion	noun	ロリータ|ロリータファッション
lolo	noun	彝族
lombardy	noun	ロンバルディア
lomé	noun	ロメ
london	noun	ロンドン|倫敦
london underground	noun	ロンドン地下鉄
londoner	noun	ロンドン人
long beach	noun	ロングビーチ
long island	noun	ロングアイランド
long island iced tea	noun	ロングアイランド・アイスティー
lopez	noun	ロペス
lord	noun	主|神様|上帝|卿
lord's prayer	noun	主の祈り|主祷文
lorraine	noun	ロレーヌ
los angeles	noun	ロサンゼルス|ロス|羅府|ロサンジェルス
lot	noun	ロト|宿命
louis	noun	ルイ
louisiana	noun	ルイジアナ|ルイジアナ州
louvre	noun	ルーヴル
low countries	noun	低地地域
low german	noun	低地ドイツ語
lower saxony	noun	ニーダーザクセン|ニーダーザクセン州
ltd.	noun	有
lua	noun	ルア
luanda	noun	ルアンダ
luang prabang	noun	ルアンパバーン
lubny	noun	ルブヌィ
lucan	noun	ルカヌス
lucciana	noun	ルチアーナ
lucerne	noun	ルツェルン
lucian	noun	ルキアノス
lucifer	noun	ルシファー
lucina	noun	ルーキーナ
lucite	noun	プレキシガラス
lucknow	noun	ラクナウ
luddite	noun	ラッダイト
ludhiana	noun	ルディヤーナー
ludwigsburg	noun	ルートヴィヒスブルク
lufthansa	noun	ルフトハンザ
luganda	noun	ガンダ語
luhansk	noun	ルガンスク|ルガーンスク|ルハーンシク
luhansk people's republic	noun	ルガンスク人民共和国
lukashenko	noun	ルカシェンカ|ルカシェンコ
luke	noun	ルーク|ルカ|ルカによる福音書
lumbini	noun	ルンビニ|ルンビニ州
lunar new year	noun	旧正月|春節
lunarian	noun	ルナリアン|月世界の人|月人
luoyang	noun	洛陽
lupus	noun	狼座
lusaka	noun	ルサカ
lutheran	adjective	ルター派
lutheranism	noun	ルーテル教会
luxembourg	noun	ルクセンブルク
luxembourger	noun	ルクセンブルグ人
luxembourgish	adjective	ルクセンブルクの|ルクセンブルク語
luxor	noun	ルクソール
luzhou	noun	潞州|瀘州
luzon	noun	ルソン|ルソン島
luzon strait	noun	ルソン海峡
lviv	noun	リヴィウ
lydia	noun	リュディア|リューディア|リディア
lyman	noun	リマン
lyme disease	noun	ライム病
lyon	noun	リヨン
lysithea	noun	リシテア
lysychansk	noun	リシチャンシク
láadan	noun	ラーダン
lù	noun	陸
m-theory	noun	M理論
mac address	noun	MACアドレス
mb	noun	メガバイト|㎆
mcr	noun	マイケミ
milf	noun	熟女
mot	noun	技術経営
mp3	noun	MP3|エムピースリー
mp3 player	noun	MP3プレーヤー
mp4	noun	MP4|エムピーフォー
mp4 player	noun	MP4プレーヤー
ma	noun	マー|馬
maastricht	noun	マーストリヒト
mab	noun	マブ
macarthur	noun	マッカーサー
macdonald	noun	マクドナルド
macau	noun	マカオ|アオメン|澳門
macbeth	noun	マクベス
macedonia	noun	マケドニア|マケドニア共和国|マケドニア王国
macedonian	adjective	マケドニア|マケドニア語|マケドニア人
mach	noun	マッハ
mach number	noun	マッハ数
machu picchu	noun	マチュピチュ
macintosh	noun	アップル・マッキントッシュ|マッキントッシュ|マック
maclaurin series	noun	マクローリン級数
macron	noun	マクロン
madagascar	noun	マダガスカル
madagascar periwinkle	noun	日々草
madeira	noun	マデイラ
madeline	noun	マデリン
madhesh	noun	マデシ州
madhya pradesh	noun	マディヤ・プラデーシュ|マディヤ・プラデーシュ州
madison	noun	マディソン
madras	noun	マドラス
madrid	noun	マドリード|マドリッド
maebashi	noun	前橋
magadan	noun	マガダン
magas	noun	メガス
magdeburg	noun	マクデブルク
magellan	noun	マゼラン
maggie	noun	マギー
maghreb	noun	マグリブ
magi	noun	賢者
magna carta	noun	マグナ・カルタ
magna graecia	noun	マグナ・グラエキア
magnitogorsk	noun	マグニトゴルスク
maguindanao	noun	マギンダナオ
maha kassapa	noun	大迦葉
mahabaleshwar	noun	マハーバレーシュワル
mahabharata	noun	マハーバーラタ
mahakala	noun	大黒天
maharashtra	noun	マハラシュトラ州|マハラシュトラ
mahayana	noun	大乗|大乗仏教
mahé	noun	マーヒ
mahāmāyūrī	noun	孔雀明王
mahāpratisarā	noun	大随求菩薩|隨求大明王
mahāsthāmaprāpta	noun	勢至|勢至菩薩|大勢至
maia	noun	マイア
maibara	noun	米原
maihama	noun	舞浜
main	noun	マイン川|主|主要
maine	noun	メイン州
maine coon	noun	メインクーン
mainz	noun	マインツ|マイエンス
maitreya	noun	弥勒菩薩
maizuru	noun	舞鶴
majesty	noun	陛下|凛々しさ|壮大さ
majuro	noun	マジュロ
makassar	noun	マカッサル
makati	noun	マカティ
makemake	noun	マケマケ
makhachkala	noun	マハチカラ
makinohara	noun	牧之原
makira	noun	マキラ島
malabar coast	noun	マラバール海岸
malabar gourd	noun	クロダネカボチャ
malabo	noun	マラボ
malabon	noun	マラボン
malacca	noun	マラッカ
malachi	noun	マラキ|マラキ書
malaga	noun	マラガ
malagasy	noun	マダガスカル語|マラガシ語
malakal	noun	マラカル
malakoff	noun	マラコフ
malawi	noun	マラウイ
malay	noun	マレー語
malayalam	noun	マラヤーラム語
malayan night heron	noun	頭黒溝五位
malaysia	noun	マレーシア
malaysian	noun	マレーシア人
maldives	noun	モルディブ|モルジブ
mali	noun	マリ|マリ共和国
malian	noun	マリ人
malibu	noun	マリブ
mallorca	noun	マジョルカ島|マヨルカ島
malmö	noun	マルメ
malolos	noun	マロロス
malta	noun	マルタ|マルタ島
maltese	adjective	マルタ|マルタ語|マルタ人|マルチーズ
malwa	noun	マールワー
malé	noun	マレ
mamiku	noun	マミク
mammon	noun	マンモン
man	noun	ヒト|人間|男|男の人|男性|人|乗り組ませる
man of steel	noun	鋼の男
managua	noun	マナグア
manama	noun	マナーマ
manaus	noun	マナウス
manchego	noun	ケソ・マンチェゴ|マンチェゴ
manchester	noun	マンチェスター
manchu	noun	満州人|満洲人|満州語|満洲語
manchukuo	noun	満州国|大満州帝国|大満洲帝国|満洲国
manchuria	noun	満州|満洲|関東
manchurian wild rice	noun	マコモ
mandaluyong	noun	マンダルヨン
mandarin	noun	北京官話|北京語|普通話|国語|標準中国語|華語
mandate of heaven	noun	天命
mandela	noun	マンデラ
mandela effect	noun	マンデラエフェクト|マンデラ効果
mandopop	noun	マンドポップ|中華ポップ|中華ポップス
mangalore	noun	マンガロール
manhattan	noun	マンハッタン
mani	noun	マニ
manichaeism	noun	マニ教
manila	noun	マニラ
manipur	noun	マニプル|マニプル州
manitoba	noun	マニトバ
maniwa	noun	真庭
manx	noun	マンクス
manx cat	noun	マンクス
manzhouli	noun	満州里
mao	noun	毛
mao zedong thought	noun	毛沢東思想
maoism	noun	毛沢東思想|毛沢東主義|毛主義
maoist	adjective	毛沢東主義|毛沢東主義者
maori	noun	マオリ語|マオリ人
mapuche	noun	マプチェ
maputo	noun	マプト
mara	noun	天魔|波旬|第六天魔王|魔羅
maracanaço	noun	マラカナッソ|マラカナンの悲劇
maranhão	noun	マラニョン
marathi	noun	マラーティー語
marathon	noun	マラトン|マラトーン|マラソン
march	noun	三月|弥生|行進|行進曲|行軍
marche	noun	マルケ州|マルケ
marciac	noun	マルシアック
marfan syndrome	noun	マルファン症候群
margaret	noun	マーガレット
mari	noun	マリ人|マリ語
mari el	noun	マリ・エル共和国
marian	noun	マリアン
marie-galante	noun	マリー＝ガラント
marijampolė	noun	マリヤンポレ
marilyn monroe	noun	マリリン・モンロー
marina	noun	マリナ|まりな|マリーナ|満里奈
marinduque	noun	マリンドゥケ|マリンドゥケ島
marine	noun	海兵|海兵隊者|海|水兵
marinette	noun	まりねっと|マリネット
mario	noun	マリオ
mariupol	noun	マリウポリ
marius	noun	マリウス
mark	noun	マーク|マルコ|マルク|マルコによる福音書|成績|点数|印をつける
markov chain	noun	マルコフ連鎖
marks	noun	マルクス
marquesas islands	noun	マルキーズ諸島|マルケサス諸島
marrakech	noun	マラケシュ|マラケシ|マラーケシュ
mars	noun	火星|マルス|マース|マーズ|マールス
marseillaise	noun	ラ・マルセイエーズ
marseille	noun	マルセイユ
marseille soap	noun	マルセイユ石鹸
marshall islands	noun	マーシャル諸島
martha	noun	マーサ
martian	adjective	火星|火星人
martin	noun	マーティン
martinican	noun	マルティニーク人
martinique	noun	マルティニーク
marwari	noun	マールワーリー語
marx	noun	マルクス
marxism	noun	マルクス主義|マルキシズム
marxism-leninism	noun	マルクス・レーニン主義
marxist	adjective	マルキスト|マルキシスト|マルクス主義者
marxist-leninist	noun	マルクス・レーニン主義者
mary	noun	マリア|マリー|メアリー|マル
mary jane	noun	メリージェーン
mary magdalene	noun	マグダラのマリア
maryland	noun	メリーランド
masaru	noun	まさる|優|勝|将|將|賢
maseru	noun	マセル
mashhad	noun	マシュハド
mass	noun	ミサ|質量|荷重|重さ|重量
massachusetts	noun	マサチューセッツ
master of arts	noun	文学修士
master of science	noun	理学修士
mastercard	noun	マスターカード
mastodon	noun	マストドン
mata utu	noun	マタウトゥ
matanzas	noun	マタンサス
matildas	noun	マチルダス
mato grosso	noun	マットグロッソ
mato grosso do sul	noun	[[マットグロッソ・ド・スル]]州|南マットグロッソ州
matsue	noun	松江
matsumoto	noun	松本
matsuyama	noun	松山
matterhorn	noun	マッターホルン
matthew	noun	マシュー|マタイ|マタイによる福音書
maudgalyayana	noun	目犍連
maui	noun	マウイ島
maunaloa	noun	マウナロア
mauritania	noun	モーリタニア
mauritius	noun	モーリシャス
mauser	noun	モーゼル
maxwell's demon	noun	マクスウェルの悪魔
may	noun	五月|皐月|してもいい|かも知れない|多分
may day	noun	メーデー
mayflower	noun	メイフラワー
maykop	noun	マイコープ
mayotte	noun	マヨット
mazar-i-sharif	noun	マザーリシャリーフ
mazu	noun	媽祖
mañjuśrī	noun	文殊菩薩
mbabane	noun	ムババネ
mccain	noun	マケイン
mccarthy	noun	マッカーシー
mccarthyism	noun	マッカーシズム
mcdonald's	noun	マクド|マクドナルド|マック
mckinley	noun	マッキンリー
meadow mari	noun	牧地マリ語
mecca	noun	聖地|メッカ|マッカ
medan	noun	メダン
medea	noun	メーデイア
medellín	noun	メデジン
medelpad	noun	メーデルパッド
mediawiki	noun	メディアウィキ
medina	noun	マディーナ
medinipur	noun	メヂニィプル
mediterranean sea	noun	地中海
mediterranean gull	noun	ニシズグロカモメ
medjed	noun	メジェド
medjerda river	noun	メジェルダ川
medusa	noun	メドゥーサ
medvedev	noun	メドヴェージェフ
meerut	noun	メーラト
megaera	noun	メガイラ
meghalaya	noun	メーガーラヤ|メーガーラヤ州
meiji period	noun	明治時代
meissen	noun	マイセン
mejicanos	noun	メヒカノス
meknes	noun	メクネス
mekong	noun	メコン川
melanesia	noun	メラネシア
melbourne	noun	メルボルン
melburnian	noun	メルボルン人
melchizedek	noun	メルキゼデク
melissa	noun	メリッサ
member of parliament	noun	国会議員
memnon	noun	メムノーン
memorial day	noun	メモリアルデー|戦没将兵記念日|戦没将兵追悼記念日
memphis	noun	マンフ|メンネフル|メンフィス
mencius	noun	孟子
menelaus	noun	メネラオス
mennonite	noun	メノナイト
menshevik	noun	メンシェヴィキ
mentor	noun	メントール|メンター
mentougou	noun	門頭溝
mephistopheles	noun	メフィストフェレス
mercedes	noun	ベンツ|メルセデス
mercedes-benz	noun	ベンツ|メルセデス|メルセデス・ベンツ
mercurian	noun	水星人
mercury	noun	水星|マーキュリー|メルクリウス|気温|水銀
merkel	noun	メルケル
merlin	noun	マーリン|小長元坊|コチョウゲンボウ
mersa matruh	noun	マルサ・マトルー
meru	noun	須弥山
mesolithic	noun	中石器時代
mesopotamia	noun	メソポタミア
mesopotamian	noun	メソポタミア人
mesozoic	noun	中生代
messiah	noun	メシア
messidor	noun	収穫月|メスィドール
messina	noun	メッシーナ
metatron	noun	メタトロン
methodism	noun	メソジズム
methuselah	noun	メトシェラ
metis	noun	メティス|混血児
metonic cycle	noun	メトン周期
metro manila	noun	マニラ首都圏
metz	noun	メス
meuse	noun	マース川
mexican	noun	メキシコ人
mexican chickadee	noun	メキシココガラ
mexican hairless	noun	ショロイッツクゥイントリ|メキシカン・ヘアレス・ドッグ
mexican marigold	noun	千寿菊
mexican wolf	noun	メキシコオオカミ
mexico	noun	メキシコ|墨西哥
mexico city	noun	メキシコシティ|メキシコ市
meänkieli	noun	メアンキエリ
miami	noun	マイアミ
miaoli	noun	苗栗
micah	noun	ミカ書|ミカ
michael	noun	ミカエル|ミハイル|ミヒャエル|マイケル|マイクル
michelangelo	noun	ミケランジェロ
michigan	noun	ミシガン
mickey d's	noun	マクド|マック
mickey mouse	noun	ミッキーマウス
micronesia	noun	ミクロネシア
microsoft	noun	マイクロソフト
mid-autumn festival	noun	中秋節
middle ages	noun	中世
middle chinese	noun	中古中国語|中古音
middle east	noun	中東
middle english	noun	中期英語|中英語
middle french	noun	中世フランス語
middle kingdom	noun	中王国
middle korean	noun	中期朝鮮語
middle-earth	noun	中つ国
midgard	noun	中つ国
midi-pyrénées	noun	ミディ＝ピレネー
midnapore	noun	メヂニィプル
midway islands	noun	ミッドウェー島
mie	noun	三重|三重県
mihara	noun	三原
mila	noun	ミラ
milan	noun	ミラノ
milanese	adjective	ミラノの|ミラノ人
milankovitch cycle	noun	ミランコビッチ・サイクル
mileikowsky	noun	ミレイコフスキー
milky way	noun	銀河系|天の川銀河|天河|天の川
mima	noun	美馬
mimas	noun	ミマス
mimasaka	noun	美作
minamata	noun	水俣
minamiuonuma	noun	南魚沼
minas gerais	noun	ミナスジェライス
minato	noun	港
minatomirai	noun	みなとみらい
mindanao	noun	ミンダナオ島
minecraft	noun	マイクラ|マインクラフト
minerva	noun	ミネルバ
minkowski space	noun	ミンコフスキー空間
minneapolis	noun	ミネアポリス
minnesota	noun	ミネソタ|ミネソタ州
minnie	noun	ミニー
mino	noun	美濃
minoan	adjective	ミノア
minorca	noun	ミノルカ島|メノルカ島
minsk	noun	ミンスク
mir	noun	ミール
miramichi	noun	ミラミチ
miranda	noun	ミランダ
mirandese	noun	ミランダ語
misato	noun	三郷
miss	noun	お嬢さん|お嬢様|さん|お嬢|見落とす|見逃す
mission	noun	ミッション|任務|使命|伝道|布教|宣教
mississippi	noun	ミシシッピ|ミシシッピ川
missouri	noun	ミズーリ|ミズーリ州|ミズーリ川
mitaka	noun	三鷹
mito	noun	水戸
miyagi	noun	宮城
miyako	noun	宮古島|宮古方言|宮古語
miyazaki	noun	宮崎
miyun	noun	密雲
mizo	noun	ミゾ語
mizoram	noun	ミゾラム
mizuho	noun	瑞穂
mjollnir	noun	ミョルニル
mnemosyne	noun	ムネーモシュネー
moby-dick	noun	白鯨
mocha	noun	モカ|カフェモカ
modern greek	noun	現代ギリシア語
modern monetary theory	noun	現代貨幣理論
modern standard arabic	noun	フスハー|標準アラビア語|現代標準アラビア語
moebius syndrome	noun	メビウス症候群
mogadishu	noun	モガディシュ
mogilev	noun	マヒリョウ|モギリョフ
mohawk	noun	モヒカン刈り
mokosh	noun	モーコシ
mokpo	noun	木浦
moksha	noun	モクシャ語|解脱
moldova	noun	モルドバ|モルドヴァ|モルダビア
moldovan	adjective	モルダビア|モルドバ|モルドヴァ|モルダビア人|モルドバ人|モルドヴァ人|モルダビア語
molenbeek	noun	モレンベーク|モーレンベーク
molieresque	adjective	モリエール風の
molise	noun	モリーゼ州
molotov cocktail	noun	火炎瓶|火炎びん
momus	noun	モーモス
mon	noun	月|月曜|モン族|モン語
mona lisa	noun	モナリザ|モナ・リザ
monaco	noun	モナコ|モナコ市
monastir	noun	ビトラ
monbetsu	noun	紋別
moncton	noun	モンクトン
monday	noun	月曜日|月曜
mongolia	noun	モンゴル|蒙古
mongolian	adjective	モンゴル|蒙古|モンゴル人|蒙古人|モンゴル語|蒙古語
mongolian people's republic	noun	モンゴル人民共和国
monica	noun	モニカ
monopoly	noun	モノポリー|独占|専売|独り占め
monroe	noun	モンロー
monrovia	noun	モンロビア
mont blanc	noun	モンブラン
montana	noun	モンタナ州
monte carlo	noun	モンテカルロ
montenegrin	adjective	モンテネグロ|モンテネグロ人|モンテネグロ語
montenegro	noun	モンテネグロ|ツルナ・ゴーラ
monterey cypress	noun	モントレーサイプレス
monterrey	noun	モンテレイ
montevideo	noun	モンテビデオ|モンテヴィデオ
montferrat	noun	モンフェッラート
montpellier	noun	モンプリエ|モンペリエ
montreal	noun	モントリオール|モンレアル
montreux	noun	モントルー
montserrat	noun	モントセラト|モンセラト
moon	noun	月|ムーン|ムン|文|門|衛星
moor	noun	ムーア人|荒れ地|荒野|停泊
moore's law	noun	ムーアの法則
moorish idol	noun	ツノダシ|角出
moravia	noun	モラビア|モラヴィア
morbihan	noun	モルビアン
mordovia	noun	モルドヴィア
mordred	noun	モウドレッド|モルドレッド|モードレッド
morgan le fay	noun	モーガン・ル・フェイ
morioka	noun	盛岡
mormon	noun	モルモン
moroccan	adjective	モロッコ|モロッコ人
morocco	noun	モロッコ
moroni	noun	モロニ
morosaglia	noun	モロザーリア
morpheus	noun	モルペウス
morse code	noun	モールス信号
moscow	noun	モスクワ|モスコー
moselle	noun	モーゼル川
moses	noun	モーセ
mossad	noun	モサッド
most high	noun	至高者
mosul	noun	モスル
mother earth	noun	母地球
mother nature	noun	母自然
mother teresa	noun	マザー·テレサ
mother's day	noun	母の日|マザーズデー
mount athos	noun	アトス山
mount emei	noun	峨眉山
mount everest	noun	エベレスト|チョモランマ
mount fuji	noun	富士山|富士
mount mayon	noun	マヨン山
mount megiddo	noun	メギドの丘
mount tai	noun	泰山
mount of olives	noun	橄欖山
mountain view	noun	マウンテン・ビュー
moutai	noun	茅台酒
mozambique	noun	モザンビーク
mozart	noun	モーツァルト
mozart effect	noun	モーツァルト効果
mr.	noun	さん|様|氏
mr. and mrs.	noun	夫妻|夫婦
mrs	noun	夫人|さん|様
mrs. watanabe	noun	ミセス・ワタナベ
muay thai	noun	ムエタイ
mudanjiang	noun	牡丹江
muggle	noun	マグル
muhammad	noun	ムハンマド|マホメット|モハメッド|ムハンマド・イブン＝アブドゥッラーフ
muharram	noun	ムハッラム
muifa	noun	ムイファー
multan	noun	ムルタン
mumbai	noun	ムンバイ
mundari	noun	ムンダリ語
munich	noun	ミュンヘン|ミュンヒェン|ミューニック|ミンガ
muntenia	noun	ムンテニア
muntinlupa	noun	モンテンルパ
murasaki	noun	村崎
muriel	noun	ミュリエル
murmansk	noun	ムルマンスク
muroran	noun	室蘭
murphy's law	noun	マーフィーの法則
murray	noun	マレー川
musca	noun	蝿座
muscat	noun	マスカット
muscovite	noun	モスクワ人
muse	noun	ムーサ|ミューズ|熟考する|瞑想する
muslim	adjective	ムスリム|イスラム教徒|回教徒
mussolini	noun	ムッソリーニ
mustafa	noun	ムスタファ
mustique	noun	マスティク島
mx	noun	さん|様|氏
myanmar	noun	ミャンマー|ビルマ
myeik	noun	ミェイク
mykolaiv	noun	ニコラーエフ|ムィコラーイウ
mykonos	noun	ミコノス島
mymensingh	noun	マイメンシン
myra	noun	マイラ
myōken	noun	北辰妙見菩薩|妙見尊星王|妙見菩薩
mänti	noun	マンティ語
möbius strip	noun	メビウスの帯
münchausen syndrome	noun	ミュンヒハウゼン症候群
münster	noun	ミュンスター
mývatn	noun	ミーヴァトン
n'djamena	noun	ンジャメナ|エンジャメナ
nafld	noun	非アルコール性脂肪性肝疾患
nam	noun	非同盟運動
nand	noun	NAND|否定論理積
nand gate	noun	NANDゲート
nasa	noun	NASA|ナサ
nato	noun	NATO
neet	noun	ニート
ngo	noun	NGO|非政府組織
nhl	noun	NHL
nor	noun	NOR|否定論理和
norad	noun	北米航空宇宙防衛司令部
not	noun	NOT|否定|ない|ではない|ません|ではなく|じゃない
nabataean	noun	ナバテア人
naberezhnye chelny	noun	ナーベレジヌイェ・チェルヌイ
nabi saleh	noun	ナビー・サリ|ナビー・サーリフ
nablus	noun	ナブルス
nadezhda	noun	ナデジダ
nadia	noun	ナディア
nadiya	noun	ナデジダ
nadsat	noun	ナッドサット
nagaland	noun	ナガランド|ナガランド州
nagano	noun	長野
nagaoka	noun	長岡
nagasaki	noun	長崎
nagorno-karabakh	noun	ナゴルノ・カラバフ
nagoya	noun	名古屋
nagpur	noun	ナーグプル
naha	noun	那覇
nahuatl	noun	ナワトル語
nahum	noun	ナホム書
nainital	noun	ネーニータール
nairobi	noun	ナイロビ
naka	noun	那珂
nakano	noun	中野
nakatsu	noun	中津
nakba	noun	ナクバ
nakhichevan	noun	ナヒチェヴァン
nakhodka	noun	ナホトカ
nalchik	noun	ナリチク
namibia	noun	ナミビア
nampo	noun	南浦
namur	noun	ナミュール
nan'yō	noun	南陽
nanai	noun	へジェン族|ナナイ|ナーナイ|ホジェン族
nanchang	noun	南昌
nancy	noun	ナンシー
nanda	noun	孫陀利難陀|孫陀羅難陀
nanjing	noun	南京|金陵
nanjō	noun	南城
nanning	noun	南寧
nanterre	noun	ナンテール
nanto	noun	南砺
nantong	noun	南通
nantou	noun	南投
nanzhao	noun	南詔
naomi	noun	ナオミ|直美|真実
napier grass	noun	エレファントグラス|オニチカラシバ|ナピアグラス|ネピアグラス
naples	noun	ナポリ
napoleon	noun	ナポレオン
nara	noun	奈良県|奈良|奈良市
narita	noun	成田
narnia	noun	ナルニア国
naruto	noun	鳴門
naruto run	noun	ナルト走り
naryan-mar	noun	ナリヤン・マル
nashik	noun	ナーシク
nashville	noun	ナッシュビル|ナッシュヴィル
nassau	noun	ナッソー
nastaliq	noun	ナスタアリーク体
nasu	noun	那須
natalie	noun	ナタリー
natasha	noun	ナターシャ
nathan	noun	ネーサン
nathanael	noun	ナタナエル
national aeronautics and space administration	noun	アメリカ航空宇宙局|米国航空宇宙局|米航空宇宙局
national bolshevism	noun	民族ボルシェヴィズム
national diet	noun	国会
national league	noun	ナショナルリーグ|ナ・リーグ
national socialism	noun	国家社会主義|国民社会主義|民族社会主義
national socialist german workers' party	noun	国民社会主義ドイツ労働者党
natori	noun	名取
nauru	noun	ナウル
nauruan	noun	ナウル語
nausicaa	noun	ナウシカアー
navajo	noun	ナバホ|ナバホ族|ナバホ語|ナヴァホ語
navalny	noun	ナバリヌイ|ナワリヌイ|ナワルニー|ナヴァリヌィ|ナヴァーリヌイ
navarre	noun	ナバラ
navarrenx	noun	ナバランクス|ナヴァランクス
navi mumbai	noun	ナビムンバイ
naypyidaw	noun	ネピドー
nazarbayev	noun	ナザルバエフ
nazareth	noun	ナザレ
nazarite	noun	ナジル人
nazi	adjective	ナチ|ナチス
nazi germany	noun	ナチス・ドイツ
nazi salute	noun	ナチス式敬礼
nazification	noun	ナチ化
nazism	noun	ナチズム
naʼvi	noun	ナヴィ|ナヴィ語
neanderthal	noun	ネアンデルタール人
neapolitan	adjective	ナポリの|ナポリ語|ナポリタンアイスクリーム|ナポリ人
near east	noun	近東
nebraska	noun	ネブラスカ
negeri sembilan	noun	ヌグリ・スンビラン
negidal	noun	ネギダール|ネギダール語
negrophobia	noun	ニグロフォビア|黒人恐怖症
negros	noun	ネグロス島
negros oriental	noun	東ネグロス
nehemiah	noun	ネヘミヤ記|ネヘミヤ
nehru	noun	ネルー
nejapa	noun	ネハパ
nemesis	noun	ネメシス|報復
nemuro	noun	根室
neolithic	adjective	新石器時代
nepal	noun	ネパール|ニハラ
nepali	adjective	ネパールの|ネパール人|ネパール語
neptune	noun	海王星|ネプチューン|ネプトゥーン|ネプトゥヌス
neptunian	noun	海王星人
neptunism	noun	水成説|水成論
nereid	noun	ネーレーイス
nereus	noun	ネーレウス
nerima	noun	練馬
nero	noun	ネロ
nessie	noun	ネッシー
netanyahu	noun	ネタニヤフ
netherlands	noun	オランダ|ネーデルランド|蘭国|阿蘭陀
netherlands antilles	noun	オランダ領アンティル
neuchâtel	noun	ヌーシャテル
neva	noun	ネバ|ネヴァ
nevada	noun	ネバダ
new britain	noun	ニューブリテン
new brunswick	noun	ニューブランズウィック
new caledonia	noun	ニューカレドニア
new delhi	noun	ニューデリー|ニュー・デリー
new england	noun	ニューイングランド
new english	noun	近代英語
new france	noun	ヌーベルフランス
new guinea	noun	ニューギニア
new hampshire	noun	ニューハンプシャー
new holland	noun	ニューホランド
new iberia	noun	ニューアイビーリア|ニューイベリア
new jersey	noun	ニュージャージー
new mexico	noun	ニューメキシコ|新メキシコ
new norwegian	noun	ニーノシュク
new orleans	noun	ニューオーリンズ|ラ・ヌーヴェル＝オルレアン
new rochelle	noun	ニューロシェル|ニュー・ロシェル
new south wales	noun	ニューサウスウェールズ
new spain	noun	ヌエバ・エスパーニャ
new taipei	noun	新北
new taiwan dollar	noun	ニュー台湾ドル|台湾ドル|新台湾ドル
new testament	noun	新約聖書
new world	adjective	新世界|新大陸
new world order	noun	新世界秩序
new world monkey	noun	新世界ザル
new world vulture	noun	コンドル
new year	noun	新年
new year's day	noun	元日|元旦
new year's eve	noun	大晦日
new year's resolution	noun	新年の抱負
new york	noun	ニューヨーク|ニューヨーク州|紐育
new york city	noun	ニューヨーク|ニューヨーク市|紐育|ニューヨークシティ
new york state	noun	ニューヨーク州
new yorker	noun	ニューヨーカー|ニューヨーク人
new zealand	noun	ニュージーランド|ニュー・ジーランド|乳国
new zealand dollar	noun	ニュージーランドドル
new zealand spinach	noun	蔓菜
new zealander	noun	ニュージーランド人
newari	noun	ネパール・バサ語
newcastle	noun	ニューカッスル
newcastle disease	noun	ニューカッスル病
newcastle upon tyne	noun	ニューカッスル・アポン・タイン
newfoundland	noun	ニューファンドランド|ニューファンドランド島
newfoundland and labrador	noun	ニューファンドランド・ラブラドール
newspeak	noun	ニュースピーク|新語
newton	noun	ニュートン
newton's first law	noun	ニュートンの第1法則
newton's second law	noun	ニュートンの第2法則
newton's third law	noun	ニュートンの第3法則
ngawi	noun	ガウィ
nguyen	noun	グエン
niagara falls	noun	ナイアガラの滝|ナイアガラフォールズ|ナイアガラ・フォールズ
niamey	noun	ニアメー
nicaea	noun	ニカイア
nicaragua	noun	ニカラグア
nice	noun	ニース|優しい|綺麗|快い|素敵|良い
nicene creed	noun	ニカイア信条
nicholas	noun	ニコラス
nicobar pigeon	noun	蓑鳩
nicosia	noun	ニコシア
nietzsche	noun	ニーチェ
nietzschean	adjective	ニーチェの
nietzscheanism	noun	ニーチェ教
niger	noun	ニジェール|ニジェール川
nigeria	noun	ナイジェリア
nigerian	noun	ナイジェリア人
nihonbashi	noun	日本橋
nihonmatsu	noun	二本松
niigata	noun	新潟
niihama	noun	新居浜
nikkei	adjective	日系|日系人
nikkō	noun	日光
nikolayevsk	noun	ニコラエフスク
nikolayevsk-on-amur	noun	ニコラエフスク・ナ・アムーレ
nile	noun	ナイル川
nile perch	noun	ナイルパーチ
nine mile	noun	ナイン・マイル
nineveh	noun	ニネヴェ
ning'an	noun	寧安
ningbo	noun	寧波
ningguta	noun	ニングタ
ningxia	noun	寧夏
ninh bình	noun	寧平
ninh thuận	noun	寧順
ninomiya	noun	二宮
nintendo	noun	任天堂|ニンテンドー
nintendocore	noun	ニンテンドーコア
nintendrone	noun	任天堂信者|任豚|妊娠
nio	noun	仁王
nippo-		和|日
nippon daisy	noun	浜菊
nipponbashi	noun	日本橋
nipponize	verb	日本化|仮名書きする|和訳する|日本語に翻訳する
nippori	noun	日暮里
nishinoomote	noun	西之表
nishio	noun	西尾
nishiwaki	noun	西脇
niue	noun	ニウエ
nivkh	noun	ニヴフ語
nivôse	noun	ニヴォーズ|雪月
nix	noun	ニクス
nixon	noun	ニクソン
nizhny novgorod	noun	ニジニ・ノヴゴロド
niçois	adjective	ニース人
niçoise salad	noun	ニース風サラダ
niš	noun	ニシュ
no.	noun	No.|№
noah	noun	ノア
noah's ark	noun	ノアの箱舟
nobel prize	noun	ノーベル賞
nobeoka	noun	延岡
noborito	noun	登戸
noel	noun	ノエル
nogai	noun	ノガイ人|ノガイ語
noh	noun	能|能楽
nokia	noun	ノキア
nord-pas-de-calais	noun	ノール＝パ・ド・カレー
nordic combined	noun	ノルディック複合
nordic countries	noun	北欧諸国
norfolk island	noun	ノーフォーク島
norilsk	noun	ノリリスク
normandy	noun	ノルマンディー
norrbotten	noun	ノールボッテン
norse	adjective	北欧
north africa	noun	北アフリカ
north america	noun	北アメリカ|北米
north atlantic	noun	北大西洋
north atlantic treaty organization	noun	北大西洋条約機構
north bay	noun	ノースベイ
north brabant	noun	北ブラバント州
north carolina	noun	ノースカロライナ|北カロライナ
north caucasus	noun	北コーカサス
north dakota	noun	ノースダコタ|北ダコタ
north gyeongsang	noun	慶尚北|慶尚北道
north holland	noun	北オランダ|北ホラント
north india	noun	北インド
north island	noun	北島
north korea	noun	北朝鮮|北韓
north korean	adjective	北朝鮮の|北朝鮮人
north macedonia	noun	北マケドニア
north pole	noun	北極|北極点|N極
north pyongan	noun	平安北道
north rhine-westphalia	noun	ノルトライン＝ヴェストファーレン州
north sea	noun	北海
north star	noun	北極星
north vietnam	noun	北ベトナム
north yemen	noun	北イエメン
north yorkshire	noun	ノース・ヨークシャー|北ヨークシャー
northern cyprus	noun	北キプロス
northern europe	noun	北ヨーロッパ|北欧
northern hemisphere	noun	北半球
northern ireland	noun	北アイルランド|ノーザンヌ アイルランド
northern ladle	noun	北斗
northern mariana islands	noun	北マリアナ諸島
northern min	noun	閩北語
northern ndebele	noun	北ンデベレ語
northern sea route	noun	北方航路|北極海航路
northern territories	noun	北方領土
northern territory	noun	ノーザンテリトリー
northwest territories	noun	ノースウエスト準州
norway	noun	ノルウェー|諾威
norway maple	noun	ノルウェーカエデ|ノルウェー楓|ノルウェー槭
norwegian	adjective	ノルウェー|ノルウェー語|ノルウェー人
norwegian sea	noun	ノルウェー海
norwegian forest cat	noun	ノルウェージャンフォレストキャット
norwich	noun	ノリッチ
nostradamus	noun	ノストラダムス
notre dame	noun	ノートルダム|ノートルダム大聖堂
nottingham	noun	ノッチンガム
nouakchott	noun	ヌアクショット
nouméa	noun	ヌメア
nova kakhovka	noun	ノヴァ・カホウカ
nova scotia	noun	ノバスコシア|ノバスコシア州
novaya zemlya	noun	ノヴァヤゼムリャ
nove	noun	ノーヴ
november	noun	十一月|霜月
novgorod	noun	ノブゴロド|ノヴゴロド
novi sad	noun	ノヴィサド
novokuznetsk	noun	ノヴォクズネツク
novorossiya	noun	ノヴォロシア
novorossiysk	noun	ノヴォロシースク
novosibirsk	noun	ノヴォシビルスク|ノボシビルスク
nowruz	noun	ノウルーズ
nozawaonsen-mura	noun	野沢温泉村
nubia	noun	ヌビア
nueva ecija	noun	ヌエバエシハ|ヌエヴァ・エシハ
nueva vizcaya	noun	ヌエバビスカヤ
nuku'alofa	noun	ヌクアロファ
numazu	noun	沼津
number of the beast	noun	獣の数字
numbers	noun	民数記
numidia	noun	ヌミディア
nunavut	noun	ヌナブト|ヌナブト準州
nur-sultan	noun	ヌルスルタン
nuremberg	noun	ニュルンベルク
nutella	noun	ヌテラ
nuuk	noun	ヌーク|ゴットホープ
nynorsk	noun	ニーノシュク
nyx	noun	ニュクス
nüshu	noun	女書
nüwa	noun	女媧
o	noun	ああ|よ|オウ
o'connor	noun	オコナー
o'malley	noun	オマリー
ob-gyn	noun	産婦人科学|産婦人科|産婦人科医
ok	adjective	OK|はい|よし|オーケー|大丈夫|まあまあ|オッケー
ol	noun	OL|オフィスレディー|オーエル
oled	noun	OLED
op	noun	スレ主|一
oahu	noun	オアフ
oakland	noun	オークランド
ob	noun	オビ川
obadiah	noun	オバデヤ書
obama	noun	オバマ|小浜
oberon	noun	オベロン
obon	noun	お盆|盂蘭盆|盂蘭盆會
occam's razor	noun	オッカムの剃刀
occidental mindoro	noun	西ミンドロ
occitan	noun	オック語|オクシタニア語
occitania	noun	オクシタニア
occitanie	noun	オクシタニー|オクシタニー地域圏
oceania	noun	オセアニア|大洋州
oceanus	noun	オーケアノス
october	noun	十月|神無月
october revolution	noun	十月革命
odawara	noun	小田原
oder	noun	オーデル川
odessa	noun	オデッサ
odin	noun	オーディン
odisha	noun	オリッサ
odoacer	noun	オドアケル
odysseus	noun	オデュッセウス
odyssey	noun	オデュッセイア
oedipus	noun	エディプス|オイディプース
oedipus complex	noun	エディプスコンプレックス
oga	noun	男鹿半島|男鹿市|男鹿国定公園
ogasawara	noun	小笠原
oghuz	noun	オグズ
ogikubo	noun	荻窪
ohio	noun	オハイオ州|オハイオ|オハイオ川
ohm's law	noun	オームの法則
oita	noun	大分
ojibwe	noun	アニシナーベ語|オジブウェー語|オジブワ族
okayama	noun	岡山
okazaki	noun	岡崎
okazaki fragment	noun	岡崎フラグメント
okhotsk	noun	オホーツク
okinawa	noun	沖縄|沖縄県|沖縄市
okinawa rail	noun	山原水鶏
okinawan	adjective	沖縄|沖縄人|沖縄語|沖縄方言
okinawan habu	noun	波布|飯匙倩
okinotorishima	noun	沖ノ鳥島
oklahoma	noun	オクラホマ
oklahoma city	noun	オクラホマ・シティ|オクラホマ市
old church slavonic	noun	古代教会スラヴ語
old east slavic	noun	古東スラヴ語
old english	noun	古英語
old english sheepdog	noun	オールド・イングリッシュ・シープドッグ
old french	noun	古フランス語
old high german	noun	古高ドイツ語
old japanese	noun	上代日本語|上代語
old maid	noun	ババ抜き|婆抜き|ババ
old norse	noun	古ノルド語
old persian	noun	古代ペルシア語
old prussian	noun	プルーセン
old slavonic	noun	古代教会スラヴ語
old testament	noun	旧約聖書
old turkic	noun	突厥文字
old world	noun	旧世界|旧大陸
old world flycatcher	noun	鶲
old world monkey	noun	旧世界ザル
old world vulture	noun	禿鷲
oliver	noun	オリバー
olivia	noun	オリビア
olongapo	noun	オロンガポ
olsztyn	noun	オルシュティン
oltenia	noun	オルテニア
olympiad	noun	オリンピアード
olympias	noun	オリュンピアス
olympic	adjective	オリンピアの|オリンピック|オリンポス山の|五輪
olympic games	noun	オリンピック|オリンピック競技大会|五輪
olympic rings	noun	五輪
olympic valley	noun	オリンピックバレー
olympic winter games	noun	冬季オリンピック
olympic village	noun	選手村
olympics	noun	オリンピック|五輪
olympus	noun	オリンポス山
oléron	noun	オレロン
oman	noun	オマーン
omsk	noun	オムスク
onega	noun	オネガ湖
ontario	noun	オンタリオ|オンタリオ湖
oort cloud	noun	オールトの雲
ophelia	noun	オフィーリア
ophiotaurus	noun	オピオタウロス
ophiuchus	noun	へびつかい座
opium war	noun	アヘン戦争|阿片戦争
oppenheimer	noun	オッペンハイマー
ops	noun	オプス
oran	noun	オラン
oranjestad	noun	オラニエスタッド
ordnance survey	noun	陸地測量局
ordovician	noun	オルドビス紀
oregon	noun	オレゴン
orenburg	noun	オレンブルク
oreo	noun	オレオ
oriental	adjective	東方|東洋
oriental mindoro	noun	東ミンドロ
oriental republic of uruguay	noun	ウルグアイ東方共和国
oriental studies	noun	東洋学|アジア学|東方学
orinoco	noun	オリノコ川
orion	noun	オリオン座|オーリーオーン
oristano	noun	オリスターノ
oriya	noun	オリヤー語
orleans	noun	オルレアン
orleans county	noun	オーリンズ郡
ormoc	noun	オルモック
orne	noun	オルヌ
oroch	noun	オロチ|オロチ語
orok	noun	ウィルタ|ウイルタ|オロッコ|ウィルタ語|ウイルタ語|オロッコ語
oromo	noun	オロモ語
oroqen	adjective	オロチョン|オロチョン族
orpheus	noun	オルフェウス
orthodox	adjective	オーソドックス|正教
orthodox church	noun	正教会
orthodoxy	noun	正教|正教会|正統
orthosie	noun	オーソシエ
orthrus	noun	オルトロス
orwell	noun	オーウェル
oryol	noun	オリョール
osaka	noun	大阪市|大阪
oscar	noun	オスカー
osh	noun	オシ
oshawa	noun	オシャワ
osijek	noun	オシエク
osiris	noun	オシリス
oslo	noun	オスロ
osona	noun	ウゾーナ
ossetia	noun	オセチア
ossetian	noun	オセチア人|オセチア語
ostrava	noun	オストラヴァ
ota	noun	大田
otaheite apple	noun	アマヤニリンゴ|タヒチモンビン|タマゴノキ
otaru	noun	小樽
othniel	noun	オトニエル
otsu	noun	大津
ottawa	noun	オタワ
otto	noun	オットー
ottoman	adjective	オスマン|オットマン
ottoman empire	noun	オスマン帝国
ottoman turkish	noun	オスマン語|オスマン・トルコ語
ouagadougou	noun	ワガドゥグー
ouahigouya	noun	ワヒグヤ
ouarzazate	noun	ワルザザト|ワルザザート
ouija	noun	ウィジャボード
our lady of sorrows	noun	悲しみの聖母
outer manchuria	noun	外満洲
outer mongolia	noun	外蒙古
oval office	noun	オーバルオフィス|大統領執務室
owston's tit	noun	オーストンヤマガラ
oxford	noun	オックスフォード
oxyrhynchus	noun	オクシリンコス
oyashio	noun	親潮
oz	noun	オズ
pc	noun	パソコン|PC|ヶ|個
pc communication	noun	パソコン通信
pda	noun	PDA|携帯情報端末
phev	noun	PHEV|プラグインハイブリッド自動車
pin	noun	PIN|PIN番号|個人識別番号|暗証番号|ピン|鋲|留める
plc	noun	K.K.|上場株式会社|株式会社
psb	noun	警察署
pta	noun	PTA
pto	noun	PTA
pacific ocean	noun	太平洋
pacific herring	noun	ニシン|鰊
pacific sandfish	noun	蝦夷鰰
pacific saury	noun	サンマ
padang	noun	パダン
padishah	noun	パーディシャー
padmasambhava	noun	莲花生大士
paektu	noun	白頭山|長白山
pagadian	noun	パガディアン
pahang	noun	パハン
paiwan	noun	パイワン人|パイワン族|パイワン語
pakistan	noun	パキスタン
pakistani	adjective	パキスタン|パキスタン人
palace of westminster	noun	ウェストミンスター宮殿
palau	noun	パラオ
palauan	noun	パラオ語
palawan	noun	パラワン島
palembang	noun	パレンバン
paleoarchean	noun	古太古代
paleolithic	noun	旧石器時代
palermo	noun	パレルモ
palestine	noun	パレスチナ
palestinian	adjective	パレスチナ|パレスチナ人
pali	noun	パーリ語
palikir	noun	パリキール
pallas	noun	パラス
pallas's gull	noun	大頭黒鴎
pallas's sandgrouse	noun	沙鶏
pallava	noun	パッラヴァ
palm sunday	noun	パームサンデー
pamir	noun	パミール|パミール高原
pampanga	noun	パンパンガ
pan	noun	パン
pan-slavism	noun	汎スラヴ主義
pan-turkism	noun	汎テュルク主義
panaji	noun	パナジ
panama	noun	パナマ
panama canal	noun	パナマ運河
panama city	noun	パナマ市
panama hat	noun	パナマ帽
panasonic	noun	パナソニック|松下
panay	noun	パナイ島
panchen lama	noun	パンチェン・ラマ
panchimalco	noun	パンチマルコ
pancras	noun	パンクラティウス
pandora	noun	パンドーラー
pandora's box	noun	パンドーラーの箱|パンドラの箱|玉手箱
panevėžys	noun	パネヴェジース
pangaea	noun	パンゲア大陸
pangasinan	noun	パンガシナン|パンガシナン語
pangkal pinang	noun	パンカルピナン
pangu	noun	盤古
panmunjom	noun	板門店
panthalassa	noun	パンサラッサ
pantin	noun	パンタン
panzerfaust	noun	パンツァーファウスト
pap smear	noun	パップテスト
pap test	noun	パップテスト
papal states	noun	教皇領
papeete	noun	パペーテ
papenburg	noun	パーペンブルク
papiamento	noun	パピアメント語
papiamentu	noun	パピアメント語
papua	noun	パプア
papua new guinea	noun	パプアニューギニア
paracel islands	noun	パラセル諸島|西沙諸島
paradise	noun	天国|エデンの園|楽園|パラダイス|天堂|極楽
paraguay	noun	パラグアイ
paraguayan	noun	パラグアイ人
paralympian	noun	パラリンピアン
paralympic games	noun	パラリンピック|パラリンピック競技大会
paramaribo	noun	パラマリボ
paraná	noun	パラナ
parashurama	noun	パラシュラーマ
paraíba	noun	パライバ
parañaque	noun	パラニャーケ
paris	noun	パリ|巴里|パリス
paris syndrome	noun	パリ症候群
parisian	noun	パリジャン
parisienne	noun	パリジェンヌ
parkinson's disease	noun	パーキンソン病
parma	noun	パルマ
paro	noun	パロ
parthenon	noun	パルテノン
parthia	noun	パルティア
parthian empire	noun	パルティア帝国
parvati	noun	パールヴァティー
pará	noun	パラー
pasay	noun	パサイ
pascal	noun	Pascal|パスカル
pascal's wager	noun	パスカルの賭け
pashto	noun	パシュトー語
pashtunwali	noun	パシュトゥーンワーリ
pasig	noun	パシッグ
pasiphae	noun	パシファエ
passi	noun	パッシ
passover	noun	過越
patagonia	noun	パタゴニア
patagonian cypress	noun	アレルセ|パタゴニアヒバ
patil	noun	パティル
patna	noun	パトナ
patras	noun	パトレ
patrick	noun	パトリック|パトリーツィオ
patrimonio	noun	パトリモニオ
patroclus	noun	パトロクロス
pau	noun	ポー|パーウ
paul	noun	パウロ|ポール
paulette	noun	ポーレット
pauli exclusion principle	noun	パウリの定理|パウリの排他原理
paulínia	noun	パウリニア
pavo	noun	孔雀座
pax americana	noun	パクス・アメリカーナ
pearl harbor	noun	パールハーバー|真珠湾
pecheneg	noun	ペチェネグ
pechora pipit	noun	セジロタヒバリ
pegasus	noun	ペガサス|天馬|ペーガソス|ペガスス座
peitho	noun	ペイトー
peking man	noun	北京原人
peking duck	noun	北京ダック
peking opera	noun	ジンジュウ|京劇
pekingese	noun	ペキニーズ
peleg	noun	ペレグ
peleus	noun	ペレウス
peloponnese	noun	ペロポネソス半島
peltier effect	noun	ペルチェ効果
penang	noun	ペナン島
pence	noun	ペンス
penghu	noun	澎湖
pennsylvania	noun	ペンシルベニア
penrose stairs	noun	ペンローズ階段
pentagon	noun	ペンタゴン|五稜堡|五角形
pentateuch	noun	モーセ五書
pentecost	noun	ペンテコステ
penza	noun	ペンザ
people of the book	noun	啓典の民
people's democratic republic of algeria	noun	アルジェリア民主人民共和国
people's democratic republic of yemen	noun	イエメン民主人民共和国
people's liberation army	noun	中国人民解放軍
people's party	noun	人民党
people's republic of albania	noun	アルバニア人民共和国
people's republic of china	noun	中華人民共和国
pepsi	noun	ペプシ|ペプシコーラ
perak	noun	ペラ州
perdita	noun	ペルディータ
pericles	noun	ペリクレス
perioikoi	noun	ペリオイコイ
perlis	noun	ペルリス
perm	noun	ペルミ|パーマにする
permian	noun	ペルム紀
pernambuco	noun	ペルナンブーコ
perpignan	noun	ペルピニャン
persephone	noun	ペルセポネー
persepolis	noun	ペルセポリス
perseus	noun	ペルセウス|ペルセウス座
persia	noun	ペルシア|ペルシャ|波斯
persian	adjective	ペルシア|ペルシア人|ペルシア語
persian gulf	noun	ペルシア湾|ペルシャ湾
persian cat	noun	ペルシャ
perth	noun	パース
peru	noun	ペルー
perugia	noun	ペルージャ
perun	noun	ペルーン
peruvian	adjective	ペルー|ペルー人
peshawar	noun	ペシャーワル
peter	noun	ピーター|ペテロ|ペトロ|ペトロス|ペテロの手紙
peter pan syndrome	noun	ピーターパン症候群
peters's elephantnose fish	noun	エレファントノーズフィッシュ
petra	noun	ペトラ
petrarch	noun	ペトラルカ
petrarchan sonnet	noun	イタリア風ソネット|ペトラルカ風ソネット
petrarchism	noun	ペトラルカ主義
petrograd	noun	ペトログラード
petropavlovsk-kamchatsky	noun	ペトロパブロフスク|ペトロパブロフスク・カムチャツキー
petrovich	noun	ペトローヴィチ
petrozavodsk	noun	ペトロザヴォーツク
peugeot	noun	プジョー
pe̍h-ōe-jī	noun	教会ローマ字|白話字
phaistos	noun	ファイストス
pharisee	noun	パリサイ人|ファリサイ派
pharsalia	noun	パルサリア|ファルサリア|内乱
phaëthon	noun	パエトーン
philadelphia	noun	フィラデルフィア
philemon	noun	ピレモンへの手紙|ピレモン
philip	noun	フィリップ
philippians	noun	ピリピ人への手紙
philippine islands	noun	フィリピン諸島|比島
philippine sea	noun	フィリピン海|比律賓海
philippine cuckoo-dove	noun	フィリピンオナガバト
philippine eagle	noun	フィリピン鷲|猿食鷲
philippines	noun	フィリピン|比律賓
philistine	noun	ペリシテ人|俗っぽい.
phillips head	noun	プラスドライバー|プラスネジ
phillips screwdriver	noun	プラスドライバー
phineas	noun	フィニアス
phinehas	noun	ピネハス
phnom penh	noun	プノンペン
phobos	noun	フォボス|ポボス
phoebe	noun	フィービー|ポイベー|ポイベ
phoebus	noun	ポイボス
phoenicia	noun	フェニキア
phoenician	noun	フェニキア人
phoenix	noun	フェニックス|不死鳥|鳳凰|鳳凰座|火の鳥
phrygian cap	noun	フリジア帽
phuket	noun	プーケット
phú quốc	noun	フークオック島|フーコック島
pi	noun	郫|パイ|円周率
pi day	noun	円周率の日
piauí	noun	ピアウイ
picardy	noun	ピカルディ|ピカルディ地域圏
picasso	noun	ピカソ
pichilemu	noun	ピチレム
piedmont	noun	ピエモンテ|ピエモンテ州
piedmontese	noun	ピエモンテ人|ピエモンテ語
pierre	noun	ピエール
pierrot	noun	ピエロ
pijin	noun	ピジン語
pikachu	noun	ピカチュウ
pilates	noun	ピラティス
pilsen	noun	ピルゼン
pimpri-chinchwad	noun	ピンプリ・チンチワッド
pinggu	noun	平谷
pingliang	noun	平涼
pingluo	noun	平羅
pingshun	noun	平順
pingtung	noun	屏東
pingyang	noun	平陽
pingyao	noun	平遥
pinocchio	noun	ピノキオ|ピノッキオ
pinyin	noun	ピンイン|拼音|ピン音|併音
pippi longstocking	noun	長くつ下のピッピ
pisa	noun	ピサ
pisces	noun	魚座|うお座
pisciotta	noun	ピショッタ
pitcairn islands	noun	ピトケアン諸島
pitjantjatjara	noun	ピチャンチャチャラ語
planck	noun	プランク
planck length	noun	プランク長
planck scale	noun	プランクスケール
planck star	noun	プランク星
planck time	noun	プランク時間
planck's constant	noun	プランク定数
planet x	noun	惑星X
plato	noun	プラトン
playstation	noun	プレイステーション
playboy	noun	プレイボーイ|やりちん|遊び人
playboy bunny	noun	バニーガール
pleiades	noun	プレイアデス|プレアデス星団|昴|スバル
pliny	noun	プリーニウス
plurinational state of bolivia	noun	ボリビア多民族国
plutarch	noun	プルタルコス
pluto	noun	プルートー|冥王星|プルート
plutonian	noun	冥王星人
plutus	noun	プルートス
pluviôse	noun	プリュヴィオーズ|雨月
plymouth	noun	プリマス
pnyx	noun	プニュクス
po	noun	ポー川
po valley	noun	ポー平原
podgorica	noun	ポドゴリツァ
podhale	noun	ポドハレ
pohang	noun	浦項
pointe-à-pitre	noun	ポワンタピートル
poipet	noun	ポイペト
poisson distribution	noun	ポアソン分布
poisson process	noun	ポアソン過程
poitou	noun	ポワトゥー
poitou-charentes	noun	ポワトゥー＝シャラント
pokémon	noun	ポケットモンスター|ポケモン
poland	noun	ポーランド|ポーランド共和国
polaris	noun	北極星
pole	noun	ポーランド人|棒|竿|極
polish	adjective	ポーランド|ポーランド語|研磨剤|つや|光沢|平ら|研ぐ
polish notation	noun	ポーランド記法
polish space	noun	ポーランド空間
polonization	noun	ポーランド化
polotsk	noun	ポラツク
polynesia	noun	ポリネシア
pomeranian	noun	ポメラニアン
pompeii	noun	ポンペイ
poole	noun	プール
popemobile	noun	パパモビル
pori	noun	ポリ
porsche	noun	ポルシェ
port blair	noun	ポートブレア
port louis	noun	ポートルイス|ポール＝ルイ
port moresby	noun	ポートモレスビー
port said	noun	ポートサイド|ポート・サイド|ポート・サイード
port vila	noun	ポートビラ
port of spain	noun	ポートオブスペイン|ポート・オブ・スペイン
port-au-prince	noun	ポルトープランス
portia	noun	ポーシャ
portmore	noun	ポートモア
porto vecchio	noun	ポルト・ヴェッキオ|ポルト＝ヴェッキオ
porto-novo	noun	ポルトノボ
portoferraio	noun	ポルトフェッラーイオ
portsmouth	noun	ポーツマス
portugal	noun	ポルトガル|葡萄牙|葡国
portuguese	adjective	ポルトガル語|ポルトガル|ポルトガル人|葡語
portuguese republic	noun	ポルトガル共和国
portuguese water dog	noun	ポーチュギーズ・ウォーター・ドッグ
portuguese man-of-war	noun	カツオノエボシ|鰹の烏帽子
poseidon	noun	ポセイドーン|ポセイドン
potawatomi	noun	ポタワトミ語
potemkin village	noun	ハリボテ
potsdam	noun	ポツダム
potter	noun	ポッター|陶工
poznan	noun	ポズナニ|ポズナン
prague	noun	プラハ
praia	noun	プライア
prairial	noun	プレリアール|牧月
prancer	noun	プランサー
preeti	noun	プリーティ
presbyterian	adjective	プレスビテリアン|長老派
presbyterianism	noun	長老教|長老派|長老派教会
presley	noun	プレスリー
pretoria	noun	プレトリア
pride	noun	プライド|傲慢|自慢|誇り
primorsky krai	noun	プリモルスキー地方|沿海地方
prince charming	noun	王子様|プリンス・チャーミング
prince edward island	noun	プリンスエドワードアイランド
prince of wales	noun	ウェールズ公|プリンス・オブ・ウェールズ
pringle	noun	プリングルズ
pristina	noun	プリシュティナ
probolinggo	noun	プロボリンゴ
prohibition	noun	禁酒|禁酒令|禁止|差し止め|禁制|禁止法
prometheus	noun	プロメテウス
promised land	noun	約束の地
proterozoic	noun	原生代
protestant	noun	プロテスタント
protestantism	noun	新教|プロテスタンティズム
proto-germanic	noun	ゲルマン祖語
proto-indo-european	noun	インド・ヨーロッパ祖語|印欧祖語
proto-italic	noun	イタリック祖語
proto-japonic	noun	日本祖語|日琉祖語
proto-slavic	noun	スラヴ祖語
proto-tungusic	noun	ツングース祖語
proto-turkic	noun	テュルク祖語
provence	noun	プロヴァンス|プロバンス
provençal	noun	プロヴァンス語
proverbs	noun	箴言|しんげん
providence	noun	プロビデンス|摂理
provo	noun	プロボ|プロヴォ
prussia	noun	プロイセン
prussian blue	adjective	ベレンス|紺青
przewalski's horse	noun	モウコノウマ|蒙古野馬
psaki	noun	サキ
psalms	noun	詩篇|しへん
pskov	noun	プスコフ
psyche	noun	プシューケー|プシケ|精神
ptolemy	noun	プトレマイオス
puck	noun	パック
puducherry	noun	ポンディシェリ
puebla	noun	プエブラ
puerto galera	noun	プエルトガレラ
puerto rican	noun	プエルトリコ人
puerto rico	noun	プエルトリコ
punakha	noun	プナカ
punch	noun	パンチ|殴打|穴|穴開け器|穿孔|穴開け
pune	noun	プネー
punjab	noun	パンジャーブ州|パンジャーブ
punjabi	adjective	パンジャブ|パンジャーブ|パンジャブ語|パンジャーブ語|パンジャブ人|パンジャーブ人
puppis	noun	艫座
pure land	noun	浄土仏教|浄土
purgatory	noun	煉獄
pushkin	noun	プーシキン
puss in boots	noun	長靴をはいた猫
putin	noun	プーチン
putinism	noun	プーチニズム|プーチン主義
putonghua	noun	普通話|北京語
putrajaya	noun	プトラジャヤ
puyuma	noun	プユマ
pyatigorsk	noun	ピャチゴルスク
pyeongchang	noun	平倉洞|平昌|平昌邑|平昌郡
pyongyang	noun	平壌|ピョンヤン
pyrenees	noun	ピレネー山脈
pyrrhic victory	noun	ピュロスの勝利
pyrénées-orientales	noun	東ピレネー県
pythagoras	noun	ピュタゴラス|ピタゴラス
pythagorean theorem	noun	ピタゴラスの定理|三平方の定理
python	noun	Python|パイソン|ニシキヘビ|錦蛇
pyu	noun	ピュー
père david's tit	noun	アカハラガラ
q and a	adjective	Q&A|質疑応答
q fever	noun	Ｑ熱
qanon	noun	Qアノン
qr code	noun	QRコード
qsl card	noun	QSLカード
qantas	noun	カンタス|カンタス航空
qatar	noun	カタール
qidu	noun	七堵|七都
qing	noun	清朝
qing dynasty	noun	清|清朝
qingdao	noun	チンタオ|青島
qinggil	noun	チンギル
qinghai	noun	青海
qingyang	noun	慶陽
qiqihar	noun	チチハル|斉斉哈爾
qitaihe	noun	七台河
qom	noun	ゴム
quaker	noun	クエーカー教徒
quanzhou	noun	泉州|全州
quart	noun	カール|クアール|クォート
quaternary	noun	第四紀
quebec	noun	ケベック|ケベック州
quebec city	noun	ケベック市|ケベック・シティー
quechua	noun	ケチュア語|ケチュア
queensland	noun	クイーンズランド
queenslander	noun	クインズランド人|クインズランド式住宅
quentin	noun	カンタン|クエンティン
quenya	noun	クウェンヤ
queshan	noun	確山
quetta	noun	クエッタ
quezon	noun	ケソン
quezon city	noun	ケソン|ケソンシティ
quiapo	noun	キアポ
quidditch	noun	クィディッチ
quiet revolution	noun	静かなる革命
quirinal hill	noun	クイリナーレの丘
quito	noun	キト
qur'an	noun	クルアーン|コーラン|コラーン
r & b	noun	アールアンドビー
r&d	noun	R&D|研究開発
ram	noun	RAM|雄羊
rcc	noun	赤血球濃厚液
rgb	noun	RGB
rmt	noun	リアルマネートレーディング|リアルマネートレード
rna	noun	RNA
rpg	noun	RPG
rs	noun	RS|ルビサファ
rtfm		マニュアル読め
ra	noun	ラー
rabat	noun	ラバト
rabaul	noun	ラバウル
rabbinic judaism	noun	ラビ・ユダヤ教
rabi i	noun	ラビーア・アル゠アウワル
rabi ii	noun	ラビーア・アッ゠サーニー|ラビーア・アル゠アーヒル
rachel	noun	ラケル
rade	noun	ラデ語
rafah	noun	ラファフ|ラファ
ragnarok	noun	ラグナロク|神々の黄昏
ragusa	noun	ラグーザ
raipur	noun	ラーイプル
rajab	noun	ラジャブ
rajasthan	noun	ラージャスターン
rajasthani	noun	ラージャスターン語
rajkot	noun	ラージコート
ralph	noun	ラルフ
ramadan	noun	ラマダーン|ラマダン
ramah	noun	ラマ
ramallah	noun	ラマッラー|ラーマッラー
ramesses	noun	ラムセス
ranchi	noun	ラーンチー
rangerette	noun	レンジャーレット
raphael	noun	ラファエル
rapture	noun	携挙
rapunzel	noun	ラプンツェル
rasŏn	noun	羅先
ravenclaw	noun	レイブンクロー
ravenna	noun	ラヴェンナ
rawalpindi	noun	ラワルピンディー
raymond	noun	レイモンド|レーモンド
reagan	noun	レーガン
rebecca	noun	レベッカ|リベカ
rebekah	noun	リベカ
received pronunciation	noun	容認発音
recife	noun	レシフェ|レシーフェ
red army	noun	赤軍
red crescent	noun	赤新月
red cross	noun	赤十字|赤十字社
red forest	noun	赤い森
red planet	noun	赤い惑星
red sea	noun	紅海
red square	noun	赤の広場
red star	noun	赤星
reeves' shad	noun	鰣魚
regensburg	noun	レーゲンスブルク
regina	noun	レジーナ
rehoboam	noun	レハブアム
reich	noun	ライヒ|帝国
reichstag	noun	ライヒスターク
reims	noun	ランス
remus	noun	レムス
renaissance	noun	ルネサンス|ルネッサンス|文芸復興|復興、再生
renault	noun	ルノー
republic of albania	noun	アルバニア 共和国
republic of armenia	noun	アルメニア共和国
republic of austria	noun	オーストリア共和国
republic of azerbaijan	noun	アゼルバイジャン共和国
republic of belarus	noun	ベラルーシ共和国
republic of bulgaria	noun	ブルガリア共和国
republic of china	noun	中華民国
republic of colombia	noun	コロンビア共和国
republic of croatia	noun	クロアチア共和国
republic of cuba	noun	キューバ共和国
republic of cyprus	noun	キプロス共和国
republic of côte d'ivoire	noun	コートジボワール共和国
republic of equatorial guinea	noun	赤道ギニア共和国
republic of estonia	noun	エストニア共和国
republic of finland	noun	フィンランド共和国
republic of ghana	noun	ガーナ共和国
republic of guinea-bissau	noun	ギニアビサウ共和国
republic of hungary	noun	ハンガリー共和国
republic of iceland	noun	アイスランド共和国
republic of india	noun	インド共和国
republic of indonesia	noun	インドネシア共和国
republic of iraq	noun	イラク共和国
republic of ireland	noun	アイルランド共和国
republic of kazakhstan	noun	カザフスタン共和国
republic of korea	noun	大韓民国
republic of latvia	noun	ラトビア共和国
republic of letters	noun	文芸共和国
republic of lithuania	noun	リトアニア共和国
republic of macedonia	noun	マケドニア共和国
republic of malta	noun	マルタ共和国
republic of north macedonia	noun	北マケドニア共和国
republic of palau	noun	パラオ共和国
republic of peru	noun	ペルー共和国
republic of poland	noun	ポーランド共和国
republic of serbia	noun	セルビア共和国
republic of singapore	noun	シンガポール共和国
republic of slovenia	noun	スロベニア共和国
republic of south africa	noun	南アフリカ共和国
republic of south sudan	noun	南スーダン共和国
republic of texas	noun	テキサス共和国
republic of turkey	noun	トルコ共和国
republic of türkiye	noun	トルコ共和国
republic of vanuatu	noun	バヌアツ共和国
republic of vietnam	noun	ベトナム共和国
republic of zaire	noun	ザイール共和国
republic of the congo	noun	コンゴ共和国
republic of the philippines	noun	フィリピン共和国
republican	noun	共和党員
republika srpska	noun	スルプスカ共和国
resurrection	noun	再誕|復活|復活蘇生|蘇り
revelation	noun	黙示録|暴露|啓示
reverend	noun	牧師
revised romanization of korean	noun	文化観光部２０００年式
reykjavík	noun	レイキャビク
reynard	noun	ルナール
reynolds	noun	レイノルズ
reynolds number	noun	レイノルズ数
rhea	noun	レア
rhine	noun	ライン川
rhineland	noun	ラインラント
rhineland-palatinate	noun	ラインラント＝プファルツ州
rhode island	noun	ロードアイランド
rhodes	noun	ロードス島|ロードス市
rhodesia	noun	ローデシア
rhone	noun	ローヌ川
riau islands	noun	リアウ諸島
richard	noun	リチャード
richter	noun	リヒター|リクター|リヒテル
richter scale	noun	リヒター・スケール
riemann space	noun	リーマン空間
riemann surface	noun	リーマン面
riemannian geometry	noun	リーマン幾何学
riga	noun	リガ
rigel	noun	リゲル
rijeka	noun	リエカ
ringo	noun	リンゴ
rio grande do norte	noun	リオグランデ・ド・ノルテ
rio grande do sul	noun	リオグランデ・ド・スル
rio de janeiro	noun	リオデジャネイロ|リオ
ripuarian	noun	リプアーリ語
rishi	noun	リシ
rivne	noun	リウネ
riyadh	noun	リヤド
robert	noun	ロバート
roberta	noun	ロバータ
robin	noun	ロビン|ヨーロッパコマドリ
robin hood	noun	ロビン・フッド
roblox	noun	ロブロックス
rochefort	noun	ロシュフォール
rocky mountains	noun	ロッキー山脈
rodinia	noun	ロディニア大陸
rodnovery	noun	ロドノヴェリエ
rodriguez	noun	ロドリゲス
roger	noun	ロジャー|了解|ラジャー
rolls-royce	noun	ロールスロイス
rom	noun	ジプシー|ロマ|ロム
roma	noun	ロマ
roman	adjective	ローマ|ローマ人|ローマ字
roman empire	noun	ローマ帝国
roman numeral	noun	ローマ数字
roman numerals	noun	ローマ数字
roman road	noun	ローマ街道
romance	adjective	ロマンス|ラテン|ロマン|ローマン|恋|恋愛
romance language	noun	ロマンス諸語|ロマンス語
romani	noun	ロマ語|ロマニー語
romania	noun	ルーマニア
romanian	adjective	ルーマニア|ルーマニア語|ルーマニア人
romanization	noun	ラテン文字化|ローマ字|ローマ字化|ローマ字綴り
romanoff	noun	ロマノフ
romans	noun	ローマ人への手紙
romansch	noun	ロマンシュ語
romanticism	noun	ロマン主義|ロマンチシズム
rome	noun	ローマ|羅馬|ローマ帝国
rome wasn't built in a day		ローマは一日にして成らず
romeo	noun	ロミオ|ロメオ
romeo and juliet	noun	ロミオとジュリエット
romney	noun	ロムニー
ronald	noun	ロナルド
rondônia	noun	ロンドニア
rooh afza	noun	ルーアフザ
roosevelt	noun	ルーズベルト|ルーズヴェルト|ローズヴェルト
roquefort	noun	ロックフォール
roquefort-sur-soulzon	noun	ロックフォール＝シュル＝スールゾン
roraima	noun	ロライマ
rosalind	noun	ロザリンド
rose	noun	ローズ|バラ|薔薇|バラの花|バラ色|薔薇色
roseau	noun	ロゾー
rosetta stone	noun	ロゼッタ・ストーン
ross's gull	noun	姫首輪鴎
rossi	noun	ロッシ
rostov	noun	ロストフ
rostov-on-don	noun	ロストフ・ナ・ドヌ
roswell	noun	ロズウェル
rottweiler	noun	ロットワイラー
roubaix	noun	ルーベ
rovaniemi	noun	ロヴァニエミ
roy g. biv	noun	赤橙黄緑青藍紫
royal marines	noun	イギリス海兵隊
rubik's cube	noun	ルービックキューブ
ruby	noun	ルビー|ルビ|振り仮名|紅玉
rudd	noun	ラッド
rudolph the red-nosed reindeer	noun	ルドルフ赤鼻のトナカイ
rudra	noun	ルドラ
ruisui	noun	瑞穂
rumpelstiltskin	noun	ルンペルシュティルツキン
runet	noun	ルネット
rus	noun	ルーシ|ルテニア
ruscism	noun	ラシズム
russia	noun	ロシア|露西亜|露国|魯国|魯西亜
russian	adjective	ロシア|露|ロシア語|ロシア人|露語
russian blue	noun	ロシアンブルー
russian empire	noun	ロシア帝国
russian federation	noun	ロシア連邦
russian manchuria	noun	外満洲
russian orthodox church	noun	ロシア正教会
russian soviet federative socialist republic	noun	ロシア・ソビエト連邦社会主義共和国
russian white house	noun	ベールイ・ドーム
russian doll	noun	マトリョーシカ|マトリョーシカ人形
russian oven	noun	ペチカ|ペーチカ
russian roulette	noun	ロシアンルーレット
russian sturgeon	noun	ロシアのチョウザメ
russianist	noun	ロシア語学者
russification	noun	ロシア化
russki	noun	ロスケ|露助
russo-		ロ|露
russo-japanese	adjective	日ロ|日露
russophilia	noun	親露派
russophobia	noun	反露|反露感情
russophone	noun	ロシア語話者
ruth	noun	ルツ記|ルツ|ルース
ruthenia	noun	ルテニア
rwanda	noun	ルワンダ
ryan	noun	ライアン
ryazan	noun	リャザン
ryugu	noun	リュウグウ
ryukyu	noun	南西諸島|琉球|琉球諸島
ryukyu kingdom	noun	琉球国|琉球王国
ryukyuan	noun	琉球人|琉球民族|琉球語
rzeczpospolita	noun	ジェチュポスポリタ
rzhev	noun	ルジェフ
réunion	noun	レユニオン
rødovre	noun	レズオウア
sars	noun	サーズ
sim card	noun	SIMカード
smersh	noun	スメルシ|スメルシュ
sms	noun	エス・エム・エス|伝言|ＳＭＳ
sql	noun	SQL
swift	noun	国際銀行間金融通信協会|速い|素早い|雨燕|アマツバメ
saar	noun	ザール川
saarbrücken	noun	ザールブリュッケン
saarburg	noun	ザールブルク
sabah	noun	サバ
sabbath	noun	安息日
sabine's gull	noun	首輪鴎
sachertorte	noun	ザッハトルテ|ザッハートルテ
sacramento	noun	サクラメント
sacramento valley	noun	サクラメント平原|桜面都平原
saddam	noun	サッダーム|サッダーム・フセイン
sado	noun	佐渡
sadāparibhūta	noun	常不軽菩薩
safar	noun	サファル
safed	noun	サフェド|ツファット
saga	noun	佐賀市|佐賀県|佐賀
sagittarius	noun	射手座|いて座|人馬宮
sahara	noun	サハラ
sahel	noun	サヘル
sahul	noun	サフル
said	noun	サイード|前記|該
saigon	noun	サイゴン|西貢
saijō	noun	西条
saint	noun	セイント|聖|聖人
saint andrew's cross	noun	聖アンデレ十字
saint barthélemy	noun	サン・バルテルミー|サン・バルテレミー
saint catherine	noun	セント・キャサリン
saint croix	noun	セント・クロイ
saint george	noun	聖ゲオルギオス
saint helena	noun	セントヘレナ
saint kitts and nevis	noun	セントクリストファー・ネイビス|セントキッツ・ネイビス
saint lucia	noun	セントルシア
saint michael	noun	聖ミカエル
saint nicholas	noun	聖ニコラオ
saint petersburg	noun	サンクトペテルブルク
saint pierre and miquelon	noun	サンピエール･ミクロン
saint valentine's day	noun	バレンタイン|バレンタインデー
saint vincent and the grenadines	noun	セントビンセント・グレナディーン|セントヴィンセントおよびグレナディーン諸島
saint-denis	noun	サン＝ドニ
saint-florent	noun	サン・フィオレンツォ|サン＝フロラン
saint-gilles	noun	サン＝ジル
saint-michel-de-chaillol	noun	サン＝ミシェル＝ド＝シャイヨール
saint-pierre	noun	サン・ピエール|サン＝ピエール
saint-pierre-des-corps	noun	サン＝ピエール＝デ＝コール
saint-tropez	noun	サントロペ|サン＝トロペ
saintes	noun	サント諸島
saipan	noun	サイパン|彩帆
saitama	noun	さいたま市|さいたま|埼玉市|埼玉県|埼玉
saka	noun	コータン語|ホータン・サカ語|坂町
sakado	noun	坂戸
sakha	noun	サハ
sakhalin	noun	サハリン|樺太
sakishima	noun	先島
sakra	noun	帝釈天
saku	noun	佐久
sakuragawa	noun	桜川
sakurajima	noun	桜島大根|桜島小みかん|桜島|桜島町
sakyamuni	noun	釈迦|釈迦牟尼
salafism	noun	サラフィズム
salekhard	noun	サレハルド
salerno	noun	サレルノ
salisbury	noun	ソールズベリー
salon-de-provence	noun	サロン＝ド＝プロヴァンス
salt lake city	noun	ソルトレイク・シティ|ソルトレーク・シティ
salt march	noun	塩の行進
saluki	noun	サルーキ
salvador	noun	サルヴァドール
salvation army	noun	救世軍
salzburg	noun	ザルツブルク
salé	noun	サレ
samantabhadra	noun	普賢菩薩
samantha	noun	サマンサ
samar	noun	サマール島
samara	noun	サマーラ|翼果
samaria	noun	サマリア
samarkand	noun	サマルカンド
samhain	noun	サウィン
sami	noun	サーミ人|サーミ|サーミ語
samoa	noun	サモア
samoan	noun	サモア人|サモア語
samogitia	noun	ジェマイティヤ
samoyed	noun	サモイェード|サモエード人|サモエド犬
sampaloc	noun	サンパロック
samson	noun	サムソン
samsun	noun	サムスン
samsung	noun	サムスン|三星
samuel	noun	サムエル|サミュエル|サムエル記
san antonio	noun	サンアントニオ|サン・アントニオ
san diego	noun	サンディエゴ
san francisco	noun	サンフランシスコ|シスコ|桑港
san jose	noun	サンノゼ
san jose del monte	noun	サン・ホセ・デル・モンティ
san josé	noun	サンホセ
san juan	noun	サンフアン
san marino	noun	サン・マリノ|サンマリノ
san pablo tacachico	noun	サン・パブロ・タカチコ
san salvador	noun	サンサルバドル|サン・サルバドール
san sebastián	noun	サン・セバスティアン
sanaa	noun	サヌア|サナア
sancerre	noun	サンセール
sangharama	noun	伽藍
sango	noun	サンゴ語
sanjō	noun	三条
sanmu	noun	山武
sanskrit	noun	サンスクリット|梵語
santa catarina	noun	サンタカタリーナ
santa claus	noun	サンタクロース
santa fe	noun	サンタフェ
santiago	noun	サンティアゴ
santiago de compostela	noun	サンティアゴ・デ・コンポステーラ
santo domingo	noun	サントドミンゴ
santorini	noun	サントリーニ|サントリーニ島
sanya	noun	三亜
sapir-whorf hypothesis	noun	サピア・ウォーフの仮説
sappho	noun	サッポー
sapporo	noun	札幌|札幌市
sarah	noun	サラ
saraiki	noun	サライキ語
sarajevo	noun	サラエボ|サラエヴォ|サライェヴォ
saran wrap	noun	サランラップ
saransk	noun	サランスク
sarasvati	noun	サラスヴァティー|弁才天
saratov	noun	サラトフ
sarawak	noun	サラワク
sardinia	noun	サルデーニャ|サルディニア|サルディーニャ
sardinian	adjective	サルデーニャの|サルデーニャ人|サルディーニャ語|サルデーニャ語
sargasso sea	noun	サルガッソ海
sariputta	noun	舎利弗
sarkozy	noun	サルコジ
sarrebourg	noun	サールブール
sarvanivāraṇaviṣkambhin	noun	除蓋障菩薩
sasha	noun	サシャ
saskatchewan	noun	サスカチュワン|サスカチュワン州
saskatoon	noun	サスカトゥーン
sassarese	noun	サッサリ語
sassari	noun	サッサリ
sat	noun	土|土曜
satan	noun	サタン
satanism	noun	サタニズム|悪魔崇拝|悪魔主義
satanist	noun	サタン主義者|悪魔主義者
sato	noun	佐藤
saturday	noun	土曜日|土曜|どようび
saturn	noun	土星|サターン|サートゥルヌス
saturnian	noun	土星人
saudi arabia	noun	サウジアラビア|サウジ
saul	noun	サウル
sava	noun	サヴァ
savi's warbler	noun	ヌマセンニュウ
savior	noun	救い主|救世主
savoy	noun	サヴォワ
sawndip	noun	古壮字
saxon	adjective	サクソン|サクソン人|サクソン語
saxony	noun	ザクセン|ザクセン州
saxony-anhalt	noun	ザクセン＝アンハルト州
sayyid	noun	サイイド
saïda	noun	サイダ
scandinavia	noun	スカンディナヴィア|スカンジナビア|スカンディナビア
scandinavian peninsula	noun	スカンディナヴィア
schagen	noun	スハーヘン
scheherazade	noun	シェヘラザード
scheldt	noun	スヘルデ川
schengen	noun	シェンゲン
schengen area	noun	シェンゲン圏
schiller	noun	シラー
schleswig-holstein	noun	シュレースヴィヒ＝ホルシュタイン州
schläfli symbol	noun	シュレーフリ記号
scholz	noun	ショルツ
schrödinger's cat	noun	シュレーディンガーの猫
schubert	noun	シューベルト
schumaker	noun	シューマーカー
schutzstaffel	noun	親衛隊
schwartz	noun	シュワルツ
schwarzenegger	noun	シュワルツェネッガー
scientologist	noun	サイエントロジスト
scientology	noun	サイエントロジー
scooby-doo	noun	クルッパー|スクービー・ドゥー
scorpio	noun	天蝎宮
scorpius	noun	蠍座
scot	noun	スコットランド人
scotch	noun	スコッチウィスキー
scotch broom	noun	金雀児|金雀枝
scotland	noun	スコットランド|蘇格蘭
scotland yard	noun	スコットランドヤード
scots	noun	スコットランド語
scotsman	noun	スコットランド人
scottish gaelic	noun	スコットランド・ゲール語
scripture	noun	聖句
scylla	noun	スキュラ|スキュレー
sderot	noun	スデロット|スデロト
sea peoples	noun	海の民
sea of azov	noun	アゾフ海
sea of galilee	noun	ガリラヤ湖
sea of japan	noun	日本海
sea of moscow	noun	モスクワの海
sea of okhotsk	noun	オホーツク海
sealand	noun	シーランド|シーランド公国
seattle	noun	シアトル
sebeolsik	noun	3ボル式
secretary general	noun	事務総長|書記長|総書記
secretary of state	noun	国務長官
sedna	noun	セドナ
sega	noun	セガ
seine	noun	セーヌ川
seine-saint-denis	noun	セーヌ＝サン＝ドニ
sejong	noun	世宗
seki	noun	関
sekigahara	noun	関ケ原
sekigawa	noun	関川
selangor	noun	セランゴール
selena	noun	セレーナ
selene	noun	セレーネー|セレネ
semarang	noun	スマラン
semite	noun	セム|セム族の人
semitic	adjective	セム
senate	noun	上院|元老院|参議院|議会|議院
senboku	noun	泉北
sendai	noun	仙台
sendai river	noun	千代川
senegal	noun	セネガル
senkaku islands	noun	尖閣諸島
sennan	noun	泉南
seogwipo	noun	西帰浦
seongnam	noun	城南
seoul	noun	ソウル
september	noun	九月|長月
septuagint	noun	七十人訳聖書
serb	noun	セルビア人
serbia	noun	セルビア
serbia and montenegro	noun	セルビア・モンテネグロ
serbian	adjective	セルビア|セルビア語|セルビア人
serbo-croatian	adjective	セルビア・クロアチア|セルビア・クロアチア語|セルボ・クロアチア語
seremban	noun	スレンバン
sergey	noun	セルゲイ
sergipe	noun	セルジッペ
sergius	noun	セルゲイ
serhiy	noun	セルゲイ
sermon on the mount	noun	山上の垂訓
set	noun	セト|準備|用意|セット|一式|一揃い|置く
setagaya	noun	世田谷
setebos	noun	セティボス
seto	noun	瀬戸
seto inland sea	noun	瀬戸内海
sevastopol	noun	セヴァストポリ
seven sages	noun	七賢人
seven years' war	noun	七年戦争
seville	noun	セビリア|セビリャ|セビリヤ|セビージャ
sextans	noun	ろくぶんぎ座|六分儀座
seychelles	noun	セーシェル|セイシェル
sfax	noun	スファックス
sha'ban	noun	シャアバーン
shaanxi	noun	陝西
shah alam	noun	シャーアラム
shahmukhi	noun	シャームキー文字
shaitan	noun	シャイターン
shakespeare	noun	シェイクスピア
shakespearean	adjective	シェークスピア
shakespearean sonnet	noun	イギリス風ソネット|シェイクスピア風ソネット
shambhala	noun	シャンバラ
shandong	noun	山東
shangdang	noun	上党
shanghai	noun	上海|シャンハイ
shanghainese	noun	上海人|上海語
shangri-la	noun	シャングリラ
shantou	noun	汕頭
shanxi	noun	山西
shaolin	noun	少林功夫|少林拳
sharjah	noun	シャールジャ
sharon	noun	シャロ平野|シャロン
shatt al-arab	noun	シャットゥルアラブ川
shavian alphabet	noun	ショー文字
shawinigan	noun	シャウィニガン
shawwal	noun	シャウワール
sheba	noun	シバ王
sheffield	noun	シェフィールド
sheila	noun	シイラ|シェイラ
shekhawati	noun	シェカワティ
shennongjia	noun	神農架
shenyang	noun	瀋陽
shenzhen	noun	シンセン|深セン|深圳
sheremetyevo	noun	シェレメーチエヴォ
sherlock holmes	noun	シャーロック・ホームズ|小室泰六
sherlockian	noun	シャーロキアン
sherwood forest	noun	シャーウッドの森
shetland islands	noun	シェトランド諸島
shi'a	noun	シーア派
shiba	noun	芝
shiba inu	noun	柴犬
shibukawa	noun	渋川
shibuya	noun	渋谷|渋谷区
shichahai	noun	什刹海
shiga	noun	滋賀
shih tzu	noun	シーズー
shiite	adjective	シーア|シーイー
shijiazhuang	noun	石家荘
shijingshan	noun	石景山
shikoku	noun	四国
shikotan	noun	色丹
shillong	noun	シロン
shimada	noun	島田
shimane	noun	島根
shimla	noun	シムラー
shimoda	noun	下田
shimonoseki	noun	下関
shimose powder	noun	下瀬火薬
shimotsuke	noun	下野
shinagawa	noun	品川
shinchi	noun	新地
shine	noun	シャイン|光|輝き|卓越|光る|輝く
shinjuku	noun	新宿
shinjō	noun	新庄
shinto	noun	神道
shiraz	noun	シーラーズ
shiva	noun	シヴァ|大自在天
shizuoka	noun	静岡|静岡県|静岡市
shota	noun	ショタ
shreveport	noun	シュリーブポート
shrewsbury	noun	シュルーズベリー
shrove tuesday	noun	パンケーキ・デイ
shuangyashan	noun	双鴨山
shunde	noun	順徳
shuri	noun	首里
shūnan	noun	周南
siam	noun	シャム|サイアム|暹羅
siamese	noun	シャム
siamese cat	noun	シャム猫
siamese fighting fish	noun	ベタ
siberia	noun	シベリア
siberian	noun	サイベリアン
siberian husky	noun	シベリアン・ハスキー
siberian jay	noun	赤尾橿鳥
siberian rubythroat	noun	野駒
siberian stonechat	noun	野鶲
siberian tiger	noun	アムールトラ|シベリアトラ|チョウセントラ
siberian weasel	noun	朝鮮鼬
sichuan	noun	四川
sichuan pepper	noun	山椒
sichuan tit	noun	ミナミコガラ
sicilian	adjective	シチリアの|シチリア語|シチリア人
sicilian defence	noun	シシリアン・ディフェンス
sicily	noun	シチリア|シチリア島|シシリー|シシリー島|シチリア州
siddhartha	noun	シッダールタ
sieg heil		ジークハイル
siegfried	noun	ジークフリート
siena	noun	シエーナ|シエナ|シエナ市|シエナ県
sierra leone	noun	シエラレオネ
sierre	noun	シエール
sievierodonetsk	noun	セヴェロドネツィク
sikh	noun	シーク
sikh empire	noun	シク王国
sikhism	noun	シク教
sikkim	noun	シッキム|シッキム州
silesia	noun	シレジア
silesian	noun	シレジア語
silicon valley	noun	シリコンバレー
silk road	noun	シルクロード|絹の道
silken windhound	noun	シルケン・ウィンドハウンド|シルケン・ハウンド
silla	noun	新羅
silurian	noun	シルル紀
silvassa	noun	スィルヴァーサー
simferopol	noun	シンフェローポリ
simon	noun	サイモン
simplified chinese	noun	簡体字中国語|簡体字|簡化字
simpson	noun	シンプソン
sinai	noun	シナイ半島|シナイ山
sinaloa	noun	シナロア
sinbad	noun	シンドバッド
sindarin	noun	シンダリン|シンダール語
sindhi	noun	シンド語
singapore	noun	シンガポール|新嘉坡|昭南
singapore dollar	noun	シンガポールドル
singaporean	adjective	シンガポール|シンガポール人
singh	noun	シン
sinhalese	noun	シンハラ語
sinim	noun	ㇱニン
sinitic	adjective	シナ・チベット|シナ語派
sino-		中|漢|華
sino-japanese	adjective	中和|中日|日中|漢和|漢語
sino-korean	adjective	中韓|漢字語
sino-tibetan	adjective	シナ・チベットの
sino-vietnamese	adjective	漢越|漢越語
sino-xenic	adjective	漢語
sinocentrism	noun	中華思想
sinope	noun	シノーペ
sinophile	noun	シノファイル|親中国派|親中派
sinophilia	noun	親中性
sinophobia	noun	反中|反中感情
sinophone	noun	中国語話者
sinosphere	noun	漢字文化圏
sint eustatius	noun	シント・ユースタティウス
sint maarten	noun	シント・マールテン島
sinuiju	noun	新義州
sion	noun	シオン
sir	noun	サー|卿|旦那|お兄さん|僕|旦那様
sirius	noun	シリウス|天狼星
sisyphus	noun	シーシュポス
sitātapatrā	noun	白傘蓋佛頂
skanda	noun	韋馱|韋馱天
skene's gland	noun	スキーン腺|傍尿道腺|小前庭腺
skopje	noun	スコピエ
skye	noun	スカイ
slav	noun	スラブ人|スラヴ人
slavic	adjective	スラブ|スラヴ
slavic studies	noun	スラブ学|スラヴ学
slavist	noun	スラブ語学者
slavonia	noun	スラヴォニア
sleeping beauty	noun	眠れる森の美女|眠り姫|眠れる美女
slinky	noun	スリンキー
slovak	adjective	スロヴァキア|スロバキア語|スロバキア人|スロヴァキア人|スロヴァキア語
slovak republic	noun	スロバキア共和国
slovakia	noun	スロバキア|スロヴァキア
slovene	adjective	スロベニア|スロヴェニア|スロベニア人|スロヴェニア人|スロベニア語|スロヴェニア語
slovenia	noun	スロベニア|スロヴェニア
slovio	noun	スロビオ|スロヴィオ
slytherin	noun	スリザリン
smith	noun	スミス|加治|加治屋|鍛冶|鍛冶屋|鍛治
smith machine	noun	スミスマシン
smoke	noun	煙|吸う|タバコを吸う|喫煙|煙る
smolensk	noun	スモレンスク
snake island	noun	ズミイヌイ島
snoopy	noun	スヌーピー
snow queen	noun	雪の女王
snow white	noun	白雪|白雪姫
snowdon	noun	スノードン
socceroos	noun	サッカルーズ
sochi	noun	ソチ
socialist republic of vietnam	noun	ベトナム社会主義共和国
socrates	noun	ソクラテス
socratic method	noun	ソクラテス式問答法|ソクラテス式討論|反対論証法
sodom	noun	ソドム
sofia	noun	ソフィア
sogdiana	noun	ソグディアナ
solapur	noun	ソーラープル
solar system	noun	太陽系
sologne	noun	ソローニュ
solomon	noun	ソロモン
solomon islands	noun	ソロモン諸島
solon	noun	ソロン
solresol	noun	ソルレソル
solukhumbu	noun	ソルクンブ
somali	noun	ソマリ語|ソマリア語
somalia	noun	ソマリア
somaliland	noun	ソマリランド
son of heaven	noun	天子
son of man	noun	人の子
song	noun	宋朝|歌|歌曲|歌唱
song dynasty	noun	宋
song of songs	noun	雅歌
soninke	noun	ソニンケ語
sonora	noun	ソノラ
sony	noun	ソニー
sony pony	noun	ゴキブリ|ソニー信者
sophocles	noun	ソポクレス|ソフォクレス
sorachi	noun	空知
sorbian	noun	ソルブ語
sorbonne	noun	ソルボンヌ
sorrento	noun	ソッレント|ソレント
sorsogon	noun	ソルソゴン
sound	noun	エーレスンド海峡|健全|健康|堅固|手堅い|音|探る
south africa	noun	南アフリカ|南ア
south african	noun	南アフリカ人
south america	noun	南アメリカ|南米
south asia	noun	南アジア|南亜
south atlantic	noun	南大西洋
south australia	noun	南オーストラリア
south carolina	noun	サウスカロライナ|南カロライナ
south caucasus	noun	南コーカサス
south china	noun	華南
south china sea	noun	南シナ海|南中国海|南支那海
south chungcheong	noun	忠清南道
south cotabato	noun	南コタバト
south dakota	noun	サウスダコタ|南ダコタ
south georgia and the south sandwich islands	noun	サウスジョージア・サウスサンドウィッチ諸島
south gyeongsang	noun	慶尚南道
south holland	noun	南ホラント|南オランダ
south india	noun	南インド
south island	noun	南島
south korea	noun	韓国|コリア
south korean	adjective	韓国の|韓国人
south ossetia	noun	南オセチア
south pacific	noun	南太平洋
south pole	noun	南極|南極点|Ｓ極
south sardinia	noun	南サルディニア|南サルデーニャ
south shetland islands	noun	サウス・シェトランド諸島
south sudan	noun	南スーダン
south tyrol	noun	南チロル
south vietnam	noun	南ベトナム
south yemen	noun	南イエメン
southampton	noun	サウサンプトン
southeast asia	noun	東南アジア
southern altai	noun	南アルタイ語
southern bug	noun	南ブーフ川
southern cross	noun	みなみじゅうじ座|南十字星
southern europe	noun	南欧|南ヨーロッパ
southern hemisphere	noun	南半球
southern min	noun	ミン南語|閩南語
southern ocean	noun	南大洋|南極海|南氷洋
southern rhodesia	noun	南ローデシア
soviet	adjective	ソビエト|ソヴェト|ソ連|ソ連人|ソヴィエト
soviet russia	noun	ソビエトロシア
soviet socialist republic	noun	ソビエト社会主義共和国|ソビエト連邦構成共和国
soviet union	noun	ソビエト連邦|ソ連|ソヴェト連邦
soyapango	noun	ソやパンゴ
soyuz	noun	ソユーズ
space shuttle	noun	スペースシャトル
spain	noun	スペイン|西班牙
spaniard	noun	スペイン人
spanish	adjective	スペイン語|スペイン|スペイン人
spanish armada	noun	無敵艦隊
spanish sign language	noun	スペイン手話
spanish water dog	noun	スパニッシュ・ウォーター・ドッグ
spanish broom	noun	連玉
spanish influenza	noun	スペインかぜ|スペイン風邪
spanish jasmine	noun	大花素馨|素馨
spanish sparrow	noun	スペインスズメ
sparta	noun	スパルタ
spartacus	noun	スパルタクス
special region of yogyakarta	noun	ジョグジャカルタ特別州
spetsnaz	noun	スペツナズ
sphinx	noun	スフィンクス|人頭獅身|人獅|獅子女
sphynx	noun	スフィンクス
spiritism	noun	スピリティズム
spitsbergen	noun	スピッツベルゲン島
split	noun	スプリット|スプリト|開脚|ハーフボトル|小瓶|割る
sponde	noun	スポンデ
sprachgefühl	noun	語感
spratly islands	noun	スプラトリー諸島|南沙諸島
sprite	noun	スプライト
sri jayawardenepura kotte	noun	スリジャヤワルダナプラコッテ
sri lanka	noun	スリランカ
sri lankan	noun	スリランカ人
srinagar	noun	シュリーナガル
st george's channel	noun	セントジョージ海峡
st. elmo's fire	noun	セントエルモの火
st. george's	noun	セントジョージズ
st. george's cross	noun	聖ゲオルギウス十字
st. john's	noun	セイント・ジョンズ
st. john's wort	noun	セント・ジョーンズ・ワート|西洋弟切草
st. petersburg	noun	セント・ピーターズバーグ
st. stephen's day	noun	聖ステファノの日
st. thomas bean	noun	藻玉
stalin	noun	スターリン
stalingrad	noun	スターリングラード
stalinism	noun	スターリニズム|スターリン主義
stalinist	noun	スターリン主義者
standard english	noun	標準英語
stanford	noun	スタンフォード|スタンフォード大学
star trek	noun	スタートレック
star wars	noun	スター・ウォーズ|スターウォーズ計画
star wars day	noun	スター・ウォーズの日
star of bethlehem	noun	ベツレヘムの星
star of david	noun	ダビデの星
star-spangled banner	noun	星条旗
starbucks	noun	スタバ|スターバックス
stars and stripes	noun	星条旗
start button	noun	スタートボタン
start menu	noun	スタートメニュー
stasi	noun	シュタージ
state of eritrea	noun	エリトリア国
state of israel	noun	イスラエル国
state of japan	noun	日本国
state of libya	noun	リビア国
state of palestine	noun	パレスチナ国
state of the union	noun	一般教書|一般教書演説
statue of liberty	noun	自由の女神像
stavropol	noun	スタブロポリ|スタヴロポリ
steller sea lion	noun	胡獱
stepanakert	noun	ステパナケルト
stephano	noun	ステファノー
stephen	noun	ステファノ|スティーヴン|スティーブン
stigmata	noun	スティグマータ|聖痕
stilton	noun	スティルトン
stockholm	noun	ストックホルム
stockholm syndrome	noun	ストックホルム症候群
stone age	noun	石器時代
stonehenge	noun	ストーンヘンジ
stradivarius	noun	ストラディバリ|ストラディバリウス|ストラド
strait of dover	noun	ドーバー海峡
strait of gibraltar	noun	ジブラルタル海峡
strait of kerch	noun	ケルチ海峡
strait of magellan	noun	マゼラン海峡
strait of malacca	noun	マラッカ海峡
strait of messina	noun	メッシーナ海峡
strait of sicily	noun	シチリア海峡
straits settlements	noun	海峡植民地
stralsund	noun	シュトラールズント
strasbourg	noun	ストラスブール|シュトラースブルク
stratford-on-avon	noun	ストラトフォード・アポン・エイヴォン
strauss	noun	シュトラウス
streisand effect	noun	ストライサンド効果
sturm und drang	noun	シュトゥルム・ウント・ドラング|疾風怒涛
sturmabteilung	noun	突撃隊
stuttgart	noun	シュトゥットガルト
stymphalian bird	noun	ステュムパーリデス|ステュムパーロスの鳥
styx	noun	ステュクス
subaru	noun	スバル|すばる|昴
subotica	noun	スボティツァ
subscriber identity module	noun	SIMカード
suchitoto	noun	スチトト
sudan	noun	スーダン
sudeten	noun	ズデーテン
sudetenland	noun	ズデーテン地方
sudo	noun	須藤
sue	noun	スー|訴える
suez	noun	スエズ
suez canal	noun	スエズ運河|スエズ地峡
sufism	noun	イスラム神秘主義|スーフィズム|タサッウフ
sugamo	noun	巣鴨
sugarloaf mountain	noun	ポン・ヂ・アスーカル
suginami	noun	杉並
suifenhe	noun	綏芬河
suita	noun	吹田
sukhumi	noun	スフミ
sulawesi	noun	スラウェシ島
sumatra	noun	スマトラ
sumatran rhinoceros	noun	スマトラサイ
sumatran tiger	noun	スマトラトラ
sumbawa	noun	スンバワ島
sumer	noun	シュメール
sumerian	noun	シュメール人|シュメール語
sumida	noun	墨田
summer triangle	noun	夏の大三角形
sumy	noun	スームィ
sun	noun	日|日曜|太陽|ザ・サン|恒星|日光
sundanese	noun	スンダ語
sunday	noun	日曜日|日曜|にちようび|日曜版
sunday driver	noun	サンデードライバー
sunday school	noun	教会学校|日曜学校
sunderland	noun	サンダーランド
sunni	noun	スンニ
sunni islam	noun	スンナ派|スンニー派|スンニ派
super bowl	noun	スーパーボール
superman	noun	スーパーマン|超人
supratiṣṭhitacāritra	noun	安立行菩薩
supreme leader	noun	最高指導者
supreme soviet	noun	最高ソビエト|最高ソヴィエト|最高会議
surabaya	noun	スラバヤ
surat	noun	スーラト
suresnes	noun	シュレンヌ|シュレーヌ
suriname	noun	スリナム
surinamese	adjective	スリナムの|スリナム人
surya	noun	スーリヤ|日天
susan	noun	スーザン
susanna	noun	スザンナ
susanoo	noun	須佐之男|須佐能乎
sushen	noun	みしはせ
suva	noun	スバ
suwa	noun	諏訪
suwon	noun	水原
suzhou	noun	宿州|肅州|蘇州
suzuka	noun	鈴鹿
suzuki	noun	鈴木
svalbard	noun	スヴァールバル諸島|スバールバル
svarog	noun	スヴァローグ
swadesh list	noun	スワデシュ・リスト
swahili	noun	スワヒリ語
swazi	noun	スワジ語
swaziland	noun	スワジランド
swede	noun	スウェーデン人
sweden	noun	スウェーデン|瑞典
swedish	adjective	スウェーデン|スウェーデン語|スウェーデン語の
swedish massage	noun	スウェディッシュマッサージ|スウェーデン式マッサージ
swedish relay	noun	スウェーデンリレー
swinhoe's pheasant	noun	山鶏
swiss	adjective	スイス|スイス人
swiss army knife	noun	アーミーナイフ|スイスアーミーナイフ
swiss confederation	noun	スイス連邦
swiss franc	noun	スイス・フラン
swiss roll	noun	ロールケーキ
switzerland	noun	スイス|瑞西
sycorax	noun	シコラクス
sydney	noun	シドニー
sydney opera house	noun	シドニー・オペラハウス
syktyvkar	noun	スィクティフカル
syldavia	noun	シルダビア
sylhet	noun	シレット
sylvester	noun	シルヴェスター
syr darya	noun	シルダリヤ川
syracuse	noun	シラキュース|シラクサ|シラクーザ|シラクサ県|シラクーザ県
syria	noun	シリア
syrian arab republic	noun	シリア・アラブ共和国
syvash	noun	ふかい|腐海
szczecin	noun	シュチェチン
szlachta	noun	シュラフタ|シュリャーフタ|シラフタ
são paulo	noun	サンパウロ|サン・パウロ
são tomé	noun	サントメ
são tomé and príncipe	noun	サントメプリンシペ|サントメ・プリンシペ
sōma	noun	相馬
sūryaprabha	noun	日光|日光普照菩薩|日光菩薩|日光遍照菩薩|日照王菩薩
t-bone steak	noun	ティーボーンステーキ
t-junction	noun	T字路|丁字路
t-shirt	noun	Tシャツ|ティーシャツ
t-square	noun	T定規
tgif	noun	花金
toefl	noun	TOEFL|トーフル
torfl	noun	ロシア語検定試験|ロシア語能力検定試験
tov	noun	有
ttbomk	adverb	知る限り
tv	noun	テレビ|テレビジョン
tv guide	noun	テレビガイド
tabasco	noun	タバスコ
tabor	noun	タボル山
tabriz	noun	タブリーズ
tacheng	noun	チョチェク市
tachikawa	noun	立川
tacloban	noun	タクロバン
tagalog	noun	タガログ語
taganrog	noun	タガンログ|タガンローク
tagawa	noun	田川
tagaytay	noun	タガイタイ
taguig	noun	タギッグ
tahara	noun	田原
tahiti	noun	タヒチ
tahitian chestnut	noun	タイヘイヨウグルミ
taichung	noun	台中
tail	noun	尾|尾宿|足垂れ星|尻尾|しっぽ|尾っぽ|尾行
taimyr	noun	タイミル|タイミル半島
tainan	noun	台南
taipei	noun	台北|タイペイ|タイベイ
taiping heavenly kingdom	noun	太平天国
taiping island	noun	長島
taitung	noun	台東
taitō	noun	台東
taiwan	noun	台湾|フォルモサ|高砂
taiwan strait	noun	台湾海峡
taiwanese	adjective	台湾|台湾人|台湾語
taixuanjing	noun	太玄経
taiye lake	noun	太液池
taiyuan	noun	太原
taj mahal	noun	タージ・マハル
tajik	adjective	タジク|タジク人|タジク語
tajikistan	noun	タジキスタン
takahagi	noun	高萩
takahashi	noun	高橋
takamatsu	noun	高松
takaoka	noun	高岡
takei	noun	武井
taketoyo	noun	武豊
taklamakan	noun	タクラマカン
taliban	noun	ターリバーン|タリブ|ターリブ|タリバン
tallinn	noun	タリン
talmud	noun	タルムード
tamana	noun	玉名
tambov	noun	タンボフ
tamerlane	noun	ティムール
tamil	noun	タミル人|タミル語
tamil nadu	noun	タミル・ナードゥ|タミル・ナードゥ州
tamil tigers	noun	タミル・イーラム解放のトラ|タミールタイガース
tamna	noun	耽羅
tampere	noun	タンペレ
tamsui	noun	淡水
tamura	noun	田村
tanabe	noun	田辺
tanakh	noun	タナク|タナハ
tanegashima	noun	種子島
tang dynasty	noun	唐
tanganyika	noun	タンガニーカ湖|タンガニーカ
tangerang	noun	タンゲラン
tangier	noun	タンジェ|タンジール
tangshan	noun	唐山
tangut	noun	タングート人|西夏文字|西夏語
tania	noun	ターニャ
tanintharyi	noun	タニンダーリ
tanka	noun	蛋民|短歌
tanzania	noun	タンザニア
tanzanian	noun	タンザニア人
tao te ching	noun	老子|老子道徳経|道徳経
taoiseach	noun	ティーショク
taoism	noun	道教
taoist	adjective	道教|道士|道教信者
taoyuan	noun	桃園
tara	noun	多羅
tarantino	noun	タラント語
taranto	noun	ターラント|タラント
tarawa	noun	タラワ
tarlac	noun	タルラック
taro island	noun	タロ島
taroudant	noun	タルーダント
tartan	noun	タルタン|タータン
tartu	noun	タルトゥ
tarvisio	noun	タルヴィージオ
tashkent	noun	タシケント|タシュケント
tasman sea	noun	タスマン海
tasmania	noun	タスマニア
tasmanian devil	noun	タスマニアデビル|フクロアナグマ|フクロクズリ|フクログマ
tasmanian wolf	noun	フクロオオカミ
tatar	adjective	タタール|タタール語|韃靼
tatarstan	noun	タタルスタン|タタールスタン
tateyama	noun	館山
tatra	noun	タトラ山脈
taumatawhakatangihangakoauauotamateaturipukakapikimaungahoronukupokaiwhenuakitanatahu	noun	タウマタファカタンギハンガコアウアウオタマテアポカイフェヌアキタナタフ
taurus	noun	おうし座|牡牛座|金牛宮
tausug	noun	スルック語|スル語
tayabas	noun	タヤバス
taylor	noun	テイラー
tbilisi	noun	トビリシ
tchaikovsky	noun	チャイコフスキー
ted	noun	テッド
tegucigalpa	noun	テグシガルパ
tehran	noun	テヘラン
tel aviv	noun	テルアビブ|テル・アヴィヴ
tel aviv-yafo	noun	テル・アヴィヴ・ヤフォ
telangana	noun	テランガーナー州
telemachus	noun	テーレマコス
telescopium	noun	ぼうえんきょう座|望遠鏡座
telugu	noun	テルグごわしゃ|テルグ語話者|テルグ語
temminck's stint	noun	オジロトウネン
temple of heaven	noun	天壇
ten commandments	noun	モーセの十戒|十戒
tenerife	noun	テネリフェ
tengwar	noun	テングワール
tennessee	noun	テネシー
tenochtitlan	noun	テノチティトラン
tenrikyo	noun	天理教
teochew	noun	潮州語
tequixquiac	noun	テキシキアック
terengganu	noun	トレンガヌ
teresa	noun	テレサ
termagant	noun	ターマガント|鬼婆|鬼嫁
ternate	noun	テルナテ
terpsichore	noun	テルプシコラー
terra	noun	テラ
terracotta army	noun	兵馬俑
tertiary	noun	第三紀|3次的な|3番目の
tesla coil	noun	テスラコイル
tethys	noun	テーテュース
tetragrammaton	noun	テトラグラマトン
tetris	noun	テトリス
teuton	noun	テウトネス
teutonic knights	noun	ドイツ騎士団
texas	noun	テキサス州|テキサス
texas hold 'em	noun	テキサス・ホールデム
thaana	noun	ターナ
thaddaeus	noun	タダイ
thai	adjective	タイ|泰|タイ人|タイ語
thaification	noun	タイ化
thailand	noun	タイ|タイ国|泰国
thalia	noun	タレイア
thames	noun	テムズ川|テムズ
thanatos	noun	タナトス
thane	noun	ターネー
thanksgiving	noun	感謝祭
thao	noun	サオ語
thatcher	noun	サッチャー
thatcherism	noun	サッチャリズム
the call of south africa	noun	南アフリカの呼び声
the hague	noun	ハーグ|デン・ハーグ
thebe	noun	テーベ
thebes	noun	テーバイ|テーベ
theia	noun	テイアー
thelema	noun	セレマ
theodora	noun	テオドラ
theodore	noun	セオドア
theophany	noun	神現祭
theravada	noun	上座部
thermidor	noun	テルミドール|熱月
thermopylae	noun	テルモピュライ|テルモピュレ
theron	noun	テロン
theseus	noun	テーセウス|テセウス
thessalonians	noun	テサロニケ人への手紙
thessaloniki	noun	テッサロニキ
thetis	noun	テティス
thimphu	noun	ティンプー
third reich	noun	第三帝国
third world	noun	第三世界
thirty years' war	noun	三十年戦争
thiruvananthapuram	noun	ティルヴァナンタプラム
thomas	noun	トマス|トーマス
thomism	noun	トマス主義
thor	noun	トール
thoth	noun	トート
thrace	noun	トラキア
threads	noun	スレッズ
three kingdoms	noun	三国|三國
three principles of the people	noun	三民主義
thu	noun	木|木曜
thule	noun	トゥーレ
thumbelina	noun	親指姫
thun	noun	トゥーン
thur	noun	木|木曜
thuringia	noun	チューリンゲン|テューリンゲン
thursday	adverb	木曜日に|木曜日|木曜
thừa thiên huế	noun	[[トゥアティエン＝フエ]]省
tian shan	noun	天山
tiananmen	noun	天安門
tianjin	noun	天津
tiantongyuan	noun	天通苑
tiber	noun	テヴェレ川
tibet	noun	チベット|西蔵
tibet autonomous region	noun	チベット自治区
tibetan	adjective	チベット|チベット語|チベット人
tibetan buddhism	noun	チベット仏教
tibetan mastiff	noun	チベタン・マスティフ
tibetan plateau	noun	チベット高原
tibetology	noun	チベット学
ticino	noun	ティチーノ
tierra del fuego	noun	ティエラ・デル・フエゴ
tiffany	noun	ティファニー
tiflis	noun	ティフリス
tigray	noun	ティグレ州
tigrinya	noun	ティグリニャ語
tigris	noun	チグリス川
tijuana	noun	ティファナ|ティフアナ
tiktok	noun	ティックトック
tiktoker	noun	ティックトッカー
times square	noun	タイムズスクエア|タイムズ・スクエア
timișoara	noun	ティミショアラ
timor	noun	ティモール島
timor sea	noun	ティモール海
timothy	noun	テモテへの手紙|テモテ
tinian	noun	テニアン島
tinkerbell	noun	ティンカー・ベル
tirana	noun	ティラナ
tiraspol	noun	ティラスポリ
tisiphone	noun	ティーシポネー
titan	noun	チタン|ティーターン|タイタン|ティタン|巨人
titania	noun	チタニア
titanic	noun	タイタニック
titarev	noun	ティタレフ
titian	noun	ティツィアーノ|金茶色の|金茶色
titicaca	noun	チチカカ湖
titus	noun	テトス|テトスへの手紙
tivoli	noun	チボリ|ティヴォリ
toba	noun	鳥羽
tobago	noun	トバゴ
toblerone	noun	トブラローネ|トブルローヌ
tocantins	noun	トカンティンス
tocharian	noun	トカラ語
tochigi	noun	栃木
toda	noun	トダ語
togo	noun	トーゴ
togolese republic	noun	トーゴ共和国
tokelau	noun	トケラウ
toki pona	noun	トキポナ
tokushima	noun	徳島
tokuyama	noun	徳山
tokyo	noun	東京
tokyoite	adjective	東京|東京人|江戸っ子|都民
tolyatti	noun	トリヤッチ
tom thumb	noun	親指トム
tom, dick and harry	noun	猫も杓子も
tomigusuku	noun	豊見城
tomsk	noun	トムスク
tondo	noun	トンド
tonga	noun	トンガ
tongan	noun	トンガ語
tongzhou	noun	通州
tony	noun	トーニ
topeka	noun	トピカ
torah	noun	トーラー
toranomon	noun	虎ノ門
toride	noun	取手
toronto	noun	トロント
torres strait	noun	トレス海峡
tory	noun	トーリー|保守党員
tosa	noun	土佐
toshima	noun	豊島
tosk	noun	トスク方言
tottenham	noun	トトナム
tottori	noun	鳥取
toulon	noun	トゥーロン
toulouse	noun	トゥールーズ
tour de france	noun	ツール・ド・フランス
tourcoing	noun	トゥールコワン
tourette syndrome	noun	トゥレット障害
tours	noun	トゥール
tower of babel	noun	バベルの塔
tower of london	noun	ロンドンタワー|ロンドン塔
toyama	noun	富山
toyland	noun	玩具の国
toyota	noun	豊田|豊田市|トヨタ
traditional chinese	noun	繁体字中国語|正体字|繁体字
tralee	noun	トラリー
transbaikal	noun	ザバイカル
transnistria	noun	沿ドニエストル|トランスニストリア
transylvania	noun	トランシルヴァニア
trentino	noun	トレンティーノ
triassic	noun	三畳紀
tribeca	noun	トライベッカ
trieste	noun	トリエステ
trinculo	noun	トリンキュロー
trinidad	noun	トリニダード
trinidad and tobago	noun	トリニダード・トバゴ
trinity	noun	三位一体|三つ組
tripitaka	noun	三蔵
triple gem	noun	仏法僧
tripoli	noun	トリポリ
tripura	noun	トリプラ
tristan da cunha	noun	トリスタン・ダ・クーニャ
triton	noun	トリトン|トリートーン|三重陽子
trojan war	noun	トロイア戦争
trojan horse	noun	トロイの木馬
tropic of cancer	noun	北回帰線
tropic of capricorn	noun	南回帰線
trotskyism	noun	トロツキズム
trotskyite	noun	トロツキスト
troy	noun	トロイ|イリオス
truku	noun	セデック族のテルク人
truman	noun	トルーマン
trump	noun	トランプ|切り札
trumpism	noun	トランピズム|トランプ主義
trumpist	adjective	トランピスト|トランプ主義者
trumpistan	noun	トランピスタン
tskhinvali	noun	ツヒンヴァリ
tsu	noun	津
tsuchiura	noun	土浦
tsukuba	noun	つくば|筑波
tsukubamirai	noun	つくばみらい
tsukuyomi	noun	月夜見|月読|月読み
tsuruga	noun	敦賀
tsurumi	noun	鶴見
tsuruoka	noun	鶴岡
tsushima	noun	対馬|對馬
tsuyama	noun	津山
tube	noun	チューブ|ロンドン地下鉄|管|パイプ|筒
tue	noun	火|火曜
tuesday	noun	火曜日|火曜
tuguegarao	noun	ツゲガラオ
tula	noun	トゥーラ
tumen	noun	豆満江
tungusic	adjective	ツングース|ツングース諸語|トゥングース諸語
tunis	noun	チュニス
tunisia	noun	チュニジア
tupperware party	noun	タッパーウェアパーティ
turin	noun	トリノ
turinese	adjective	トリノの|トリノ人
turk	noun	トルコ人
turkestan	noun	トルキスタン
turkey	noun	トルコ|土耳古|七面鳥|ターキー|カラクン|カラクン鳥
turkic	adjective	チュルク|突厥
turkish	adjective	トルコ|トルコ語|トルコの
turkish angora	noun	ターキッシュアンゴラ
turkish van	noun	ターキッシュバン
turkish bath	noun	ハンマーム
turkish delight	noun	ロクム|ターキッシュ・ディライト
turkmen	noun	トルクメン人|トルクメン語
turkmenistan	noun	トルクメニスタン
turkology	noun	トルコ学
turks and caicos islands	noun	タークス・カイコス諸島
turku	noun	トゥルク
turner syndrome	noun	ターナー症候群
tuscany	noun	トスカーナ州|トスカーナ
tutankhamun	noun	ツタンカーメン
tuva	noun	トゥヴァ
tuvalu	noun	ツバル
tuvaluan	noun	ツバル語
tuvan	noun	トゥバ人|トゥバ語
tuyuhun	noun	吐谷渾
tuzla	noun	トゥズラ
tver	noun	トベリ|トヴェリ
twelve days of christmas	noun	クリスマスの十二日間
twin towers	noun	ワールドトレードセンター
twitter	noun	ツイッター
tyap	noun	カタブ語
tyche	noun	テュケー
tyke	noun	ヨークシャー人
tyne	noun	タイン|タイン川
tyne and wear	noun	タイン・アンド・ウィア
typescript	noun	タイプスクリプト
typhon	noun	テューポーン
tyrannosaurus rex	noun	タイラノサウルス|チラノサウルス|ティラノサウルス|ティラノサウルス·レックス
tyre	noun	ティルス|タイヤ
tyrian purple	noun	ティルス紫|貝紫|貝紫色
tyrrhenian sea	noun	ティレニア海
tyumen	noun	チュメニ
tzotzil	noun	ツォツィル語
táin bó cúailnge	noun	クーリーの牛争い
tétouan	noun	テトゥアン
tārā	noun	多羅菩薩
tōhoku	noun	東北地方
tōkamachi	noun	十日町
tōon	noun	東温|東溫
u-turn	noun	Uターン
uae	noun	UAE
uav	noun	無人航空機
udt	noun	ユーザー定義型
ufo	noun	UFO|未確認飛行物体
un	noun	国連|UN
un security council	noun	安保理|安全保障理事会
unesco	noun	UNESCO
unicef	noun	UNICEF|ユニセフ
url	noun	統一資源位置指定子
us	noun	USA|ユー・エス・エー|私達
us dollar	noun	アメリカ・ドル|米ドル
usa	noun	USA|ユー・エス・エー
ussr	noun	ソ連
uxo	noun	不発弾
udihe	noun	ウディゲ|ウデゲ|ウデヘ|ウディゲ語|ウデゲ語|ウデヘ語
udine	noun	ウーディネ
udmurt	adjective	ウドムルト語
udmurtia	noun	ウドムルト
ufa	noun	ウファ
uganda	noun	ウガンダ
uiju	noun	義州
ukraine	noun	ウクライナ
ukrainian	adjective	ウクライナ|ウクライナ語|ウクライナ人
ukrainian ssr	noun	ウクライナ・ソビエト社会主義共和国
ukrainian soviet socialist republic	noun	ウクライナ・ソビエト社会主義共和国
ulaanbaatar	noun	ウランバートル
ulan-ude	noun	ウラン・ウデ
ulch	noun	ウリチ語|ウルチャ語
ulleungdo	noun	鬱陵島
ullr	noun	ウル
ulsan	noun	蔚山
uluru	noun	ウルル
ulyanovsk	noun	ウリヤノフスク
uman	noun	ウーマニ
umbria	noun	ウンブリア|ウンブリア州
umbriel	noun	ウンブリエル
umeå	noun	ウメオ
uncle sam	noun	アンクル・サム
unicode	noun	ユニコード
uniform resource locator	noun	URL|統一資源位置指定子
union jack	noun	ユニオンジャック
union of south africa	noun	南アフリカ連邦
union of soviet socialist republics	noun	ソビエト社会主義共和国連邦|ソヴィエト社会主義共和国連邦
unitarian universalism	noun	ユニテリアン・ユニヴァーサリズム
united arab emirates	noun	アラブ首長国連邦|アラブしゅちょうこくれんぽう
united arab republic	noun	アラブ連合共和国
united kingdom	noun	イギリス|英国|連合王国|グレートブリテン及び北アイルランド連合王国
united kingdom of great britain	noun	グレートブリテン連合王国
united kingdom of great britain and ireland	noun	グレートブリテン及びアイルランド連合王国
united kingdom of great britain and northern ireland	noun	グレートブリテン及び北アイルランド連合王国
united mexican states	noun	メキシコ合衆国
united nations	noun	国際連合|国連|UN|ユーエヌ
united nations general assembly	noun	国際連合総会
united republic of tanzania	noun	タンザニア連合共和国
united states	noun	合衆国|アメリカ合衆国|米国|アメリカ|米
united states virgin islands	noun	アメリカ領ヴァージン諸島|アメリカ合衆国領ヴァージン諸島
united states minor outlying islands	noun	合衆国領有小離島
united states of america	noun	アメリカ合衆国|米国|アメリカ|合衆国|米
universal serial bus	noun	USB
universal time	noun	世界時
universiade	noun	ユニバーシアード
unix	noun	Unix|ユニックス
unix time	noun	UNIX時刻|UNIX時間
uno	noun	UNO|ウノ
unsupported titles/c`num`	noun	シーシャープ
uonuma	noun	魚沼
uotsuri	noun	魚釣島
uotsuri island	noun	魚釣島
upali	noun	優波離
upanishad	noun	ウパニシャッド
upper austria	noun	オーバーエスターライヒ州|上オーストリア州
upper volta	noun	オートボルタ|オートヴォルタ
uppsala	noun	ウプサラ
ural mountains	noun	ウラル山脈|ウラル
ural owl	noun	ウラル梟|梟
uranian	noun	天王星人
uranus	noun	天王星|ウラヌス|ウラノス
urartu	noun	ウラルトゥ
urayasu	noun	浦安
urdu	noun	ウルドゥー語
uriah	noun	ウリヤ
urim and thummim	noun	ウリムとトムミム|ウリムとトンミム
ursa major	noun	大熊座
ursa minor	noun	小熊座
ursula	noun	アーシュラ|ウルスラ
uruguay	noun	ウルグアイ
uruk	noun	ウルク
urvashi	noun	ウルヴァシー
usenet	noun	ユーズネット
ushiku	noun	牛久
usonia	noun	米国
usonian	adjective	米国|米国人
ussuri	noun	ウスリー川
ussuriysk	noun	ウスリースク
utah	noun	ユタ
uther	noun	ユーサー
utrecht	noun	ユトレヒト
utsunomiya	noun	宇都宮
uttar pradesh	noun	ウッタル・プラデーシュ
uttarakhand	noun	ウッタラーカンド
uyghur	adjective	ウイグル|ウイグル語
uzbek	adjective	ウズベク|ウズベク語|ウズベク人
uzbekistan	noun	ウズベキスタン
v sign	noun	Vサイン|ピース|ピースサイン
vat	noun	消費税
ve day	noun	ヨーロッパ戦勝記念日
vip	noun	V.I.P.|要人
vpn	noun	VPN|ブイピーエヌ
vw	noun	フォルクスワーゲン
vadodara	noun	ヴァドーダラー
vaduz	noun	ファドゥーツ
vahagn	noun	ヴァハグン
vairocana	noun	大日如来|毘盧遮那仏
vaisheshika	noun	ヴァイシェーシカ
vaishnavism	noun	ヴァイシュナヴァ|ヴィシュヌ派
vajrapāramitā	noun	剛波羅蜜多|金剛波羅蜜菩薩
vajrapāṇi	noun	金剛手|金剛手菩薩
vajraratna	noun	金剛宝
vajrasattva	noun	金剛薩埵菩薩
vajratīkṣṇa	noun	金剛利
val-d'oise	noun	ヴァル＝ドワーズ
valais	noun	ヴァリス州|ヴァレー州
valence	noun	ヴァランス|原子価|感情価
valencia	noun	バレンシア
valencian community	noun	バレンシア州
valencian country	noun	バレンシア国
valenciennes	noun	ヴァランシエン|ヴァランシエンヌ
valerie	noun	バレリー|ヴァレリー
valhalla	noun	ヴァルハラ
valle d'aosta	noun	ヴァッレ・ダオスタ|ヴァッレ・ダオスタ州
valletta	noun	バレッタ
valley of the kings	noun	王家の谷
van gogh	noun	ファン・ゴッホ|フィンセント・ファン・ゴッホ
vancouver	noun	バンクーバー|ヴァンクーヴァー
vandal	noun	ヴァンダル族|破壊者
vanessa	noun	ヴァネサ|ヴァネッサ
vanuatu	noun	バヌアツ|ヴァヌアツ
varanasi	noun	ワーラーナシー
varangian	noun	ヴァリャーグ
varna	noun	バルナ
varuna	noun	ヴァルナ
vasudhārā	noun	持世菩薩
vatican	noun	バチカン
vatican city	noun	バチカン|バチカン市国|法王庁
vatican city state	noun	バチカン市国
vatteluttu	noun	円形文字
vayu	noun	ヴァーユ
veda	noun	ヴェーダ
vega	noun	ベガ|ヴェガ|織女星
vela	noun	ほ座
velcro	noun	ベルク|ベルクロ|面ファスナー
veliky novgorod	noun	ヴェリーキー・ノヴゴロド
velvet revolution	noun	ビロード革命
vendémiaire	noun	ヴァンデミエール|葡萄月
venetian	adjective	ベネチアの|ヴェネツィアの|ベネチア人|ヴェネツィア人|ベネト語|ヴェネト語
venetian blind	noun	ベネシャンブラインド
veneto	noun	ヴェネト州|ベネト州|ヴェネト
venezuela	noun	ベネズエラ|ベネスエラ|ヴェネズエラ
venice	noun	ヴェネツィア|ベネチア|ヴェニス|ベニス
venmo	verb	ペイペイする
venn diagram	noun	ベン図
ventimiglia	noun	ヴァンティミーユ|ヴェンティミリア|ヴェンティミーリア
ventôse	noun	ヴァントーズ|風月
venus	noun	金星|ヴィーナス|ビーナス|ウェヌス
venus de milo	noun	ミロのヴィーナス
venus flytrap	noun	蠅取草
venusian	adjective	金星の|金星人の|金星人|金星語
vera	noun	ヴェラ
veracruz	noun	ベラクルス
vercingetorix	noun	ウェルキンゲトリクス
verdun	noun	ヴェルダン
verfremdungseffekt	noun	異化効果
vermont	noun	バーモント
vernon	noun	ヴェルノン|バーノン
verona	noun	ヴェローナ
veronica	noun	ヴェロニカ
versailles	noun	ヴェルサイユ|ベルサイユ
vesak	noun	花祭
vesta	noun	ウェスタ|ヴェスタ|ベスタ
vesuvius	noun	ヴェスヴィオ|ベスビオ火山|ヴェスヴィオ火山
viagra	noun	バイアグラ
vic	noun	ビク|ビック|ヴィク|ヴィック
vico	noun	ヴィーコ
victor	noun	ヴィクトル
victoria	noun	ビクトリア|ヴィクトリア
victoria's secret	noun	ヴィクトリアズ・シークレット
victorian	adjective	ビクトリア朝の|ヴィクトリア朝の
victory day	noun	戦勝記念日
vidofnir	noun	ヴィゾフニル|ヴィゾープニル|ヴィゾーヴニル|ヴィドフニル
vienna	noun	ウィーン|維納
vienna sausage	noun	ウインナー
vienne	noun	ヴィエンヌ
viennese oyster	noun	屈曲位
vientiane	noun	ヴィエンチャン|ビエンチャン
vierzon	noun	ビエルゾン|ヴィエルゾン
vietcong	noun	ベトコン
vietnam	noun	ベトナム|越南
vietnam war	noun	ベトナム戦争
vietnamese	adjective	ベトナム|ベトナム語|ベトナム人
vietnamese balm	noun	薙刀香薷
vigan	noun	ビガン
viking	noun	ヴァイキング
vilnius	noun	ビリニュス
vilvoorde	noun	フィルフォールデ|フィルフォールド|ヴィルヴォールデ
vinnytsia	noun	ヴィーンヌィツャ|ヴィーンヌィツャ州
violet	noun	菫|スミレ|紫色|菫色|青紫
virgil	noun	ウェルギリウス|バージル|ヴァージル
virgin islands	noun	ヴァージン諸島
virgin mary	noun	聖母マリア
virginia	noun	バージニア
virgo	noun	おとめ座|乙女座|処女宮
virgo supercluster	noun	おとめ座超銀河団
visakhapatnam	noun	ヴィシャーカパトナム
visayas	noun	ビサヤ諸島|ヴィサヤ諸島
vishnu	noun	ヴィシュヌ|ビシュヌ
vitebsk	noun	ヴィチェプスク|ヴィテプスク
vitruvian man	noun	ウィトルウィウス的人体図
vixen	noun	ヴィクセン|牝狐|すべた
vizsla	noun	ビーシュラ
viśiṣṭacāritra	noun	上行菩薩
viśuddhacāritra	noun	浄行菩薩
vladikavkaz	noun	ウラジカフカス
vladimir	noun	ウラジーミル|ヴラジーミル
vladivostok	noun	ウラジオストク|浦塩|浦塩斯徳
vojvodina	noun	ボイボジナ|ボイボディナ|ヴォイヴォディナ
volapük	noun	ヴォラピュク
volga	noun	ボルガ川
volgograd	noun	ヴォルゴグラード
volkswagen	noun	フォルクスワーゲン
vologda	noun	ボログダ|ヴォログダ
volvo	noun	ボルボ|ヴォルヴォ
vorarlberg	noun	フォアアールベルク州
voronezh	noun	ボロネジ|ヴォロネジ
vosges	noun	ヴォージュ県|ヴォージュ
vuelta a españa	noun	ブエルタ・ア・エスパーニャ
vulcan	noun	ウゥルカーヌス|ウルカヌス|バルカン|ヴァルカン
vulgar latin	noun	俗ラテン語
vulgate	noun	ウルガタ
vulpecula	noun	こぎつね座
vänern	noun	ヴェーネルン湖
västerbotten	noun	ヴェステルボッテン
vé	noun	ヴェー
võro	noun	ヴォロ語
wa state	noun	ワ州
wade-giles	noun	ウェード式
wadjet	noun	ウアジェト
waffen-ss	noun	武装親衛隊
wagga wagga	noun	ウォガウォガ
wagner	noun	ワーグナー|ヴァーグナー
wahhabism	noun	ワッハーブ派
waitangi	noun	ワイタンギ
wakayama	noun	和歌山
wakkanai	noun	稚内
wales	noun	ウェールズ
wallabies	noun	ワラビーズ
wallachia	noun	ワラキア
wallis and futuna	noun	ワリー・エ・フトゥーナ諸島
walloon	noun	ワロン人|ワロン語
walter	noun	ウォルター
wanderwort	noun	放浪語
wang	noun	ワン|王
wanli	noun	万暦
war of 1812	noun	米英戦争
war on terrorism	noun	対テロ戦争
warring states	noun	戦国時代
warsaw	noun	ワルシャワ
warsaw pact	noun	ワルシャワ条約
warsaw uprising	noun	ワルシャワ蜂起
warwick	noun	ウォリック
washington	noun	ワシントン州|ワシントン
washington, d.c.	noun	ワシントン|華府|華盛頓
watergate	noun	ウォーターゲート|ウォーターゲート事件
watson	noun	ワトソン
wayne	noun	ウェイン|ウェーン
wechat	noun	ウィーチャット|ウェイシン
wed	noun	水|水曜|結婚|娶る
wednesday	noun	水曜日|水曜
wei river	noun	渭水|渭河
weimar republic	noun	ヴァイマル共和政|ワイマル共和国
wellington	noun	ウェリントン
welsh	noun	ウェールズ語|カムリ語|ウェールズ人
welsh cake	noun	ウェルシュケーキ
welsh corgi	noun	ウェルシュ・コーギー
wen	noun	ウェン|温
wenceslaus	noun	ヴァーツラフ
wendy	noun	ウェンディ
wenzhou	noun	温州
weser	noun	ヴェーザー
west	noun	欧米|西洋|西方|西部|西|西へ
west africa	noun	西アフリカ
west asia	noun	西アジア
west asian	noun	西アジア人
west bank	noun	ヨルダン川西岸地区|西岸地区
west bengal	noun	西ベンガル|西ベンガル州
west berlin	noun	西ベルリン
west coast	noun	ウエストコースト|西海岸
west frisian	noun	フリジア語|西フリジア語
west germany	noun	西ドイツ
west indies	noun	西インド諸島
west jerusalem	noun	西エルサレム
west lake	noun	西湖
west virginia	noun	ウェストバージニア
western australia	noun	西オーストラリア
western bloc	noun	西側諸国
western europe	noun	西ヨーロッパ|西欧
western hemisphere	noun	西半球
western sahara	noun	西サハラ
western samoa	noun	西サモア
western wall	noun	嘆きの壁
western-style toilet	noun	洋式トイレ
westminster abbey	noun	ウェストミンスター寺院
westminster cathedral	noun	ウェストミンスター大聖堂
whatsapp	noun	ワッツアップ
wheel of fortune	noun	運命の輪
white army	noun	白軍
white day	noun	ホワイトデー
white house	noun	ホワイトハウス|白堊館
white sea	noun	白海
whitsunday	noun	ペンテコステ|聖霊降臨|聖霊降臨祭
wi-fi	noun	Wi-Fi|ワイファイ
wicca	noun	ウィッカ
wii	noun	Wii|ウィー
wiimote	noun	Wiiモート|Wiiリモコン
wikiproject	noun	ウィキプロジェクト
wikidata	noun	ウィキデータ
wikiholic	noun	ウィキ中毒者
wikipedia	noun	ウィキペディア
wikipedian	adjective	ウィキペディアの|ウィキペディアン
wiktionary	noun	ウィクショナリー
wilkins	noun	ウィルキンス
wilkinson	noun	ウィルキンソン
will	noun	ウィル|意志|希望|望む|願う
willemstad	noun	ウィレムスタット
william	noun	ウィリアム|ギヨーム|ウィレム
williams	noun	ウィリアムス|ウィリアムズ|ウイリアムス|ウイリアムズ
wilson	noun	ウィルソン
winchester	noun	ウィンチェスター
windhoek	noun	ウィントフック|ヴィントフック
windows	noun	Windows|ウィンドウズ
windows key	noun	Windowsキー
wing chun	noun	詠春拳
winnie the pooh	noun	くまのプーさん
winnipeg	noun	ウィニペグ|ウィニペグ湖|ウィニペグ川
winter triangle	noun	冬の大三角形
winter war	noun	冬戦争
wisconsin	noun	ウィスコンシン
wisconsin dells	noun	ウィスコンシンデルズ
wisconsinite	noun	ウィスコンシン人
wisdom of solomon	noun	ソロモンの知恵|知恵の書
wolfgang	noun	ヴォルフガング
wollongong	noun	ウロンゴン
wolverhampton	noun	ウルヴァーハンプトン
women	noun	レディース
won buddhism	noun	円仏教
wonder woman	noun	ワンダーウーマン
wonsan	noun	元山
worcester	noun	ウスター
worcestershire sauce	noun	ウスターソース
word	noun	言|言葉|単語|語|言語|約束
world bank	noun	世界銀行
world exposition	noun	万博|世界博覧会|国際博覧会
world health organization	noun	世界保健機関|世界保健機構
world heritage site	noun	世界遺産
world series	noun	ワールドシリーズ
world trade organization	noun	世界貿易機関|WTO
world war i	noun	第一次世界大戦|第１次世界大戦
world war ii	noun	第二次世界大戦
world war iii	noun	第三次世界大戦
world war iv	noun	第四次世界大戦
world wide web	noun	ワールドワイドウェブ
wrangel island	noun	ウランゲリ島
wrocław	noun	ヴロツワフ|ブレスラウ
wu	noun	ウー|吳|呉語
wuchang	noun	武昌
wuhan	noun	武漢
wuhan pneumonia	noun	武漢肺炎
wunderkammer	noun	驚異の部屋
wuxi	noun	無錫
wyoming	noun	ワイオミング|ワイオミング州
x-ray	noun	X線|エックス線|レントゲン|レントゲン写真|エックス線撮影装置|レントゲン撮影装置|レントゲンを撮る
x-ray vision	noun	透視力
xo sauce	noun	ＸＯ醤
xanthi	noun	クサンティ
xavier	noun	シャビエル|エグゼビア|グザヴィエ|ザビエル|ゼイヴィア
xbot	noun	Xbox信者|痴漢|箱信者
xbox	noun	エックスボックス
xena	noun	ジーナ
xenophanes	noun	クセノパネス
xenophon	noun	クセノポン|クセノポーン
xhosa	noun	コサ語
xi	noun	シー|習|クサイ|グザイ|クスィー
xi'an	noun	西安
xia	noun	夏
xiamen	noun	アモイ|廈門
xiang	noun	湘語
xibe	noun	シベ族|シボ族|シベ語|シボ語
xicheng	noun	西城
xinhai revolution	noun	辛亥革命
xining	noun	西寧
xinjiang	noun	新疆
xinyang	noun	信陽
xiongnu	noun	匈奴
xuanxue	noun	玄学
xuzhou	noun	徐州
yhwh	noun	エホバ|ヤハウェ
yolo		一度きり
yachiyo	noun	八千代
yaesu	noun	八重洲
yahoo!	noun	ヤフー|ヤフー！
yahweh	noun	ヤハウェ
yakut	noun	サハ語|ヤクート語
yakutia	noun	ヤクーチア
yakutsk	noun	ヤクーツク
yale	noun	イェール大学|エール大学|イェール式|エアレー
yalta	noun	ヤルタ
yalu	noun	鴨緑江
yama	noun	閻魔
yamagata	noun	山形
yamaguchi	noun	山口
yamal	noun	ヤマル|ヤマル半島
yamanashi	noun	山梨
yamato	noun	やまと|倭|大和
yamatokōriyama	noun	大和郡山
yamatotakada	noun	大和高田
yamoussoukro	noun	ヤムスクロ
yanbian	noun	延辺
yandex	noun	ヤンデックス
yangon	noun	ヤンゴン|ラングーン
yangsan	noun	梁山
yangtze	noun	揚子江|長江
yangzhou	noun	揚州
yank	noun	ヤンキー|引っ張る
yankee	noun	ヤンキー|アメ公
yanqing	noun	延慶
yantai	noun	煙台
yanukovych	noun	ヤヌコーヴィチ
yaoundé	noun	ヤウンデ
yap	noun	ヤップ州|きゃんきゃん|ぺちゃくちゃ
yarmouk	noun	ヤルムーク川
yaroslavl	noun	ヤロスラヴリ
yarovit	noun	ヤロヴィト
yasodhara	noun	耶輸陀羅
yasugi	noun	安来
yatsushiro	noun	八代
yazu	noun	八頭
yekaterinburg	noun	エカテリンブルク
yelena	noun	エレーナ
yellow river	noun	黄河
yellow sea	noun	黄海
yellowknife	noun	イエローナイフ
yeltsin	noun	イェリツィン|エリチン|エリツィン
yemen	noun	イエメン
yemen arab republic	noun	イエメン・アラブ共和国|北イエメン
yenisei	noun	エニセイ川
yeosu	noun	麗水
yerevan	noun	エレバン
yesso scallop	noun	帆立|帆立貝
yggdrasil	noun	ユグドラシル
yi	noun	イ|リ
yichang	noun	宜昌
yiddish	noun	イディッシュ語
yilan	noun	宜蘭
yinchuan	noun	銀川
yoda	noun	ヨーダ
yogyakarta	noun	ジョグジャカルタ
yokohama	noun	横浜
yokosuka	noun	横須賀
yonaguni	noun	与那国|与那国島|与那国語
yoneda lemma	noun	米田の補題
yonezawa	noun	米沢
yongchuan	noun	永川
yongsan	noun	龍山
yonne	noun	ヨンヌ県
york	noun	ヨーク|ヨーク家
yorkshire	noun	ヨークシャー
yorkshire terrier	noun	ヨーキー|ヨークシャー・テリア
yorkshire pudding	noun	ヨークシャー・プディング
yorkshireman	noun	ヨークシャー人
yorkshirewoman	noun	ヨークシャー人
yoron	noun	与論|与論島|与論語
yoruba	noun	ヨルバ語
yoshkar-ola	noun	ヨシュカル・オラ
yotsuya	noun	四谷
youtube	noun	ようつべ|ユーチューブ
youtube poop	noun	ユーチューブ・プープ
youtuber	noun	ユーチューバー
young's modulus	noun	ヤング率
your excellency		閣下
your highness		殿下|上様
your honour		閣下
your majesty	noun	陛下
yoyogi	noun	代々木
ytterby	noun	イッテルビー
yuan dynasty	noun	元
yucatán	noun	ユカタン半島|ユカタン州
yuezhi	noun	月氏
yugoslavia	noun	ユーゴスラビア|ユーゴスラヴィア
yukon	noun	ユーコン
yule log	noun	ビュッシュ・ド・ノエル|ブッシュ・ド・ノエル
yunlin	noun	雲林
yunnan	noun	雲南
yuri	noun	Yuri|Yūri|ゆうり|ゆり|友理|友里|百合
yuriko	noun	ゆうりこ|ゆりこ
yurok	noun	ユロク人|ユロック人|ユロク語|ユロック語
yuzawa	noun	湯沢
yuzhno-sakhalinsk	noun	ユジノサハリンスク|豊原
yvelines	noun	イヴリン|イヴリーヌ
zachary	noun	ザカリアス|ザカリー
zagreb	noun	ザグレブ
zaire	noun	ザイール
zairean	noun	ザイール人
zakynthos	noun	ザキントス島
zambales	noun	サンバレス
zambia	noun	ザンビア
zamboanga	noun	サンボアンガ
zamboanga chavacano	noun	サンボアンガチャバカノ語
zamboanga sibugay	noun	サンボアンガ・シブガイ
zamboanga del norte	noun	北ザンボアンガ
zamboanga del sur	noun	南ザンボアンガ
zanzibar	noun	ザンジバル
zaragoza	noun	サラゴサ
zealand	noun	シェラン
zebedee	noun	ゼベダイ
zechariah	noun	ゼカリヤ|ゼカリヤ書
zeeland	noun	ゼーラント州
zeelandic	noun	ゼーランド語
zelda	noun	ゼルダ
zelenskyy	noun	ゼレンスキー
zemfira	noun	ゼムフィラ
zen	noun	禅|禅宗
zen buddhism	noun	禅|禅宗
zephaniah	noun	ゼパニヤ書
zeppelin	noun	ツェッペリン
zeralda	noun	ゼラルダ
zermatt	noun	ツェルマット
zeus	noun	ゼウス
zhang	noun	ジャン|チャン|張
zhangjiakou	noun	チャンチアコウ|張ちょう家か口こう
zhangzhou	noun	ショウ州|漳州
zhejiang	noun	浙江
zhengzhou	noun	鄭州
zhenjiang	noun	鎮江
zhili	noun	直隷
zhongli	noun	中壢
zhongshan	noun	中山
zhou	noun	周
zhouzhi	noun	周至|周至県|盩厔|盩厔県
zhuang	noun	チワン族|チワン語
zhuangzi	noun	荘周|荘子
zhuhai	noun	珠海
zhukov	noun	ジューコフ
zhuyin fuhao	noun	ボポモフォ|注音符号
zhytomyr	noun	ジトーミル
zibo	noun	淄博
zimbabwe	noun	ジンバブエ
zion	noun	ザイオン|シオン
zionism	noun	シオニズム
zionist	noun	シオニスト
zionist entity	noun	シオニスト政体
zira	noun	ジラ
zoroaster	noun	ザラスシュトラ|ゾロアスター|ツァラトゥストラ
zoroastrianism	noun	ゾロアスター教|拝火教|祆教
zorro	noun	ゾロ
zouave	noun	ズアーブ兵
zoë	noun	ゾイ|ゾーイ
zulu	noun	ズールー人|ズールー族|ズールー語
zumba	noun	ズンバ
zuni	noun	ズニ語
zurich	noun	チューリッヒ
zushi	noun	逗子
zweihänder	noun	ツヴァイヘンダー
a	noun	エー
a bad workman always blames his tools		弘法筆を選ばず
a bird in the hand is worth two in the bush		明日の百より今日の五十
a cappella	adverb	アカペラ
a contented mind is a perpetual feast		足るを知るものは宝
a drowning man will clutch at a straw		溺れる者は藁をも掴む
a few		二、三の|少数|幾つか
a fool and his money are soon parted		鴨が葱を背負って来る
a friend in need is a friend indeed		まさかの時の友こそ真の友
a good beginning makes a good ending		始め良ければ終わり良し
a journey of a thousand miles begins with a single step		千里の道も一歩から
a leopard cannot change its spots		三つ子の魂百まで
a little	adverb	少し|ちょっと
a little bird told me		小さな鳥が私に言った
a lot	adverb	多い|沢山|しばしば|よく|度々|多く
a nod is as good as a wink		一を聞いて十を知る
a picture is worth a thousand words		百聞は一見に如かず
a priori	adverb	アプリオリ
a rolling stone gathers no moss		転石苔むさず
a stitch in time saves nine		今日の一針明日の十針
a.m.	adverb	午前
aardvark	noun	土豚|ツチブタ
aardwolf	noun	アードウルフ|土狼
ab	noun	腹筋
aba	noun	アバーア|アバーヤ
abaca	noun	マニラ糸芭蕉|マニラ麻
aback	adverb	後方
abacus	noun	算盤|そろばん|頂板
abalone	noun	鮑|アワビ
abandon	noun	奔放自在|自由奔放|諦める|手放す|放棄|断念
abandon ship	verb	船を捨てる
abandonment	noun	放棄
abase	verb	卑しめる|卑下|格下げ|貶める|下げる
abash	verb	狼狽
abatis	noun	逆茂木|鹿砦
abattoir	noun	屠場|屠畜場|畜殺場
abaya	noun	アバーア|アバーヤ
abbess	noun	尼僧院長
abbey	noun	修道院|しゅうどういん
abbot	noun	修道院長|住持
abbreviate	verb	略す|略称|省略|短縮|縮める
abbreviated	adjective	略
abbreviation	noun	略|略語|短縮|略称|省略|約分
abdicate	verb	退位|退位する
abdication	noun	退位
abdomen	noun	腹|腹部|お腹
abdominal cavity	noun	腹腔
abdominal muscle	noun	腹筋
abdominal pore	noun	腹部の毛穴
abduct	verb	誘拐する
abduction	noun	拉致|誘拐
abductor	noun	誘拐犯|外転筋
abelian group	noun	アーベル群
abend	noun	アベンド|異常終了|アベンドする
abessive case	noun	欠格
abet	verb	煽動する
abettor	noun	共犯者|教唆犯|教唆者
abeyance	noun	停止
abhor	verb	忌む
abide by	verb	守る|従う
ability	noun	能力|才能
abiogenesis	noun	自然発生説|生命の起源
abjad	noun	アブジャド|子音文字
abject	adjective	あさましい|浅ましい
ablative	adjective	奪格
ablative case	noun	奪格
ablaze	adjective	燃える|着火|興奮|輝く
ableism	noun	障害者差別
ablution	noun	沐浴
abnormal	adjective	不自然|異常
abnormally	adverb	異常
aboard	adverb	乗る
abolish	verb	止める|廃止|打破|無くす
abolishment	noun	廃止
abolition	noun	廃止|撤廃
abomasum	noun	ギアラ
abominable snowman	noun	イエティ|雪男
abominate	verb	唾棄|忌み嫌う
abomination	noun	嫌悪
aboriginal	adjective	土着
abort	noun	中止|流産|堕ろす
abortion	noun	中絶|人工妊娠中絶|人工流産|堕胎|妊娠中絶
abound	verb	たくさん
about	adverb	約|およそ|大略|周辺|辺り|ところ
about to		ところ|まさに...しようとしている
above		上
above all		何よりも
above the law		法の埒外
above-mentioned	adjective	上で述べた|上記|上述
abovesaid	adjective	上述
abracadabra	noun	アブラカダブラ
abridgment	noun	要約|縮小
abroad	adverb	海外|国外|外国|在外
abscess	noun	膿瘍|腫れ物
abscissa	noun	横座標|横軸
absence	noun	不在|欠席|不保持|欠落|無頓着
absent	adjective	いない|欠席|持つ|無い
absent-minded	adjective	上の空|ぼんやり
absent-mindedly	adverb	ぼんやり
absinthe	noun	苦蓬|アブサン
absolute	adjective	無比|絶対的|無条件|絶対|揺るぎない|自己完結
absolute advantage	noun	絶対的な優位性
absolute complement	noun	補集合
absolute geometry	noun	絶対幾何学
absolute majority	noun	絶対多数|過半数
absolute monarchy	noun	絶対君主制
absolute pitch	noun	絶対音感
absolute space	noun	絶対空間
absolute temperature	noun	絶対温度
absolute value	noun	絶対値
absolute zero	noun	絶対零度
absolutely	adverb	絶対
absoluteness	noun	無条件|絶対|絶対性
absolution	noun	解放|釈放
absolutist	noun	絶対主義者
absolutive	adjective	絶対格
absolutive case	noun	絶対格
absolutization	noun	絶対化
absolutize	verb	絶対化
absolve	verb	解放
absorb	verb	処理|吸収|負担|吸う
absorbable	adjective	吸収性のある
absorbed	adjective	夢中
absorption	noun	吸収|併合|吸い込み|夢中|没頭
absquatulate	verb	逃げる
abstain	verb	差し控える|慎む|棄権
abstemious	adjective	禁欲的
abstention	noun	不参加|慎む|棄権|禁酒
abstinent	adjective	禁欲
abstract	adjective	抽象的|要約|概要|抽象|抽象派|抽出|取る
abstract algebra	noun	抽象代数学
abstract noun	noun	抽象名詞
abstractionism	noun	抽象主義
abstruse	adjective	晦渋|難解
absurd	adjective	愚か|荒唐|馬鹿らしい|愚鈍
absurdism	noun	不条理
abugida	noun	アブギダ
abulia	noun	意志欠乏
abundance	noun	多量|大量|豊富|過剰
abundant	adjective	多い|豊か
abundant number	noun	過剰数
abundantly	adverb	多量
abura	noun	アブラ|バイヤ
abuse	noun	濫用|侮辱|虐待|性的虐待|罵る|罵倒
abyss	noun	深淵|淵
acacia	noun	アカシア
acacia tit	noun	ソマリハイイロガラ
academic	adjective	プラトン学派|大学|学問|人文的|非現実的|プラトン主義者
academic freedom	noun	学問の自由
academic year	noun	学年
academician	noun	大学生|学徒|学生|学者|アカデミシャン|アカデミー会員
academy	noun	学園|学院|アカデミー|学会|翰林院|専門学校
acai	noun	ワカバキャベツヤシ|アサイー|アサイ
acai berry	noun	アサイー
acarian	noun	壁蝨
acarology	noun	ダニ学
acarus	noun	ダニ
accelerant	noun	促進剤
accelerate	verb	(Kasoku suru)|加速|加速する|促進
acceleration	noun	加速|加速度
accelerator	noun	アクセル
accelerometer	noun	加速度計
accent	noun	強勢|重き|アクセント|なまり|話し振り|強調
accept	verb	受け入れる|受け取る|受ける|受理|同意|堪え忍ぶ
acceptability	noun	受容性
acceptance	noun	承諾
access	noun	アクセス
accession	noun	加入|加盟
accessory	noun	アクセサリー|持ち物
accident	noun	事故|アクシデント|偶然
accidental	adjective	偶然|臨時記号
accidentally	adverb	誤って|偶然|無意識的
accidentally on purpose	adverb	偶然を装って
acclimatization	noun	適応|順応
accommodate	verb	収容
accommodation	noun	宿泊|設備|調整|調節
accompaniment	noun	伴奏
accompany	verb	付き合う|付き添う|連れ立つ
accomplice	noun	共犯|共犯者
accomplish	verb	完了|完成|成し遂げる
accomplishment	noun	成果|到達|成績|業績|遂行|達成
accord	noun	合意
according to		よる|の分だけ
accordion	noun	アコーデオン|手風琴|アコーディオン
accoucheur	noun	助産師
account	noun	口座|アカウント
account book	noun	台帳|帳簿
account for	verb	説明|占める
account to	verb	責任がある|責任を負う
accountant	noun	会計士|会計係|経理担当者
accounting	noun	会計|会計学|経理
accounts payable	noun	買掛金
accounts receivable	noun	売掛金
accreditation	noun	認定
accrete	adjective	共生の
accretion	noun	降着
accretionary	adjective	漸次増大の
accumulate	verb	積む|溜まる|蓄積
accumulator	noun	アキュムレータ|蓄電池
accuracy	noun	正確性|正確|確度|精密|精密性
accurate	adjective	正確|精密
accurately	adverb	正確
accusation	noun	容疑|言いがかり|告発
accusative	adjective	非難を表す|対格の|対格|４格
accusatory	adjective	批難|非難
accuse	verb	問う|着せる
accused	noun	被告
accuser	noun	原告|告発者|告訴人
accustomed	adjective	慣れる
ace	noun	エース
ace of clubs	noun	クラブのエース
ace of diamonds	noun	ダイヤのエース
ace of hearts	noun	ハートのエース
ace of spades	noun	スペードのエース
ace up one's sleeve	noun	切り札|奥の手
acenaphthene	noun	アセナフテン
acerola	noun	アセロラ
acetal	noun	アセタール
acetaldehyde	noun	アセトアルデヒド
acetamide	noun	アセトアミド
acetaminophen	noun	アセトアミノフェン|パラセタモール
acetate	noun	酢酸塩|アセテート
acetic acid	noun	酢酸
acetone	noun	アセトン
acetonitrile	noun	アセトニトリル
acetylacetone	noun	アセチルアセトン
acetylation	noun	アセチル化
acetylcholine	noun	アセチルコリン
acetylene	noun	アセチレン|エチン
acetylsalicylic acid	noun	アセチルサリチル酸
ache	noun	痛み|痛む|痛い
achieve	verb	実現|達成
achievement	noun	成果|到達|成績|業績|達成
achoo		ハクション
aciclovir	noun	アシクロビル
acid	adjective	すっぱい|酸っぱい|酸|酸性
acid rain	noun	酸性雨
acidic	adjective	酸性
acidification	noun	酸性化
acidity	noun	酸度|酸性度
acidosis	noun	アシドーシス|酸血症
acinus	noun	腺房
ackee	noun	アキー
acknowledge	verb	承認|認める
acknowledgment	noun	承知|承認|謝辞|認知
acne	noun	面皰|痤瘡
aconite	noun	鳥兜|トリカブト|洋種鳥兜
acorn	noun	団栗|どんぐり
acoustic	adjective	音の|音響の|アコースティック|音響
acoustic guitar	noun	アコギ|アコースティックギター
acoustics	noun	音響学
acqua alta	noun	おおしお|アクア・アルタ|アックア・アルタ|大潮
acquaintance	noun	知り合い|知人
acquiescence	noun	黙認
acquire	verb	得る|獲得
acquired immune deficiency syndrome	noun	後天性免疫不全症候群
acquisition	noun	獲得
acquit	verb	放免|解放
acquittal	noun	放免|無罪判決
acreage	noun	栽培面積
acridine	noun	アクリジン
acrobat	noun	アクロバット
acrobatics	noun	アクロバット|曲芸|軽業
acrolein	noun	アクロレイン
acromegaly	noun	先端巨大症
acronym	noun	略語|頭字語|アクロニム
acrophobia	noun	高所恐怖症
across		向こう|向こう側|横切って
acrylamide	noun	アクリルアミド
acrylic resin	noun	アクリル樹脂
act	noun	行為|行動|法令|幕|出演する|実行する
acting	adjective	代理|演技
actinide	noun	アクチノイド
actinium	noun	アクチニウム
actinoid	noun	アクチノイド
action	noun	アクション|行為|行動|動作|交戦|戦闘
action figure	noun	アクションフィギュア
action movie	noun	アクション映画
action potential	noun	活動電位
action verb	noun	動作動詞
actions speak louder than words		不言実行
activate	verb	活性化する (かっせいかする, kasseika suru)
activated carbon	noun	活性炭
activation function	noun	活性化関数
active	adjective	活動的|すばしっこい|能動|能動的|積極的|ぴちぴち
active duty	noun	現役
active matrix	noun	アクティブマトリクス
active participle	noun	能動分詞
active voice	noun	能動態
active volcano	noun	活火山
activist	noun	活動家
activities of daily living	noun	日常生活動作
activity	noun	活動|アクティビティー|活躍
actor	noun	俳優|役者|演技者|女優
actress	noun	女優
actual	adjective	現実|実際
actually	adverb	実は|実際に|本当
actuary	noun	アクチュアリー
actuate	verb	作動
actus reus	noun	構成要件
acumen	noun	慧眼|洞察力|聡明
acupoint	noun	点穴|経穴
acupressure	noun	指圧
acupuncture	noun	鍼|鍼治|鍼治療|鍼術
acute	adjective	せつじつ|鋭角|急性
acute accent	noun	アキュート・アクセント
acute angle	noun	鋭角
acute triangle	noun	鋭角三角形
acute-angled	adjective	鋭角
acyl	noun	アシル基
ad hoc	adjective	このために|臨時
ad hominem	noun	人身攻撃
ad infinitum	adverb	無限|際限
adagietto	noun	アダジェット|アダージェット
adamant	noun	金剛
adamantium	noun	アダマンティウム
adapt	adjective	適合|適応
adaptation	noun	適応
adapter	noun	アダプタ|アダプター
add	verb	加える|追加|足す
add fuel to the fire	verb	火に油を注ぐ|鬼に金棒
add insult to injury	verb	傷口に塩を塗る
addend	noun	加数|足す数
adder	noun	加算器|クサリヘビ|鎖蛇|毒蛇
adder's tongue	noun	ハナワラビ属
addict	noun	中毒者
addiction	noun	嗜癖|中毒
addictive	adjective	中毒性|常習的
addition	noun	付加|建て増し|追加|足し算|加法
additive	noun	添加剤
address	noun	住所|宛名|演説|講演
address bar	noun	アドレスバー
address book	noun	アドレス帳
addressee	noun	受信人|受取人
adductor	noun	内転筋
ade	noun	エード
adenine	noun	アデニン
adenocarcinoma	noun	腺癌
adenoid	noun	腺様
adenosine triphosphate	noun	アデノシン三リン酸
adequacy	noun	適切
adequate	adjective	適当|適切|十分
adessive case	noun	接格
adhan	noun	アザーン
adhere	verb	付く|くっ付く
adhesion	noun	接着力|附着力
adhesive	noun	接着剤
adhesive tape	noun	粘着テープ|サージカルテープ|セロテープ|セロハンテープ|テープ|絆創膏
adinkra	noun	アディンクラ・シンボル
adipocere	noun	屍蠟
adiponectin	noun	アディポネクチン
adipose fin	noun	脂鰭
adjacent	adjective	隣接|ばかり|らしい
adjectival	adjective	形容詞
adjective	adjective	手続き上|依存性|非独立性|形容詞|形容動詞
adjectivization	noun	形容詞化
adjectivize	verb	形容詞化する
adjournment	noun	休会|延期
adjust	verb	調節する|調整
adjustment	noun	調節|調整
adjutant	noun	禿鸛
administer	verb	管理
administration	noun	管理|官庁|政権|行政
administrative court	noun	行政裁判所
administrative law	noun	行政法
administrator	noun	管理者|遺産管理人
admirable	adjective	立派|感心|見事
admiral	noun	提督|海軍大将|大将
admiral of the fleet	noun	海軍元帥
admiration	noun	感心|賞賛
admire	verb	感心
admission	noun	入場|入場料
admit	verb	認める|承認
admonish	verb	注意|警告
admonishment	noun	戒告
adnominal	noun	連体詞
adobe	noun	アドベ
adobo	noun	アドボ
adolescence	noun	青年期
adolescent	adjective	思春期の|少年|少女|青春
adopt	verb	養子にする|採用する
adoptee	noun	養女|養子
adoption	noun	養子縁組
adoptive	adjective	養
adoptive father	noun	養父
adoptive mother	noun	養母
adorable	adjective	可愛い
adoration	noun	敬愛
adore	verb	崇拝|敬愛|熱愛
adorn	verb	飾る
adposition	noun	接置詞
adrenal cortex	noun	副腎皮質
adrenal gland	noun	副腎
adrenaline	noun	アドレナリン|エピネフリン|脳汁
adsorption	noun	吸着
adult	noun	大人|成人
adult survivor	noun	アダルトサバイバー
adulterer	noun	姦夫|姦通者|浮気者
adultery	noun	不倫|姦通|.婚外性交|姦淫|密通|私通
adulthood	noun	成人
adumbrate	verb	ぼんやりと暗示する|予示する|概説する|暗くする
advance	noun	前進|進歩|進展|進む
advance payment	noun	前渡金
advanced	adjective	高尚|高度|上級
advantage	noun	得|優位|利点|有利|優越
advantageous	adjective	有利
adventitious	adjective	偶然的な
adventure	noun	冒険|アドベンチャー|投機
adventure game	noun	アドベンチャーゲーム
adventurer	noun	冒険家
adventurism	noun	冒険主義
adventurous	adjective	冒険好き|冒険的
adverb	noun	副詞
adverbial	adjective	副詞類|副詞|副詞句|副詞節
adverbial clause	noun	副詞節
adverbial participle	noun	副動詞
adverbial phrase	noun	副詞句
adversary	noun	敵|相手|アドバーサリー|敵対者
adverse possession	noun	使用取得
adversity	noun	逆境
advertise	verb	広告|宣伝
advertisement	noun	広告|CM
advertiser	noun	広告主
advertising	noun	広告|アドバタイジング
advice	noun	助言|アドバイス|忠告|注意
advise	verb	知らせる|薦める|助言|勧める|忠告|注意
advisor	noun	相談役|顧問
advocaat	noun	アドヴォカート
advocacy group	noun	圧力団体
advocate	verb	支持|説く|主張
adware	noun	アドウェア
adynaton	noun	アデュナトン
adze	noun	釿
aeonium	noun	アエオニウム
aerial	noun	空中線|アンテナ
aerial ladder	noun	エアリアルラダー
aerobic	adjective	好気性
aerobics	noun	エアロビクス|有酸素運動
aerobiology	noun	空中生物学
aerodrome	noun	飛行場
aerodynamics	noun	空気力学
aerogram	noun	航空書簡
aeronautics	noun	航空学
aerosol	noun	エアロゾル|煙霧質
aerosol can	noun	エアロゾル缶
aerospace engineering	noun	航空宇宙工学
aerostat	noun	エアロスタット
aesthetic	adjective	美的
aesthetics	noun	美学
aestivation	noun	夏眠
aetiology	noun	原因論
afanc	noun	アーヴァンク
affability	noun	優しさ
affair	noun	事件|問題|不倫|恋愛関係|情事|浮気
affect	verb	感動
affectation	noun	気取り|虚飾
affection	noun	愛情
affectionate	adjective	人懐っこい
affidavit	noun	供述書|宣誓供述書
affiliate	verb	認知する
affine geometry	noun	アフィン幾何学
affine space	noun	アフィン空間
affine transformation	noun	アフィン変換
affinity	noun	アフィニティ|親和性
affirm	verb	肯定
affirmation	noun	断言
affix	noun	接辞|付属物
affluence	noun	裕福
affluent	adjective	裕福|金持ち|金満家
affogato	noun	アフォガート
afford	verb	ゆとり|余裕|与える|供給
affordable	adjective	価格が手頃
affreightment	noun	用船契約
affricate	noun	破擦音
afghani	noun	アフガニ
aflutter	adjective	ときめき|どきどき
aforementioned	adjective	前述
afraid	adjective	怖い
afro	noun	アフロ|アフロヘアー
aftcastle	noun	船尾楼
after	adverb	のちに|後で|ご|後|後ろ
after all		やっぱり|やはり|所詮|結局
after dark		暮れの後
afterbirth	noun	後産|胞衣
afterburner	noun	アフターバーナー
aftercare	noun	アフターケア
aftereffect	noun	余波|後遺症
afterglow	noun	残光
afterimage	noun	残像
afterlife	noun	後世|来世
aftermath	noun	余波|結果
afternoon	noun	午後
afternoon tea	noun	アフタヌーンティー
afterplay	noun	後戯
aftershaft	noun	後羽
aftershave	noun	アフターシェーブ
aftershock	noun	余震
aftertaste	noun	後味
afterwards	adverb	後で|その後|それから
afterword	noun	後書き|跋文
again	adverb	っけ|また|再び|又|あらためて|もう一度
again and again	adverb	何度も
against		反対 (はんたい, hantai)|反して|対して|逆らって
agalmatolite	noun	蝋石
agama	noun	アガマ
agar	noun	寒天
agaric	noun	原茸
agarwood	noun	沈香
agassi	noun	アガシ|アガッシ
agate	noun	瑪瑙
agave	noun	龍舌蘭
age	noun	老齢|高齢|寿命|一生|成人|時代|老いる
age group	noun	年齢層|年齢群
age of consent	noun	性的同意年齢
age of majority	noun	法定年齢
age-mate	noun	タメ|同い年
ageism	noun	年齢差別
agency	noun	代理店
agenda	noun	議題|議事|議事日程
agender	adjective	無性
agent	noun	代理人
agent noun	noun	動作主名詞|行為者名詞
agent provocateur	noun	プロバカートル
ageplay	noun	エイジプレイ
agglutination	noun	膠着
agglutinative	adjective	膠着(語)
aggregate	noun	合計|総和|総計|蘊
aggregation number	noun	凝集数
aggression	noun	侵略|攻撃
aggressive	adjective	攻撃的|侵略的
aggressively	adverb	侵略的|攻撃的|積極的
aggressor	noun	侵略者
agha	noun	アーガー
aghast	adjective	あっけ|呆然|愕然
agile	adjective	すばしこい|敏捷
agility	noun	機敏
aging	noun	老化
agitate	verb	扇動|煽る|掻き乱す
agitator	noun	扇動者|煽り屋|攪拌
aglycone	noun	アグリコン
agnolotti	noun	アニョロッティ
agnosticism	noun	不可知論
ago		前|以前
agogo bell	noun	アゴゴ
agon	noun	懸賞付き競技（けんしょうつききょうぎ, kensyō tsuki kyōgi）
agoraphobia	noun	広場恐怖症
agouti	noun	アグーチ
agranulocytosis	noun	無顆粒球症
agrarian	adjective	農業
agree	verb	一致|同じる|同意|賛成
agreement	noun	一致|合意|賛成|納得|協定
agribusiness	noun	アグリビジネス
agriculturalism	noun	農本思想
agriculture	noun	農業|農事|農耕
agrology	noun	アグロロジー
agronomist	noun	農学者
agronomy	noun	農学
ague	noun	寒気|悪寒
ah		ああ|あ|嗚呼
aha		ああ|なるほど
ahead	adverb	先に
ahem		げほげほ|エヘン|コホン|ゴホン
ahimsa	noun	不殺生
ahjussi	noun	アジョシ|アジョッシ
ahlspiess	noun	アールシュピース
ahoge	noun	アホ毛
aid	noun	援助|助け|支援|助手|補助
aide-de-camp	noun	副官
aiglet	noun	アグレット
aikido	noun	合気道
ailment	noun	病気
ailurophile	noun	愛猫家
ailurophobia	noun	猫恐怖症
aim	noun	狙い|目的|目標|目指す|狙う
air	noun	空気|天空|アリア|詠唱|干す
air base	noun	空軍基地|軍用飛行場
air bed	noun	エアベッド
air bubble	noun	気泡
air conditioner	noun	エアコン|エアコンディショナー|クーラー
air conditioning	noun	空調|エアコン|冷房|空調設備
air cushion	noun	エアクッション
air defense	noun	防空
air force	noun	空軍
air freshener	noun	消臭スプレー|消臭剤
air fryer	noun	エアフライヤー
air gun	noun	空気銃
air letter	noun	航空書簡
air mass	noun	気団
air pistol	noun	エアピストル
air pollution	noun	大気汚染
air potato	noun	苦何首烏
air purifier	noun	空気清浄機
air quote	noun	エアクオート
air raid	noun	空襲
air rifle	noun	エアライフル
air show	noun	航空ショー
air strike	noun	空襲
air supremacy	noun	制空権
air ticket	noun	航空券
air traffic control	noun	航空交通管制|航空管制|航空管理
air traffic controller	noun	航空管制官
air-raid shelter	noun	防空壕
airbag	noun	エアバッグ
aircraft	noun	航空機|飛行機
aircraft carrier	noun	航空母艦|空母
airfield	noun	飛行場
airflow	noun	気流
airhead	noun	天然
airlift	noun	空輸
airline	noun	エアライン|航空会社
airliner	noun	旅客機
airlock	noun	エアロック
airmail	noun	航空便
airplane	noun	飛行機|航空機
airplane ears	noun	イカ耳
airplane mode	noun	機内モード|航空機モード
airport	noun	空港|飛行場
airport lounge	noun	空港ラウンジ
airsickness	noun	飛行機酔い
airspace	noun	領空
airtight	adjective	密閉|気密
airway	noun	航空路
airworthiness	noun	耐空性
aisle	noun	通路
aisle seat	noun	通路側の席|通路側席
aitch	noun	エイチ
ajar	adverb	少し開いて
ajumma	noun	アジュマ|アジュンマ
akabeko	noun	赤べこ
akanbe	noun	あかんべえ|あっかんべー|アッカンベー
akhund	noun	アホン
akinete	noun	アキネート
al dente	adjective	アルデンテ
al-andalus	noun	アンダルス
al-qaeda	noun	アルカーイダ
alabaster	noun	雪花石膏
alanine	noun	アラニン
alarm	noun	警報|注意|アラーム|目覚まし時計
alarm clock	noun	目覚まし時計
alas		ああ|あたら
albacore	noun	鬢長
albatross	noun	アホウドリ|信天翁|沖の太夫|アルバトロス
albedo	noun	アルベド|反射能
albeit		ではあるが|とはいえ
albertosaurus	noun	アルバートサウルス
albinism	noun	白皮症|アルビノ
albino	adjective	アルビノ|白子
albondiga	noun	アルボンディガ
album	noun	アルバム|写真帖
albumen	noun	卵白|白身|蛋白
albumin	noun	アルブミン
alcazar	noun	アルカサル
alchemist	noun	錬金術師|アルケミスト
alchemy	noun	錬金術|煉丹術|黄金術
alcohol	noun	アルコール|酒|お酒
alcoholic	adjective	アルコール入りの|アルコール中毒者|アル中|小虎|愛飲家|辛党
alcoholism	noun	アルコール依存症|アル中|アルコール中毒
alcove	noun	壁龕
aldaric acid	noun	アルダル酸
aldehyde	noun	アルデヒド
alder	noun	榿
aldopentose	noun	アルドペントース
ale	noun	エール
aleph	noun	アリフ|アレフ
alert	adjective	機敏|警戒|警告|警報
alewife	noun	エールワイフ
alexandrine	noun	アレクサンドラン
alexandrite	noun	アレキサンドライト|クリソベリル|金緑石
alexithymia	noun	アレキシサイミア
alfalfa	noun	アルファルファ|ムラサキウマゴヤシ|ルーサン|モクシュク
alga	noun	藻類
algal bloom	noun	水の華
algebra	noun	代数|代数学|多元環
algebraic analysis	noun	代数解析
algebraic equation	noun	代数方程式
algebraic geometry	noun	代数幾何学
algorithm	noun	アルゴリズム|演算手順|算法
alhamdulillah		アルハムドゥリッラー
alias	noun	異名|仮名|偽名|別名|雅号
alibi	noun	アリバイ|現場不在証明
alicyclic	adjective	脂環式
alien	adjective	外国|外来|異質|相容れない|余所者|外人
alienate	verb	ハブ|仲間外れ|疎む|疎んじる|疎外
alif	noun	アリフ
alight	verb	降車
aligot	noun	アリゴ
alike	adjective	同じような
alimony	noun	別居扶助料|扶養料|離婚
aliphatic	adjective	脂肪族
alive	adjective	生きる
alive and kicking	adjective	しゃんしゃん|元気一杯
aliyah	noun	アリーヤー
alkali	noun	アルカリ
alkali metal	noun	アルカリ金属
alkaline earth metal	noun	アルカリ土類金属
alkaloid	noun	アルカロイド
alkane	noun	アルカン|メタン系炭化水素
alkene	noun	アルケン|エチレン系炭化水素|オレフィン|オレフィン系炭化水素
alkyne	noun	アルキン|アセチレン系炭化水素
all	adverb	すっかり|完全|全て|全部|あらゆる|全
all along	adverb	ずっと
all bark and no bite	adjective	張り子の虎
all day	adverb	一日中|終日
all hail		万歳
all night	adverb	終夜
all of	adverb	全て
all of a sudden	adverb	突然|突然に|行き成り
all right	adjective	大丈夫|しゃんと|ちゃんと|よく|オーケー|オーライ
all rights reserved		版権所有
all roads lead to rome		全ての道はローマに通ず
all that glitters is not gold		光るものすべて金ならず|光る物必ずしも金ならず
all the best		幸運を|幸運をお祈りいたします|頑張ってください
all the more	adverb	いっそう|なおいっそう|なおさら|なおもって
all the same	adverb	それでも|やはり|依然
all thumbs	adjective	ぶざま|不器用
all's fair in love and war		恋愛と戦争では手段を選ばない
all's well that ends well		終わり良ければすべて良し
all-purpose flour	noun	中力粉
all-wheel drive	noun	前輪駆動
all-you-can-eat	adjective	バイキング|バイキング料理|食べ放題
allantois	noun	尿膜
allative case	noun	向格
allegation	noun	主張|申し立て
allege	verb	確言|言い切る|主張|喧伝|言い張る
allegiance	noun	忠誠
allegory	noun	アレゴリー|寓話
allele	noun	対立遺伝子
allergen	noun	アレルゲン
allergic	adjective	アレルギー|アレルギー性
allergic rhinitis	noun	アレルギー性鼻炎
allergy	noun	アレルギー
alleviation	noun	緩和|軽減
alley	noun	路地|裏通り
alliance	noun	同盟|アライアンス
alligator	noun	わに|アリゲーター|ワニ
alliteration	noun	頭韻
allocate	verb	取り置く|配置
allometry	noun	アロメトリー
allomorph	noun	異形態
allonge	noun	附箋
allophone	noun	異音
allosaurus	noun	アロサウルス
allotment	noun	分担|割り当て
allow	verb	許す|許可|容認|認める
allowance	noun	こずかい|給与
allowed	adjective	可|許可
alloy	noun	合金
alloy steel	noun	合金鋼
allspice	noun	オールスパイス
allude	verb	嫌味を言う|当て付ける|当て擦る|遠回しに触れる
allure	noun	魅力|魅惑
allusion	noun	仄めかし|暗示
alluvial plain	noun	沖積平野
alluvium	noun	沖積層
ally	noun	アライ|味方|同盟国
allyl	noun	アリル基
alma mater	noun	母校|アルマ・マータ|校歌
almanac	noun	年鑑|アルマナック
almandine	noun	アルマンディン|鉄礬柘榴石
almighty	adjective	全能
almond	noun	アーモンド|扁桃|巴旦杏
almond milk	noun	アーモンドミルク
almond paste	noun	アーモンドペースト
almost	adverb	ほとんど|ほぼ|大方
almost all		ほとんど全て
almost everywhere	adverb	ほとんど至る所で
alms	noun	施し|施し物
aloe	noun	アロエ|蘆薈
aloe vera	noun	アロエベラ
aloha shirt	noun	アロハシャツ|ハワイアンシャツ
alone	adverb	単独|一人
along	adverb	沿う
alongside	adverb	沿う
aloof	adjective	つんつん|ツンツン|冷然|疎い|超然|飄々
aloud	adverb	大声
alpaca	noun	アルパカ
alpenglow	noun	アルペングロー|山頂光
alpha	noun	アルファ
alpha and omega	noun	阿吽
alpha male	noun	アルファ・オス|第1位オス|男の中の男
alpha particle	noun	α粒子|アルファ粒子
alpha ray	noun	アルファ線
alpha version	noun	アルファ版
alphabet	noun	アルファベット|文字|音素文字
alphabetical	adjective	アルファベットの|アルファベット順の
alphabetical order	noun	ABC順|アルファベット順|あいうえお順|辞書順
alphabetically	adverb	ABC順|アルファベット順
alphanumeric	adjective	英数字|英数
alpine accentor	noun	イワヒバリ
alpine chough	noun	黄嘴烏
alpine skiing	noun	アルペンスキー
alprazolam	noun	アルプラゾラム
already	adverb	もう|既に|とっくに|もはや|こんなに早く
also	adverb	も|また|さらに|にも
also known as		またの名|別名
alt key	noun	オルト|オルトキー
alt-right	noun	オルタナ右翼|オルト・ライト
altar	noun	祭壇
alter	verb	変える|変更|直す
alter ego	noun	分身|アルター・エゴ
alternate	verb	交替
alternate reality game	noun	ARG
alternately	adverb	かわるがわるに|交互に
alternating current	noun	交流|交流電流
alternative	adjective	代替|選択肢
alternative dispute resolution	noun	裁判外紛争解決手続
alternative energy	noun	代替エネルギー
alternative medicine	noun	代替医療
although		であっても|といっても|としても|とはいえ|にもかかわらず|だけれども
altimeter	noun	高度計
altitude	noun	海抜|高度|高さ
altitude sickness	noun	高山病
alto	noun	アルト
alto saxophone	noun	アルトサクソフォーン
altocumulus	noun	高積雲|叢雲|斑雲|羊雲
altostratus	noun	高層雲|朧雲
altruism	noun	利他主義|利他
altruistic	adjective	利他的な
alum	noun	ミョウバン|明礬
aluminium	noun	アルミニウム|礬素|軽銀
aluminium foil	noun	アルミホイル|アルミ箔|ホイル
aluminium oxide	noun	アルミナ|酸化アルミニウム
alumni association	noun	同窓会
alumnus	noun	卒業生
alunite	noun	明礬石
alveolar	adjective	歯茎|歯茎音
alveolar artery	noun	歯槽動脈
alveolus	noun	肺胞
always	adverb	いつも|何時も|常に|ずっと
am i under arrest		逮捕されたんですか。
amanita	noun	テングタケ
amanuensis	noun	書記
amaranth	noun	アマランサス|アマランス|紫赤色
amaretto	noun	アマレット
amaryllis	noun	アマリリス
amass	verb	積む|積もる
amateur	noun	アマ|アマチュア|しろうと
amateur radio	noun	アマチュア無線
amaze	verb	驚かす
amazing	adjective	驚くべき|凄い
amazingly	adverb	すごく
amazonite	noun	アマゾナイト|天河石
ambassador	noun	大使
amber	noun	琥珀|琥珀色
ambergris	noun	竜涎香|龍涎香|アンバーグリス
amberjack	noun	カンパチ
ambidextrous	adjective	両手利き
ambient	noun	アンビエント|環境
ambiguity	noun	曖昧さ
ambiguity aversion	noun	曖昧さ回避
ambiguous	adjective	曖昧
ambition	noun	野心|野望
ambitious	adjective	野心的
ambivalent	adjective	どっちつかず
ambrosia	noun	アムブロシア
ambulance	noun	救急車
ambush	noun	不意打ち|待ち伏せ
ambusher	noun	伏兵
ameliorate	verb	好転|改良|良い
amelioration	noun	改良
amen	adverb	アーメン|南無三
amend	verb	修正|改める|改正
amendment	noun	改正|修正案
amenorrhoea	noun	無月経
americium	noun	アメリシウム
amethyst	noun	アメシスト|紫水晶|紫色
amiable	adjective	愛想のいい
amicable number	noun	友愛数
amide	noun	アミド
amidine	noun	アミジン
amigurumi	noun	編み包み
amine	noun	アミン
amino	adjective	アミノ
amino acid	noun	アミノ酸
amity	noun	友好|友誼|親睦
amla	noun	アムラ|油柑|阿摩勒
ammeter	noun	電流計
ammonia	noun	アンモニア
ammonite	noun	アンモナイト
ammonium	noun	アンモニウム
ammonium carbonate	noun	炭安
ammonium chloride	noun	塩安
ammonium nitrate	noun	硝安
ammonium phosphate	noun	燐安
ammonium sulfate	noun	硫安
ammunition	noun	弾薬|飛び道具
amnesia	noun	健忘症|健忘
amnesty	noun	恩赦|特赦|大赦|赦免
amnion	noun	羊膜
amniote	noun	有羊膜類|無鰓類|羊膜類
amniotic fluid	noun	羊水
amoeba	noun	アメーバ
among		中|間
amoral	adjective	道徳と無関係の
amorous	adjective	恋愛
amorphous	adjective	アモルファス
amortization	noun	償却
amortize	verb	償却する
amount	noun	量|数量|総量|なる|合計する
ampere	noun	アンペア
ampersand	noun	アンド|アンパサンド
amphetamine	noun	アンフェタミン
amphibian	noun	両生類|両生
amphibious	adjective	水陸両用
amphibious assault ship	noun	強襲揚陸艦
amphibole	noun	角閃石
amphiptere	noun	アンピプテラ
amphoteric	adjective	両性
amplification	noun	増幅
amplifier	noun	アンプ|増幅器
amplitude	noun	広さ|振幅
amplitude modulation	noun	振幅変調
amply	adverb	ふんだんに|十分に|豊富に
ampoule	noun	アンプル
ampulla of lorenzini	noun	ロレンチーニ器官
ampulla of vater	noun	ファーター膨大部
amputate	verb	切断
amputation	noun	切断
amputee	noun	切断者
amrita	noun	甘露
amulet	noun	お守り|アミュレット|護符
amusement	noun	アミューズメント|娯楽|遊び
amusement arcade	noun	ゲームセンター
amusement park	noun	遊園地|アミューズメントパーク
amusia	noun	音痴
amusing	adjective	可笑しい|面白い
amygdala	noun	扁桃体|扁桃核
amylase	noun	アミラーゼ
amyloplast	noun	アミロプラスト
amyotrophic lateral sclerosis	noun	筋萎縮性側索硬化症
an apple a day	noun	医食同源
an apple a day keeps the doctor away		一日一個のりんごで医者しらず
an eye for an eye, a tooth for a tooth		目には目を|同害報復|目には目を、歯には歯を
anabasis	noun	アナバシス
anabolism	noun	同化|同化作用
anachronism	noun	時代錯誤
anachronistic	adjective	時代錯誤
anaconda	noun	アナコンダ
anacrusis	noun	弱起
anadiplosis	noun	前辞反復
anaerobe	noun	嫌気性生物
anaerobic	adjective	嫌気性
anagama kiln	noun	穴窯
anagram	noun	アナグラム
anal	adjective	尻
anal beads	noun	アナルビーズ
anal fin	noun	臀鰭
anal fissure	noun	裂肛
anal fistula	noun	痔瘻
anal sex	noun	アナルセックス|肛門性交
anal sphincter	noun	肛門括約筋
analects	noun	選集
analgesic	noun	鎮痛剤
analog	adjective	アナログ
analogy	noun	アナロジー|類推|類似|類比
analysis	noun	分析|解析学|分析判断|解析
analyst	noun	アナリスト|分析家|分析者|精神分析学者
analytic mechanics	noun	解析力学
analytical engine	noun	分析機関
analytics	noun	アナリティクス|分析学|分析論|解析学
analyze	verb	分析
anamnesis	noun	病歴
anaphylactic shock	noun	アナフィラキシーショック
anaphylaxis	noun	アナフィラキシー
anaplasmosis	noun	アナプラズマ症
anarchism	noun	無政府主義
anarcho-capitalism	noun	無政府資本主義
anarchy	noun	無政府状態|跳梁跋扈
anastrophe	noun	倒置|倒置法
anatase	noun	鋭錐石
anathema	noun	アナテマ|破門|呪い
anatman	noun	無我
anatomist	noun	解剖学者
anatomy	noun	解剖学|解剖
anatta	noun	無我
ancestor	noun	祖先|先祖|語源
ancestor worship	noun	祖先崇拝
ancestral	adjective	先祖
anchor	noun	錨|アンカー|アナウンサー|アンカーマン|ニュースキャスター
anchor ice	noun	錨氷
anchovy	noun	アンチョビ|片口鰯|アンチョビー|カタクチイワシ
ancient	adjective	古代の|古代|古い
ancients	noun	古代人
and how		そうですとも|勿論|本当に|間違いない
and so forth		など|等々|等|などなど|等等
andesine	noun	中性長石
andesite	noun	安山岩
andiron	noun	牧乗せ台
andisol	noun	アンドソル|黒ボク土
andrewsarchus	noun	アンドリューサルクス
androgen	noun	アンドロゲン|男性ホルモン
androgynous	adjective	中性的|両性具有
androphobe	noun	男嫌い
androphobia	noun	男性恐怖症
anecdote	noun	逸話|秘史
anemia	noun	貧血|貧血症
anemometer	noun	風速計|風力計
anemone	noun	アネモネ
anesthesia	noun	麻酔
anesthetic	noun	麻酔|麻酔薬
anesthetization	noun	麻酔
anesthetize	verb	麻酔をかける
aneurysm	noun	動脈瘤
anew	adverb	再び|改めて
angel	noun	天使|天の使い
angel dust	noun	エンジェルダスト
angel hair	noun	カペッリ・ダンジェロ|カペッリーニ
angel of death	noun	死神
angelica	noun	シシウド|アンゼリカ
anger	noun	怒り|忿怒|怒気|おこらせる|怒る
angina pectoris	noun	狭心症
angioma	noun	血管腫
angiosperm	noun	被子植物
angklung	noun	アンクルン
angle	noun	角度|角|隅|立場|見地|釣る
angle bracket	noun	山括弧
angle of incidence	noun	入射角|取り付け角
angle of view	noun	画角|視野角
anglerfish	noun	アンコウ|鮟鱇
anglicisation	noun	アングライゼーション|英国化
anglicise	verb	英国化
angling	noun	釣り
angora	noun	アンゴラウサギ
angry	adjective	怒る
angstrom	noun	オングストローム
anguish	noun	苦痛|苦しむ|苦しめる
angular velocity	noun	角速度
angulus	noun	胃角部
anhydride	noun	無水物
anhydrite	noun	硬石膏
anicca	noun	無常
anilingus	noun	アニリングス
animal	adjective	生き物の|動物|生き物|獣|生物|けだもの
animal feed	noun	飼料|餌
animal husbandry	noun	畜産
animal kingdom	noun	動物界
animal liberation	noun	動物解放
animal product	noun	動物製品
animal rights	noun	動物の権利
animal testing	noun	動物実験
animate	verb	アニメーション化す|アニメ化す
animation	noun	アニメーション|アニメ
animator	noun	アニメーター
anime	noun	アニメ|アニメーション
animism	noun	アニミズム|地霊信仰|汎霊説|精霊信仰
animosity	noun	敵意
anion	noun	陰イオン|アニオン
anise	noun	アニス|八角
aniseed	noun	アニス
ankh	noun	アンク
ankle	noun	足首|踝
anklebone	noun	距骨
anklet	noun	アンクレット
ankylosaurus	noun	アンキロサウルス
ankylosing spondylitis	noun	強直性脊椎炎
ankylosis	noun	強直
annatto	noun	アケノキ|ベニノキ
annealing	noun	焼なまし
annelid	noun	環形動物|環節動物
annex	noun	付録|付加物|付属|別館|増築|組み入れる
annexation	noun	併合|付加|編入
annihilate	verb	撲滅|根刮ぎ|根絶|殲滅|絶滅
annihilation	noun	根絶|殲滅|全滅|絶滅
annihilative	adjective	殲滅的|絶滅
annin tofu	noun	杏仁豆腐
anniversary	noun	結婚記念日|記念日|アニバーサリー|周年
annotate	verb	注解する|注釈する
annotation	noun	注解
announce	verb	発表|知らせる
announcement	noun	お知らせ|発表|公告|広告
announcer	noun	アナウンサー
annoy	verb	煩わす|いらいらさせる|苦しめる|騒がす
annoyance	noun	迷惑
annoyed	adjective	いらいら
annoying	adjective	うるさい|煩い|迷惑|面倒
annual	adjective	毎年
annual leave	noun	年休
annual report	noun	年報
annually	adverb	毎年
annuity	noun	年金
annul	verb	取り消す|廃棄
annular eclipse	noun	金環日食|金環食
annulus	noun	アニュラス
anoa	noun	アノア|山水牛
anode	noun	アノード|陽極
anodontia	noun	欠損歯
anomalous water	noun	異常水
anomaly	noun	例外|離角
anonymous	adjective	匿名|無名
anopheles	noun	ハマダラカ
anorak	noun	アノラック
anorexia	noun	食欲不振|拒食症
anorexia nervosa	noun	拒食症
anorthite	noun	灰長石
another		もう|もう一つ|他の|別の
anoxia	noun	酸欠
answer	noun	返事|返答|解答|答え|回答|応答|答える
answering machine	noun	留守番電話|留守電
ant	noun	蟻|アリ
antacid	noun	制酸薬
antagonism	noun	対立|敵対
antagonist	noun	敵役
antaphrodisiac	noun	制淫薬
anteater	noun	アリクイ|蟻食
antebellum	adjective	戦前
antecedent	noun	先行詞
antelope	noun	羚羊|れいよう
antenna	noun	触角|ヒゲ
antepenultimate	adjective	次々末
anterior	adjective	優先|先んじる|先行|前
anterior chamber	noun	前眼房
anthem	noun	国歌|聖歌
anther	noun	葯
anthill	noun	蟻塚|アリの巣|蟻の塔
anthocyanin	noun	アントシアニン
anthology	noun	アンソロジー|詩集|選集
anthracene	noun	アントラセン
anthracite	noun	無煙炭
anthrax	noun	炭疽症
anthropocentrism	noun	人間中心主義
anthropologist	noun	人類学者
anthropology	noun	人類学
anthropomorphism	noun	擬人化|擬人観
anthropomorphization	noun	擬人化
anthroponymy	noun	人名学
anthropophagy	noun	食人
anthropophobia	noun	対人恐怖症
anthrozoology	noun	人間動物関係学
anti-		反|反対|逆|非
anti-americanism	noun	反米|アンティアメリカニズム|反米感情
anti-japanese	adjective	反日の
anti-semite	noun	反ユダヤ主義者
anti-semitism	noun	反セム主義|アンティセミティズム|反ユダヤ主義
anti-zionism	noun	反シオニズム
anti-aircraft	noun	高射砲
anti-gravity	noun	反重力
anti-intellectualism	noun	反知性主義
anti-militarism	noun	反軍国主義
anti-personnel	adjective	対人
anti-villain	noun	反悪役
anti-war	adjective	反戦
antiarmor	adjective	対機甲|対装甲
antibacterial	adjective	抗菌性|抗菌薬
antibiotic	noun	抗生物質
antibody	noun	抗体
anticipate	verb	予想
anticlimactic	adjective	呆気ない
anticlimax	noun	竜頭蛇尾
anticline	noun	背斜
anticlockwise	adjective	反時計回り|左巻き|左回り|逆時計回り
anticommutator	noun	反交換子
anticyclone	noun	高気圧
antidepressant	adjective	抗うつ|抗うつ剤|抗うつ薬
antiderivative	noun	不定積分
antidisestablishmentarianism	noun	反国教会廃止主義
antidote	noun	解毒剤|解毒薬
antidumping	adjective	反ダンピング
antifascism	noun	反ファシズム
antifascist	noun	反ファシスト
antifeminism	noun	反フェミニズム
antifreeze	noun	不凍液
antigen	noun	抗原
antigorite	noun	葉蛇紋石
antigovernment	adjective	反政府
antihero	noun	アンチヒーロー|ダークヒーロー|反英雄
antiheroic	adjective	反英雄的な
antiheroism	noun	反英雄主義
antihistamine	noun	抗ヒスタミン剤|抗ヒスタミン薬
antimateriel	adjective	対物
antimatter	noun	反物質
antimony	noun	アンチモン|アンチモニー
anting	noun	蟻浴
antinomy	noun	アンチノミー|二律背反
antinuclear	adjective	反核
antiparticle	noun	反粒子
antipathy	noun	厭悪感|反感|嫌悪感
antipattern	noun	アンチパターン
antipodal	adjective	対蹠的|正反対|真逆
antipode	noun	対極|対蹠|正反対|真逆
antipole	noun	対極
antiprism	noun	反角柱
antiproton	noun	反陽子
antipyretic	noun	解熱剤|解熱薬
antiquark	noun	反クォーク
antiquated	adjective	古風
antique	adjective	アンティーク|古い|骨董|骨董品
antiquity	noun	古代|昔
antiseptic	noun	殺菌剤
antishinto	adjective	反神道|抗神道
antisocial	adjective	不愛想|反社会的
antisymmetric	adjective	反対称的
antitank	adjective	対戦車
antiterrorism	noun	反テロ
antitheft	adjective	盗難防止
antithesis	noun	アンチテーゼ|対照
antivirus	noun	アンチウィルス|アンチウイルス|抗ウィルス|抗ウイルス
antler	noun	角
antlion	noun	蟻地獄|ウスバカゲロウ
antly	adjective	蟻の
antonym	noun	対義語|反対語|反意語
antshrike	noun	アリドリ
anucleate	adjective	無核
anus	noun	肛門
anusvara	noun	アヌスヴァーラ
anvil	noun	金床|鉄床|砧骨
anxiety	noun	心配
anxiolytic	noun	抗不安薬
anxious	adjective	心配
any		任意|どれでも|どれも
any port in a storm		窮鳥枝を選ばず
anyhow	adjective	とにかく|何しろ
anyon	noun	エニオン
anyone		誰でも|誰も
anything	noun	何でも|何
anytime	adverb	いつでも
anyway	adverb	とにかく|いずれにしても|どうせ|何しろ
anywhere	adverb	どこでも
ao dai	noun	アオザイ
aorist	noun	アオリスト
aorta	noun	大動脈
apart		ばらばら|別々
apart from		以外
apartheid	verb	アパルトヘイト|アパルトヘイド
apartment	noun	アパート|マンション|共同住宅|長屋|集合住宅
apartment building	noun	アパート|マンション
apathetic	adjective	無感動
apathy	noun	無感動|無関心
apatite	noun	燐灰石
ape	noun	猿|類人猿|サル|猿真似
aperture	noun	隙間|開口
apex predator	noun	頂点捕食者
aphantasia	noun	アファンタジア
aphasia	noun	失語症
aphelion	noun	遠日点
aphesis	noun	語頭母音消失
aphid	noun	油虫
aphorism	noun	格言
aphotic	adjective	無光
aphrodisiac	adjective	催淫の|催淫性の|媚薬|催淫剤
aphthous ulcer	noun	口内炎
apiary	noun	養蜂場
apiology	noun	養蜂学
apocope	noun	語末音消失|語尾音消失
apocryphal	adjective	うそ|にせ|典拠が疑わしい
apogee	noun	遠地点
apoliticism	noun	政治的無関心
apologetic	adjective	申し訳ない
apologetics	noun	弁証学
apologize	verb	謝る|詫びる|謝罪
apology	noun	侘び|申し訳|詫び|謝罪|弁明
apophenia	noun	アポフェニア
apoptosis	noun	アポトーシス
aporophobia	noun	貧者嫌悪
aposematism	noun	警告色
apostasy	noun	背信|背教
apostate	noun	背教者
apostille	noun	アポスティーユ
apostle	noun	使徒
apostrophe	noun	アポストロフ|アポストロフィー|省略符号
apotheosis	noun	神格化
app	noun	アプリ|アプリケーション
apparatchik	noun	アパラチク|党官僚
apparatus	noun	装置|機器|機構
apparent	adjective	瞭然|見える|明白|明瞭|明確
apparently	adverb	そう|らしい|一見|思しい|明らか|明白に
appeal	noun	上告|訴える
appear	verb	現れる|そう|ように見える|らしい|思われる
appearance	noun	出現|出廷|世間体|外見|外観|様子
appearances are deceptive		外見で自分の性格を判断することはできません
appeasement	noun	宥和|宥和政策
appellate court	noun	控訴裁判所|控訴院
appellation	noun	呼称
appendectomy	noun	盲腸炎手術|虫垂切除術
appendicitis	noun	虫垂炎|盲腸炎
appendix	noun	付録
appetite	noun	食欲
appetite comes with eating		隴を得て蜀を望む
appetizer	noun	アペタイザー|前菜
applaud	verb	拍手
applause	noun	拍手
apple blossom	noun	林檎の花
apple bobbing	noun	りんご取りゲーム
apple juice	noun	リンゴジュース|りんごジュース
apple of discord	noun	不和の林檎|争いの種
apple of someone's eye	noun	目に入れても痛くないもの
apple pear	noun	ナシ
apple pie	noun	アップルパイ
apple tree	noun	林檎の木|リンゴの木
applejack	noun	アップルジャック
applet	noun	アプレット
applewood	noun	林檎
appliance	noun	器具|機器|器械
applicant	noun	志願者|応募者|申し立て人|申し込み者|申請人
application	noun	アプリケーション|アプリ|申請|出願|応募|申し込み
application form	noun	申込書
application programming interface	noun	API|アプリケーションプログラミングインタフェース
applied	adjective	応用
applied mathematics	noun	応用数学
apply	verb	用いる|申し込む
appoint	verb	任命する
appointment	noun	任命|約束|アポ|アポイント|予約|待ち合わせ
apposition	noun	同格
appraisal	noun	評価
appreciate	verb	感謝する|鑑賞する|理解|値上がりする
appreciation	noun	感謝
apprehend	verb	理解
apprehension	noun	捕捉
apprehensive	adjective	不安|恐れる|気遣う|明敏|理解が早い
apprentice	noun	実習生|徒弟|見習い
approach	noun	アプローチ|接近|通路|近づく|近寄る
approach shot	noun	アプローチ
appropriate	adjective	適切|適当|相応しい|充当|私
approval	noun	決裁|承認|賛成
approve	verb	承認|賛成
approximately	adverb	およそ|約|大略
apricot	adjective	杏子色の|杏子|杏子色|アンズ
apron	noun	エプロン|前垂れ|前掛け
apsara	noun	アプサラス|飛天
apt	adjective	適切|利発
aptitude	noun	才能|素質|向き|適合|適度|適性
apéritif	noun	アペリティフ|食前酒
aqua regia	noun	王水|おうすい
aqua walking	noun	アクアウオーキング
aquacise	noun	アクアサイズ
aqualung	noun	アクアラング
aquamarine	noun	アクアマリン|藍玉
aquapark	noun	アクアパーク|ウォーターパーク
aquaponics	noun	アクアポニックス
aquarium	noun	水槽|アクアリウム|金魚鉢|養魚鉢|水族館
aquatic	adjective	水生
aquatics	noun	水上競技
aquatint	noun	アクアチント
aquavit	noun	アクアビット
aqueduct	noun	水道橋|用水路|水道
aquifer	noun	帯水層
aquiline nose	noun	段鼻|鷲鼻
ar	noun	アール
arabesque	noun	アラベスク
arachnid	noun	クモ形類
arachnidism	noun	クモ咬刺症
arachnophobia	noun	蜘蛛恐怖症
aragonite	noun	霰石
arahitogami	noun	現人神
arak	noun	アラック|アラク
arancino	noun	アランチーニ
arapaima	noun	アラパイマ|ピラルクー
arbitrage	noun	鞘取り
arbitrarily	adverb	任意
arbitrariness	noun	恣意
arbitrary	adjective	恣意|任意|不特定多数
arbitrate	verb	仲介する
arbitration	noun	仲介|仲裁
arboretum	noun	森林公園
arborio rice	noun	アルボリオ米
arbutin	noun	アルブチン
arc	noun	円弧|弧|アーク|アーク放電
arc lamp	noun	アーク灯
arc welding	noun	アーク溶接
arcade	noun	アーケード|商店街
arcade game	noun	アーケードゲーム
arccosine	noun	アークコサイン
arch	noun	アーチ
arch bridge	noun	アーチ橋
arch-		大
archaeologist	noun	考古学者
archaeology	noun	考古学
archaeon	noun	古細菌
archaic	adjective	初期|古代
archaic smile	noun	アルカイックスマイル
archaism	noun	古語|アルカイズム|アーケイズム
archangel	noun	大天使|天使長
archbishop	noun	大主教|大司教
archduke	noun	大公
archenemy	noun	大敵|宿敵
archeopteryx	noun	始祖鳥
archer	noun	射手
archerfish	noun	鉄砲魚
archery	noun	弓術|弓道|アーチェリー
archetype	noun	原型|祖型
archimandrite	noun	掌院
archipelago	noun	列島|群島
architect	noun	建築家
architecture	noun	建築|建築学
archive	noun	アーカイブ|文書の保管所|書庫|アーカイブに格納する
archivist	noun	アーキビスト
archway	noun	アーチ道
arcology	noun	アーコロジー
arcsine	noun	アークサイン
arctangent	noun	アークタンジェント|逆正接関数
arctic fox	noun	北極狐|白狐
arctic tern	noun	極鰺刺
arcuate fasciculus	noun	弓状束
ardent	adjective	熱心|熱烈
ardor	noun	熱意（ねつい, netsui）|情熱|熱情
arduous	adjective	苦しい|難儀
are	noun	アール
are you ok		大丈夫
are you allergic to any medications		薬にアレルギーがありますか?
are you married		あなたは結婚していますか|結婚
are you taking any medications		任意の薬を服用しますか
area	noun	面積|地区|領域|地下勝手口
area code	noun	エリアコード|地域番号
area-denial	adjective	領域拒否
arena	noun	アリーナ|土俵|闘技場
areola	noun	乳輪
argent	noun	銀
argh		あ゙|うわー|ぎゃー
arginine	noun	アルギニン
argon	noun	アルゴン
argue	verb	論ずる|議論
argument	noun	論争|引数|項
argumentative	adjective	理屈っぽい|議論好きの
argumentum ad hominem	noun	対人論証
argyle	noun	アーガイル
arhat	noun	阿羅漢
aria	noun	アリア|詠唱
arigato		ありがとう
aril	noun	仮種皮
arise	verb	起こる
aristocracy	noun	貴族|特権階級|貴族政治
aristocrat	noun	貴族|アリストクラット
arithmetic	noun	算数|演算
arithmetic logic unit	noun	演算装置
arithmetic mean	noun	算術平均
arithmetic operation	noun	算術演算
arithmetic operator	noun	算術演算子
arithmetic progression	noun	等差数列|算術数列
arithmetic series	noun	等差級数
ark	noun	箱舟
arm	noun	腕|うで|武器|武装
arm wrestling	noun	アームレスリング|腕相撲
arm-twist	verb	鮴押し
arm-twister	noun	鮴押し屋
arm-twisting	noun	鮴押し
arm-wrestle	verb	アームレスリングする
arm-wrestler	noun	アームレスラー
armada	noun	艦隊
armadillo	noun	アルマジロ
armament	noun	武装|軍備|兵装|武器
armature	noun	アーマチュア
armband	noun	腕章|浮き輪
armchair	noun	アームチェア|肘掛け椅子
armed forces	noun	軍隊
armillary sphere	noun	天球儀|アーミラリ天球儀|渾天儀
armistice	noun	休戦|停戦
armor	noun	鎧|装甲
armored	adjective	装甲
armourbearer	noun	よろい持ち
armoured car	noun	防弾車|装甲車|特型警備車|警察用装甲車
armoured fighting vehicle	noun	装甲戦闘車両|装甲戦闘車輛
armoured train	noun	装甲列車
armoured truck	noun	装甲現金輸送車
armpit	noun	脇の下|腋下|腋窩
armrest	noun	肘掛け
arms control	noun	軍備管理
arms race	noun	軍備拡張競争|軍拡競争
army	noun	陸軍|軍隊
aroma	noun	香り|アロマ|芳香|香気|匂い
aromanticism	noun	アロマンティシズム
aromatherapy	noun	アロマセラピー|芳香療法
aromatic	adjective	芳しい|香ばしい|香りのよい|芳香族の
around		…のまわり
around the clock		四六時中
arousal	noun	喚起|覚醒|興奮
arouse	verb	興奮する
arowana	noun	アロワナ
arpeggio	noun	アルペッジョ|琵音
arraignment	noun	アレインメント|罪状認否
arrange	verb	並べる|整える
arranged marriage	noun	見合い結婚
arrangement	noun	配置|アレンジ
array	noun	配列|盛装
arrest	noun	停止|逮捕|検挙|拘引|拘留|捕える
arrest warrant	noun	逮捕状
arrhythmia	noun	不整脈
arrival	noun	到着
arrive	verb	着く|到着
arrivederci		アリベデルチ|アリヴェデルチ|アリーヴェデルチ
arrogance	noun	傲慢|高慢
arrogant	adjective	傲慢
arrogate	verb	横取り
arrogation	noun	横取り|簒奪
arrondissement	noun	アロンディスマン
arrow	noun	矢|矢印
arrow key	noun	方向キー|矢印キー
arrowhead	noun	矢尻|鏃|慈姑
arrowroot	noun	葛鬱金
arrowslit	noun	狭間
arsenate	noun	砒酸塩
arsenic	noun	ヒ素|砒素|砒石|砒霜石
arsenic acid	noun	砒酸
arsenication	noun	砒化
arsenicize	verb	砒化
arsine	noun	アルシン|砒化水素
arson	noun	放火|放火罪
arson dog	noun	放火犬
arsonist	noun	放火犯|放火魔
art	noun	芸術|アート|技術
art dealer	noun	画商|美術品商
art for art's sake	noun	芸術のための芸術
art gallery	noun	画廊
art historian	noun	美術史家
art name	noun	号
art of war	noun	兵法
art track	noun	アートトラック
artemisia	noun	ヨモギ
arteriole	noun	さい1
arteriosclerosis	noun	動脈硬化症
artery	noun	動脈
artesian well	noun	掘り抜き井戸
arthritis	noun	関節炎
arthropod	noun	節足動物
arthropodology	noun	節足動物学
artichoke	noun	アーティチョーク|朝鮮薊
article	noun	記事|論文|冠詞|品目|項目|条
articleless	adjective	無冠詞
articulation	noun	関節|接合|明瞭な発音|滑舌|アーティキュレーション|調音
artifact	noun	人工物|加工品|工芸品|埋蔵物|遺物
artificial	adjective	人工|人為的
artificial intelligence	noun	人工知能|アーティフィシャル・インテリジェンス
artificial respiration	noun	人工呼吸
artificial turf	noun	人工芝
artillery	noun	大砲|特科|砲兵隊
artilleryman	noun	砲兵|砲手
artiodactyl	noun	ウシ目|偶蹄目
artisan	noun	職人|工匠
artist	noun	芸術家|画家|アーティスト|熟練者
artistic	adjective	芸術的
artwork	noun	アートワーク|芸術作品
arugula	noun	ルッコラ|ロケット
as	adverb	ように|と|のほど|のほどに|アス|として|くらい
as a matter of fact		実は|実際には
as a result		結果として
as a rule	adverb	原則として|概して
as far as one knows	adverb	知る限り
as for		として
as if		まるで|よう
as is	adjective	ありのまま|そのまま
as long as		限り|時|間
as much as possible	adverb	できるだけ|成るべく|有らん限り
as opposed to		に対して
as quickly as possible		なるべく早く|出来るだけ早く
as soon as		とすぐ|や否や
as soon as possible	adverb	できるだけ早く|できる限り急いで|一刻も早く|出来る限り早期|可及的速やかに
as though		まるで|よう
as usual	adverb	いつものように|例の如く|平常通り
as well	adverb	も|及び
as well as		ほか
as yet	adverb	まだ|今のところ|依然として
as you know	adverb	ご存じの通り|ご案内の通り
as you like		どうぞお好きな様に|どうぞご勝手に|好きにすれば
as you sow, so shall you reap		悪事身に返る|爾に出ずる者は、爾に反える|蒔いた種は刈らねばならない
as you wish		どうぞお望みの様に|御意に
asana	noun	アーサナ
asbestos	noun	石綿|アスベスト
ascend	verb	登る
ascendancy	noun	優位|優勢
ascertain	verb	確かめる
ascesis	noun	禁欲
ascetic	noun	修験者
asceticism	noun	禁欲主義
ascidian	noun	ホヤ
ascites	noun	腹水
ascocarp	noun	子器
ascorbic acid	noun	アスコルビン酸
asdfghjkl		あsdfghjkl|くぁwせdrftgyふじこlp
asepsis	noun	無菌状態
asexual	adjective	無性
asexual reproduction	noun	無性生殖
asexuality	noun	非性愛
ash	noun	トネリコ材|灰
ash tree	noun	梣
ashamed	adjective	恥ずかしい
ashen	adjective	トネリコ材製の|灰の
ashore	adverb	陸上|上陸
ashtray	noun	灰皿|はいざら
ashy minivet	noun	山椒食
ashy tit	noun	ススイロガラ
ashy-headed goose	noun	コバシガン
asiago	noun	アジアーゴ
aside	adverb	わき|傍ら
asinine	adjective	愚か
ask	verb	聞く|尋ねる|頼む|伺う|質問
askance	adverb	疑わしい|斜め|横目
asking price	noun	希望価格
asleep	adjective	寝る|熟睡|眠る|痺れる
asparagine	noun	アスパラギン
asparagus	noun	アスパラガス
aspartame	noun	アスパルテーム
aspartic acid	noun	アスパラギン酸
aspect	noun	様相|アスペクト|相
aspect ratio	noun	縦横比|アスペクト比
aspen	noun	山鳴らし
aspergillus	noun	アスペルギルス|麹菌|麹黴
asphalt	noun	アスファルト|瀝青
asphalt road	noun	アスファルト道路
aspic	noun	アスピック
aspidochelone	noun	アスピドケロン
aspie	noun	アスペ
aspirate	noun	帯気音|有気音
aspirated h	noun	有音のh
aspiration	noun	希望|吸引|気音
aspire	verb	希求する|切望する|熱望する
aspirin	noun	アスピリン
asplenia	noun	無脾症
ass	noun	尻|けつ|お尻|穴
ass-licker	noun	ごますり
assail	verb	襲撃
assailant	noun	加害者
assassin	noun	キラー|刺客|暗殺者
assassinate	verb	暗殺
assassination	noun	暗殺
assault	noun	攻撃|暴行|突撃|襲撃|攻める|襲う
assault rifle	noun	アサルトライフル|突撃銃
assemble	verb	組み立てる|集める|集まる
assembler	noun	アセンブラ
assembly	noun	会議
assembly language	noun	アセンブリー言語
assembly line	noun	組み立てライン
assemblyman	noun	議員
assert	verb	主張
assertion	noun	主張
assessment	noun	評価
asset	noun	資産
assets	noun	資産
asshole	noun	ケツ|けつの穴|尻穴|バカ|クソ野郎|糞垂れ
assiduous	adjective	真面目
assign	verb	割り当てる|任命|譲渡
assignment	noun	宿題|譲渡|代入
assimilate	verb	同化する
assimilation	noun	同化
assist	noun	アシスト|手伝う
assistance	noun	援助|助け|手伝い|手助け
assistant	noun	助手|手伝い|アシスタント
associate	adjective	仲間|同僚|副|準|連想|提携者|共同でやる
associate professor	noun	准教授
associate's degree	noun	準学士
association	noun	連想|関連付け|協会
associative array	noun	辞書|連想配列
associativity	noun	結合性|結合法則
assonance	noun	半諧音|類韻
asspussy	noun	ケツマンコ
assuage	verb	和らげる
assume	verb	仮定|負う|引き受ける
astaghfirullah		アスタグフィルッラー
astatine	noun	アスタチン
aster	noun	シオン|ヨメナ|嫁菜|紫苑
asterisk	noun	アスタリスク|アステリスク|スター|星印|星号
asterism	noun	アステリズム|星座|星群|スター効果|星形の光|星彩
asteroid	noun	小惑星
asteroid belt	noun	アステロイドベルト|小惑星帯
asthma	noun	喘息
astigmatic	adjective	乱視
astigmatism	noun	非点収差|乱視
astonish	verb	驚かす
astonished	adjective	びっくりする
astonishment	noun	驚き|驚愕
astound	verb	驚かす
astray	adverb	道に迷って
astride	adverb	にまたがって
astringent	adjective	収斂性|渋い|辛辣|収斂剤
astrocyte	noun	アストロサイト|星状膠細胞
astrolabe	noun	アストロラーベ
astrologer	noun	占星術師
astrological sign	noun	サイン|星座
astrology	noun	占星学|占星術
astronaut	noun	宇宙飛行士|アストロノート|宇宙人
astronomer	noun	天文学者
astronomical unit	noun	天文単位
astronomy	noun	天文学
astrophysics	noun	天体物理学
astute	adjective	抜け目のない
asunder	adverb	ばらばら
asylum	noun	アサイラム|アジール|避難所|養護施設
asylum seeker	noun	亡命希望者
asymmetric	adjective	非対称的
asymmetric warfare	noun	非対称戦争
asymmetrical	adjective	非対称的
asymmetry	noun	アシンメトリー|非対称|非対称性
asymptote	noun	漸近線
asymptotic	adjective	漸近
asynchronous transfer mode	noun	非同期転送モード
at		に|で|を
at a loss		途方に暮れる
at a loss for words		言葉に出来ない|言葉に詰まる
at all	adverb	まったく|全然|少しも
at all costs	adverb	万難を排して|何が何でも
at best		精々
at dark		日暮れ|暮れに
at ease		安心
at first		始め
at first glance		一目見ただけで
at gunpoint		銃を突きつけて
at hand		せまっている
at home		家
at last		やっと|等々|遂に|最後|最終的|終わり
at least		せめて|少なくとも|とにかく|何しろ
at length		詳しい|やっと|遂に
at most		せいぜい|高々|おおくても
at night		夜|夜間
at once	adverb	すぐ
at sign	noun	アットマーク|単価記号
at the moment		現在|現時点では
at the same time	adverb	同時
at times		時時|時々
ataman	noun	アタマン
atavism	noun	先祖返り
ataxia	noun	失調
ateji	noun	宛字|当て字
atelier	noun	アトリエ|工房|画室
atemoya	noun	アテモヤ
atheism	noun	無神論
atheist	noun	無神論者|無信仰者
atheistic	adjective	無神論
atheophobia	noun	無神論恐怖症
atheroma	noun	アテローム
athlete	noun	陸上競技の選手|陸上選手|運動選手|選手
athlete's foot	noun	水虫|足白癬
athletic	adjective	強壮
athletics	noun	陸上競技
athwartships	adverb	船体を横切って
atlas	noun	地図帳|図録|環椎|第一頚椎
atlatl	noun	アトラトル|スピアスロアー
atmosphere	noun	大気|雰囲気|大気圏|空気
atmospheric pressure	noun	気圧
atoll	noun	環礁
atom	noun	原子|アトム|元素|単位
atomic	adjective	原子の
atomic bomb	noun	原子爆弾|原爆
atomic clock	noun	原子時計
atomic mass	noun	原子量
atomic nucleus	noun	原子核
atomic number	noun	原子番号
atomism	noun	原子説
atomistic	adjective	原子説の|原子の
atomizer	noun	噴霧器
atone	verb	償う
atonement	noun	償い|贖い|贖罪
atopy	noun	アトピー
atrium	noun	アトリウム|心房
atrocity	noun	惨酷|残忍|残虐|残虐行為|非道
attaboy		いい|うまい|でかした
attach	verb	付ける|添付
attached	adjective	付属|所属の
attachment	noun	添付ファイル
attaché	noun	アタッシェ
attaché case	noun	アタッシェケース|アタッシュケース
attack	noun	攻撃
attack dog	noun	攻撃犬
attack is the best form of defence		攻撃は最大の防御なり
attain	verb	到る|達成
attempt	noun	試み|試し|未遂|試みる|試す
attend	verb	通う|出席|立ち会う
attendance	noun	出席
attention	noun	気を付け|注意|注目
attention deficit hyperactivity disorder	noun	注意欠陥・多動性障害|ADHD
attentive	adjective	注意深い
attitude	noun	姿勢|態度
atto-		アト-
attorney	noun	弁護士
attorney general	noun	検事総長
attorney-at-law	noun	弁護士
attract	verb	引きつける
attractive	adjective	魅力的
attractiveness	noun	吸引力
attractor	noun	アトラクター
attribute	noun	性質|修飾語|限定詞|属性
attributive	adjective	限定的な|連体形
attrition	noun	磨耗|消耗
au pair	noun	オペア|オーペア
au revoir		また今度
aubade	noun	オーバード
auburn	noun	赤褐色
auction	noun	競売|オークション|競|競り売り|競売り|競りにかける
audibility	noun	可聴
audible	adjective	可聴|聞こえる|音がする
audience	noun	聴衆|観客|観衆
audio	adjective	オーディオ
audio commentary	noun	オーディオコメンタリー
audiobook	noun	オーディオブック
audiotape	noun	オーディオテープ
audiovisual	adjective	視聴|視聴覚
audit	noun	監査
audition	noun	オーディション|試聴|聴覚|聴力|オーディションを開く|オーディションを受ける
auditor	noun	監査役
auditorium	noun	講堂
augend	noun	被加数|足される数
augment	verb	増やす|増加する|増える|大きくなる
augmented reality	noun	拡張現実
auk	noun	海雀
aunt	noun	伯母|おば|叔母|おばさん
auntie	noun	おばさん|おばちゃん
aura	noun	オーラ|雰囲気|霊気
aureola	noun	円光
aureole	noun	後光
aurone	noun	オーロン
auscultate	verb	聴診
auscultation	noun	聴診
auspicious	adjective	めでたい|喜ばしい
austerity	noun	緊縮財政
australopith	noun	アウストラロピテクス
autarchy	noun	専制
autarky	noun	閉鎖経済
authentic	adjective	本物|真正
authentication	noun	認証
authenticity	noun	真実味
author	noun	著者|作者|筆者|作家|作成者|著す
authoritarian	adjective	強権的|権威主義的|権柄ずく|傲慢|横柄|高慢|権威主義者
authoritarianism	noun	権威主義
authority	noun	権威|権力|強権|当局
authorization	noun	認可|許可
authorize	verb	公認|許可
autism	noun	自閉症
autism spectrum	noun	自閉スペクトラム症|自閉症スペクトラム障害
autism spectrum disorder	noun	自閉症スペクトラム障害
auto da fe	noun	アウト・デ・フェ
auto mechanic	noun	自動車修理工
auto racing	noun	自動車レース|自動車競技
autobiography	noun	自伝|自叙伝
autobus	noun	グルペット
autocannon	noun	機関砲
autocephaly	noun	独立正教会
autoclave	noun	オートクレーブ
autocorrelation	noun	自己相関
autocracy	noun	専制政治|独裁|専制|独裁政治
autocrat	noun	独裁者
autocratic	adjective	専制的|我が儘|独裁的|自分勝手
autodidacticism	noun	独学
autofellatio	noun	オートフェラチオ|一人尺八
autograph	noun	肉筆|自署|サイン
autogynephilia	noun	オートガイネフィリア
autoignition temperature	noun	発火温度|発火点
autoimmune	adjective	自己免疫
autoimmunity	noun	自己免疫
automate	verb	自動化
automated machine learning	noun	自動化された機械学習
automated teller machine	noun	エーティーエム|現金自動預け払い機|ATM|キャッシュディスペンサー|自動現金預払機|自動窓口機
automatic	adjective	自動|自動的
automatic door	noun	自動ドア|自動扉
automatic rifle	noun	自動小銃
automatic transmission	noun	AT|オートマチックトランスミッション
automation	noun	オートメーション|オートメ化|自動化
automaton	noun	オートマトン|自動機械
automobile	noun	自動車|車|乗用車|四輪車
autonomic nervous system	noun	自律神経系
autonomous	adjective	自主的|自治|主体的|自立
autonomous oblast	noun	自治州
autonomous sensory meridian response	noun	音フェチ
autonomous vehicle	noun	自動運転車
autonomy	noun	自治|主体性|自主|自律
autophagy	noun	オートファジー
autopilot	noun	オートパイロット
autopsy	noun	検死|解剖
autosexuality	noun	自分性愛|自己性愛
autosome	noun	常染色体
autosuggestion	noun	自己暗示
autotomy	noun	自切
autotransfusion	noun	自己血輸血
autotroph	noun	独立栄養生物
autumn	noun	秋|秋季|秋期
autumn foliage	noun	紅葉
autumnal equinox	noun	秋分|秋分点
auxiliary	adjective	補助の|補助艦艇の|助動詞の|補助者|補助艦艇
auxiliary verb	noun	助動詞|補助動詞
auxin	noun	オーキシン|生長素
availability	noun	供給|可用性
available	adjective	手に入る
avalanche	noun	雪崩|山崩れ
avant-garde	adjective	前衛的|前衛
avarice	noun	強欲
avaricious	adjective	強欲
avatar	noun	アバター|天降|化身|天下り
avenge	verb	復讐する|あだを討つ|かたきを討つ|報復
avenger	noun	復讐者
aventurine	noun	ゴールドストーン|砂金石
avenue	noun	大道り
average	adjective	平均|平凡|普通
aversion	noun	厭悪|嫌悪
avgolemono	noun	アヴゴレモノ
avian influenza	noun	鳥インフルエンザ
aviation	noun	航空|飛行
avitaminosis	noun	ビタミン欠乏症
avocado	noun	アボカド|鰐梨
avocado oil	noun	アボカドオイル
avoid	verb	避ける|免れる|斎む
avoidance	noun	取り消し|回避|撤回
avow	verb	公言
await	verb	待つ|期待する
awake	adjective	目ざめる|起きる|目覚める|目を覚ます|起こす|目ざめさせる
awaken	verb	起こす|目を覚ます|目覚める|起きる
awamori	noun	泡盛
award	noun	賞|表彰
award ceremony	noun	表彰式
awareness	noun	認識|意識
away	adverb	遠くに|遠方に
away with the fairies	adjective	白日夢にふけって
awesome	adjective	すごい|クール|素敵|素晴らしい
awful	adjective	大変|怖い
awhile	adverb	暫く|既に
awkward	adjective	不器用|不便|ぎごちない|気まずい
awl	noun	突きぎり|錐|千枚通し
awning	noun	天幕|日よけ
axe	noun	斧|アックス|打ち切る
axial vector	noun	軸性ベクトル
axillary hair	noun	腋毛
axiom	noun	公理
axiom of choice	noun	選出公理|選択公理
axion	noun	アクシオン
axis	noun	軸
axis of evil	noun	悪の枢軸
axolotl	noun	アホロートル|ウーパールーパー
axon	noun	軸索
ayah	noun	アーヤ
ayahuasca	noun	アヤワスカ
ayatollah	noun	アヤトラ|アーヤトッラー
aye		はい|ええ
aye-aye	noun	アイアイ|指猿
azalea	noun	躑躅|つつじ
azetidine	noun	アゼチジン
azimuth	noun	方位角
aziridine	noun	アジリジン
azole	noun	アゾール
azuki bean	noun	小豆
azulene	noun	アズレン
azure	adjective	青い|空色|紺碧|天色|青|群青
azure jay	noun	青山鵲
azure tit	noun	瑠璃雀
baa	noun	メー|羊の鳴き声|（羊が）鳴く
babirusa	noun	バビルサ|鹿猪
baboon	noun	狒々|ヒヒ
babouche	noun	バブーシュ
baby	noun	赤ちゃん|赤ん坊|ベビー|乳飲み子|嬰児|幼児
baby boom	noun	ベビーブーム
baby boomer	noun	ベビーブーマー|団塊の世代
baby bottle	noun	哺乳瓶
baby change	noun	授乳室
baby corn	noun	ヤングコーン
baby doll	noun	ベビードール
baby face	noun	童顔
baby powder	noun	ベビーパウダー
baby shower	noun	ベビーシャワー
baby talk	noun	幼児語
baby's breath	noun	霞草
babymaking	noun	子作り
babysit	verb	子守
babysitter	noun	子守|ベビーシッター
babysitting	noun	子守
baccarat	noun	バカラ
bachelor	noun	学士|独身者
bachelor party	noun	バチェラー·パーティ
bachelor's degree	noun	学士|学士号
bachelorette party	noun	バチェロレッテ・パーティー
bachelorhood	noun	独身
bacillus	noun	バシラス|バチルス|桿菌
back	adjective	裏|後舌|後|以前|元|元通り|背中|帰る
back and forth	adverb	行ったり来たり
back cover	noun	裏表紙
back door	noun	裏口|裏戸|裏門|バックドア
back end	noun	バックエンド
back pass	noun	バックパス
back seat	noun	バックシート|後部座席
back street	noun	裏通り
back vowel	noun	後舌母音
back-formation	noun	逆成
backache	noun	背中の痛み|腰痛
backbencher	noun	平議員
backbite	verb	後指を指す
backbiting	noun	後指|陰口
backboard	noun	バックボード
backbone	noun	背骨|脊椎|脊柱
backflip	noun	バク転
backgammon	noun	バックギャモン
background	noun	背景|バックグラウンド
background music	noun	背景音楽|BGM|バックグラウンドミュージック
backhanded compliment	noun	褒め殺し
backlash	noun	バックラッシュ
backpack	noun	リュックサック|バックパック|リュック
backpacker	noun	バックパッカー
backpacking	noun	バックパッキング|リュックサック旅行
backrest	noun	背もたれ
backronym	noun	バクロニム
backscratcher	noun	孫の手
backside	noun	尻|裏面
backslang	noun	倒語
backslash	noun	バックスラッシュ|逆斜線
backspace	noun	バックスペース|バックスペースキー
backstab	verb	裏切る
backstabber	noun	裏切り者
backstory	noun	バックストーリー|背景|裏話
backstroke	noun	背泳
backsword	noun	バックソード
backup	noun	予備|控え|補欠|バックアップ
backward	adverb	後ろ|後方
backward compatibility	noun	後方互換性
backward compatible	adjective	後方互換
backwater	noun	僻地|奥地|辺境
backyard	noun	裏庭
bacon	noun	ベーコン
bacon and eggs	noun	ベーコンエッグ
bacteriologist	noun	細菌学者
bacteriology	noun	細菌学
bacteriophage	noun	バクテリオファージ
bacterium	noun	細菌|バクテリア
baculum	noun	陰茎骨
bad	adjective	悪い
bad apple	noun	癌
bad breath	noun	口臭
bad guy	noun	悪人|悪者
bad luck	noun	不運
bad money drives out good		悪貨は良貨を駆逐する
bad news	noun	悪いニュース
bad news travels fast		悪事千里を走る
bad trip	noun	バッド・トリップ
bad weather	noun	悪天候
bad-tempered	adjective	怒りっぽい
badge	noun	バッジ
badger	noun	アナグマ|穴熊
badly	adverb	悪く
badminton	noun	バドミントン|羽球
badminton court	noun	バドミントンコート
badminton player	noun	バドミントン選手
badmouth	verb	悪口
bael	noun	ベルノキ
baffle	verb	間誤付く
baffling	adjective	不可解
bag	noun	袋|鞄|バッグ|入れる|仕留める
bag of bones	noun	痩せっぽち
bagel	noun	ベーグル
bagna cauda	noun	バーニャ・カウダ
bagpipes	noun	バグパイプ
bagua	noun	八卦
baguette	noun	バゲット|フランスパン
bagworm	noun	みのむし|蓑虫
baht	noun	バーツ
bahuvrihi	noun	所有複合語|有財釈
baiji	noun	ヨウスコウカワイルカ
baijiu	noun	バイジュウ|パイチュウ|白酒
bail	noun	保釈金|保釈
bailiff	noun	執達吏
bailout	noun	救済
bain-marie	noun	湯煎
bait	noun	餌|毒餌|誘惑|餌で釣る|餌を付ける
bait and switch	noun	おとり商法
baize	noun	ラシャ
bak kut teh	noun	バクテー
bake	verb	焼く|焼ける
baked	adjective	焼き|焼く
baked alaska	noun	ベイクド・アラスカ
baked beans	noun	ベイクドビーンズ
baked potato	noun	ジャケットポテト|ベイクドポテト
baker	noun	パン屋|パン屋さん
bakery	noun	パン屋|ベーカリー
baking	noun	焼く
baking powder	noun	ベーキングパウダー
baking soda	noun	重曹
baking tray	noun	天板
baklava	noun	バクラヴァ
bakso	noun	バクソ
balaclava	noun	目出し帽|バラクラバ|バラクラヴァ
balalaika	noun	バラライカ
balance	noun	中立|残額
balance beam	noun	平均台
balance of power	noun	パワーバランス|勢力均衡|均勢
balance of trade	noun	貿易収支
balance sheet	noun	バランスシート|貸借対照表
balcony	noun	バルコニー|ベランダ
bald	adjective	禿げ
bald eagle	noun	白頭鷲
bald person	noun	スキン|スキンヘッド|円顱
balderdash	noun	たわごと
baldness	noun	禿
bale	noun	俵
baleen whale	noun	ヒゲクジラ|鬚鯨
balisong	noun	バリソン
ball	noun	睾丸|金玉|玉|球|舞踏会|ボール
ball bearing	noun	ボールベアリング|玉軸受
ball boy	noun	ボールボーイ
ball gag	noun	ギャグボール|ボールギャグ
ball game	noun	球技
ball girl	noun	ボールガール
ball lightning	noun	球電
ball sack	noun	陰嚢
ballad	noun	バラード|歌謡|民謡
ballast	noun	バラスト
ballerina	noun	バレリーナ
ballet	noun	バレエ|バレエー
ballistic	adjective	弾道
ballistic missile	noun	弾道ミサイル
ballistics	noun	弾道学
balloon	noun	風船|気球|バルーン
balloon plant	noun	風船葛
ballot	noun	投票用紙|投票
ballot box	noun	投票箱
ballot paper	noun	投票用紙
ballpoint pen	noun	ボールペン
ballroom	noun	ダンスホール|ボールルーム|社交ダンス
balls	noun	金玉
balneology	noun	温泉療法|温泉療法学
balrog	noun	バルログ
balsam	noun	傷薬|香油|バルサム|ホウセンカ|鳳仙花
balsamic vinegar	noun	バルサミコ酢
balun	noun	バラン
balustrade	noun	手すり|手摺|欄干
balut	noun	バロット
bamboo	adjective	竹製の|竹|竹材
bamboo antshrike	noun	タケヤブサザナミアリモズ
bamboo grass	noun	笹
bamboo shoot	noun	竹の子|筍
ban	noun	禁止|禁じる|禁める
banal	adjective	ありふれた|陳腐
banality	noun	陳腐さ
banana	noun	バナナ|甘蕉
banana bread	noun	バナナブレッド
banana peel	noun	バナナの皮
banana republic	noun	バナナ共和国
banana split	noun	バナナスプリット
bananaquit	noun	マミジロミツドリ
banchan	noun	御数
band	noun	バンド|ストラップ|ストリップ|条片|楽団
band-aid	noun	絆創膏|バンドエイド
band-tailed antshrike	noun	オジロアリモズ
bandage	noun	包帯|繃帯
bandana	noun	バンダナ
banded archerfish	noun	鉄砲魚
bandicoot	noun	バンディクート
bandit	noun	山賊|強盗
banditry	noun	盗賊
bandmaster	noun	楽長
bandoneon	noun	バンドネオン
bandsaw	noun	コンターマシン|バンドソー|帯鋸
bandura	noun	バンドゥーラ
bandwagon fan	noun	俄|俄ファン
bandwidth	noun	帯域幅
baneful	adjective	命取り|致死|有害
bang	noun	ボーン|ズドン|ドスン|ドン|バン|やる
banger	noun	神曲
bangle	noun	バングル
bangs	noun	前髪
banh mi	noun	バインミー
banishment	noun	流刑
banister	noun	手摺|欄干|手すり
banjeonse	noun	半伝貰
banjo	noun	バンジョー
bank	noun	岸|バンク|銀行|支店|貯金箱
bank account	noun	銀行口座|預金
bank statement	noun	銀行の明細書
bankbook	noun	通帳
banked slalom	noun	バンクドスラローム
banker	noun	銀行員|行員|銀行家
banking	noun	バンキング|銀行業|銀行業務
banknote	noun	紙幣|札|銀行券
bankrupt	adjective	破産|倒産|破綻
bankruptcy	noun	破産|倒産|破綻
banksia	noun	バンクシア
banner	noun	旗|旗幟|バナー|プラカード|懸垂幕|旗印
banquet	noun	宴会|バンケット|饗宴
banshee	noun	バンシー
bansuri	noun	バンスリ
bantam	noun	バンタム
banter	noun	からかう
bantustan	noun	バントゥースタン
banya	noun	バニャ
banzai		万歳
banzai charge	noun	バンザイ突撃|万歳突撃
bao	noun	シャオパオ|バインバオ|パオズ|中華まん|包子|焼包
baobab	noun	バオバブ
baozi	noun	中華まん|包子
baptism	noun	洗礼
baptism of fire	noun	火の洗礼
baptismal font	noun	洗礼盤
baptismal name	noun	洗礼名
baptistry	noun	洗礼堂
bar	noun	棒|バール|バー|パブ|酒場|居酒屋
bar chair	noun	バーチェアー
bar chart	noun	棒グラフ
bar soap	noun	固形石鹸
bar-crested antshrike	noun	コロンビアシマアリモズ
bar-headed goose	noun	インドガン
barbarian	adjective	野蛮|野蛮人|夷人|蛮人
barbaric	adjective	野蛮
barbarism	noun	野蛮な行為
barbecue	noun	グリル|バーベキュー|焼肉
barbecue sauce	noun	バーベキューソース
barbed wire	noun	有刺鉄線
barbell	noun	バーベル
barber	noun	床屋|理髪師
barber's itch	noun	床屋の痒み
barberry	noun	メギ
barbershop	noun	床屋|理髪店
barbiturate	noun	バルビツレート
barbituric acid	noun	バルビツール酸
barcarole	noun	舟歌
barchan	noun	バルハン
barcode	noun	バーコード
bard	noun	詩人|吟遊詩人
bardo	noun	中有|中蘊|中陰
barefaced	adjective	白々しい
barefoot	adjective	素足|裸足
barely	adverb	ぎりぎり
bargain	noun	お徳用|廉価品|特価品|特売品|買い取り|買い得|値切る
barge	noun	はしけ|艀
bariatrics	noun	肥満症学
barista	noun	バリスタ
baritone	noun	バリトン
barium	noun	バリウム
bark	noun	吠え声|樹皮|木の皮|吠える|ほえる|樹皮を剥ぐ
barking dogs seldom bite		弱い犬ほどよく吠る|能無し犬の高吠え
barley	noun	オオムギ|大麦
barleycorn	noun	バーリーコーン
barn	noun	納屋|家畜小屋
barn owl	noun	メンフクロウ|面梟
barn swallow	noun	燕|ツバメ
barnacle	noun	フジツボ|富士壺
barnacle goose	noun	顔白雁
barometer	noun	気圧計|バロメーター
barometz	noun	バロメッツ
baron	noun	男爵
baronet	noun	准男爵
barquentine	noun	バーケンティン
barrack	noun	バラック|兵舎
barracks emperor	noun	軍人皇帝
barracuda	noun	カマス|バラクーダ|梭子魚
barrage	noun	弾幕|連弾
barramundi	noun	バラマンディ
barre chord	noun	バレーコード
barred antshrike	noun	シマアリモズ
barred spiral galaxy	noun	棒渦巻銀河
barrel	noun	樽|バレル|銃身
barrel organ	noun	手回しオルガン
barren	adjective	不妊|不毛
barrette	noun	バレッタ
barricade	noun	バリケード
barrier	noun	障壁|障害
barrister	noun	弁護士
bartender	noun	バーテンダー|バーテン
barter	noun	バーター|物々交換
baryon	noun	バリオン|重粒子
bas-relief	noun	浅浮き彫り
basalt	noun	玄武岩
base	noun	基|基礎|基地|司令部|ベース|塩基
base isolation	noun	免震
base pair	noun	塩基対
baseball	noun	野球|野球ボール
baseball bat	noun	バット
baseball cap	noun	野球帽
baseball player	noun	野球選手
basement	noun	地下室
baserunner	noun	ランナー|走者
bash up	verb	ぶちのめす|乱打|強打
bashful	adjective	恥ずかしい|恥ずかしがり屋
basic	adjective	基本的|基礎|塩基性
basic form	noun	基本形
basic income	noun	ベーシックインカム|最低生活保障
basic research	noun	基礎研究
basic training	noun	新兵訓練所
basidium	noun	担子器
basilica	noun	バシリカ|聖堂
basilisk	noun	バシリスク
basin	noun	盥|流域|盆地|入り江
basis	noun	根拠|基礎|基底
basis point	noun	ベーシスポイント
basket	noun	篭|籠|ざる|バスケット|ゴールのネット|ゴール得点
basketball	noun	バスケットボール|バスケ|篭球|籠球
basketball court	noun	バスケットボールコート
basketball player	noun	バスケットボール選手|バスケ選手
basketball shoes	noun	バスケットボールシューズ
basking shark	noun	姥鮫
bass	adjective	バス|ベース
bass clarinet	noun	バスクラリネット
bass clef	noun	ヘ音記号|低音部記号
bass drum	noun	バスドラム
bass guitar	noun	ベース|エレクトリックベース|ベースギター
basset horn	noun	バセットホルン
bassist	noun	ベーシスト
bassoon	noun	ファゴット|バスーン
bast	noun	靱皮
bastard	noun	庶子|私生児|私生子|あいつ|やつ|野郎
bastard sword	noun	バスタードソード
bastion	noun	堡塁
bat	noun	蝙蝠|バット|天鼠|飛鼠
bat-eared fox	noun	大耳狐
batch	noun	ひと焼き分|束|群れ|バッチ
batch file	noun	バッチファイル
batchim	noun	パッチム|終声
bath bomb	noun	バスボム
bath mat	noun	バスマット
bathe	verb	浴びる|入浴する|浴びせる
bathhouse	noun	浴場|銭湯
bathing	noun	入浴|沐浴
batholith	noun	バソリス
bathrobe	noun	浴衣|バスローブ
bathroom	noun	浴室|風呂場
bathroom scales	noun	ヘルスメーター|体重計
bathtub	noun	浴槽|湯船
bathyscaphe	noun	バチスカーフ
bathysphere	noun	潜水球
batik	noun	バティック
batiste	noun	バチスト
baton	noun	元帥杖|警棒|指揮棒|タクト|バトン
battalion	noun	大隊
batter	noun	バッター|打者
battering ram	noun	破城槌
battery	noun	電池|バッテリー|殴打
batting average	noun	打率
batting order	noun	打順
battle	noun	戦い|戦闘|戦|争い|戦う|争う
battle cry	noun	喊声|鬨|鬨の声
battle of the brains	noun	頭脳戦
battle royale	noun	バトルロイヤル
battlefield	noun	戦場
battlefront	noun	バトルフロント
battleship	noun	戦艦|海戦ゲーム
batty	adjective	狂った|突飛
baud	noun	ボー
bauxite	noun	ボーキサイト|鉄礬土
bay	noun	湾|入江|赤褐色
bay bolete	noun	ニセイロガワリ
bay laurel	noun	月桂樹
bay leaf	noun	月桂
bayan	noun	バヤン
bayonet	noun	銃剣|バヨネット
bazaar	noun	バザー|バザール|市場
bazooka	noun	バズーカ
be	verb	だろう|居る|ている|だ|られる|れる
be able to	verb	出来る
be ashamed	verb	恥じる
be awake	verb	起きる
be based on	verb	に基づく
be born	verb	生まれる
be called	verb	申す|いう|言う
be careful		気を付ける|注意
be late	verb	遅れる
be my guest	verb	遠慮
be right	verb	正しい
be sick	verb	病む
be silent	verb	黙る|沈黙
be the case	verb	そうだ
be used to	verb	慣れる
be wrong	verb	間違う
beach	noun	浜|海岸|ビーチ|浜に乗り上げる|浜に引き上げる
beach ball	noun	ビーチボール
beach soccer	noun	ビーチサッカー
beach volleyball	noun	ビーチバレー
beachgoer	noun	海水浴客
beacon	noun	かがり火
bead	noun	ロザリオ|ビーズ|南京玉
bead tree	noun	栴檀
beads	noun	ビーズ
beagle	noun	ビーグル
beak	noun	嘴
beaker	noun	ビーカー
beaksedge	noun	ミカヅキグサ属
beam	noun	梁|桁|光線|ビーム
bean	noun	豆|隠元
bean goose	noun	菱食
bean sprout	noun	もやし
beanbag	noun	ビーンバッグ
bear	noun	熊|クマ|運ぶ|耐える|持って行く|耐え忍ぶ
bear cub	noun	子熊
bear fruit	verb	実を結ぶ
bear in mind	verb	心する|心に掛ける|心に留める|心掛ける|念頭に置く|服膺する
bear meat	noun	熊肉
bear's breech	noun	葉薊
beard	noun	顎鬚|鬚|顎髭
bearded	adjective	ひげを生やした
bearded lady	noun	ひげを生やした女性
bearded tit	noun	ヒゲガラ|髭雀
beardless	adjective	ひげなし
bearer	noun	所持人
bearing	noun	ベアリング|方位|方向|軸受|関係|挙動
bearish	adjective	弱気
beast	noun	獣|猛獣|野獣|けだもの
beast of burden	noun	駄獣|駄載獣
beast of prey	noun	肉食動物
beat	noun	拍|拍子|区切り|句切り|打つ|殴る
beat around the bush	verb	要点に触れないで射る|要点に触れる
beat it	verb	失せる|抜く
beatbox	noun	ビートボックス
beater	noun	ビーター
beatification	noun	列福
beatnik	noun	ビートニク
beautician	noun	美容師
beautiful	adjective	美しい|綺麗|素敵
beautify	verb	美しい|美化
beautility	noun	機能美
beauty	noun	美|美しい|美人|イケメン|別嬪|美女
beauty is only skin deep		美人というも皮一重
beauty pageant	noun	ミス・コンテスト|美人コンテスト
beauty parlor	noun	美容室|美容院
beaver	noun	ビーバー|海狸
because	adverb	せい|ため|なぜなら|だって|から|ために|どうしても
because of		せい|ため
become	verb	似合う|なる|成る
becoming	adjective	似合う
bed	noun	ベッド|寝台|寝床|臥榻|河床|川底
bed and breakfast	noun	ベッド・アンド・ブレックファスト|民宿|民泊
bedbug	noun	南京虫|床虫|床虱
beddy-bye	noun	おねんね|ねんね
bedpan	noun	おまる|便器
bedrock	noun	基盤岩
bedroom	noun	寝室
bedroom community	noun	ベッドタウン
bedsheet	noun	シーツ|敷布
bedspread	noun	ベッドカバー
bedtime story	noun	寝物語
bedwetting	noun	お寝小|夜尿症
bee	noun	ビー|蜂|花蜂|蜜蜂
bee balm	noun	松明花
bee fly	noun	吊虻
bee-eater	noun	ハチクイ科|ハチクイ
beech	noun	桕|椈|橅|橿
beef	noun	牛肉|ビーフ
beefsteak	noun	ビフテキ|ビーフステーキ
beehive	noun	蜂巣|蜂の巣|蜜蜂の巣箱|人込み
beekeeper	noun	養蜂家
beekeeping	noun	養蜂
been there, done that		経験済み
beep	noun	ビープ音|発信音
beer	noun	ビール|麦酒|ビール一杯
beer belly	noun	ビール腹
beer garden	noun	ビアガーデン
beer parlour	noun	ビアホール|ビールサロン
beeswax	noun	封蝋|蜜蝋
beet	noun	ビート|ビートルート
beetle	noun	甲虫
beetroot	noun	カエンサイ|テーブルビート|ビーツ|ビートの根|甜菜
before	adverb	前|以前
before dark		暮れの前に
beforehand	adverb	予め
beg	verb	請う|頼む|拝み倒す
beget	verb	来たす|生む
beggar	noun	乞食
begin	verb	始まる|始める|開始
beginner	noun	初心者|ビギナー|初学者|新参
beginner's luck	noun	ビギナーズラック
beginning	noun	開始|始まり|到来|発端|起源
begone		去ね
begrudging	adjective	怨めしい
behave	verb	振る舞う|行動|行儀がよい
behavior	noun	行動|反応|振る舞い|振舞い|行儀
behaviorism	noun	行動主義|行動主義心理学
behead	verb	刎ねる|打ち首|斬首|首を刎ねる
beheading	noun	打ち首
behemoth	noun	ベヒーモス|ベヘモット
behind	noun	尻|後ろ
behind bars		獄中
behind every successful man there stands a woman		すべての成功した男の後ろに女がいる
behind the scenes		舞台裏
behind the wheel		運転
behold	verb	ほら|みよ|見る|認める
beige	adjective	ベージュ
being	noun	生き物|生物|存在
belated	adjective	遅れた|遅ればせながら
belch	noun	げっぷ|噯気|うっぷ|おくび|噫気
beleric myrobalan	noun	セイタカミロバラン
belfry	noun	鐘楼
belief	noun	確信|信念|信条|信仰
believable	adjective	信じる
believe	verb	信じる|思う
believe it or not	adverb	信じようも信じまいと|信じられないかもしれませんが
believer	noun	教徒|信者|信徒
belittle	verb	侮る|矮小化|軽視
bell	noun	鐘|鈴|ベル|通話|電話|チャイム
bell metal	noun	ベルメタル
bell miner	noun	スズミツスイ|鈴蜜吸
bell pepper	noun	パプリカ|ピーマン
bell-bottoms	noun	ベルボトム
bellboy	noun	ベルボーイ
belle	noun	美人|美女|別嬪
belles-lettres	noun	純文学
bellgirl	noun	ベルガール
bellicism	noun	軍国主義
bellicose	adjective	好戦的|戦争好き|喧嘩っ早い|武闘派
belligerence	noun	交戦
belligerent	noun	交戦団体|交戦国
bellows	noun	鞴
bellwether	noun	鈴つき羊|しるし|兆し|兆候|前触れ|指標
belly	noun	お腹|胃|腹|腹部
belly dance	noun	オリエンタルダンス|ベリーダンス
belly dancer	noun	ベリーダンサー
belong	verb	属する|所属
beloved	adjective	恋しい|愛しい|最愛|親愛|恋人|彼
below		下
belt	noun	ベルト|地帯
beluga	noun	白海豚|オオチョウザメ
bench	noun	ベンチ
bench press	noun	ベンチプレス
bend	verb	曲げる (まげる, mageru)|曲がる|曲げる
bend down	verb	屈む
bend over	verb	身を屈める
bend the knee	verb	膝を屈する
benefactive case	noun	受益格
benefactor	noun	恩人
beneficent	adjective	奇特|情け深い|慈悲深い
beneficial	adjective	有益
benefit	noun	公益|利益|恩恵|手当|給付金|慈善興行|役立つ
benevolence	noun	仁|慈悲
benevolent	adjective	優しい
benthos	noun	ベントス|底棲生物|底生生物
bento	noun	弁当
bento box	noun	お弁当箱|弁当箱
benzene	noun	ベンゼン|ベンゾール
benzene ring	noun	ベンゼン環
benzodiazepine	noun	ベンゾジアゼピン
benzoic acid	noun	安息香酸
benzyl	noun	ベンジル基
bequeath	verb	遺す
berate	verb	しかる|ガミガミ叱る|痛罵|難詰
berberine	noun	ベルベリン
bereavement	noun	死別
beret	noun	ベレー帽|ベレー
bergamot	noun	ベルガモット
beriberi	noun	脚気
berkelium	noun	バークリウム
berry	noun	ベリー|木の実|果実|漿果
bersagliere	noun	ベルサリエーレ
berserk	adjective	凶暴|ベルセルク
berserker	noun	バーザーカー|ベルセルク
berth	noun	バース|寝台
beryl	noun	緑柱石
beryllium	noun	ベリリウム
beside		そば
besides	adverb	それに|ほかに|さらに|その上に|なお|に加えて
bespoke	adjective	あつらえの
best	adjective	一番|最もうまく|ベスト
best before date	noun	賞味期限
best man	noun	介添人|ベストマン
best regards	noun	宜しくお願い致します|敬具
best-case scenario	noun	最良のシナリオ
bestiality	noun	獣姦
bestiary	noun	動物寓意譚
bestseller	noun	ベストセラー
bet	verb	賭ける
beta	adjective	ベータ
beta particle	noun	β粒子|ベータ粒子
beta version	noun	ベータ版
beta-carotene	noun	βカロテン|ベータカロテン
betanin	noun	ベタニン
betatron	noun	ベータトロン
betel nut	noun	檳榔子
betel palm	noun	檳榔
betel pepper	noun	蒟醤
betray	verb	裏切る|反逆|売る|漏らす
betroth	verb	婚約
betrothal	noun	婚約
betrothed	noun	婚約
betta	noun	ベタ
better	adjective	もっといい|より良い
better late than never	adverb	遅くてもやらないよりまし
better safe than sorry		転ばぬ先の杖
better than nothing	adjective	ないよりまし
between		間
between scylla and charybdis		前門の虎後門の狼
between a rock and a hard place		板ばさみ|前門の虎、後門の狼
beverage	noun	飲み物|飲料|ドリンク
bevy	noun	群れ
beware of the dog		猛犬注意
bewitching	adjective	妖
bey	noun	ベグ
beyond the pale		常軌を逸した|範囲外
bezel	noun	斜面
bezoar goat	noun	パサン
bhikkhu	noun	比丘|苾芻|苾蒭
bhikkhuni	noun	比丘尼
bi	adjective	バイ
bi-		双
bialy	noun	ビアリ
biangbiang noodles	noun	ビャンビャン麺
bianqing	noun	編磬
bianzhong	noun	編鐘
bias	noun	偏り|偏見|傾向|性癖
biathlon	noun	バイアスロン
bib	noun	ビブ|涎掛け|スタイ|当て子
bibimbap	noun	ビビンバ
biblical	adjective	聖書|聖書の
biblical blue	noun	テカレット
bibliography	noun	参考文献|文献目録|書誌|書誌学|目録学
bicameral	adjective	二院制
bicameralism	noun	両院制|二院制
bicephalous	adjective	双頭
biceps	noun	二頭筋
biceps brachii	noun	上腕二頭筋
biceps femoris	noun	大腿二頭筋
bicker	verb	喧嘩する
bicolour	adjective	二色
bicone	noun	双円錐
bicuspid	noun	小臼歯
bicycle	noun	自転車|チャリンコ|チャリ
bicycle kick	noun	バイシクルキック
bicycle lane	noun	自転車道
bid	noun	付け値|値をつける|入札
bid rigging	noun	不正入札|入札談合
bidding price	noun	入札価格
bide one's time	verb	満を持す
bident	noun	バイデント|刺股
bidet	noun	ビデ
bidirectional	adjective	双方向
bieberite	noun	赤礬
biennale	noun	ビエンナーレ
biennial	adjective	二年ごとの|二年生の|二年間続く
big	adjective	大きい|大人|成人
big cheese	noun	大物|巨擘|要人
big data	noun	ビッグデータ
big picture	noun	大局
bigamy	noun	重婚
bighead carp	noun	黒鰱
bigoli	noun	ビゴリ
bigwig	noun	大物
bijection	noun	全単射|双射
bijective	adjective	全単射の
bike	noun	自転車|チャリンコ|ケッタ|チャリ|バイク|自転車に乗る
biker	noun	バイカー
bikini	noun	ビキニ
bilabial	noun	両唇音
bilateral	adjective	双方|二国間|相互的な
bilberry	noun	ビルベリー
bilby	noun	ミミナガバンディクート
bildungsroman	noun	ビルドゥングスロマーン|教養小説
bile	noun	胆汁
bile acid	noun	胆汁酸
bile duct	noun	胆管
bile salt	noun	胆汁酸塩
biliary sludge	noun	胆砂
biliary tract	noun	胆道
bilingual	adjective	バイリンガル|二言語を自由に話せる|二言語で書かれた|にげんごにつうじたひと|二言語に通じた人
bilious	adjective	胆汁の
bilirubin	noun	ビリルビン
bill of lading	noun	船荷証券
bill of materials	noun	部品表
bill of rights	noun	権利章典
billboard	noun	ビルボード|広告板|看板
billhook	noun	鉈|鉈鎌
billiard ball	noun	ビリヤードボール
billiards	noun	ビリヤード
billion		十億|兆
billionaire	noun	億万長者|ビリオネア
billow	noun	波浪
billy goat	noun	雄ヤギ|雄山羊
bilocation	noun	バイロケーション
binary	noun	二進法
binary operation	noun	二項演算
binary operator	noun	二項演算子
binary relation	noun	二項関係
binary star	noun	連星
bind	verb	結ぶ|縛る|繋ぐ|繋げる|綴じる
binder	noun	バインダー|ナベシャツ|胸つぶし
bindi	noun	ビンディー
binding	noun	背表紙
binge eating disorder	noun	むちゃ食い障害
binge watching	noun	一気見
bingo	noun	大当たり|大正解|ビンゴ
binimetinib	noun	ビニメチニブ
binnacle	noun	羅針箱
binocular vision	noun	立体視
binoculars	noun	双眼鏡
binomial nomenclature	noun	二名法
binturong	noun	ビントロング|熊猫|熊麝香猫
bio-		生-|生物-
bioaccumulation	noun	生物濃縮
biocentrism	noun	生命中心主義
biochemistry	noun	生化学
biodiversity	noun	生物多様性
biodiversity hotspot	noun	ホットスポット|生物多様性ホットスポット
biogeography	noun	生物地理学
biography	noun	伝記
biohazard	noun	バイオハザード|生物災害
bioinformatics	noun	バイオインフォマティクス|情報生命科学|生命情報科学|生物情報学
biological	adjective	生物学の|実の
biological weapon	noun	生物兵器
biologist	noun	生物学者
biology	noun	生物学|せいぶつがく
bioluminescence	noun	生物発光
biomass	noun	バイオマス
biophysics	noun	生物物理学
biosphere	noun	生物圏
biostatistics	noun	生物統計学
biotechnology	noun	生物工学|バイオテクノロジー
biotin	noun	ビオチン
biotite	noun	黒雲母
bioweapon	noun	生物兵器
biphenyl	noun	ビフェニル
biplane	noun	複葉機
bipolar disorder	noun	双極性障害
bipyridine	noun	ビピリジン
birch	noun	樺の木|樺
bird	noun	鳥|鳥類
bird cherry	noun	エゾノウワミズザクラ|蝦夷の上溝桜
bird of paradise	noun	極楽鳥|風鳥|ストレリチア|バード オブ パラダイス|極楽鳥花
bird of prey	noun	もうきん|猛禽
bird strike	noun	バードストライク|鳥衝突
bird's-eye view	noun	鳥瞰
birdcage	noun	鳥籠
birdcatcher	noun	鳥刺し
birdhouse	noun	巣箱
birdie	noun	小鳥
birdlime	noun	鳥黐
birds of a feather	noun	同類
birds of a feather flock together		牛は牛連れ、馬は馬連れ|類は友を呼ぶ
birdsong	noun	さえずり
birdwatcher	noun	野鳥観察者
birdwatching	noun	バードウォッチング|野鳥観察
biretta	noun	ビレッタ帽
birth	noun	誕生|出生|勃興|成立
birth canal	noun	産道
birth certificate	noun	出生証明書
birth control	noun	産児制限
birthday	noun	誕生日|バースデー|生日|誕辰|生年月日
birthday cake	noun	バースデーケーキ|誕生日ケーキ
birthday card	noun	バースデーカード
birthday party	noun	誕生日パーティー|誕生会|誕生日会
birthday suit	noun	素っ裸
birthmark	noun	母斑|（生まれつきの）あざ
birthplace	noun	出生地|本場
birthrate	noun	出生率
birthright	noun	生得権
birthyear	noun	生まれた年
biryani	noun	ビリヤニ|ビリヤーニー
biscuit	noun	クッキー|ビスケット
bisector	noun	二等分線
bisexual	adjective	バイセクシュアル|両性愛|両性|両性的|両性愛者
bisexual lighting	noun	バイセクシャル・ライティング
bisexuality	noun	両性愛
bishop	noun	主教|司教|ビショップ|角行
bismuth	noun	ビスマス|蒼鉛
bison	noun	バイソン|アメリカ野牛|野牛
bisphenol a	noun	ビスフェノールA
bisque	noun	ビスク
bisque doll	noun	ビスクドール
bistro	noun	ビストロ
bit	noun	轡|馬銜|ビット|ちょっと|少々|少し
bit bucket	noun	ビットバケツ
bit by bit	adverb	少しずつ|追々
bitch	noun	雌犬|あばずれ|あま|ズベ公
bitch slap	noun	ビンタ
bitcoin	noun	ビットコイン
bite	noun	咬傷|噛む|咬む|噛み切る|嚙む|嚼む
biting midge	noun	糠子|糠蚊|糠蝿
bitmap	noun	ビットマップ
bitrate	noun	ビットレート
bitter	adjective	苦い|激しい|荒々しい|過酷|いやな|憎らしい
bitter almond	noun	苦扁桃
bitter melon	noun	ツルレイシ|ニガウリ|苦瓜|蔓茘枝
bittercress	noun	春咲山芥子
bitterling	noun	薔薇鱮
bittern	noun	山家の五位|滷汁|苦汁
bittersweet	adjective	ほろ苦い|悲喜こもごも
bitumen	noun	歴青|瀝青
bivalve	noun	二枚貝
bivouac	noun	ビバーク|露営
biwa	noun	琵琶
bixie	noun	辟邪
bizarre	adjective	奇妙
black	adjective	黒い|黒色の|黒人|黒|黒色
black christmas	noun	ブラッククリスマス
black antshrike	noun	クロアリモズ
black as coal	adjective	石炭のように黒い
black beetle	noun	ゴキブリ
black belt	noun	黒帯
black box	noun	ブラックボックス
black carp	noun	青魚
black cat	noun	黒猫
black coal	noun	歴青炭|瀝青炭
black coffee	noun	ブラック|ブラックコーヒー
black crowned crane	noun	カンムリヅル
black drongo	noun	烏秋
black dwarf	noun	黒色矮星
black eye	noun	パンダ目
black grouse	noun	黒雷鳥
black hole	noun	ブラックホール
black house spider	noun	黒崖地蜘蛛
black humor	noun	ブラックユーモア
black ice	noun	黒氷|ブラックアイスバーン|透明氷|雨氷
black kite	noun	鳶
black knight	noun	黒騎士
black light	noun	ブラックライト
black liquor	noun	黒液
black lives matter		黒人の命は大切
black locust	noun	針槐
black magic	noun	黒魔術|黒魔法
black market	noun	闇市|闇市場|ブラック・マーケット
black metal	noun	ブラックメタル
black nightshade	noun	イヌホオズキ
black panther	noun	黒豹
black pepper	noun	黒胡椒|ブラックペッパー|黒コショウ
black rain	noun	黒い雨
black sheep	noun	厄介者
black stork	noun	鍋鸛|ナベコウ
black swan	noun	黒鳥|コクチョウ
black tea	noun	紅茶|ストレートティー
black-and-white	adjective	白黒|黒白
black-and-white television	noun	白黒テレビ
black-backed jackal	noun	セグロジャッカル|背黒ジャッカル
black-bellied plover	noun	大膳
black-billed magpie	noun	アメリカカササギ
black-capped chickadee	noun	アメリカコガラ
black-crested antshrike	noun	エボシアリモズ
black-crested titmouse	noun	クロエボシガラ
black-crowned night heron	noun	五位鷺
black-eyed pea	noun	大角豆
black-faced bunting	noun	蒿雀|蒿鵐|青鵐
black-haired	adjective	黒髪
black-headed bunting	noun	頭黒茶金鳥
black-headed gull	noun	百合鴎
black-hearted	adjective	腹黒い
black-hooded antshrike	noun	シロボシクロアリモズ
black-legged kittiwake	noun	三趾鴎
black-necked crane	noun	オグロヅル
black-necked swan	noun	黒襟白鳥
black-throated antshrike	noun	カンムリアリモズ
black-throated thrush	noun	喉黒鶫
black-winged kite	noun	肩黒鳶
black-winged pratincole	noun	ハグロツバメチドリ
blackbird	noun	黒歌鳥|クロウタドリ
blackboard	noun	黒板
blackbody	noun	黒体
blackbuck	noun	ブラックバック
blackcurrant	noun	カシス|クロスグリ
blackfly	noun	蚋
blackish-gray antshrike	noun	シラナミアリモズ
blackjack	noun	ブラックジャック
blackleg	noun	黒脚病
blacklist	noun	ブラックリスト|黒表
blackmail	noun	強請|恐喝|強要|せびる
blackmailer	noun	恐喝者
blackout	noun	停電|ブラックアウト
blackshirt	noun	黒シャツ
blacksmith	noun	蹄鉄工|鍛冶屋
bladder	noun	嚢|嚢状組織
bladder cancer	noun	膀胱癌
bladder cherry	noun	酸漿|鬼灯
bladder desperation	noun	お漏らし
bladdernut	noun	ミツバウツギ属|三つ葉空木属|三葉空木属|省沽油属
bladderwort	noun	狸藻
blade	noun	刃|ブレード
blade of grass	noun	草の葉
blame	verb	せいにする|責める
blameless	adjective	非の打ち所が無い
blank	noun	余白|空欄|空包
blanket	noun	毛布
blanquette	noun	ブランケット
blasphemy	noun	冒涜|不敬
blast furnace	noun	熔鉱炉|高炉
blastoderm	noun	胚盤葉
blastoma	noun	芽細胞腫
blastula	noun	胞胚
blaze	noun	火炎|炎
blazer	noun	ブレザー
bleach	noun	漂白剤|漂白する
bleed	verb	出血|血を流す
bleeding	noun	出血
bleeding heart	noun	華鬘草
blend	noun	ブレンド|混合|混ぜる|混ざる
blender	noun	ブレンダー|ミキサー
bless	verb	恵む|祝福
bless you		お大事に|徳万歳
blessed	adjective	恵まれた
blessing	noun	恵み|祝福
bleu d'auvergne	noun	ブルー・ドーヴェルニュ
blimp	noun	軟式飛行船|飛行船
blind	adjective	盲|盲目|失明|見えない|無条件|ブラインド
blind date	noun	ブラインドデート|見合い
blind man's buff	noun	目隠し鬼
blind map	noun	白地図
blind person	noun	盲人|視覚障害者
blind spot	noun	盲点
blind tiger	noun	盲虎
blindfold	noun	アイマスク|目隠し
blindness	noun	盲目|盲
blindsight	noun	盲視
blini	noun	ブリニ|ブリンツ
blink	noun	チラ見|パッシング|瞬く|まばたき|点滅
blink of an eye	noun	あっという間
bliss	noun	幸福|至福
blister	noun	水疱|水膨れ|まめ|火脹れ|膨れ
blitzkrieg	noun	電撃戦
blizzard	noun	猛吹雪|吹雪
bloated	adjective	膨張する
bloatware	noun	ブロートウェア
blob	noun	ブロッブ
bloc	noun	連合
block	noun	まな板|アパート|区画|断頭台|障害物|塊|遮る
block letter	noun	活字体
blockade	noun	封鎖|遮断
blockbuster	noun	ブロックバスター
blockchain	noun	ブロックチェーン
blockhead	noun	木偶の坊|薄鈍|鈍間
blog	noun	ブログ
blogger	noun	ブロガー
blogosphere	noun	ブロゴスフィア
blogpost	noun	ブログ投稿
blond	adjective	金髪
blood	noun	血|血液|血縁|血液検査
blood blister	noun	血豆
blood brother	noun	義兄弟
blood cell	noun	血球
blood clot	noun	血栓
blood cockle	noun	ハイガイ
blood donation	noun	献血
blood drive	noun	献血活動
blood flow	noun	血流
blood is thicker than water		血は水よりも濃い
blood libel	noun	血の中傷
blood pheasant	noun	紅雉
blood plasma	noun	血漿
blood pressure	noun	血圧
blood relation	noun	肉親|血族|骨肉
blood sausage	noun	ブラックプディング|ブラッドソーセージ|ブルートヴルスト|ブーダン・ノワール
blood sport	noun	ブラッド・スポーツ
blood sugar	noun	血糖
blood tax	noun	血税
blood test	noun	血液検査
blood transfusion	noun	輸血
blood type	noun	血液型
blood vessel	noun	血管
blood-brain barrier	noun	血液脳関門
bloodbath	noun	刃傷|刃傷沙汰|大虐殺
bloodless	adjective	無血
bloodletting	noun	瀉血
bloodroot	noun	赤根草
bloodshed	noun	流血
bloodshot	adjective	充血
bloodstained	adjective	血まみれ|血塗れ
bloodstream	noun	血流|血液
bloodsucker	noun	吸血動物
bloodthirsty	adjective	血に飢える
bloody	adjective	血まみれ|血塗れ|流血|残酷
bloody hell		畜生
bloody mary	noun	ブラッディ・マリー
bloomers	noun	ブルマー
blooper	noun	NG|放送事故
blossom	noun	花|咲く
blotting paper	noun	吸い取り紙|吸取紙
blouse	noun	ブラウス
blow	verb	吹く|爆発
blow a fuse	verb	プッツンする
blow a kiss	verb	投げキッスをする
blow away	verb	吹き飛ぶ
blow off	verb	吹き飛ぶ
blow one's nose	verb	擤む|鼻を擤む
blow out of the water	verb	うちまかす
blow up	verb	爆発する|爆破|拡大する
blower	noun	ブロワー
blowfish	noun	フグ|河豚|鰒
blowfly	noun	クロバエ
blowgun	noun	吹き矢
blowjob	noun	尺八|しゃくはち|フェラ
blowtorch	noun	トーチランプ
blubber	noun	皮下脂肪|泣き喚く
bludgeon	noun	棍棒|殴る
blue	adjective	ブルー|憂鬱|青い|青|ピンク|紺
blue admiral	noun	瑠璃立羽
blue blood	noun	青い血
blue card	noun	ブルーカード
blue cheese	noun	ブルーチーズ
blue duiker	noun	ブルーダイカー
blue giant	noun	青色巨星
blue jay	noun	アオカケス
blue jeans	noun	ブルージーンズ
blue link	noun	青リンク
blue mussel	noun	ヨーロッパ貽貝
blue rock thrush	noun	磯鵯
blue screen of death	noun	ブルースクリーン|死の青スクリーン|青画面|青窓
blue shark	noun	ヨシキリザメ|葦切鮫
blue state	noun	青い州
blue supergiant	noun	青色超巨星
blue tit	noun	青雀|アオガラ
blue whale	noun	白長須鯨|シロナガスクジラ
blue wildebeest	noun	オグロヌー
blue-black	noun	青黒
blue-collar	adjective	ブルーカラー
blue-eyed boy	noun	お気に入り|寵児|秘蔵っ子|贔屓
blue-gray	adjective	ブルーグレー|鳩羽色
blue-green	noun	碧|青緑
blue-winged kookaburra	noun	アオバネワライカワセミ
blueberry	noun	ブルーベリー
blueprint	noun	青写真|青図|設計図|計画
blues	noun	ブルース
bluestocking	noun	青鞜
bluethroat	noun	オガワコマドリ
bluetongue	noun	ブルータング
blunder	noun	へま|ポカ
blunderbuss	noun	ラッパ銃
blunt	adjective	鈍い|ストレート
blur	verb	ぼける|ぼかす
blurb	noun	宣伝文
blurred	adjective	ぼやけた
blurt	verb	口走る
blush	noun	赤面|頬紅|淡紅色
boa	noun	ボア
boa constrictor	noun	ボアコン
boar	noun	雄ブタ|雄豚
board	noun	板|黒板|ホワイトボード|委員会|ボード|宿泊料金|乗る
board game	noun	ボードゲーム
board of directors	noun	取締役会
boarding	noun	乗船|搭乗
boarding gate	noun	搭乗口
boarding house	noun	下宿屋|寄宿舎
boarding pass	noun	ボーディングパス|ボーディングパース|搭乗券
boarding school	noun	寄宿学校|ボーディングスクール
boardwalk	noun	ボードウォーク
boast	noun	自慢|力む
boastful	adjective	自慢
boat	noun	ボート|舟
boatel	noun	ボーテル
boater	noun	カンカン帽
boatman	noun	舟子|船頭
boatwright	noun	船大工|船工
bobbin	noun	ボビン
bobble	noun	ポンポン
bobcat	noun	ボブキャット
bobolink	noun	ボボリンク
bobsleigh	noun	ボブスレー
bocce	noun	スポールブール
bodhi	noun	菩提
bodhicitta	noun	菩提心
bodhisattva	noun	菩薩
bodily	adjective	身体的|体ごと
bodily fluid	noun	体液
body	noun	本体|体|肉体|身体|団体|物体
body and soul	adverb	全身全霊
body count	noun	経験人数
body double	noun	影武者
body hair	noun	体毛
body language	noun	ボディーランゲージ|身体言語
body odour	noun	体臭|腋臭
body of water	noun	水域
body part	noun	身体部分
body pillow	noun	抱き枕
body temperature	noun	体温
bodybuilder	noun	ボディビルダー
bodybuilding	noun	ボディビル|ボディビルディング
bodyguard	noun	用心棒|ボディーガード|侍衛|保鏢|衛士|親衛兵
bodysuit	noun	ボディスーツ
bodywork	noun	車体
boffin	noun	科学者
bog	noun	沼沢|沼地
bog iron ore	noun	沼鉄鉱
bogan	noun	田舎者
bogatyr	noun	ボガティール
bogey	noun	ボギー
bogeyman	noun	ブギーマン|小鬼
bogie	noun	台車
bogus	adjective	いんちきの|偽の|虚偽
bohrium	noun	ボーリウム
boil	noun	おでき|癤|腫れ物|沸かす|沸く|沸騰させる
boil down	verb	煮詰める
boiled	adjective	茹でる
boiled egg	noun	ゆで卵|半熟卵|固ゆで卵
boiler	noun	ボイラー
boiler room	noun	ボイラー室
boilermaker	noun	ボイラーメーカー|爆弾酒
boiling	noun	沸騰
boiling point	noun	沸点
boisterous	adjective	うるさい|喧しい|賑やか|騒々しい
bojagi	noun	ボジャギ|ポジャギ|風呂敷
bok choy	noun	青梗菜
bokeh	noun	ボケ
bold	adjective	大胆|勇敢|ボールド|ボールド体|太字
boldly	adverb	大胆
bolete	noun	猪口
bolide	noun	火球
bolster	verb	抱き枕
bolt	noun	ボルト|稲妻|落雷|金剛|反物
bolt cutter	noun	ボルトカッタ
bolt from the blue	noun	青天の霹靂
bomb	noun	爆弾|ボム|爆ぜ弾|ボンベ|爆撃|砲撃
bomb cyclone	noun	爆弾サイクロン|爆弾低気圧
bombard	verb	浴びせる|照射
bombardier beetle	noun	ボンバルディアビートル
bombardment	noun	爆撃|砲撃|照射|衝撃
bomber	noun	爆撃機
bombing	noun	爆撃
bombykol	noun	ボンビコール
bon appétit		どうぞごゆっくり|どうぞ召し上がれ|頂きます
bon voyage		ご機嫌よう|どうぞご無事で|道中ご無事で|よい旅を
bona fide	adjective	本物|真実|善意
bond	noun	債券
bondage	noun	ボンデージ|緊縛|縛り
bone	noun	骨|ほね
bone black	noun	骨炭
bone density	noun	骨密度
bone marrow	noun	骨髄|髄
boner	noun	勃起
bonesetting	noun	接骨
bonfire	noun	焚き火|篝火|かがり火|たき火
bongo	noun	ボンゴ
bonito	noun	カツオ|鰹
bonk	verb	やる|エッチ|ファック|犯す
bonnet	noun	フード|ボンネット
bonobo	noun	ボノボ
bonsai	verb	盆栽|盆栽の技術
bonsho	noun	梵鐘
bonus	noun	おまけ|ボーナス|賞与|褒奨金
bonze	noun	坊主|僧侶|和尚|凡僧
boo	noun	ばあ|ブー|ブーイング|野次る
boo hoo		うえーん
boob	noun	おっぱい|ぱいおつ|ぱいぱい
boob job	noun	豊胸
booby	noun	カツオドリ|鰹鳥
booby trap	noun	ブービートラップ
booger	noun	鼻糞
boogie-woogie	noun	ブギウギ
booing	noun	ブーイング
book	noun	本|書籍|ブック|巻|束|綴り|予約する
book burning	noun	焚書
book lung	noun	書肺
book report	noun	読書感想文
bookcase	noun	本棚
bookend	noun	ブックエンド|本立て
booking	noun	予約
bookish	adjective	文語の
bookkeeping	noun	簿記
booklet	noun	パンフレット|ブックレット|小冊|小冊子
bookmaker	noun	ブッキー|ブックメーカー
bookmark	noun	栞|お気に入り|ブクマ|ブックマーク
bookshelf	noun	本棚|書架|書棚
bookshop	noun	書店|本屋
bookworm	noun	本の虫|書痴
boom	noun	ブーム
boom barrier	noun	遮断機
boom box	noun	ブーム・ボックス|ラジオカセットレコーダー|ラジカセ
boomerang	noun	ブーメラン
boondock	noun	僻地|奥地
booster	noun	ブースター
booster dose	noun	追加接種
boot	noun	ブーツ|長靴|ブート|起動
booth	noun	スタンド|売店|露店|ブース
bootleg	noun	海賊版
bootlegger	noun	密売者|密輸者|密造者
booty	noun	戦利品|略奪品|けつ
borage	noun	瑠璃萵苣
borate	noun	硼酸塩
borax	noun	ホウ砂|硼砂
borborygmus	noun	腹鳴
border	noun	国境|国界|地境|境界
border collie	noun	ボーダー・コリー
border guard	noun	国境警備隊
borderless	adjective	ボーダレス|無境界
borderline personality disorder	noun	ボーダーライン人格障害|境界性パーソナリティ障害|境界性人格障害
bore	noun	海嘯|いらいらさせる
bored	adjective	退屈
boredom	noun	退屈
borer	noun	木食い虫
boric acid	noun	硼酸
boring	adjective	つまらない|退屈|うんざり
born	adjective	生まれる
born with a silver spoon in one's mouth	adjective	裕福な家庭に生まれる
bornane	noun	カンファン
boron	noun	ホウ素|硼素
borosilicate	noun	ホウケイ酸塩|硼珪酸塩
borough	noun	区
borreliosis	noun	ボレリア症
borrow	verb	借りる|借用語
borrowed scenery	noun	借景
borrower	noun	借り手
borscht	noun	ボルシチ
borzoi	noun	ボルゾイ
bosom	noun	胸
bosom friend	noun	心安い友人|親しい友達|親友
boson	noun	ボース粒子|ボソン
bosozoku	noun	暴走族
boss	noun	上司|ボス|長
bot	noun	ボット|ロボット
botanical garden	noun	植物園
botanical name	noun	(植物)学名
botanist	noun	植物学者
botany	noun	植物学|植物生態
botfly	noun	ヒツジバエ
both		…でも…でも|…でもあり…でもある|両方|どちらも|双方|両-
both … and		…も…も
bother	noun	邪魔
bothersome	adjective	めんどくさい
bottle	noun	瓶
bottle cap	noun	ボトルキャップ|王冠
bottle opener	noun	栓抜き|ボトルオープナー
bottled water	noun	ボトルウォーター|瓶水
bottleneck	noun	瓶の首|隘路|ネック|ボトルネック
bottlenose dolphin	noun	バンドウイルカ
bottom	noun	底|下部|裏|ネコ|凹|受け
bottom quark	noun	ボトムクォーク
bottom-up	adjective	下意上達
bottoms up		乾杯
botulism	noun	ボツリヌス中毒
bougainvillea	noun	ブーゲンビリア
bough	noun	枝|大枝
bouillabaisse	noun	ブイヤベース
bouillon	noun	ブイオン|肉汁|肉羹
bouillon cube	noun	ブイヨンキューブ
boulder	noun	丸石|大石|玉石
bouldering	noun	ボルダリング
boulevard	noun	ブールバード|大通り
bouncing castle	noun	バウンシーキャッスル
bouncy ball	noun	スーパーボール
bound	adjective	向かう|行き|界
bound morpheme	noun	拘束形態素|束縛形態素
bound variable	noun	束縛変数|束縛変項
boundary	noun	境界|境
bounty	noun	奨励金|賞金
bounty hunter	noun	賞金稼ぎ
bouquet	noun	花束|ブーケ|香り
bouquet garni	noun	ブーケガルニ
bourbon	noun	バーボン
bourgeoisie	noun	ブルジョワジー|中産階級
boustrophedon	noun	牛耕式
boutique	noun	ブティック
bouzouki	noun	ブズーキ
bovarysm	noun	ボバリスム|ボバリズム
bovine spongiform encephalopathy	noun	牛海綿状脳症
bow	noun	辞儀|お辞儀|船首|舳先|蝶結び|弓|弾く
bow and arrow	noun	弓矢|弓箭
bow maker	noun	弓師
bow-wow		ワンワン
bowdlerize	verb	伏せ字|伏字
bowel	noun	大腸|腸
bowels	noun	腸
bower bird	noun	庭師鳥
bowhead	noun	ホッキョククジラ
bowl	noun	ボウル|丼|碗|茶碗|雁首
bowler	noun	ボウラー|ボウリング選手
bowler hat	noun	山高帽子|山高帽
bowling	noun	ボウリング
bowling ball	noun	ボウリングボール
bowls	noun	ローンボウルズ
bowser	noun	給油機|計量機
bowsprit	noun	バウスプリット
bowstring	noun	弓弦|弦
bowtie	noun	ボウタイ
box	noun	箱|入れ物
box art	noun	パケ絵
box office	noun	出札所|切符売場
boxfish	noun	箱河豚
boxing	noun	ボクシング|拳闘
boxing glove	noun	ボクシンググローブ
boxing ring	noun	ボクシングのリング|リング
boy	noun	男人|男前|男性|少年|男の子|坊や
boy band	noun	ボーイ・グループ|ボーイ・バンド
boy meets girl	noun	ボーイ･ミーツ･ガール
boyar	noun	ボヤール
boycott	noun	ボイコット
boyfriend	noun	彼|カレ|彼氏|カレシ|ボーイフレンド
boyish	adjective	少年
boysenberry	noun	ボイセンベリー
boyshorts	noun	ボーイレッグ
bra	noun	ブラジャー|ブラ|乳押さえ
brace	noun	マルチゴール
bracelet	noun	ブレスレット|腕輪
braces	noun	ブレース|歯列矯正器
brachiosaur	noun	ブラキオサウルス
brachiosaurus	noun	ブラキオサウルス
bracken	noun	蕨
bracket	noun	括弧
brackish	adjective	まずい
bract	noun	苞|苞葉
bradycardia	noun	徐脈
brag	verb	力む|自慢
braggart	noun	内弁慶
brahmin	noun	ブラフミン|婆羅門
braid	noun	三つ編み|組み紐|編む
braille	noun	ブライユ点字|点字
brain	noun	脳|脳髄|頭脳|知力|知能|智者|脳を打ち砕く
brain cancer	noun	脳癌
brain cell	noun	脳細胞
brain death	noun	脳死
brain drain	verb	頭脳流出
brain fog	noun	ブレインフォグ
brain stem	noun	脳幹
brain tumor	noun	脳腫瘍
brainless	adjective	頭が悪い
brainstorming	noun	ブレインストーミング|ブレスト|ブレーンストーミング
brainwash	verb	洗脳
brainwashing	noun	洗脳
brainwave	noun	脳波
braise	verb	ブレイズ|蒸す
brake	noun	ブレーキ|制動機|ブレーキをかける
bralessness	noun	ノーブラ
brambling	noun	花鶏|アトリ
bran	noun	糠|麸
branch	noun	枝|支店|支社|分局|支局|部門|分岐する
brand	noun	ブランド
brand new	adjective	真新しい
brandish	verb	振り回す|閃かす
brandy	noun	ブランデー|コニャック
bras d'honneur	noun	ブラ・ドヌール
brass	noun	黄銅|真鍮
brass band	noun	ブラスバンド
brass instrument	noun	金管楽器
brass knuckles	noun	ナックルダスター|メリケンサック
brat	noun	ちび|餓鬼
bratwurst	noun	ブラートヴルスト
bravado	noun	空威張り|虚勢
brave	adjective	勇敢|勇気|勇猛|雄々しい
bravery	noun	勇気|剛勇
bravo		ブラボー|天晴れ
brawl	noun	乱闘|喧嘩
brazen bull	noun	ファラリスの雄牛
brazen-faced	adjective	厚かましい
brazier	noun	火鉢
brazil nut	noun	ブラジルナッツ|ブラジル・ナッツ
breach of contract	noun	違約
breach of trust	noun	背任
bread	noun	パン
bread and circuses	noun	パンとサーカス
bread maker	noun	ホームベーカリー|パン焼き器
bread roll	noun	ロールパン
breadbox	noun	パンケース|ブレッドボックス
breadcrumb	noun	パン粉|パン屑|パン粉を撒く
breadfruit	noun	パンの木|パンノキ
breadstick	noun	グリッシーニ|スティックパン
breadwinner	noun	大黒柱|扶養者|稼ぎ手
break	noun	休憩|割れ目|隙間|ブレーク|破壊する|壊す
break a sweat	verb	汗をかく
break away	verb	脱却する
break bad	verb	道を外す
break down	verb	壊れる|分解|砕ける
break one's fast	verb	朝食を取る|朝食を食べる
break out	verb	脱出|勃発
break someone's heart	verb	心を壊す
break the ice	verb	口火を切る|言い出す
break up	verb	別れる|手を切る|壊れる|粉砕
break wind	verb	屁をひる|おならをする
break-even point	noun	損益分岐点
breakable	adjective	壊す
breakdown	noun	故障|降伏現象|内訳
breaker	noun	破壊者|破砕機
breakfast	noun	朝食|朝御飯|朝飯|朝食を摂る
breakfast cereal	noun	シリアル|シリアル食品
breaking news	noun	速報
breakpoint	noun	ブレークポイント
breakthrough	noun	突破
breakwater	noun	防波堤
bream	noun	ブリーム
breast	noun	乳房|胸|にゅうぼう
breast augmentation	noun	豊胸手術
breast cancer	noun	乳癌
breast implant	noun	乳房インプラント
breast milk	noun	母乳
breast pump	noun	搾乳器
breastbone	noun	胸骨
breastfeed	verb	授乳
breastfeeding	noun	母乳栄養|授乳
breastplate	noun	胸当て|胸甲
breaststroke	noun	平泳ぎ
breath	noun	呼吸|息
breathalyzer	noun	アルコール検査|飲酒検知器
breathe	verb	一息つく|息をする|吐く|吸い込む|呼吸|呼吸する
breathe in	verb	吸い込む
breathing	noun	呼吸
breathlessness	noun	呼吸困難|息切れ
breathtaking	adjective	息をのむ
breccia	noun	角礫岩
breeches	noun	ブリーチズ|半ズボン
breed	verb	育てる|育成する
breeder	noun	育雛器
breeze	noun	微風
brent goose	noun	黒雁
brethren	noun	同胞
breve	noun	短音記号
brew	verb	淹れる|醸造
brewery	noun	醸造所|ブルワリー
bribe	noun	賄賂
bribery	noun	賄賂|賄賂のやり取り|収賄
bric-a-brac	noun	がらくた|ガラクタ|我楽多|瓦落多|瓦落苦多
brick	noun	煉瓦|文鎮|文鎮化
bricklayer	noun	煉瓦職人
bridal carry	noun	お姫様だっこ
bride	noun	花嫁|嫁|新婦
bridegroom	noun	新郎|花婿|婿
bridesmaid	noun	ブライズメイド|介添人|花嫁介添人
bridge	noun	冠橋義歯|橋|橋梁|ブリッジ|船橋|駒
bridgehead	noun	橋頭堡
bridle	noun	手綱
bridle path	noun	乗馬道
bridled tern	noun	マミジロアジサシ
brie	noun	ブリー|ブリーチーズ
brief	adjective	簡略|短い
briefcase	noun	ブリーフケース|鞄
briefing	noun	ブリーフィング
briefs	noun	ブリーフ
brigade	noun	旅団
brigadier	noun	准将
brigand	noun	山賊
bright	adjective	明るい|聡明|賢い|鮮明
bright and early	adverb	夙に
brighten up	verb	輝く
brightness	noun	明るい
brine	noun	ブライン|塩水|海水
bring	verb	持って来る|持って行く
bring home the bacon	verb	生計を立てる|食べていく
bring it	verb	一生懸命頑張る
bring to a boil	verb	沸騰させる
bring to light	verb	炙り出す
bring up	verb	育てる
brinkmanship	noun	瀬戸際戦術|瀬戸際政策
brinkmate	noun	必死|必至
brioche	noun	ブリオッシュ
brisk	adjective	元気
brittle star	noun	蜘蛛人手|蜘蛛海星
bro	noun	ブラザー|兄弟|兄ちゃん|兄貴
broad	adjective	幅が…ある|訛り丸出しの|助|女
broad bean	noun	空豆
broad daylight	noun	昼日中|白昼|真っ昼間|真昼
broad gauge	noun	広軌
broad-billed sandpiper	noun	キリアイ|錐合
broadband	noun	ブロードバンド
broadcast	noun	放送|番組
broadcaster	noun	放送局
broadcasting	noun	放送
broaden	verb	広げる|広める|広がる|広まる
broadside	noun	舷側砲
broadsword	noun	ブロードソード
brocade	noun	錦|ブロケード
broccoli	noun	ブロッコリー|緑花野菜|芽花野菜
brochure	noun	パンフレット|小冊|小冊子
broil	verb	焼く
broke	adjective	すっからかん
broken	adjective	割れた|壊れた|故障
broken heart	noun	ブロークンハート|失恋
broker	noun	ブローカー|仲立人
brokerage	noun	仲介
bromance	noun	ブロマンス
bromide	noun	臭化物
bromine	noun	臭素
bromofluoromethane	noun	ブロモフルオロメタン
bromomethane	noun	ブロモメタン
bronchitis	noun	気管支炎
bronchus	noun	気管支
brony	noun	ブロニー
bronze	adjective	ブロンズ製の|青銅製の|ブロンズ色の|青銅色の|青銅|ブロンズ
bronze medal	noun	銅メダル
bronze medalist	noun	銅メダリスト
bronzeware	noun	青銅器
brooch	noun	ブローチ
brook	noun	小川
brook trout	noun	河鱒
broom	noun	箒|帚
broomstick	noun	ほうきの柄
broth	noun	だし|ストック|ブイヨン|ブロス|煮汁|スープ
brothel	noun	売春宿|娼館|女郎屋|妓楼|娼家|遊女屋
brother	noun	兄弟|兄|修道士|ブラザー|お兄さん|あに
brother-in-arms	noun	戦友
brother-in-law	noun	(お)義兄さん|小舅|義兄|義兄弟|義弟|義理の兄
brotherhood	noun	兄弟の間柄
brouhaha	noun	大騒ぎ
brown bear	noun	ヒグマ|羆
brown dwarf	noun	褐色矮星
brown rat	noun	ドブネズミ|溝鼠
brown rice	noun	玄米
brown shrike	noun	赤百舌
brown sugar	noun	黒砂糖
brownie	noun	ブラウニー
brownnose	noun	胡麻擂り
browse	verb	閲覧
brucellosis	noun	波状熱
bruise	noun	あざ
brunch	noun	ブランチ
bruschetta	noun	ブルスケッタ
brush	noun	ブラシ|刷子|筆|刷毛|ブラシがけ|磨き|磨く
brush one's teeth	verb	歯を磨く
brush pen	noun	筆ペン
brush up	verb	ブラッシュアップ
brushwood	noun	柴
brusque	adjective	ぶっきら棒|けんもほろろ|無礼|突っ慳貪|素っ気ない|素っ気無い
brute	noun	人でなし
brute force	noun	馬鹿力|総当たり
bruxism	noun	ブラキシズム
bryology	noun	蘚苔学
bryozoan	noun	苔虫
bubble	noun	泡|バブル|水膨れ|泡立つ
bubble sheet	noun	マークシート
bubble sort	noun	バブルソート
bubble tea	noun	タピオカティー|パールミルクティー
bubblegum	noun	バブルガム|風船ガム
bubonic plague	noun	腺ペスト
bucatini	noun	ブカティーニ
buck	noun	バック
buck-passing	noun	たらいまわし|蜥蜴の尻尾切り|責任転嫁
bucket	noun	バケツ|桶|手桶
bucket down	verb	ざあざあ
bucket list	noun	死ぬまでしたい事
buckle	noun	バックル|尾錠|締め金
buckwheat	noun	蕎麦|ソバ
bud	noun	芽|蕾
budae jjigae	noun	プデチゲ
buddy		仲間|相棒|友達
budgerigar	noun	背黄青鸚哥|脊黄青鸚哥
budget	noun	予算|バジェット
budo	noun	武道
budyonovka	noun	ブジョーノフカ
buff	adjective	ムキムキ|バフ
buff-bellied pipit	noun	アメリカタヒバリ
buff-breasted sandpiper	noun	コモンシギ
buffer	noun	バッファ|バッファー
buffet	noun	ビュッフェ|バイキング|食べ放題
bufflehead	noun	ヒメハジロ|姫羽白
bug	noun	バグ|不具合|黴菌|熱|盗聴器|虫|邪魔
bug spray	noun	虫よけスプレー
bugle	noun	ビューグル|ラッパ|喇叭
bugler	noun	喇叭手
build	noun	ビルド|建てる|建設|構築|築く
builder	noun	建設者
building	noun	建築|建設|建造|建物|建築物|ビル
building block	noun	積み木
building material	noun	建材
building society	noun	住宅金融組合
built-in function	noun	組み込み関数
bukkake	noun	ぶっかけ|打っ掛け
bulb	noun	球根
bulbophyllum	noun	豆蔦蘭
bulbourethral gland	noun	カウパー腺|尿道球腺
bulbul	noun	鵯
bulge	noun	出っ張り|突き出る|膨れる
bulgogi	noun	ブルコギ|プルコギ
bulimia	noun	過食症|神経性大食症
bull	noun	牡牛|雄牛
bull market	noun	上げ相場|強気
bull run	noun	エンシエロ|牛追い
bull shark	noun	オオメジロザメ|大目白鮫|牛鮫
bulldog	noun	ブルドッグ
bulldozer	noun	ブルドーザー
bullet	noun	弾|弾丸|銃弾|ビュレット
bullet hell	noun	弾幕
bullet point	noun	ビュレット
bullet train	noun	新幹線|弾丸列車|超特急
bulleted list	noun	記号付きリスト
bulletin board	noun	掲示板
bulletin board system	noun	BBS|掲示板|電子掲示板
bulletproof	adjective	防弾
bulletproof vest	noun	バリスティックベスト|ブレットプルーフベスト|ボディアーマー|防弾チョッキ|防弾服
bulletwood	noun	ミサキノハナ
bullfighter	noun	闘牛士
bullfighting	noun	闘牛|雄牛の戦い
bullfinch	noun	ウソ
bullfrog	noun	牛蛙
bullish	adjective	強気
bullpen	noun	ブルペン
bullseye	noun	命中|図星|大当たり
bullshit	noun	でたらめ|ダウト
bully	noun	苛め|苛めっ子|苛める
bullycide	noun	いじめ自殺
bullying	noun	嫌がらせ|いじめ
bulrush	noun	イ
bulwark	noun	堡塁|藩屛
bum	noun	くだらないやつ|ろくでなし|乞丐
bumblebee	noun	マルハナバチ|丸花蜂|円花蜂
bumper	noun	バンパー|ショックアブソーバー|緩衝器
bumper car	noun	バンパーカー
bumper crop	noun	豊作
bun	noun	バン|ロールパン|お団子|シニヨン|束髪|髷
bunch	noun	房|束
bundle	noun	束
bundt cake	noun	クグロフ|バントケーキ|ブントケーキ
bungalow	noun	バンガロー
bungee jump	noun	バンジージャンプ
bungee jumping	noun	バンジージャンプ
bungler	noun	へぼ|不器用者
bunion	noun	外反母趾
bunk	noun	寝台
bunker	noun	トーチカ|バンカー|掩体壕|掩蔽壕
bunker buster	noun	バンカーバスター|地中貫通爆弾
bunny	noun	子兎
bunny girl	noun	バニーガール
bunt	noun	バント
buoy	noun	ブイ|浮標
buoyancy	noun	浮力|回復|快活
bur-reed	noun	実栗
burden	noun	積み荷|負担|心配事
burden of proof	noun	立証責任|証拠を提示する義務|証明責任
burdock	noun	牛蒡|ごぼう
bureau	noun	事務所|オフィス|事務室
bureau de change	noun	両替屋|通貨両替
bureaucracy	noun	官僚制
bureaucrat	noun	官僚
burette	noun	ビュレット
burgeon	verb	萌える
burglar	noun	夜盗|強盗
burglary	noun	侵入窃盗
burial	noun	埋葬
buried	adjective	眠る
burlak	noun	ブルラク
burlap	noun	黄麻布
burly	adjective	逞しい
burn	noun	やけど|焼け焦げ|ひりひり, ヒリヒリ|燃える|焼ける|燃やす
burn one's bridges	verb	縁を切る|背水の陣|退路を断つ|関係を絶つ
burn the candle at both ends	verb	過重労働(する)
burn the midnight oil	verb	徹夜
burner	noun	バーナー
burnet	noun	吾亦紅|吾木香
burnt	adjective	燃えた (もえた, moeta)|燃える (もえる, moeru)|燃やされた (もやされた, moyasareta)|燃やした (もやした, moyashita)
burnt sienna	adjective	代赭色の|代赭色
burp	noun	うっぷ|げっぷ|おくび|噫気
burqa	noun	ブルカ
burqini	noun	ブルキニ
burr	noun	バリ
burrata	noun	ブッラータ
burrito	noun	ブリトー
burrow	noun	巣穴|穴
bursa	noun	滑液包
burst	verb	破裂
burusera	noun	ブルセラ
bury	verb	埋葬|葬る|埋める
bury the hatchet	verb	和睦
bus	noun	バス|乗合自動車
bus fare	noun	バス代
bus lane	noun	バス専用車線
bus rapid transit	noun	バス・ラピッド・トランジット
bus station	noun	バスステーション|バスターミナル|バス乗り場|バス停|バス停留所
bus stop	noun	バス停|停留場|停留所
bush clover	noun	萩
bush dog	noun	ヤブイヌ|藪犬
bush-cricket	noun	螽蟖
bushbuck	noun	ブッシュバック
bushel	noun	ブッシェル
bushido	noun	武士道
busiate	noun	ブジアーテ
business	noun	事業|企業|商い|商売|業務|取引
business analyst	noun	ビジネスアナリスト
business before pleasure		花より団子
business card	noun	名刺|手札
business intelligence	noun	ビジネスインテリジェンス
business suit	noun	背広
business trip	noun	出張
businessman	noun	実業家|ビジネスマン
businessperson	noun	実業家|起業家
businesswoman	noun	ビジネスウーマン|女性実業家
busker	noun	大道芸人
bust	noun	胸像|半身像|乳房
bustard	noun	野雁
bustier	noun	ビスチェ
bustle	noun	バッスル
busty	adjective	バストの大きい
busy	adjective	忙しい|使用中|繁華
but		でも|けれども|が|けど|けれど|しかし
butane	noun	ブタン
butcher	noun	肉屋|屠殺
butcher's broom	noun	梛筏
butchershop	noun	肉屋
butler	noun	ソムリエ|執事
butsudan	noun	仏壇
butt	noun	尻|吸殻
butter	noun	バター|牛酪|乳酪
butter knife	noun	バターナイフ
butter up	verb	お世辞を言う|胡麻をする|諂う
butterbrot	noun	ブッターブロート
butterbur	noun	苳|蕗
buttercup	noun	金鳳花|キンポウゲ
butterface	noun	バックシャン
butterfly	noun	蝶|蝶々|チョウ|胡蝶
butterfly bush	noun	クレロデンドルム・ウガンデンセ|ブルーエルフィン
butterfly effect	noun	バタフライ効果|バタフライエフェクト
butterfly knife	noun	バタフライナイフ
butterfly net	noun	バタフライネット
butterfly pea	noun	蝶豆
butterfly stroke	noun	バタフライ|バタ|バッタ
butterfly valve	noun	蝶形弁
butterflyfish	noun	チョウチョウウオ
buttermilk	noun	バターミルク
butterwort	noun	虫取菫
buttock	noun	尻|臀部
button	noun	ボタン|バッジ
button mushroom	noun	マッシュルーム|作り茸
buttonhole	noun	ボタン穴
butyrate	noun	酪酸塩
butyric acid	noun	酪酸
buy	verb	買う|購入
buy time	verb	時を稼ぐ
buyer	noun	買い手|購買者
buyout	noun	企業買収
buzz	noun	ブーン
buzzard	noun	鵟
buzzer	noun	ブザー
buzzer-beater	noun	ブザービーター
buzzword	noun	バズワード
by	adverb	沿う|側|によって|に|により|まで
by god		なんてこった
by a long shot		断然|決して|絶対
by all means		きっと|どうしても
by and large	adverb	全般的にみて
by chance		偶然
by dint of		によって
by heart		暗記|空で
by means of		で
by no means		とっても|とても|中々|決して|金輪際
by now		今頃
by oneself		一人で|自分|一人
by the way		ところで|ちなみに
by-election	noun	補欠選挙
by-product	noun	副産物
bycatch	noun	混獲
bye		さようなら|バイバイ|じゃ|じゃ、また|では|またね
bye-bye	noun	じゃ、また|じゃあね|では|またね|バイ|バイバイ
bylina	noun	ブィリーナ
byoyomi	noun	秒読み
bypass	noun	バイパス|迂回路|迂回する
byproduct	noun	副産物
bystander effect	noun	傍観者効果
byte	noun	バイト
byword	noun	ことわざ|諺
bzzt		ブッブー|ブー
bánh xèo	noun	バインセオ
c/o		方
cabal	noun	秘密結社
cabaret	noun	キャバレー
cabbage	noun	キャベツ|玉菜|甘藍|植物人間
cabbage roll	noun	ロールキャベツ
cabernet	noun	カベルネ
cabin	noun	小屋|キャビン|船室
cabin crew	noun	客室乗務員
cabin fever	noun	閉塞感
cabinet	noun	キャビネット|内閣
cabinetmaker	noun	指物師|建具屋
cable	noun	ケーブル|電線|電纜
cable car	noun	ケーブルカー
cable television	noun	ケーブルテレビ
cable tie	noun	結束バンド
cableway	noun	ケーブルウェイ|ケーブルカー|ロープウェイ|索道
cabrales	noun	カブラレス
cabriolet	noun	カブリオレ
cacao	noun	カカオ
cachaça	noun	カシャッサ
cache	noun	キャッシュ
cachexia	noun	悪液質
caciocavallo	noun	カチョカヴァッロ
cacique	noun	酋長
cackling goose	noun	シジュウカラガン|四十雀雁
cacomistle	noun	クロアシカコミスル
cacophony	noun	不協和音
cactus	noun	仙人掌|サボテン|シャボテン
cadaver	noun	死体
cadaverine	noun	カダベリン
caddie	noun	キャディ
cadmium	noun	カドミウム
cadre	noun	幹部
caecum	noun	盲腸
caesaropapism	noun	カエサロパピスム|皇帝教皇主義
caesium	noun	セシウム
caesura	noun	中間休止
cafeteria	noun	カフェテリア|食堂|学食
caffeine	noun	カフェイン
café	noun	喫茶店|カフェ|喫茶
café au lait	noun	カフェオレ
cage	noun	檻|ケージ|篭
cahoots	noun	共謀
caiman	noun	カイマン
caipirinha	noun	カイピリーニャ
cairn	noun	ケアン|ケルン
cajolement	noun	口車
cake	noun	ケーキ
cake shop	noun	ケーキ屋|菓子屋
calabash	noun	ヒョウタン|瓢箪
calamari	noun	カラマリ
calamari ring	noun	イカフライ
calamite	noun	蘆木
calamity	noun	災い|災難|災厄
calamondin	noun	カラマンシー
calandra lark	noun	クロエリコウテンシ
calcarean	noun	石灰海綿
calcareous	adjective	炭酸カルシウムの|石灰質の
calcifediol	noun	カルシフェジオール
calcination	noun	焼成|煆焼
calcite	noun	方解石
calcitriol	noun	カルシトリオール
calcium	noun	カルシウム|石灰素
calcium carbide	noun	炭化カルシウム
calcium chloride	noun	塩化カルシウム
calcium hydroxide	noun	水酸化カルシウム
calcium oxide	noun	酸化カルシウム
calculate	verb	計算|たくらむ|算出|算定|見積もる
calculating	adjective	計算可能な|計算高い
calculation	noun	計算
calculator	noun	電卓|計算機|計算者|計算表
calculus	noun	計算|微積分|結石
calculus of variations	noun	変分法
caldera	noun	カルデラ
calendar	noun	カレンダー|暦|暦法
calendar year	noun	暦年
calender	noun	カレンダー|光沢機
calendula	noun	キンセンカ|金盞花
calf	noun	子牛|脹脛
calf bone	noun	腓骨
caliber	noun	口径|力量
calibrate	verb	調整|較正
calibration	noun	キャリブレーション|校正|較正|調整
calico	noun	カナキン|三毛|三毛猫
californium	noun	カリホルニウム
calimocho	noun	カリモーチョ
caliph	noun	カリフ|ハリーファ
caliphate	noun	イスラム帝国
calisthenics	noun	体操|美容体操
call	noun	叫び|呼び声|呼び出し|電話|通話|訪問|呼ぶ
call a spade a spade	verb	歯に衣着せぬ|ありのまま言う
call an ambulance		救急車を呼んでください
call and response	noun	コール&レスポンス|コールアンドレスポンス
call center	noun	コールセンター
call into question	verb	問う
call it a day	verb	今日はここまでにする|引退|退職
call it quits	verb	ちゃらにする
call sign	noun	コールサイン|呼出符号|識別信号
call the fire department		消防隊を呼んでください
call the police		警察を呼んでください
call-up	noun	召集
calligrapher	noun	書家|書道家
calligraphy	noun	書道|カリグラフィー|書法|習字
calling	noun	天命
callus	noun	胼胝
calm	adjective	静か|穏やか|平穏|平静|泰平|無風|静める
calm before the storm	noun	嵐の前の静けさ
calm down	verb	落ち着く
calmness	noun	平安|平静
calorie	noun	カロリー
calorie bomb	noun	カロリー爆弾
calorimeter	noun	熱量計
calque	noun	翻訳借用
caltrop	noun	鉄菱|ハマビシ
calumniate	verb	中傷
calumny	noun	中傷
calyx	noun	萼|蔕|杯
calzone	noun	カルツォーネ
cam	noun	カム
camaraderie	noun	友情
cambion	noun	カンビオン
camcorder	noun	カムコーダー|ビデオカメラ
camel	noun	駱駝|ラクダ
camel case	noun	キャメルケース
camellia	noun	椿
cameltoe	noun	メコスジ
camembert	noun	カマンベール|カマンベールチーズ
cameo	noun	カメオ出演
camera	noun	カメラ|写真機|ビデオカメラ
cameraman	noun	カメラマン|撮影技師
cameraphone	noun	カメラ付き携帯電話
camerawork	noun	カメラワーク
camisole	noun	キャミソール
camomile	noun	カモマイル|カモミーユ|カモミール|カミツレ|ローマカミツレ
camomile tea	noun	カモマイルティー|カモマイル茶|カモミール茶
camouflage	noun	カモフラージュ|擬装|迷彩|迷彩服|保護色
camp	noun	キャンプ|収容所|幕営|芋る|キャンプする
camp bed	noun	折り畳み式ベッド|折り畳み式寝台|畳み寝台
camp fever	noun	キャンプ熱
campaign	noun	キャンペーン|戦役
camper	noun	芋スナイパー
campfire	noun	キャンプファイヤー
campground	noun	キャンプ場
camphene	noun	カンフェン
camphor	noun	樟脳|カンフル
camphor tree	noun	クスノキ|楠
camping	noun	キャンピング|キャンプ
campsite	noun	キャンプサイト|キャンプ場
campus	noun	キャンパス|学園
camucamu	noun	カムカム
can	noun	缶|できる|られる|れる
can i buy you a drink		一杯おごらせてください|一杯おごりますよ
can i come in		入ってもいいですか
can i help you		お手伝いしましょうか|何かお手伝いできますか
can i smoke		タバコを吸ってもいいですか|タバコを吸ってもいい？
can i use your phone		あなたの電話を使用できますか
can of worms	noun	ゴチャゴチャした状態|困った事態
can opener	noun	缶切り
can you help me		助けることができますか
can't help	verb	しないではいられない
can't wait	verb	楽しみにする
canal	noun	運河|水路|管
canapé	noun	カナッペ
canary	noun	カナリア色|金糸雀色|カナリア|カナリヤ|金糸雀
canary in a coal mine	noun	炭鉱のカナリア
cancan	noun	カンカン|フレンチカンカン
cancel	verb	取り消す|キャンセル|取り止める|破棄
cancel culture	noun	キャンセルカルチャー
cancellation	noun	取り消し|削除|抹消|解除
candareen	noun	分
candela	noun	カンデラ
candelabrum	noun	枝付き燭台
candid camera	noun	どっきりカメラ
candida	noun	鵞口瘡菌
candidate	noun	候補者|候補|受験生
candidiasis	noun	鵞口瘡
candle	noun	蝋燭|ろうそく
candle snuffer	noun	ろうそく消し
candleholder	noun	燭台
candlepower	noun	燭|燭光
candlestick	noun	燭台
candor	noun	正直|率直|公平無私
candrabindu	noun	チャンドラビンドゥ
candy	noun	飴|お菓子|キャンデー|キャンディ
candy apple	noun	りんご飴|林檎飴
candy bar	noun	キャンディーバー
candy cane	noun	キャンディケイン|キャンディーケイン|キャンディ棒
candy floss	noun	綿菓子|綿飴
cane	noun	あし|よし|蘆|杖
cane toad	noun	オオヒキガエル
canelé	noun	カヌレ
cangue	noun	枷|首枷
canine	adjective	イヌ
canine tooth	noun	犬歯|糸切り歯
canistel	noun	カニステル
canister	noun	弾筒|小型の缶
cankle	noun	大根足
cannabis	noun	大麻|インド大麻
canned	adjective	缶|缶詰
cannibal	noun	人食い人種
cannibalism	noun	カニバリズム|人食い|共食い
cannoli	noun	カンノーロ
cannon	noun	大砲|カノン砲|キャノン
cannon fodder	noun	砲弾の餌食
cannonade	noun	砲撃
cannonball	noun	砲弾
cannot	verb	いけない|できない|ならない|駄目
canoe	noun	カヌー
canoeing	noun	カヌー競技
canon	noun	正史|教会法|聖人録|カノン
canonical	adjective	カノン的な
canonize	verb	列聖する
cant	noun	隠語|傾斜|斜面|偽善的な言い方|口先だけの言葉
cantaloupe	noun	メロン
cantata	noun	カンタータ|交声曲
canteen	noun	食堂|カフェテリア|学食|水筒
canvas	noun	キャンバス|ズック|帆布|画布|カンバス
canyon	noun	峡谷
caoutchouc	noun	生ゴム
cap	noun	キャップ|蓋|被せ|頂上|かさ|帽子
capability	noun	能力
capable	adjective	有能
capacitance	noun	容量|電気容量|静電容量
capacitor	noun	コンデンサ|キャパシタ
capacity	noun	容量
cape	noun	ケープ|岬|鼻|崎
capillary	noun	毛細血管|毛管|毛細管
capirotada	noun	カピロターダ
capisce		分かった[[か？]]|分かる[[か？]]
capital	noun	大文字|主|主要|優れた|素晴らしい|致命的|柱頭
capital city	noun	首都|都
capital gains tax	noun	譲渡所得
capital letter	noun	大文字
capital punishment	noun	死刑|極刑|死罪
capitalism	noun	資本主義
capitalist	noun	資本家
capitalist roader	noun	走資派
capitulate	verb	降伏
capitulation	noun	降伏|投降|降服
capoeira	noun	カポエイラ
caponata	noun	カポナータ
cappuccino	noun	カプチーノ
capriccio	noun	奇想曲|綺想曲
capricious	adjective	気紛れ
capsaicin	noun	カプサイシン
capsicum	noun	ピーマン|唐辛子|蕃椒
capsize	verb	覆る|転覆
capsizing	noun	転覆
capstan	noun	キャプスタン
capsule	noun	蒴果|カプセル
capsule hotel	noun	カプセルホテル
captain	noun	船長|機長|大尉|大佐|キャプテン
caption	noun	キャプション
captivate	verb	惹き付ける
captive	noun	とりこ|俘虜
captivity	noun	監禁
capture	noun	捕獲|記録|捉える|とる
capybara	noun	カピバラ|オニテンジクネズミ|鬼天竺鼠
car	noun	車|自動車
car door	noun	車のドア
car rental	noun	レンタカー
car wash	noun	洗車場
caracal	noun	カラカル
carafe	noun	水差し|カラフ
caramel	noun	カラメル|キャラメル|キャラメル色
caramel apple	noun	キャラメルアップル
carane	noun	カラン
carapace	noun	甲羅
carat	noun	カラット
caravan	noun	キャンピングトレーラー|トラベルトレーラー|キャラバン|隊商
caravanserai	noun	キャラバンサライ
caravel	noun	キャラベル船
carbazole	noun	カルバゾール
carbine	noun	カービン|騎兵銃|騎銃
carbohydrate	noun	炭水化物|含水炭素
carbolic acid	noun	石炭酸
carboline	noun	カルボリン
carbon	noun	炭素|カーボンコピー|炭|石炭
carbon dioxide	noun	二酸化炭素
carbon footprint	noun	カーボンフットプリント
carbon monoxide	noun	一酸化炭素
carbon neutrality	noun	カーボンニュートラル
carbon offset	noun	カーボンオフセット
carbon paper	noun	カーボン紙
carbon tax	noun	炭素税
carbon tetrachloride	noun	四塩化炭素
carbonado	noun	カーボナード
carbonara	noun	カルボナーラ
carbonate	noun	炭酸塩
carbonated water	noun	ソーダ水|炭酸水
carbonic acid	noun	炭酸
carbonization	noun	炭化|炭素転化
carbonyl	noun	カルボニル基
carboplatin	noun	カルボプラチン
carboxyl	noun	カルボキシル基
carboxylic acid	noun	カルボン酸
carbuncle	noun	癰
carburetor	noun	キャブレター
carcade	noun	ハイビスカスティー
carcass	noun	死体|死骸
carcinogen	noun	発癌物質
carcinogenesis	noun	発癌
carcinogenic	adjective	発癌性
carcinogenicity	noun	発癌性
carcinoma	noun	癌腫
card	noun	カード|札
card game	noun	カードゲーム|カルタ|トランプ
card reader	noun	カードリーダー
cardamom	noun	カルダモン|小豆蔲
cardboard	noun	厚紙|板紙|段ボール
cardboard box	noun	段ボール箱
cardia	noun	噴門
cardiac arrest	noun	心停止
cardigan	noun	カーディガン|ジレー
cardinal	adjective	基本|枢機卿|基数|緋色
cardinal number	noun	基数|集合数
cardinal numeral	noun	基数
cardinal point	noun	方角
cardinality	noun	濃度
cardiologist	noun	心臓学医
cardiology	noun	循環器学
cardiomyopathy	noun	心筋症
cardiopulmonary	adjective	心肺(の)
cardiopulmonary resuscitation	noun	心肺蘇生法
cardiovascular	adjective	心臓血管
cardiovascular disease	noun	心血管疾患
care	noun	気にする|気にかける|構う|世話|介抱|面倒を見る
care of		方|気付
career	noun	経歴|キャリア|職業
career change	noun	転職
career woman	noun	キャリアウーマン
carefree	adjective	のんびり|呑気|気軽
careful	adjective	思慮深い|注意深い
carefully	adverb	じっくり|慎重に
careless	adjective	不注意|軽率|迂闊
carelessly	adverb	うっかり|不注意
carelessness	noun	不注意|油断|軽率
carer	noun	ホームヘルパー|世話をする人|介護者
caress	noun	愛撫
cargo	noun	積荷|貨物
cargo cult	noun	カーゴ・カルト
cargo ship	noun	貨物船
caribou	noun	カリブー
caricature	adjective	戯画|風刺画|カリカチュア|漫画
caries	noun	虫歯|う蝕|カリエス|齲蝕
carillon	noun	カリヨン
carjack	verb	カージャック
carmeltazite	noun	カーメルタザイト
carnage	noun	修羅|大虐殺
carnation	noun	カーネーション
carnitine	noun	カルニチン
carnival	noun	カーニバル|謝肉祭
carnivore	noun	肉食動物|食肉類
carnivorous	adjective	肉食
carob	noun	蝗豆
carol	noun	キャロル
carotene	noun	カロテン|カロチン
carotenoid	noun	カロテノイド
carotid artery	noun	頸動脈
carp	noun	鯉|コイ
carpe diem		この日を掴め|今日を楽しめ
carpel	noun	心皮
carpenter	noun	大工
carpenter bee	noun	熊蜂
carpenter's square	noun	指矩|曲尺
carpet	noun	絨毯|カーペット
carpet beater	noun	布団叩き
carpet bombing	noun	絨毯爆撃
carpool	noun	相乗り
carrack	noun	キャラック
carrel	noun	キャレル
carriage	noun	馬車|キャリッジ
carriageway	noun	自動車道|車道
carrier bag	noun	キャリアバッグ|ビニール袋
carrier pigeon	noun	伝書鳩
carrier wave	noun	搬送波
carrion	noun	死肉|腐肉|骸
carrion crow	noun	ハシボソガラス
carrot	noun	人参|ニンジン
carrot and stick	noun	アメとムチ|飴と鞭
carrot cake	noun	ニンジンケーキ
carry	verb	持って行く|運ぶ
carry coals to newcastle	verb	無駄骨を折る
carry out	verb	実行|行う
carrying pole	noun	天秤棒
carsickness	noun	車酔い
cart	noun	荷車|カート
carte blanche	noun	白紙委任|白紙委任状
cartel	noun	カルテル
cartilage	noun	軟骨
cartographer	noun	地図製作者
cartography	noun	地図学
cartomancy	noun	トランプ占い
carton	noun	カートン|カートンパック|紙パック
cartoon	noun	戯画|漫画|風刺画|カートゥーン|アニメ|アニメーション
cartoonist	noun	漫画家
cartouche	noun	カルトゥーシュ
cartridge	noun	実包|インクカートリッジ
carving	noun	彫刻
carving knife	noun	包丁
caryopsis	noun	穎果
casbah	noun	カスバ
case	noun	事件|場合|例|事例|箱|症例
case closed		一件落着
case study	noun	ケーススタディー|事例研究
casein	noun	乾酪素
caseous necrosis	noun	乾酪壊死
cash	noun	現金|キャッシュ
cash desk	noun	レジ|勘定台
cash register	noun	キャッシュレジスター|レジ|レジスター
cashbook	noun	キャッシュブック|出納簿|現金出納簿
cashew	noun	カシュー
cashew nut	noun	カシューナッツ
cashier	noun	レジ係|出納係
cashmere	noun	カシミヤ
casing	noun	筐体
casino	noun	カジノ|賭場
cask	noun	カスク|桶
casque	noun	カスク
cassata siciliana	noun	カッサータ
cassava	noun	キャッサバ
casserole	noun	キャセロール|蒸し焼き
cassette	noun	カセット
cassiterite	noun	錫石
cassock	noun	キャソック
cassowary	noun	カソワリ|火食い鳥
cast	noun	演奏|ギブス|ギプス|投げる|投じる|鋳る
cast iron	noun	鋳鉄
cast net	noun	キャストネット|投網
cast out	verb	追い出す
cast pearls before swine	verb	猫に小判|豚に真珠
castanet	noun	カスタネット
caste	noun	カースト|ジャーティ
castella	noun	カステラ|カステーラ
castellan	noun	城主
caster	noun	薬味入れ|キャスター
casting	noun	キャスティング
casting vote	noun	議長決裁
castle	noun	城|城郭
castling	noun	キャスリング
castor bean	noun	蓖麻子
castor bean tick	noun	ヒマダニ
castor oil	noun	蓖麻子油
castor oil plant	noun	トウゴマ
castrate	verb	去勢
castration	noun	去勢|宮刑|腐刑
castrative	adjective	去勢|弱らせる
castrato	adjective	カストラート
castrator	noun	去勢者|宮刑執行人
casual	adjective	偶然|非正規雇用|思い掛けない|カジュアル|普段|楽
casual sex	noun	カジュアルセックス
casualty	noun	犠牲者
casus belli	noun	開戦事由|開戦理由
cat	noun	猫|家猫|猫ま
cat and mouse	noun	いたちごっこ
cat burglar	noun	怪盗
cat café	noun	猫カフェ
cat flap	noun	ペットドア
cat food	noun	猫フード
cat lady	noun	猫おばさん
cat scratch disease	noun	猫ひっかき病
cat tree	noun	猫タワー
cat wheel	noun	キャットホイール
cat's cradle	noun	あやとり
cat's eye	noun	チャッターバー
cat's tongue	noun	ラング・ド・シャ
catabolism	noun	異化|異化作用
catachresis	noun	濫喩
cataclysm	noun	激変|大洪水
catacomb	noun	カタコンベ
catalepsy	noun	カタレプシー
catalogue	noun	カタログ|目録
catalysis	noun	触媒作用
catalyst	noun	触媒
catamaran	noun	カタマラン|双胴船
catamite	noun	稚児|陰間
cataphract	noun	カタフラクト
cataplexy	noun	情動脱力発作|脱力発作
catapult	noun	カタパルト|投石器|投石機
cataract	noun	白内障|激流
catastrophe	noun	災害|大災害|災殃|災難
catatonia	noun	緊張病
catch	noun	キャッチボール|捕まる|捕まえる|捕らえる|罹る|捕る
catch a cold	verb	風邪を召す|風邪を引く
catch fire	verb	引火
catch one's breath	verb	息を呑む|息を殺す
catch red-handed	verb	現行犯で捕まえる
catch up	verb	追い付く
catcher	noun	キャッチャー|捕手
catchphrase	noun	キャッチフレーズ
catchy	adjective	キャッチー|耳に残る|覚えやすい
catechism	noun	カテキズム|公教要理
catechumen	noun	求道者|洗礼志願者
categorical	adjective	例外無き|無条件|分類上
categorically	adverb	例外無き|漏れなく|無条件|遍く
categorize	verb	分類
category	noun	部門|分類|種別|カテゴリ|範疇|圏
category theory	noun	圏論
catenary	noun	懸垂曲線|懸垂線
cater	noun	ケイト
cater-corner	adverb	斜め
catering	noun	ケータリング
caterpillar	noun	毛虫|芋虫|キャタピラ|無限軌道
caterpillar fungus	noun	冬虫夏草
caterpillar track	noun	キャタピラー|無限軌道|カタピラー|キャタピラ
catfight	noun	キャットファイト
catfish	noun	鯰|ナマズ
catgirl	noun	猫娘|猫耳
catharsis	noun	カタルシス|排出|浄化|発散|解消
cathartic	noun	下剤|下薬
cathedral	noun	大聖堂
catheter	noun	カテーテル
cathetus	noun	隣辺
cathode	noun	カソード|陰極
cathode ray tube	noun	ブラウン管
catholicos	noun	カトリコス
cation	noun	陽イオン|カチオン
catkin	noun	尾状花序
catloaf	noun	香箱座り
catnip	noun	イヌハッカ属|イヌハッカ
catoblepas	noun	カトブレパス
cattail	noun	蒲
cattle	noun	家畜|牛|畜牛
cattleman	noun	牛飼い
catty	noun	斤
catwalk	noun	キャットウォーク
catànies	noun	カタニアス
caucus	noun	コーカス|党員集会|議連
cauda equina	noun	馬尾
caudal	adjective	尾側
caudal fin	noun	尾びれ|尾鰭
caudate nucleus	noun	尾状核
caul	noun	コール
cauldron	noun	大釜
cauliflower	noun	カリフラワー|花キャベツ|花甘藍|花野菜
causal	adjective	因果
causality	noun	因果律
causative	adjective	使役
cause	noun	原因|大義|引き起こす|原因となる
cause and effect	noun	因果
cause of death	noun	死因
causeway	noun	土手道|陸橋
caustic soda	noun	苛性ソーダ
cauterize	verb	焼灼
caution	noun	注意
cautious	adjective	慎重
cavalcade	noun	乗馬隊
cavalier	noun	騎士
cavalry	noun	騎兵|騎兵隊
cavatelli	noun	カヴァテッリ
cave	noun	洞窟|洞穴|洞
cave in	verb	倒れる|凹む|窪む
caveman	noun	穴居人
caviar	noun	キャビア|イクラ
cavitation	noun	キャビテーション
cavity	noun	空洞|腔|虫歯
caw		カー
cayenne pepper	noun	カイエンヌペッパー|カイエンペッパー
cease	verb	止める|止む
cease and desist	verb	停止及び再発阻止
ceasefire	noun	休戦|停戦
cedar	noun	ヒマラヤ杉
cedar waxwing	noun	姫連雀
cede	verb	譲渡
cedilla	noun	セディーユ
cee	noun	シー
ceiling	noun	天井関数|天井
celadon	noun	青磁色|青磁
celeb	noun	セレブ
celebrate	verb	祝う
celebrated	adjective	名高い|有名な
celebration	noun	お祝い|慶祝|祝賀
celebrity	noun	名声|セレブ|有名人|セレブリティー|名士
celery	noun	セロリ
celesta	noun	チェレスタ
celestial	adjective	天国|天空|空
celestial body	noun	天体
celestial equator	noun	天の赤道
celestial mechanics	noun	天体力学
celestial sphere	noun	天球
celibacy	noun	独身
celibate	adjective	独身
cell	noun	ケータイ|携帯電話|個室|細胞|独房|巣穴
cellar	noun	地下室|穴倉|穴蔵|窖
cellist	noun	チェリスト
cello	noun	チェロ|ヴィオロンチェロ
cellophane	noun	セロファン|セロハン
cellophane noodle	noun	春雨
cellular	adjective	細胞
celluloid	noun	セルロイド
cellulose	noun	セルロース
cement	noun	セメント|固く結ぶ
cendol	noun	チェンドル
cenotaph	noun	慰霊碑
cenote	noun	セノーテ
censer	noun	香炉
censor	noun	ケンソル|監察官|検閲官|検閲する
censorship	noun	検閲
census	noun	国勢調査|人口調査
cent	noun	セント|仙|セントユーロ
centaur	noun	ケンタウロス|人馬|ケンタウルス|ケンタウルス族
centenarian	noun	センテナリアン|百寿
center	noun	中心|中央|真ん中|中子|円心|核心
center fielder	noun	センター|中堅手
center of gravity	noun	重心
centi-		センチ-
centilitre	noun	センチリットル
centime	noun	サンチーム
centimetre	noun	センチメートル|センチ
centipede	noun	百足|ムカデ
central	adjective	中央|中心|重要
central bank	noun	中央銀行
central business district	noun	中心業務地区
central heating	noun	セントラルヒーティング
central nervous system	noun	中枢神経系
central processing unit	noun	中央処理装置|中央演算処理装置
centrality	noun	主要
centrifugal force	noun	遠心力
centrifugation	noun	遠心分離
centrifuge	noun	遠心機|...を遠心機にかけて分離する
centripetal force	noun	向心力|求心力
centrism	noun	中道政治
centromere	noun	セントロメア|動原体
centurion	noun	百人隊長
century	noun	世紀|せいき
century egg	noun	皮蛋
cephalopod	noun	頭足類
ceramic	noun	セラミックス|陶器|陶芸品
ceramics	noun	陶芸
ceratosaur	noun	ケラトサウルス
cere	noun	蝋膜
cereal	noun	穀物
cereal bar	noun	シリアルバー
cerebellum	noun	小脳
cerebral cortex	noun	大脳皮質
cerebral palsy	noun	脳性麻痺
cerebrospinal fluid	noun	脳漿|脳脊髄液|髄液
cerebrum	noun	大脳
ceremonial first pitch	noun	始球式
ceremony	noun	儀式|式典|式|セレモニー|典礼|儀礼
cerise	adjective	サクランボ色
cerium	noun	セリウム
certain	adjective	確か|一定|定か|特定|ある|某
certainly	adverb	必ず|確か|確実|絶対|もちろん|その通り
certainty	noun	確信
certificate	noun	認証|証明書|証書
certification	noun	保証|証明|認可
certified public accountant	noun	公認会計士
certify	verb	認証
cerulean	noun	セルリアンブルー
cervical cancer	noun	子宮頸癌
cervical vertebra	noun	頸椎
cervix	noun	子宮頸部
cessation	noun	中止|停止
cetane	noun	セタン
cetology	noun	鯨学
ceviche	noun	セビチェ
cf.	verb	参照（せよ）|比較（せよ）
cha-cha	noun	チャチャ|チャチャチャ
chador	noun	チャードル|チャドル
chaebol	noun	財閥
chafe	noun	摩擦|擦過傷
chaff	noun	もみがら|籾殻|滓|からかう|茶化す
chaffinch	noun	頭青花鶏|ズアオアトリ
chagrin	noun	残念|無念|鮫皮
chain	noun	鎖|チェーン|連続|連鎖
chain letter	noun	チェーンメール|チェーン・レター
chain mail	noun	鎖帷子
chain of custody	noun	証拠保全
chain reaction	noun	連鎖反応
chain store	noun	チェーンストア
chainsaw	noun	チェーンソー|鎖鋸
chair	noun	椅子|ソファ
chairman	noun	議長|委員長|理事長
chairperson	noun	委員長|議長
chaise longue	noun	シェーズ・ロング
chakra	noun	チャクラ
chakram	noun	チャクラム
chalaza	noun	カラザ
chalazion	noun	霰粒腫
chalcanthite	noun	胆礬
chalcedony	noun	玉髄
chalcidoid	noun	小蜂
chalcocite	noun	輝銅鉱
chalet	noun	シャレー
chalice	noun	聖爵
chalk	noun	白亜|チョーク|白墨
chalk and cheese	noun	月とスッピン
chalkboard	noun	黒板
challenge	noun	誰何|挑戦|チャレンジ
chamber	noun	部屋|寝室
chamber music	noun	重奏|室内楽
chamber of commerce	noun	商工会議所
chamber orchestra	noun	室内管弦楽団
chamber pot	noun	便器|おまる
chambered nautilus	noun	鸚鵡貝
chamberlain	noun	チェンバレン|侍従|侍従官|城代
chambermaid	noun	女中
chameleon	noun	カメレオン|気分屋
chamfer	noun	面取り
chamoe	noun	マクワウリ
chamois	noun	シャモア|カモシカ
champac	noun	金厚朴
champion	noun	優勝者|チャンピオン|王者|擁護者
championship	noun	選手権|チャンピオンシップ|優勝|王座
chance	noun	チャンス|機会|機|可能性|確率
chancellor	noun	宰相|首相
chancre	noun	下疳
chancroid	noun	軟性下疳
chandelier	noun	シャンデリア
change	noun	小銭|変化|変更|お釣り|釣り銭|釣り|変わる
change one's mind	verb	思い直す|気が変わる
changeable	adjective	変えられる|変わりやすい
changeling	noun	取り替え子|鬼子
changelog	noun	更新履歴
changing room	noun	ロッカールーム|更衣室|試着室
changing table	noun	おむつ交換台
channel	noun	水路|海峡|チャンネル|向ける
chanson	noun	シャンソン
chanterelle	noun	杏茸
chanyu	noun	単于
chaos	noun	混沌|混乱|カオス|無秩序
chaos theory	noun	カオス理論
chap	noun	やつ|奴
chapel	noun	チャペル|礼拝堂
chaperone	noun	保護者|シャペロン
chaplain	noun	チャップレン|チャプレン|牧師|軍僧
chapter	noun	章
char	noun	岩魚
char siu	noun	チャーシュー|焼き豚
characin	noun	カラシン
character	noun	登場人物|キャラクター|特質|資質|文字|記号
characteristic	noun	特性|特徴
charades	verb	シャレード|ジェスチャーゲーム
charcoal	noun	木炭|炭|木炭画|墨色|消し炭色
chard	noun	フダンソウ|スイスチャード|不断草
charge	noun	チャージ|料金|突撃|非難|電荷|義務|請求
charge-coupled device	noun	CCDイメージセンサ
charger	noun	充電器|チャージャー|軍馬
charging station	noun	充電スタンド
chargé d'affaires	noun	代理公使|代理大使
chariot	noun	チャリオット|戦車|馬車
charisma	noun	カリスマ|魅力|シャルム
charitable organization	noun	慈善団体
charity	noun	慈善
charlatan	noun	薮医者
charley horse	noun	こむら返り
charm	noun	魅力|シャルム|お守り|チャーム
charm quark	noun	チャームクォーク
charmeuse	noun	シャルムーズ
charoite	noun	チャロアイト
chart	noun	図表|チャート
charter	noun	憲章|チャーター
charwoman	noun	家政婦|掃除婦
chase	noun	追求|追跡|追う|追いかける
chasm	noun	渓壑
chasma	noun	カズマ地形
chassis	noun	シャシ|シャシー|シャーシ
chaste	adjective	純潔|貞淑|貞節
chaste tree	noun	西洋人参木
chastity	noun	貞潔|純潔|貞操
chastity belt	noun	貞操帯
chastushka	noun	チャストゥーシカ
chat	noun	おしゃべり|会話|話し|チャット|喋る
chatbot	noun	チャットボット
chateaubriand	noun	シャトーブリアン
chattel	noun	動産
chattel slavery	noun	動産である奴隷制|動産として奴隷制|動産視奴隷制|家畜として奴隷制|家畜視奴隷制
chatter	noun	無駄話|冗言
chatterbox	noun	おしゃべり
chatty	adjective	口数の多い
chauffeur	noun	運転手
chauvinism	noun	ショービニズム|排外主義
chauvinist	noun	ショービニスト|熱狂的愛国者|盲目的愛国者
chav	noun	チンピラ|ヤンキー
chayote	noun	チャヨテ|ハヤトウリ
cheap	adjective	安い|安価|チープ|安っぽい|安物|激安
cheapskate	noun	欲張り
cheat	noun	チート|不倫|浮気|まやかす|偽る|騙す
cheat on	verb	不倫
cheat sheet	noun	カンニングペーパー|カンペ
cheating	noun	カンニング|チート
chebulic myrobalan	noun	ミロバランノキ|訶梨勒
check	noun	検査|調査|王手|勘定|請求書|調べる
check in	verb	チェックイン
check out	verb	チェックアウト|検査|死ぬ|試験|調べる|調査
check up	verb	チェック|点検|調べる
check up on	verb	調べる|見舞う
check-in	noun	チェックイン|搭乗手続き
checkbox	noun	チェックボックス
checkered	adjective	格子模様
checklist	noun	チェックリスト
checkmate	noun	詰み|チェックメイト|チェックメート
checkout	noun	レジ
checkpoint	noun	チェックポイント|検問所
checksum	noun	チェックサム
cheek	noun	頬|ほっぺた|ほっぺ
cheekbone	noun	頬骨
cheer	verb	励ます|喝采|声援
cheer up	verb	元気|勇み立つ|勇む|元気づける|励ます
cheerful	adjective	嬉しい|楽しげ|陽気
cheerio		こんにちは|じゃ|では|どうも|またね|やあ
cheerleader	noun	チアリーダー
cheerleading	noun	チアリーディング
cheers		乾杯
cheese	noun	チーズ|乾酪|酪
cheese stick	noun	チーズスティック
cheeseburger	noun	チーズバーガー
cheesecake	noun	チーズケーキ
cheeselet	noun	ゴゾチーズ|ジュベイナ
cheesy	adjective	安っぽい|見掛け倒し
cheetah	noun	チーター|狩猟豹
chef	noun	料理人|コック|シェフ|調理師
chef's knife	noun	中華包丁|牛刀
chela	noun	螯
chelicera	noun	鋏角
chelicerate	noun	鋏角類
chemical	adjective	化学的|化学|化学物質
chemical bond	noun	化学結合
chemical compound	noun	化合物
chemical element	noun	化学元素
chemical energy	noun	化学エネルギー
chemical equation	noun	化学方程式
chemical equilibrium	noun	化学平衡
chemical formula	noun	化学式
chemical physics	noun	化学物理|化学物理学
chemical reaction	noun	化学反応
chemical substance	noun	化学物質
chemical weapon	noun	化学兵器
chemise	noun	シミーズ|シュミーズ
chemist	noun	化学者
chemistry	noun	化学|かがく
chemokine	noun	ケモカイン
chemosynthesis	noun	化学合成
chemotaxis	noun	走化性
chemotherapy	noun	化学療法
chemotransmitter	noun	化学伝達物質
chemsex	noun	キメセク
chengyu	noun	四字熟語|成語|故事成語|四字成句|四文字熟語|熟語
cheong fun	noun	腸粉
cheque	noun	小切手|チェック
chequebook	noun	チェックブック|小切手帳
chequered flag	noun	チェッカーフラッグ
cherimoya	noun	チェリモア|チェリモヤ
cherish	verb	大事|愛好|珍重
chernozem	noun	チェルノジョーム|チェルノゼム|黒土
cherry	noun	桜|チェリー|桜ん坊
cherry blossom	noun	サクラ|桜|櫻|桜花|櫻花
cherry blossom front	noun	桜前線
cherry pie	noun	チェリーパイ
cherry tree	noun	桜
chert	noun	チャート|角岩
cherub	noun	智天使
chervil	noun	チャービル
chess	noun	チェス|西洋将棋
chess clock	noun	対局時計
chess piece	noun	チェスの駒|チェスマン|駒
chess player	noun	チェス選手
chessboard	noun	チェスボード
chest	noun	胸|胸郭
chest hair	noun	胸毛
chest of drawers	noun	箪笥
chestguard	noun	胸当て
chestnut	adjective	栗毛|栗|栗色|クリ材
chestnut munia	noun	金腹
chestnut tree	noun	クリノキ
chestnut-backed antshrike	noun	セグロシマアリモズ
chestnut-eared bunting	noun	頬赤
chevrotain	noun	豆鹿
chew	verb	噛む|咀嚼
chewing gum	noun	ガム|チューインガム
chewy	adjective	よくかめない
chi	noun	カイ|キー|ヒ|気
chiaroscuro	noun	キアロスクーロ|明暗法|陰影法
chic	adjective	シック|洒落る|素敵
chicharron	noun	チチャロネス
chick	noun	雛
chickadee	noun	シジュウカラ|四十雀
chicken	noun	鶏|臼辺鳥|鶏肉|チキン|黄鶏
chicken breast	noun	鶏胸肉
chicken burger	noun	チキンバーガー
chicken feed	noun	チキンフィード|端金
chicken feet	noun	鶏の足
chicken leg	noun	鶏もも肉
chicken nugget	noun	チキンナゲット
chicken pox	noun	水痘|水疱瘡
chicken soup	noun	チキンスープ
chicken-or-egg question	noun	鶏が先か、卵が先か
chickenhawk	noun	若専
chickpea	noun	ヒヨコ豆|ヒヨコマメ
chickweed	noun	繁縷
chicory	noun	チコリー
chide	verb	窘める
chief	noun	長 (ちょう, chō) (1,2)|長官 (ちょうかん, chōkan) (1,2)|チーフ|長
chief executive officer	noun	最高経営責任者
chief information officer	noun	最高情報責任者
chief of staff	noun	参謀長|幕僚長
chief operating officer	noun	最高執行責任者
chiefly	adverb	おも|主
chieftain	noun	酋長
chiffon	noun	シフォン|絹モスリン
chiffon cake	noun	シフォンケーキ
chigger	noun	スナノミ|ツツガムシ
chignon	noun	シニヨン|団子
chii	noun	チー|吃
chilblain	noun	凍傷|凍瘡|霜焼|霜焼け
child	noun	子供|子|未成年
child abuse	noun	児童虐待
child labour	noun	児童労働
child marriage	noun	児童婚
child molester	noun	児童性虐待者|児童虐待者
child pornography	noun	児童ポルノ|子どもポルノ
child prodigy	noun	神童|天才児
child safety seat	noun	チャイルドシート
child soldier	noun	少年兵
child's play	noun	お茶の子|児戯|朝飯前
child-free	adjective	チャイルド・フリー
childbirth	noun	分娩|出産|分身
childcare	noun	保育所
childhood	noun	子供時代|幼年時代|小児期|幼年|初期
childhood friend	noun	幼なじみ|幼友達
childhood memory	noun	幼年時代の記憶
childish	adjective	子供じみた|子供っぽい|幼稚|子供向き
childless	adjective	子供のいない
children's hospital	noun	小児病院|こども病院
chili	noun	チリ|唐辛子
chili oil	noun	辣油
chili pepper	noun	唐辛子|蕃椒
chiliagon	noun	千角形
chill	noun	寒気
chilly	adjective	寒い|肌寒い|冷たい
chimaek	noun	チメク
chime	noun	チャイム|鐘
chimichanga	noun	チミチャンガ
chimney	noun	煙突|煙り出し|煙出し
chimney sweep	noun	煙突掃除夫
chimney swift	noun	煙突雨燕
chimpanzee	noun	黒猩々|チンパンジー
chin	noun	顎|頤
chinchilla	noun	チンチラ
chinois	noun	シノワ
chinook salmon	noun	鱒の介
chinstrap	noun	あごひも
chip	noun	チップス|チップ
chipmunk	noun	シマリス|縞栗鼠
chipotle	noun	チポトレ
chiptune	noun	チップチューン
chirality	noun	キラリティー|カイラリティー
chiropractor	noun	カイロプラクター|カイロプラクティック
chirp	noun	囀り|囀る|鳴く
chisel	noun	鑿|鏨
chital	noun	アクシスジカ
chitin	noun	キチン
chitinozoan	noun	キチノゾア
chiton	noun	キトン|多板綱
chitosan	noun	キトサン
chivalry	noun	騎士道|義侠心
chive	noun	チャイブ|蝦夷葱|西洋浅葱
chlamydia	noun	クラミジア
chlamydiosis	noun	クラミジア症
chlorhexidine	noun	クロルヘキシジン
chloride	noun	塩化物
chlorine	noun	塩素
chlorite	noun	緑泥石
chloro-		クロロ
chlorobenzene	noun	クロロベンゼン
chlorofluoromethane	noun	クロロフルオロメタン
chloroform	noun	クロロホルム
chloromethane	noun	クロロメタン
chlorophyll	noun	葉緑素|クロロフィル
chloroplast	noun	葉緑体
chock	noun	チョック|手歯止め
choco pie	noun	チョコパイ
chocolate	adjective	チョコレート|チョコレート色|チョコ|ショコラ|ショコラ色|チョコ色
chocolate bar	noun	チョコバー
chocolate cake	noun	チョコレートケーキ
chocolate chip	noun	チョコチップ
chocolate milk	noun	チョコレートミルク
chocolatier	noun	ショコラティエ
choice	noun	選択|選択肢|最適
choir	noun	合唱団|聖歌隊
choke	noun	チョーク弁|噎せる|窒息
choker	noun	チョーカー|首輪
cholecystectomy	noun	胆嚢摘出術
cholecystitis	noun	胆嚢炎
cholera	noun	コレラ
cholesteric	adjective	コレステリック
cholesterol	noun	コレステロール
choline	noun	コリン
chonmage	noun	丁髷
choo-choo	noun	ガタンガトン|ガタンゴトン|シュッシュッ|シュッポ|シュッポッポ|ポッポッ
choose	verb	選ぶ
chop	noun	コートレット|チョップ
chop suey	noun	チャプスイ
chop-chop		早く早く
chopstick	noun	箸|おてもと|お手元|お手許|はし|割り箸
chopstick rest	noun	箸置き
chord	noun	和音|弦
chord progression	noun	コード進行
chordate	noun	脊索動物
chore	noun	雑用|家事|雑務
chorea	noun	舞踏病|舞踏運動
choreographer	noun	振付師
choreography	noun	振り付け|振付
chorizo	noun	チョリソ
chorography	noun	地誌
chorus	noun	コーラス|合唱|合唱隊|リフレーン
chorus line	noun	コール・ド・バレエ|バレエ団
chosen one	noun	選ばれし者
chow	noun	めし|食い物|順子|チー|吃|食う
chow mein	noun	炒麺
chowder	noun	チャウダー|寄せ鍋
choy sum	noun	菜心
chrism	noun	聖油
chromakey	noun	クロマキー
chromatic	adjective	クロマチック
chromatic aberration	noun	色収差
chromatic scale	noun	半音階
chromatin	noun	クロマチン|染色質
chromatophore	noun	色素胞
chromium	noun	クロム
chromodynamics	noun	色力学
chromosomal	adjective	染色体
chromosome	noun	染色体
chromosphere	noun	彩層
chronic	adjective	慢性的
chronic fatigue syndrome	noun	慢性疲労症候群
chronic obstructive pulmonary disease	noun	慢性閉塞性肺疾患
chronicle	noun	年代記|記録
chronoception	noun	時間知覚
chronogram	noun	クロノグラム
chronograph	noun	クロノグラフ
chronological	adjective	経時的
chronology	noun	編年|年表
chronometer	noun	クロノメーター
chronostasis	noun	クロノスタシス
chronotype	noun	クロノタイプ|日周指向性
chrysalis	noun	蛹
chrysanthemum	noun	菊
chrysoberyl	noun	金緑石|クリソベリル
chrysocolla	noun	珪孔雀石
chrysopoeia	noun	黄金錬成
chu nom	noun	チュノム
chu shogi	noun	中将棋
chubby	adjective	ぽちゃぽちゃ|ぽってり
chuck	noun	チャック
chuckle	noun	くすくす笑い|けらけら笑う
chukar	noun	岩鷓鴣
chum	noun	撒き餌
chum salmon	noun	鮭
chunk	noun	塊
chupacabras	noun	チュパカブラ
church	noun	教会|聖堂|教会堂|礼拝
church service	noun	礼拝
churl	noun	不作法な人
churn	noun	撹乳器
churro	noun	チュロ|チュロス
chutney	noun	チャツネ|チャトゥニー
chyle	noun	乳糜
chyme	noun	糜粥
ciao		チャオ
cicada	noun	蝉|セミ
cichlid	noun	シクリッド|川雀
cider	noun	シードル|林檎酒|サイダー
cigar	noun	シガー|葉巻|タバコ|煙草
cigarette	noun	煙草|たばこ|タバコ|紙巻き煙草
cigarette case	noun	シガレットケース|タバコ入れ
cigarillo	noun	シガリロ
cilantro	noun	シャンツァイ|パクチー|香菜
cinder	noun	燃え殻
cinema	noun	映画館|映画|フィルム|映画産業|撮影
cinematic	adjective	シネマティック
cinematographer	noun	撮影監督
cinematography	noun	撮影
cinephile	noun	映画ファン
cinnabar	noun	辰砂|丹|丹朱|丹砂|朱|朱砂
cinnamic acid	noun	ケイ皮酸|桂皮酸
cinnamon	adjective	シナモン味の|シナモン|肉桂色の|セイロンニッケイ|肉桂|肉桂色
cinnamon roll	noun	シナモンロール
cinnoline	noun	シンノリン
cinque	noun	シンク
cinquedea	noun	チンクエデア|チンクエディア
circa		およそ|位|大体|約|頃
circadian	adjective	晦日
circadian rhythm	noun	概日リゾム
circle	noun	丸|円|サークル|目の下のくま|目袋|回る
circuit	noun	回路
circuit board	noun	プリント基板|基板
circuit breaker	noun	遮断器
circular	adjective	丸い
circular arc	noun	円弧|弧
circular definition	noun	循環定義
circular saw	noun	丸鋸
circular sector	noun	扇形
circulation	noun	血液循環
circulatory system	noun	循環器
circumcenter	noun	外心
circumcircle	noun	外接円
circumcise	verb	割礼を行なう
circumcision	noun	割礼|包茎手術|包皮切断
circumference	noun	円周|円周長|周長
circumfix	noun	接周辞
circumflex	noun	サーカムフレックス
circumnavigation	noun	世界一周
circumstance	noun	事情|状況|事件
circus	noun	サーカス|曲馬団
cirl bunting	noun	喉黒青鵐
cirque	noun	圏谷
cirrhosis	noun	硬変|肝硬変
cirrocumulus	noun	巻積雲|鯖雲|鰯雲|鱗雲
cirrostratus	noun	巻層雲
cirrus	noun	巻雲|すじ雲
cis-trans isomerism	noun	シス-トランス異性|幾何異性
cisgender	adjective	シスジェンダー
cisidentity	noun	シスアイデンティティ
cistern	noun	水槽|タンク|貯水槽
citadel	noun	城塞
citation needed		要出典
citizen	noun	国民|公民|市民|住民|文民|民間人
citizen journalism	noun	市民ジャーナリズム
citizenship	noun	市民権|公民権|国籍
citole	noun	シトル
citrate	noun	枸櫞酸塩
citric acid	noun	クエン酸|枸櫞酸
citric acid cycle	noun	クエン酸回路|枸櫞酸回路
citrine	noun	シトリン|黄水晶
citron	noun	枸櫞|シトロン
citrus fruit	noun	柑橘類|シトラス|柑橘
citrus greening	noun	カンキツグリーニング病
city boy	noun	シティーボーイ
city council	noun	市議会|町議会
city girl	noun	シティーガール
city hall	noun	市役所
city state	noun	都市国家|市国
civet	noun	霊猫|麝香猫
civic	adjective	市民の
civic-minded	adjective	市民志向の
civics	noun	公民学
civil	adjective	民事|民事上|民事的|うやうやしい|礼やか
civil code	noun	民法典
civil defense	noun	民間防衛|民防
civil disobedience	noun	市民的不服従
civil engineering	noun	土木工学
civil law	noun	民法|大陸法
civil rights	noun	公民権|民権
civil servant	noun	公務員
civil society	noun	市民社会
civil twilight	noun	市民薄明
civil union	noun	市民の結合
civil war	noun	内戦|内乱
civilian	adjective	市民|民間|文民|民間人
civilise	verb	教化する
civilization	noun	文明|文明化
cladogram	noun	クラドグラム
claim	noun	主張|請求
clairvoyance	noun	千里眼|透視
clam	noun	蛤|浅蜊|アサリ|ハマグリ|clams|あさり
clam shrimp	noun	カイエビ
clam up	verb	黙ってしまう
clamber	verb	攀じ登る
clammy	adjective	じめじめ
clamp	noun	クランプ|クレンメ|鎹
clan	noun	クラン|一家|一族|一門|氏族
clandestine	adjective	不法|秘密
clank	verb	ガチャガチャ
clap	noun	手拍子|拍手|手を叩く
clapperboard	noun	カチンコ
claque	noun	クラック
claret	noun	クラレット
clarified butter	noun	澄ましバター
clarinet	noun	クラリネット
clarion	noun	クラリオン
clarithromycin	noun	クラリスロマイシン
clarity	noun	明快さ
clasp	noun	クラスプ|留め金|締め金|握り締める
class	noun	種類|等級|クラス|階級|階層|学級
class action	noun	複雑訴訟形態
class consciousness	noun	階級意識
class diagram	noun	クラス図
class struggle	noun	階級闘争
class variable	noun	クラス変数
classic	noun	古典|クラシック
classical	adjective	古典|古典的
classical mechanics	noun	古典力学
classical music	noun	クラシック音楽|クラシック|古典音楽
classification	noun	分類
classified advertisement	noun	案内広告
classifier	noun	助数詞|量詞|類別詞
classify	verb	分類
classmate	noun	クラスメイト|クラスメート|同級生|級友
classroom	noun	教室|教場
classy	adjective	上品な
clause	noun	節
claustrophobia	noun	閉所恐怖症
clavicle	noun	鎖骨
clavinet	noun	クラビネット
clavis	noun	検索表
claw	noun	爪|はさみ
clay	noun	粘土
clean	adjective	清潔|綺麗|清い|クリーン|掃除|整理
clean and jerk	noun	クリーンアンドジャーク
clean up	verb	掃除する
cleaner	noun	掃除婦|清掃員
cleaner fish	noun	掃除魚
cleaning lady	noun	掃除婦
cleanliness	noun	清潔
cleanse	verb	浄化する (Jōka suru)|清める (Kiyomeru)|浄化する
clear	adjective	透明|澄み切った|快晴|晴れる|晴朗|明白|取り除く
cleavage	noun	亀裂|分割|切開|劈開|胸の谷間|谷間
cleave	verb	割る
cleaver	noun	包丁
clef	noun	音部記号
cleft	noun	割れ目|裂け目
cleft chin	noun	ケツあご|ケツ顎|割れ顎|尻顎
cleft sentence	noun	分裂文
clementine	noun	クレメンタイン
clenbuterol	noun	クレンブテロール
clench	verb	固める|堅く締める|握り締める
clench one's fists	verb	こぶしを握り締める
clergy	noun	聖職者
clergyman	noun	牧師|聖職者
clergyperson	noun	聖職者
cleric	noun	牧師|聖職者
clerihew	noun	クレリヒュー|人物四行詩|風刺四行詩
clerk	noun	事務員|店員|書記
clever	adjective	巧い|賢い|利口|敏い
cliché	noun	決まり文句
click	noun	クリック
clickbait	noun	クリックベイト
client	noun	客|お客さん|クライアント|顧客
clientele	noun	顧客
cliff	noun	崖
cliffhanger	noun	クリフハンガー
climate	noun	気候|風土
climate change	noun	気候変動
climate hoax	noun	気候悪戯
climate strike	noun	気候ストライキ
climatologist	noun	気候学者
climatology	noun	気候学
climb	verb	登る|攀じ登る
clindamycin	noun	クリンダマイシン
cling	verb	ぶら下がる|ぶら下げる|掛ける
clinic	noun	クリニック|医院
clinical	adjective	臨床
clinical psychology	noun	臨床心理学
clinker	noun	クリンカー
clinozoisite	noun	斜灰簾石|斜黝簾石
clip-clop	noun	ド ド
clipboard	noun	クリップボード
clipper	noun	クリッパー
clique	noun	小集団|クリーク|派閥
clitic	noun	接語
clitoral glans	noun	陰核亀頭
clitoral hood	noun	陰核包皮
clitoris	noun	陰核|クリトリス
cloaca	noun	総排出腔|排出腔
cloak	noun	クローク|マント
cloak-and-dagger	adjective	外套と短剣
cloche	noun	クローシェ|クロッシュ
clock	noun	時計|走行距離計|クロック|測定|計測|記録
clock face	noun	文字盤
clock tower	noun	時計台
clockmaker	noun	時計屋|時計師
clockwise	adverb	右回り|時計回り
clockwork	noun	からくり|ぜんまい仕掛け
clog	noun	木靴|詰まる
cloister	noun	回廊|修道院
clone	noun	クローン|クローンを作る
close	adjective	近い|閉じる|閉める|閉まる
close ranks	verb	一致結束
close up shop	verb	廃業
close, but no cigar		惜しい
close-knit	adjective	団結
close-up	noun	クローズアップ
closed	adjective	準備中|閉める
closed caption	noun	クローズドキャプション
closely	adverb	近く
closemouthed	adjective	口が堅い|口堅い
closeout	noun	売りつくし
closer	noun	クローザー|ストッパー|守護神|抑え投手
closet	noun	クローゼット|収納庫|押入
closing ceremony	noun	閉会式|閉幕式|閉會式
closing credits	noun	エンドロール|スタッフロール
closure	noun	クロージャ|関数閉包|閉包|閉苞
clot	noun	(血の)塊|凝血
cloth	noun	布
clothes	noun	衣服|服|衣類
clothes don't make the man		馬子にも衣装
clothes dryer	noun	乾燥機|衣類乾燥機
clothes iron	noun	アイロン|火熨斗|熨斗
clothes moth	noun	衣蛾
clothes peg	noun	洗濯挟み
clothesline	noun	物干し|物干し綱
clothing	noun	服|衣服|衣類
cloud	noun	雲|埃|湯気|煙|蒸気|曇り
cloud computing	noun	クラウドコンピューティング
cloud up	verb	くもる|曇る
cloudberry	noun	幌向苺|ホロムイイチゴ|クラウドベリー
cloudburst	noun	豪雨
clouded leopard	noun	ウンピョウ|雲豹
cloudless	adjective	晴れ
cloudy	adjective	曇り|濁り
clove	noun	クローブ|丁子|丁字|チョウジ|チョウジノキ
clover	noun	クローバー|白詰草|車軸草
cloverleaf interchange	noun	クローバー型
clown	noun	道化師|ピエロ|道化
clown world	noun	ピエロ世界
clownfish	noun	クマノミ
cloying	adjective	甘ったるい
club	noun	棍棒|棒|クラブ|倶楽部|同好会|部
clubs	noun	クラブ
clue	noun	切っ掛け|きっかけ|手掛かり
clumsiness	noun	ふき|ドジ|不手際
clumsy	adjective	繁雑|不器用|ぶきっちょ
cluster bomb	noun	クラスター爆弾
clutch	noun	クラッチ|掴む
clutch pedal	noun	クラッチペダル
co-brother-in-law	noun	相婿
co-ed	adjective	共学|女子
co-sister-in-law	noun	相嫁
co.	noun	社
coach	noun	馬車|客車|コーチ|トレーナー|高速バス
coach driver	noun	御者
coagulate	verb	凝固
coal	noun	石炭|煤炭
coal black	adjective	石炭黒
coal mine	noun	炭鉱|石炭鉱区
coal tar	noun	コールタール
coal tit	noun	ヒガラ
coalescer	noun	コアレッサー
coalition	noun	連立
coarse	adjective	粗い
coast	noun	海岸
coast guard	noun	沿岸警備隊
coaster	noun	沿岸貿易船|コースター
coastline	noun	海岸線
coat	noun	コート|外套|コーティング|塗装|毛皮|羽毛
coat hanger	noun	衣紋掛け|ハンガー
coat of arms	noun	紋章|国章
coatdress	noun	コートドレス
coati	noun	鼻熊
coauthor	noun	共著者
coax	verb	丸め込む|強請る|誑す
coaxial	adjective	同軸
coaxial cable	noun	同軸ケーブル
cobalamin	noun	コバラミン
cobalt	noun	コバルト
cobalt blue	noun	コバルトブルー
cobbler	noun	靴屋|靴直し
cobblestone	noun	丸石|玉石
cobra	noun	コブラ|眼鏡蛇
cobra effect	noun	コブラ効果
coca	noun	コカ
cocaine	noun	コカイン
coccus	noun	球菌
coccygeal vertebra	noun	尾椎
coccyx	noun	尾骨|尾閭骨|尾骶骨
cochineal	noun	コチニールカイガラムシ|臙脂虫|コチニール
cochlea	noun	蝸牛
cochlear implant	noun	人工内耳
cock	noun	雄の鳥
cock ring	noun	コックリング
cock-a-doodle-doo		コケコッコー|こけこっこう|こけこっこー
cockade	noun	円形章|帽章
cockatiel	noun	オカメインコ
cockatoo	noun	鸚鵡
cockatrice	noun	コカトリス
cockchafer	noun	コフキコガネ|金亀子
cockerel	noun	若いおんどり
cockfight	noun	闘鶏|蹴合|鶏合
cockfighting	noun	蹴合|闘鶏|鶏合
cockle	noun	ザルガイ|ドクムギ
cockpit	noun	コックピット|操縦席
cockroach	noun	ゴキブリ|アブラムシ|アマメ
cockscomb	noun	鶏冠|鶏頭
cocktail	noun	カクテル
cocktail bar	noun	カクテルバー
cocktail dress	noun	カクテルドレス
cocktail party	noun	カクテルパーティー
cocktail sauce	noun	カクテルソース
cocky	adjective	横柄
cocoa	adjective	ココア色|カカオ|ココア|ホットチョコレート
cocoa bean	noun	カカオ豆
cocoa butter	noun	ココアバター
cocoa powder	noun	ココア
coconut	noun	ココナッツ|椰子の実
coconut crab	noun	まっかん蟹|椰子蟹
coconut milk	noun	ココナッツミルク
coconut oil	noun	椰子油
coconut palm	noun	ココ椰子
coconut vinegar	noun	ココナッツ ビネガー
coconut water	noun	ココナッツジュース|ココナッツウォーター
cocoon	noun	繭
cod	noun	鱈
cod liver oil	noun	肝油|魚油
coda	noun	コーダ|末尾子音
code	noun	規約|法典|掟|コード|符号|暗号|コーディング
code name	noun	コードネーム|暗号名|秘匿名
code of conduct	noun	行動規範
code-switching	noun	コードスイッチング
codeine	noun	コデイン
coder	noun	コーダ|コーダー
codex	noun	書誌
codification	noun	成文化
codify	verb	成文化
codomain	noun	終域
codon	noun	コドン|遺伝暗号
coeducation	noun	男女共学
coefficient	noun	係数
coefficient of friction	noun	摩擦係数
coelacanth	noun	シーラカンス
coelenterate	noun	腔腸動物
coeliac disease	noun	セリアック病
coelom	noun	体腔
coenzyme	noun	コエンザイム|補酵素
coerce	verb	強いる
coercion	noun	威圧|強制|強迫
coexist	verb	共存
coexistence	noun	共存
cofactor	noun	補因子
coffee	adjective	コーヒー色の|珈琲色の|コーヒー豆|コーヒー|珈琲|カフェ
coffee bean	noun	コーヒー豆
coffee break	noun	コーヒーブレイク
coffee cup	noun	コーヒーカップ
coffee extract	noun	コーヒーエキス
coffee grinder	noun	コーヒーミル|コーヒーグラインダー|珈琲粉砕機
coffee pot	noun	コーヒーポット
coffee senna	noun	波布草
coffee table	noun	コーヒーテーブル
coffeemaker	noun	コーヒーメーカー
coffin	noun	棺|棺桶|納棺
coffin bone	noun	蹄骨
cog	noun	歯
cognate	adjective	同源|同根語
cognate accusative	noun	同族目的語
cognition	noun	認知
cognitive dissonance	noun	認知的不協和
cognitive linguistics	noun	認知言語学
cognitive psychology	noun	認知心理学
cohabit	verb	同棲
cohabitation	noun	同棲
cohabitee	noun	同棲者
cohere	verb	凝集する|密着する|矛盾していない|結集する|首尾一貫している
cohesion	noun	結合|凝集力|凝集度
coho salmon	noun	銀鮭
coil	noun	とぐろ|渦状|螺旋|コイル
coilgun	noun	コイルガン
coin	noun	硬貨|コイン|玉
coin toss	noun	コイントス
coinage	noun	貨幣鋳造
coincide	verb	重なる|同時に起こる|一致|相当
coincidence	noun	一致|偶然|偶然の一致|符合
coitus	noun	性交
coitus interruptus	noun	膣外射精
col	noun	たわ|コル
col legno	adverb	コル・レーニョ
cola	noun	コーラ
colander	noun	コランダー|水切りボール
colchicine	noun	コルヒチン
cold	adjective	寒い|冷たい|つれない|風邪|感冒
cold cream	noun	コールドクリーム
cold fish	noun	朴念仁
cold front	noun	寒冷前線
cold fusion	noun	常温核融合
cold smoking	noun	冷燻
cold sweat	noun	冷や汗|冷汗
cold turkey	adverb	一度に|突然に
cold wave	noun	寒波
cold weapon	noun	冷兵器|白兵
cold-blooded	adjective	冷血
coldness	noun	寒い|寒冷|冷淡
coleopteran	noun	鞘翅類
coleoptile	noun	子葉鞘
coleslaw	noun	コールスロー
colic	noun	疝気
collaborate	verb	共同して働く|協力
collaboration	noun	協調|協力|コラボ|コラボレーション|共働|合作
collaborative project management	noun	コラボレーティブプロジェクトマネジメント
collaborator	noun	協力者|合作者
collage	noun	コラージュ
collagen	noun	コラーゲン|膠原質
collapse	noun	崩壊|潰える
collar	noun	襟|カラー|首輪
collard greens	noun	コラードグリーン
collared antshrike	noun	シロエリエボシアリモズ
collared pratincole	noun	ニシツバメチドリ
collateral	adjective	傍系|傍系縁者の|傍系親族の|抵当|担保|カタログ
collateral damage	noun	巻き添え被害
colleague	noun	同僚|同業者
collect	verb	集める|収集
collection	noun	コレクション|カンパ|募金
collective noun	noun	集合名詞
collectivism	noun	集産主義
collectivization	noun	集団化
collector	noun	かけ取り|収集家|集める
collector's edition	noun	愛蔵版
college	noun	大学|単科大学|大学校|学部|学園|学院
college town	noun	大学都市|学園都市
collegian	noun	大学生
collide	verb	打つかる|衝突
collider	noun	コライダー
collie	noun	コリー
colliery	noun	地下炭鉱|地下炭鉱施設
collinearity	noun	共線
collision	noun	衝突
collocation	noun	連語
colloid	noun	コロイド|膠質
colloquial	adjective	口語|口語体|話し言葉の
colloquialism	noun	俗語|口語|口語表現
colloquium	noun	コロキウム
colloquy	noun	対談
collotype	noun	玻璃版
collusion	noun	共謀
colluvium	noun	崩積層
colon	noun	コロン|大腸
colonel	noun	大佐
colonialism	noun	植民地主義
colonist	noun	入植者|開拓者
colonization	noun	植民地化
colonnade	noun	コロネード|列柱
colonoscopy	noun	大腸内視鏡
colony	noun	コロニー|群体|植民地
color	adjective	カラーの|色|色彩|業績|肌の色|幟|塗る
color blind	adjective	色盲|色覚異常
color blindness	noun	色覚異常|色盲|色弱
color coordinate	noun	色座標|カラーコーディネートする
colored	adjective	有色|有色人種
colored pencil	noun	色鉛筆
colorfast	adjective	変色しない|色の落ちない
colorful	adjective	カラフル
coloring book	noun	塗り絵
colossal	adjective	巨大
colossal squid	noun	ダイオウホウズキイカ|大王酸漿烏賊|大王酸漿魷
colossus	noun	巨人
colostrum	noun	初乳
colour revolution	noun	カラー革命
colour television	noun	カラーテレビ
colourant	noun	顔料
colourless	adjective	無色
colt	noun	雄の子馬
coltan	noun	コルタン
coltsfoot	noun	蕗蒲公英
columbarium	noun	納骨堂
columbine	noun	オダマキ|苧環
columbium	noun	コロンビウム
column	noun	柱|カラム|コラム|列|段|縦列
column vector	noun	列ベクトル
colón	noun	コロン
coma	noun	昏睡|コマ
comb	noun	櫛|くし|解かす
comb one's hair	verb	髪を解く
combat	noun	戦闘
combat boot	noun	半長靴|戦闘靴|軍靴
combat sport	noun	格闘技
combatant	noun	戦闘員
combative	adjective	喧嘩っ早い
combinable	adjective	可合|合わせる|合併|結合
combination	noun	合併|結合|統合
combinatorics	noun	組合せ数学|組合せ論
combine	verb	合わせる|合併|結び付ける|結合|兼ねる
combine harvester	noun	コンバインハーベスター|コンバイン
combined	adjective	一緒|合わさる
combo box	noun	コンボボックス
combover	noun	バーコード
combustible	adjective	可燃性の|可燃物
combustion	noun	燃焼
combustion chamber	noun	燃焼室
come	verb	来る|いらっしゃる|参る|おいでになる|いく|イく
come back	verb	帰る|戻る
come clean	verb	告白
come down	verb	降りる
come hell or high water	adverb	雨が降ろうが槍が降ろうが|雨が降ろうと槍が降ろうと
come in handy	verb	役に立つ|役立つ
come into play	verb	働く
come of age	verb	成人|成人になる
come on		頑張って|まさか|急ぐ|早く
come out	verb	出る
come out of the closet	verb	カミングアウト
come over	verb	遣って来る
come to	verb	覚醒
come to a head	verb	熟する
come to grips with	verb	踏み込む
come true	verb	叶う|実現|適う|適中
come up	verb	上がる|登る
comeback	noun	カムバック|復活
comedian	noun	コメディアン|ギャグマン|コメディエンヌ|喜劇俳優
comedienne	noun	コメディエンヌ
comedy	noun	喜劇|コメディ
comestible	adjective	食べられる|食用に適する
comfort	noun	快適さ|慰め|慰める
comfort food	noun	コンフォート・フード
comfort woman	noun	従軍慰安婦|慰安婦
comfort zone	noun	コンフォートゾーン
comfortable	adjective	快適|居心地のいい|心地良い|安楽|気楽
comfrey	noun	コンフリー|鰭玻璃草
comic	noun	漫画|コミック|コミックス
comic book	noun	コミックブック|漫画本
comic relief	noun	息抜き
comics	noun	コミック|戯画|漫画
coming	noun	来臨
coming-out	noun	カミングアウト
comma	noun	コンマ|読点
command	noun	命令|驅使|コマンド
command line	noun	コマンドライン
command line interface	noun	コマンドラインインタフェース
command post	noun	指揮所
commander	noun	司令官|司令|指揮官
commander in chief	noun	最高指揮官|総司令官
commanding officer	noun	指揮官
commandment	noun	戒|戒律
commando	noun	特戦隊
commemoration	noun	記念
commence	verb	始める|始まる
commencement	noun	卒業式
commensalism	noun	片利共生
commensurate	adjective	比例
comment	noun	論評|コメント
comment out	verb	コメントアウト
commentator	noun	コメンテーター|評論家
commerce	noun	貿易|商業|交易
commercial	adjective	商業|コマーシャル|シーエム|ＣＭ
commie	noun	共匪
commissar	noun	コミッサール|委員
commissariat	noun	委員部
commission	noun	任務|使命|委任|委員会|手数料|作為
commit	noun	コミット|預ける|任せる
commit adultery	verb	姦淫する
commit suicide	verb	自死する|自殺
commitment	noun	委任|責任
committee	noun	委員会
commodity	noun	商品|品物|品|商材|物品|財
commodore	noun	代将
common	adjective	共通|相互|普通|通常|平常|ざら
common bean	noun	インゲンマメ|サイトウ|サンドマメ|三度豆|菜豆|隠元豆
common bistort	noun	伊吹虎の尾
common carp	noun	鯉
common chickweed	noun	小繁縷
common cold	noun	風邪|細菌性の風邪
common cuckoo	noun	郭公
common denominator	noun	公分母
common good	noun	公益
common greenshank	noun	アオアシシギ
common gull	noun	鴎
common hill myna	noun	九官鳥
common house martin	noun	ニシイワツバメ
common kestrel	noun	長元坊
common law	noun	慣習法
common linnet	noun	胸赤鶸
common logarithm	noun	常用対数
common marmoset	noun	絹猿
common moorhen	noun	鷭|バン
common murre	noun	海烏
common noun	noun	普通名詞|一般名詞
common pochard	noun	ホシハジロ
common quail	noun	ウズラ
common ragweed	noun	豚草
common raven	noun	大鴉|渡り鴉
common redpoll	noun	紅鶸
common redshank	noun	アカアシシギ
common redstart	noun	シロビタイジョウビタキ
common rock thrush	noun	腰白磯鵯
common rosefinch	noun	赤猿子
common rue	noun	ヘンルーダ
common sandpiper	noun	イソシギ
common scoter	noun	ヨーロッパクロガモ
common sense	noun	常識
common snipe	noun	田鴫
common sorrel	noun	酸葉
common starling	noun	星椋鳥
common swift	noun	ヨーロッパ雨燕
common tern	noun	鰺刺
common yarrow	noun	西洋鋸草
common year	noun	平年
common-law marriage	noun	事実婚
commonality	noun	共通点
commoner	noun	平民|庶民
commonplace	adjective	ありふれた|ありきたり|平凡|月並み
commonwealth	noun	連邦|コモンウェルス
communicable	adjective	伝染性の
communicate	verb	伝える|通じる|連絡をとる
communicating vessel	noun	連通管
communication	noun	通信|コミュニケーション|交流|対話|意思疎通|遣り取り
communication studies	noun	コミュニケーション学
communiqué	noun	コミュニケ|公報
communism	noun	共産主義
communist	adjective	共産主義者の|共産主義の|共産主義者|共産党員
communist party	noun	共産党
community	noun	共同体|コミュニティ
commutative ring	noun	可換環
commutator	noun	整流子|交換子
commute	verb	通う|通勤
compact	noun	コンパクト
compact disc	noun	コンパクトディスク|CD|シーディー
compact space	noun	コンパクト空間
compact star	noun	コンパクト星
compaction	noun	圧密
companion	noun	仲間|友人|同伴者
company	noun	中隊|会社|消防隊|企業|訪問者|仲間
comparable	adjective	比較
comparative	noun	比較級
comparative linguist	noun	比較言語学者
comparative linguistics	noun	比較言語学
compare	verb	比べる|比較
comparison	noun	比較
compartment	noun	仕切り|区画
compass	noun	羅針盤|方位磁針|方位磁石|コンパス
compass jellyfish	noun	コンパスジェリー
compass point	noun	方角
compassion	noun	同情
compatibility	noun	互換性|親和性
compatriot	noun	同国人|同胞
compel	verb	強いる
compendium	noun	大要|要約
compensate	verb	補填
compensatory lengthening	noun	代償延長
compete	verb	争う|勝負|競う|競争
competence	noun	実力
competition	noun	競争|コンペ|コンペティション|コンテスト|コンクール|大会
competitive eater	noun	フードファイター
competitor	noun	競争者
compile	verb	編集|コンパイル
compiler	noun	コンパイラ
complacent	adjective	独り善がり
complain	verb	とやかく言う|ぶつぶつ言う|ぼやく|文句する|訴える
complaint	noun	文句|不平|不満
complement	noun	補文|補語|補部|差集合|補集合
complementary angles	noun	余角
complementary colour	noun	余色|補色
complementary distribution	noun	相補分布
complementizer	noun	補文標識|補文化辞
complete	adjective	完全|全い|終わる|終える|完う|完了
complete game	noun	完投
completely	adverb	すっかり|全く|完全に|完璧に|まるっきり
completion	noun	完了|完成
complex	adjective	複雑|入り込む|難解|複素|コンプレックス|錯体
complex analysis	noun	複素解析
complex conjugate	noun	共役複素数
complex fraction	noun	繁分数
complex number	noun	複素数
complex plane	noun	複素平面
complex sentence	noun	複文
complexion	noun	顔色
complexity	noun	複雑さ
compliable	adjective	守る|順守
compliance	noun	順守|法令順守|順法
complicate	verb	複雑にする
complicated	adjective	複雑
complicity	noun	共犯
compliment	noun	お世辞
comply	verb	守る|従う|応じる
component	noun	部分
compose	verb	構成する
composer	noun	作曲家|作曲者
composite number	noun	合成数
composition	noun	作品|楽曲|合成|構図
compost	noun	コンポスト|堆肥
compote	noun	コンポート
compound	noun	化合物
compound bow	noun	コンパウンドボウ
compound butter	noun	コンパウンドバター
compound eye	noun	複眼
compound interest	noun	複利
compound leaf	noun	複葉
compound sentence	noun	重文
compound word	noun	複合語|合成語
comprador	noun	買弁
comprador bourgeoisie	noun	買弁ブルジョアジー
comprehend	verb	理解|解る
comprehensible	adjective	理解できる
comprehension	noun	理解|了解
comprehensive	adjective	包括的
compress	noun	湿布|圧縮|要約
compressed air	noun	圧搾空気|圧縮空気
compressor	noun	コンプレッサー|圧縮機|圧搾機
compromise	noun	妥協|和解|折り合い|折衷|歩み寄り|譲歩
compulsorily	adverb	否応無し|強制的
compulsory	adjective	義務的|否応無し|強制的
compulsory education	noun	義務教育
compunction	noun	悔悟|良心の呵責
computation	noun	計算
computational chemistry	noun	コンピューターケミストリー|計算化学
computational geometry	noun	計算幾何学
computational linguistics	noun	計算言語学
compute	verb	計算
computed tomography	noun	コンピュータ断層撮影
computer	noun	計算手|コンピュータ|コンピューター|電子計算機|電算|電脳
computer engineering	noun	計算機工学
computer game	noun	コンピューターゲーム|コンピュータゲーム
computer language	noun	計算機言語
computer literacy	noun	コンピュータ・リテラシー
computer program	noun	コンピュータプログラム
computer science	noun	情報科学|コンピュータサイエンス|計算機科学|コンピュータ科学
computer security	noun	コンピュータセキュリティ
computer virus	noun	コンピュータウイルス
computer-aided design	noun	計算機支援設計
computerization	noun	コンピュータリゼーション|コンピュータ化
computing	noun	コンピューティング|計算機科学
comrade	noun	同志|仲間|同伴者|同僚|戦友
comune	noun	コムーネ
con	verb	ごまかす|騙す
con artist	noun	詐欺師
concatenation	noun	連結
concave	adjective	凹面
conceal	verb	隠す
concealer	noun	コンシーラー
concealment	noun	潜伏|秘匿|隠匿|隠蔽
concede	verb	敗北を認める|譲歩|認める
conceit	noun	うぬぼれ|自惚れ
conceive	verb	妊娠|孕む|思い付く
concentrate	verb	集中|凝縮
concentration	noun	濃度|集中|集中力
concentration camp	noun	強制収容所
concept	noun	概念|コンセプト|観念
concept album	noun	コンセプト・アルバム
conception	noun	妊娠|受胎
conceptual	adjective	概念的
conceptualisation	noun	概念化
concern	noun	心配事|注意事項|題目|心配させる|関係する
concert	noun	コンサート|合奏|音楽会
concert hall	noun	コンサートホール
concertina	noun	アコーディオン式|コンサーティーナ
concertmaster	noun	コンサートマスター
concerto	noun	協奏曲
concession	noun	利権|租界
conchiglie	noun	コンキリエ
conchology	noun	貝類学
concierge	noun	コンシェルジュ
concise	adjective	手短|簡潔
conclave	noun	コンクラーヴェ
conclude	verb	終える|締め括る|結ぶ|結論
conclusion	noun	結び|終わり|終了|終結|結末|結果
conclusive	adjective	決定的
concourse	noun	コンコース
concrete	adjective	実際の|具体的|コンクリートの|コンクリート
concrete noun	noun	具象名詞
concubine	noun	めかけ|側室|妾
concurrence	noun	賛成
concussion	noun	震盪
condemn	verb	断罪|責める|非難
condemnation	noun	非難|断罪
condemned	noun	死刑囚
condensation	noun	凝縮|結露|縮合
condense	verb	凝縮|濃縮|液化
condensed milk	noun	コンデンスミルク|練乳
condenser	noun	復水器
condescending	adjective	上から目線|上目線
condiment	noun	調味料
condition	noun	状態|コンディション|条件|適応する|順応する|調整する
conditional	adjective	条件付き|条件法
conditionality	noun	条件付き
conditioned reflex	noun	条件反射
condolence	noun	同情|哀悼|弔意|悔やみ
condom	noun	コンドーム
condominium	noun	共同主権|マンション
condone	verb	許す
condor	noun	コンドル
conductance	noun	コンダクタンス
conduction band	noun	伝導帯
conductivity	noun	伝導性
conductor	noun	指揮者|車掌|導体
cone	noun	円錐面|直円錐面|錐面|円錐|錐体|直円錐
cone cell	noun	錐体細胞
confection	noun	お菓子|コンフェクション
confectionery	noun	お菓子
confederation	noun	国家連合|コンフェデレーション
conference	noun	会議
confess	verb	認める|告白|告解|自白
confession	noun	白状|自白|自供|告白|告解|懺悔
confessional	noun	告解場
confessor	noun	表信者|告白者|自白する人
confetti	noun	紙吹雪
confidence	noun	確信|自信|信用|信頼|信任|打ち明け話
confident	adjective	確信
confidential	adjective	親展
configuration	noun	コンフィギュレーション|構成|設定|配置
configure	verb	設定
confine	verb	限る
confinement	noun	監禁
confirm	verb	確認
confirmation	noun	確認|コンファーム|堅信|堅信礼
confiscate	verb	没収
confiscation	noun	没収
confiture	noun	コンフィチュール|コンフィテューレ
conflagration	noun	火災|大火
conflate	verb	融合|ごちゃごちゃにする|ごちゃにする|ごちゃ混ぜにする|一括りにする|一緒くたにする
conflict	noun	衝突|対立する|衝突する|バッティングする|合わない
conflict of interest	noun	利益相反
confluence	noun	合流点
confrontation	noun	対決|対立|直面|衝突
confuse	verb	混乱|混同
confusing	adjective	紛らわしい
confusion	noun	混乱|混同
congee	noun	コンジー|白粥|粥|雑炊
congenital	adjective	先天的
conger eel	noun	アナゴ|穴子
congestive heart failure	noun	鬱血性心不全
conglomerate	noun	コングロマリット|コングロメレート|礫岩
congrats		おめでとう
congratulate	verb	祝う
congratulation	noun	お祝い|祝賀
congratulations		おめでとう|おめでとうございます
congregation	noun	会衆|集団
congressman	noun	議員
conifer	noun	針葉樹
conjecture	noun	推測|忖度
conjoined twin	noun	結合双生児
conjugation	noun	接合|結合|連結|活用
conjunction	noun	接合|接続|結合|連接|接続詞|会合
conjunctiva	noun	結膜
conjunctivitis	noun	結膜炎
conjurer	noun	魔法使い|魔術師
conman	noun	詐欺師
connect	verb	繋ぐ|繋げる
connected space	noun	連結空間
connection	noun	連結|結合|縁故|関係|連絡|コネクション
connections	noun	コネ
connective tissue	noun	結合組織
connectivity	noun	接続性
connector	noun	端子
connoisseur	noun	目利き|鑑定家|鑑識家
connotation	noun	含意
conpoy	noun	干し貝柱|干貝柱
conquer	verb	やっつける|倒す|征服|打ち勝つ
conquerer	noun	征服者
conqueror	noun	征服者
conquest	noun	征服
consanguinity	noun	血族
conscience	noun	良心
conscientious objector	noun	良心的兵役拒否者
conscious	adjective	意識した
consciousness	noun	意識|人心地
conscript	noun	徴募兵|徴兵する
conscription	noun	徴兵
consecutio temporum	noun	時制の一致
consecutive	adjective	連続
consensus	noun	コンセンサス|協心|総意
consent	noun	同意|承諾
consequence	noun	結果
conservation	noun	保存|保護|節約
conservatism	noun	保守主義
conservative	adjective	保守的|コンサーバティブ|保守派
conservatoire	noun	コンサーヴァトーリ
conservatory	noun	温室|コンサーヴァトーリ|音楽学校
conserve	verb	節約|保存する
consider	verb	熟考|考慮|よく考える|熟慮|見なす|考慮する
considerable	adjective	大切|重要|かなり|相当
considerably	adverb	かなり|ずいぶん
considerate	adjective	思いやり
consideration	noun	約因
consignee	noun	受託者|引受人|荷受人
consigner	noun	委託者|荷送人
consist	noun	編成|成り立つ|成る
consolation	noun	慰め|慰謝|慰安|慰撫
consolation prize	noun	残念賞
console	noun	ゲーム機|慰める|労る
consolidate	verb	統合|総合|固める
consolidated	adjective	連結
consommé	noun	コンソメ|コンソメスープ
consonant	noun	子音|子音字
consonant cluster	noun	子音連結
consortium	noun	コンソーシアム
conspiracy	noun	陰謀|密議
conspiracy theory	noun	陰謀論|陰謀説
conspire	verb	企む
constable	noun	捕方
constant	noun	定数
constant of integration	noun	積分定数
constantly	adverb	しょっちゅう|ずっと|常住|絶えず
constellation	noun	星座|星群|一群|群れ|集まり
consternation	noun	狼狽|驚愕
constipate	verb	便秘する
constipation	noun	便秘
constituency	noun	選挙区
constituent	noun	構成素
constitute	verb	制定|構成|任命
constitution	noun	構成|編成|憲法|体質
constitutional court	noun	憲法裁判所
constitutional monarchy	noun	立憲君主制|立憲君主政体
constitutionalization	noun	憲法化
constitutionalize	verb	憲法化する
constraint	noun	束縛
construct	noun	コンストラクト|概念|建てる|建設|築く
constructed language	noun	人工言語
constructible	adjective	建設|建てる|成り立つ|造る
construction	noun	建設|ビル|建物|建築業界|建設物|構文
construction grammar	noun	構文文法
construction paper	noun	画用紙
construction site	noun	建設現場
constructive	adjective	建設的|推定上|見做す
constructivism	noun	構成主義
constructor	noun	コンストラクタ|構築子
consul	noun	領事
consul-general	noun	総領事
consulate	noun	領事館
consultant	noun	顧問|コンサルタント|相談役
consultation	noun	相談|協議|商議
consume	verb	使い果たす|消耗|消費|摂取|食|食べ尽くす
consumer	noun	消費者
consumer price index	noun	消費者物価指数
consummate	adjective	完全な|完璧な|完了させる|完結させる|実現する
consumption	noun	消費
contact	noun	接触|連絡|お問い合わせ|連絡先|コンタクト|接点|接続
contact details	noun	連絡先
contact lens	noun	コンタクトレンズ|コンタクト
contagion	noun	伝染
contagious	adjective	伝染性
contain	verb	含む
container	noun	容器|コンテナ
container ship	noun	コンテナ船
contamination	noun	汚染|コンタミネーション
contemn	verb	蔑む|見下す|軽侮|軽蔑
contemplate	verb	熟考する
contemporaneous	adjective	同時
contemporary	adjective	同時代|モダン|現代的|近代的
contempt	noun	軽蔑|侮蔑|軽侮
contemptible	adjective	蔑む
contemptuous	adjective	軽蔑的
content	adjective	満足|内容|コンテンツ|含有量
content word	noun	内容語
contents	noun	中身|コンテンツ|内容
contest	noun	競争|コンクール|コンテスト
context	noun	前後関係|状況|文脈
continent	noun	大陸|たいりく
continental drift	noun	大陸移動
continental shelf	noun	大陸棚
continental slope	noun	大陸斜面
contingency	noun	偶然|偶然性|成功報酬
contingent	adjective	偶然
continually	adverb	絶え間なく
continuation	noun	継続|続き
continue	verb	続ける|続く
continuously	adverb	連続
continuum	noun	連続体
contour	noun	輪郭
contraband	noun	密売品|禁制品
contrabass	noun	コントラバス
contrabassoon	noun	コントラファゴット
contraception	noun	避妊
contraceptive	adjective	避妊|避妊薬
contract	noun	契約|契約法学|収縮する|契約する|罹る
contract bridge	noun	コントラクトブリッジ
contraction	noun	収縮|攣縮|陣痛|短縮形|約音化
contracture	noun	拘縮
contradiction	noun	矛盾|恒偽式|矛盾式
contrail	noun	飛行機雲
contralto	noun	コントラルト
contrapositive	noun	対偶
contrary	adjective	反する|逆
contrast ratio	noun	コントラスト比
contrasting	adjective	対照的
contribute	verb	貢献
contribution	noun	貢献
control	noun	コントロール|制御|対照|支配|制御装置|操る
control character	noun	制御文字
control key	noun	コントロール|コントロールキー
control rod	noun	制御棒
control tower	noun	管制塔
controllability	noun	自家薬篭中
controllable	adjective	操る|自家薬篭中
controversial	adjective	論争の的の
controversy	noun	論争
contumacious	adjective	官命抗拒の|服従しない
contumacy	noun	不従順|命令不服従
contusion	noun	挫傷
convection	noun	対流
convenience	noun	便利|便宜|利便
convenience store	noun	コンビニ|コンビニエンスストア|CVS
convenient	adjective	便利
convention	noun	大会|慣例|慣習|協約|条約
conventional wisdom	noun	世間一般の通念
convergence	noun	収束
convergent series	noun	収束級数
conversation	noun	会話|対話|談話|カンバセーション|話
converse	verb	話す|会話|談話
conversion	noun	改宗
convert	noun	改宗|変換
convertible	noun	オープンカー|カブリオレ|コンバーチブル
convex	adjective	凸面|凸
convey	verb	伝える|伝播する|伝達する|移譲する|譲渡する|運ぶ
conveyance	noun	乗り物
conveyor	noun	コンベア
conveyor belt	noun	コンベア|ベルトコンベア
convict	noun	囚人|受刑者|犯罪者|信念させる|思う
conviction	noun	信念|有罪判決
convince	verb	説得|納得|自覚
convoy	noun	船団|車列
convulse	verb	振動させる
convulsion	noun	痙攣
convulsive	adjective	痙攣性の
cook	noun	コック|料理人|調理師|シェフ|蒸ける|作る
cook the books	verb	改竄
cookbook	noun	料理の本
cooked rice	noun	御飯
cooker	noun	焜炉|コンロ
cookie	noun	クッキー|ビスケット
cookiecutter shark	noun	達磨鮫
cooking	noun	料理|クッキング
cooking apple	noun	料理用りんご
cooking oil	noun	食用油
cool	adjective	涼しい|クール|すごい|格好いい|素敵|モテる
cool down	verb	冷える|冷やす|冷める|冷ます
coolant	noun	冷却剤
coolie	noun	苦力
cooling	noun	冷却
cooling center	noun	クーリングセンター
coonstripe shrimp	noun	トヤマエビ
cooper	noun	桶屋
cooperate	verb	協力
cooperation	noun	協力|協調|合作
coordinate	noun	座標
coordinate clause	noun	主文|主節
coordinate system	noun	座標系
coordinator	noun	コーディネーター
coot	noun	オオバン|大鷭
cootie	noun	〇〇菌
cop	noun	おまわりさん|察
cope	verb	処理|対処
copepod	noun	橈脚
copernicium	noun	コペルニシウム
copilot	noun	副操縦士|コ・パイ|コ・パイロット
coplanarity	noun	共面
copolymer	noun	共重合
copper	adjective	銅製|銅|カッパー|赤銅|銅色|銅貨
copper sulfide	noun	硫化銅
coppersmith	noun	胸赤五色鳥|銅細工人
coppice	noun	萌芽更新
copra	noun	コプラ
coprime	adjective	互いに素
coprolalia	noun	汚言症|コプロラリア
coprophagy	noun	食糞
coptisine	noun	コプチシン
copula	noun	コピュラ|繋辞|コプラ|指定詞|連辞
copulate	verb	まぐわう|性交する
copulation	noun	性交
copy	noun	複写|コピー|写す
copy editing	noun	推敲|校正
copy-paste	noun	コピペ|コピペする
copycat	noun	パクり
copyhold	noun	謄本土地保有権
copypasta	noun	コピペ
copyright	noun	著作権|版権
copyright infringement	noun	著作権侵害
copywriter	noun	コピーライター
coquetry	noun	媚態|嬌態
coquette	noun	コケット|男誑し
coquettishness	noun	媚態|嬌態
cor anglais	noun	コーラングレ|アルトオーボエ|イングリッシュホルン|コールアングレ
coracoid process	noun	烏喙突起
coral	adjective	珊瑚でできた|珊瑚製の|珊瑚色の|サンゴ|珊瑚|珊瑚色
coral island	noun	サンゴ島
coral reef	noun	珊瑚礁
cord	noun	縄|コード|線
cordial	noun	シロップ
cordially	adverb	心
cordierite	noun	菫青石
cordon off	verb	結界
cordovan	noun	コードバン
corduroy	noun	コーデュロイ|コール天
core	noun	中心|芯|仲核|果心
coresidence	noun	同居
corgi	noun	コーギー
coriander	noun	コリアンダー|シャンツァイ|パクチー|香菜|コリアンダーシード
corium	noun	炉心溶融物
corkscrew	noun	栓抜き|ワインオープナー|コークスクリュー
cormorant	noun	鵜|鶿|鷀|鸕
corn	noun	穀物|うおのめ|鶏眼
corn chip	noun	コーンチップ|コーンチップス
corn dog	noun	アメリカンドッグ
corn on the cob	noun	トウキビ|トウモロコシ|モロコシ|唐黍|玉蜀黍|蜀黍
corn poppy	noun	雛罌粟
corn syrup	noun	コーンシロップ
corn thistle	noun	西洋刺薊
corncob	noun	トウモロコシの芯
corncrake	noun	鶉水鶏
cornea	noun	角膜
corned beef	noun	コーンビーフ|コンビーフ
corner	noun	街角|角|コーナー|隅
cornerstone	noun	礎|礎石
cornetfish	noun	矢柄
cornett	noun	コルネット|ツィンク
cornfield	noun	トウモロコシ畑
cornflakes	noun	コーンフレーク
cornflower	noun	矢車菊
cornice	noun	コーニス
cornrow	noun	コーンロウ
cornucopia	noun	コルヌー・コピアイ|宝庫
corny	adjective	べた|寒い
corolla	noun	花冠
corollary	noun	系
corona	noun	雁首|コロナ|副花冠
coronal mass ejection	noun	コロナ質量放出
coronary artery	noun	冠動脈
coronation	noun	戴冠式|即位式|戴冠
coronavirus	noun	コロナウイルス|コロナ
coroner	noun	検死官
corporal	noun	伍長|聖体布
corporal punishment	noun	体罰
corporation	noun	株式会社
corps	noun	軍団|部隊
corpse	noun	死体|屍体
corpulence	noun	肥満
corpulent	adjective	肥満
corpus	noun	コーパス
corpus luteum	noun	黄体
corral	noun	囲い
correct	adjective	正しい|正解|正す|直す|修正|是正
correction	noun	訂正|修正|矯正
correction fluid	noun	修正液
correction tape	noun	修正テープ
correlation	noun	相関
correlation coefficient	noun	相関係数
correspond	verb	文通
correspondence	noun	文通|通信|書簡|対応
correspondent	noun	特派員|記者|通信員
corridor	noun	廊下|回廊|回廊地帯|空中回廊
corrin	noun	コリン
corrosion	noun	腐食|腐蝕
corrugated iron	noun	トタン|海鼠板
corrupt	verb	堕落させる
corrupted	adjective	汚職
corruption	noun	堕落|腐敗|汚職|涜職
corsac fox	noun	コサックギツネ
corsage	noun	コサージュ|コルサージュ
corsair	noun	コルセア
corseque	noun	コルセスカ
corset	noun	コルセット
corticosterone	noun	コルチコステロン
cortisone	noun	コルチゾン
corundum	noun	コランダム|鋼玉
corvette	noun	コルベット
corynebacterium	noun	コリネバクテリウム
cosecant	noun	コセカント|余割
cosine	noun	コサイン|余弦
cosmetics	noun	化粧品
cosmetologist	noun	美容師
cosmic	adjective	宇宙
cosmic dust	noun	宇宙塵
cosmic ray	noun	宇宙線
cosmodrome	noun	宇宙基地
cosmogony	noun	宇宙進化論
cosmology	noun	宇宙論|世界観
cosmonaut	noun	コスモノート|宇宙飛行士
cosmopolitan	noun	コスモポリタン
cosmopolitanism	noun	コスモポリタニズム
cosmopolite	noun	世界人|国際人
cosmos	noun	宇宙|コスモス
cosplay	noun	コスプレ|コスプレする
cosplayer	noun	コスプレイヤー|レイヤー
cost	noun	費用|代償|掛かる|費やす
cost of living	noun	生活費
cost-effectiveness	noun	コストパフォーマンス|コスパ|費用対効果
costochondritis	noun	肋軟骨炎
costume	noun	服装|服飾|衣装|衣裳|仮装|着包み
costus	noun	木香
cosy	adjective	居心地のいい|コゼー|カバー
cot	noun	小屋|ベビーベッド
cotangent	noun	コタンジェント|余接
coterie	noun	同人
cotinga	noun	飾鳥
cottage	noun	コテージ|小屋
cottage cheese	noun	カッテージチーズ|コッテージチーズ|カテージチーズ|クワルク|コテージチーズ
cotton	noun	綿|コットン|木綿|綿生地|綿糸
cotton pygmy goose	noun	ナンキンオシ
cotton swab	noun	綿棒
cottonseed oil	noun	綿実油
cotyledon	noun	子葉
couch	noun	ソファー|カウチ|寝台
couch grass	noun	シバムギ
cougar	noun	ピューマ|熟女
cough	noun	咳|咳をする|咳払いをする
cough drop	noun	のど飴|トローチ
cough syrup	noun	咳止めシロップ
could i see the menu, please		メニューを下さい|メニューを持参してください
coulomb	noun	クーロン
coulrophobia	noun	ピエロ恐怖症|道化恐怖症
council	noun	協議会|評議会
counselor	noun	カウンセラー|相談役|顧問
count	noun	伯爵|数える
count down	verb	秒読み
count noun	noun	可算名詞
count on	verb	当てにする|頼る
countable	adjective	数えられる|可算
countable set	noun	可算集合
countdown	noun	カウントダウン
counter	noun	カウンター|カウンタ
counter-		反
counter-attack	noun	反撃|逆襲
counter-offensive	noun	反攻
counteraction	noun	反撃|中和|反作用|相殺
counterculture	noun	カウンターカルチャー
counterespionage	noun	防諜
counterexample	noun	反例
counterfeit	noun	偽物|フェイク
counterfeiter	noun	偽造者
counterfoil	noun	半券|控え|耳
countermeasure	noun	対策
counterpart	noun	相手
counterpoint	noun	対位法
counterproductive	adjective	反生産的
counterrevolution	noun	反革命
counterrevolutionary	adjective	反革命の
countertenor	noun	反対の方針|カウンターテナー
countess	noun	伯爵婦人
counting rhyme	noun	数え歌
counting rod	noun	算木|算籌
countless	adjective	数え切れない|無数
country	adjective	田舎|地方|田園|国|国家|カントリー
country bumpkin	noun	お上り様|田舎者
country club	noun	カントリークラブ
country code	noun	国コード|国名コード
country music	noun	カントリー|カントリー・ミュージック|カントリー音楽
countryman	noun	国民|同胞|田舎者
countryside	noun	田舎
county	noun	郡
coup d'état	noun	クーデター|政変
coup de grâce	noun	とどめ
couple	noun	二つ|二人|カップル|夫婦|対|ペア
couplet	noun	対句
coupon	noun	クーポン
courage	noun	勇気|度胸
courgette	noun	ズッキーニ
courier	noun	郵便配達人|メッセンジャー|急使|宅配会社|運送会社|ツアーコンダクター
course	noun	コース|課程|航路
court	noun	中庭|庭|宮廷|裁判所|コート|法廷|求愛
court case	noun	訟案
court martial	noun	軍法会議
court of cassation	noun	破毀院
court of law	noun	裁判所
court order	noun	裁判所命令
courteous	adjective	丁寧|思いやりのある|礼儀正しい
courtesan	noun	娼婦|高級娼婦|宮廷の女
courtesy	noun	愛想|礼儀
courtesy name	noun	字
courthouse	noun	法廷|裁判所
courtier	noun	廷臣
courtship	noun	求愛
courtyard	noun	中庭
couscous	noun	クスクス
cousin	noun	いとこ|従兄弟|従姉妹|従兄|従兄妹|従妹
cousin-in-law	noun	義理のいとこ
couturier	noun	クチュリエ
covalent bond	noun	共有結合
covariance	noun	共変性
cove	noun	入り江
coven	noun	魔女の集まり|魔女団
covenant	noun	誓約|特約|約束する|契約する
cover	noun	掩蔽|カバー|蓋|ブックカバー|表紙|カバーする
cover charge	noun	カバーチャージ|テーブルチャージ
cover letter	noun	志望書
cover version	noun	カバー
coverlet	noun	掛け布団
covet	verb	切望|欲張る|貪る
cow	noun	牛|雌牛|雌|威す|脅かす|脅迫
cow's milk	noun	牛乳
coward	noun	臆病者|弱虫|卑怯者|怖がり|怖がり屋|腰抜け
cowardice	noun	憶病|卑怯
cowardly	adjective	へたれ|臆病
cowbane	noun	ドクゼリ
cowbell	noun	カウベル
cowboy	noun	牧人|牧夫|カウボーイ
cowcatcher	noun	カウキャッチャー
cower	verb	畏怖する|踞る
cowgirl	noun	カウガール
cowgirl position	noun	騎乗位
cowherb	noun	道灌草
cowherd	noun	牛飼い
cowlick	noun	アホ毛
coworker	noun	同僚
cowpox	noun	牛痘
cowrie	noun	タカラガイ|宝貝
cowshed	noun	牛舎
cowslip	noun	黄花の九輪桜
coyote	noun	コヨーテ
coypu	noun	ヌートリア
crab	noun	蟹|カニ
crab plover	noun	蟹千鳥
crab-eating fox	noun	カニクイイヌ
crabshell	noun	蟹甲
crabstick	noun	カニカマ
crack	noun	ひび|裂け目|亀裂|クラック
crack cocaine	noun	クラック〈・コカイン〉
crackdown	noun	弾圧
cracker	noun	クラッカー|白んぼ
cradle	noun	揺り籠|ベビーベッド|揺籃|発祥地
cradle cap	noun	乳痂
craft	noun	職業
craft beer	noun	クラフトビール
craftsman	noun	工匠|職人
crafty	adjective	狡猾
crag	noun	崖|巨岩
cram	verb	詰め込む
cram school	noun	予備校|塾|学習塾
cramp	noun	痙攣
crampon	noun	アイゼン
cranachan	noun	クラナカン
cranberry	noun	クランベリー
cranberry juice	noun	クランベリージュース
crane	noun	鶴|ツル|クレーン|起重機
cranefly	noun	ガガンボ
cranesbill	noun	風露草
cranial nerve	noun	脳神経
craniotomy	noun	開頭
crankshaft	noun	クランクシャフト
cranky	adjective	気難しい
crap	noun	かす
crash	noun	墜落|クラッシュ|激突|衝突|クラッシュする|衝突する
crash course	noun	短期集中コース
crater lake	noun	火山湖
crave	verb	切望|懇願
craving	noun	切望|渇望|熱望
crawl	noun	クロール|這う
crayfish	noun	ザリガニ|蝲蛄
crayon	noun	クレヨン
crazy	adjective	頭のおかしい|頭がおかしい|気が狂った
creak	noun	きいきい|軋む
cream	adjective	クリーム色の|クリーム|クリーム色|クリーム状にする|クリーム色にする|叩きのめす
cream cheese	noun	クリームチーズ
cream puff	noun	シュークリーム
cream soda	noun	クリームソーダ
cream-colored courser	noun	スナバシリ
creampie	noun	中出し|膣内射精
crease	noun	折り目
create	verb	創り出す|創作|創造|生み出す
creatine	noun	クレアチン
creation	noun	創作物|創造|創作|万物
creationism	noun	創造論
creative	adjective	創造的|独創的
creativity	noun	創造性|創造力
creature	noun	生物|生き物
credence	noun	信任
credential	noun	証明書
credentials	verb	信任状
credibility	noun	信用性
credit	noun	信用|クレジット|クレジットタイトル|スタッフロール|奥付|単位
credit card	noun	クレジットカード
credit union	noun	信用協同組合
creditor	noun	債権者|貸方
credulous	adjective	だまされやすい
creed	noun	教義|信条
creek	noun	小川
creep	verb	伝う|這う|忍び寄る
creeper	noun	爬虫類|蔓植物|藤本
creepy	adjective	気味悪い|気持ち悪い
cremate	verb	火葬
cremation	noun	火葬
crematorium	noun	火葬場|焼き場
crepe	noun	クレープ|縮緬
crepuscular	adjective	薄明薄暮性
crescendo	noun	クレッシェンド|最高潮|高まり
crescent	noun	三日月|クロワッサン
crescent moon	noun	三日月|弦月
crest	noun	とさか
crested ibis	noun	ダオ|朱鷺|鴇
crested lark	noun	冠雲雀
crevice	noun	亀裂
crew	noun	クルー|乗組|船員
crib	noun	ベビーベッド|まぐさ桶|カニングペーパー|カンペ
cribbing	noun	齰癖
cricket	noun	コオロギ|蟋蟀|クリケット
cricketer	noun	クリケット選手
crime	noun	犯罪|罪|犯行
crime against humanity	noun	人道に対する罪
crime scene	noun	犯行現場
criminal	adjective	犯罪的|犯人|犯罪人|犯罪者
criminal code	noun	刑法典
criminal law	noun	刑法
criminal record	noun	前科
criminalization	noun	犯罪視
criminalize	verb	犯罪化する|犯罪視
criminologist	noun	犯罪学者
criminology	noun	犯罪学
crimson	adjective	深紅色|クリムゾン|紅色
cringeworthy	adjective	痛い
crinoid	noun	ウミユリ
crinoline	noun	クリノリン
cripple	noun	びっこ|不具者|廃人|不具にする
crisis	noun	危機|クライシス|分利
criterion	noun	基準|判断基準
critic	noun	批評家|評論家
critical	adjective	批判的|危うい|危ない|危殆
critical reynolds number	noun	臨界レイノルズ数
critical hit	noun	クリティカルヒット|会心の一撃
critical mass	noun	臨界質量|臨界量
critical point	noun	臨界点
critical race theory	noun	批判的人種理論
critical thinking	noun	クリティカルシンキング|批判的思考
criticism	noun	批評|非難
criticize	verb	批判|非難|批評
croak	noun	ケロケロ|ゲロゲロ鳴く|くたばる
crochet	noun	かぎ針編み|鉤針編み
crocodile	noun	鰐|わに
crocodile bird	noun	鰐千鳥
crocodile tear	noun	嘘泣き
crocodilian	noun	ワニ|鰐
crocus	noun	クロッカス
croissant	noun	クロワッサン
crone	noun	鬼女|お婆さん|クローネ|外祖母|祖母
cronut	noun	クロナッツ
cronyism	noun	縁者贔屓
crook	noun	詐欺師
crooked	adjective	曲がる|不正
crop	noun	作物|収穫量|集まり|鞭|収穫|短髪
crop circle	noun	ミステリーサークル
crop top	noun	クロップトップ
croquembouche	noun	クロカンブッシュ|クロカンブーシュ
croquet	noun	クロケット|クロッケー
croquette	noun	コロッケ|クロケット
crosne	noun	草石蚕
cross	noun	十字|クロス|十字架|[[×]]印を付ける|十字を切る|渡る
cross country	noun	クロスカントリー|断郊競走
cross my heart and hope to die	verb	嘘ついたら針千本飲ます
cross one's fingers	verb	幸運を祈る
cross oneself	verb	十字を切る
cross out	verb	棒引きにする
cross section	noun	横断面
cross tabulation	noun	クロスタブ|クロス集計
cross to bear	noun	苦難
cross-country skiing	noun	距離競技
cross-dress	verb	女装|男装
cross-dressing	noun	女装|男装
cross-examination	noun	反対尋問
cross-eyed	adjective	内斜視|寄り目
cross-legged	adjective	あぐらをかく|足を組む
cross-platform	adjective	クロスプラットフォーム
cross-stitch	noun	クロスステッチ
crossbar	noun	クロスバー|横木
crossbow	noun	クロスボウ|ボウガン|弩
crossfire	noun	十字砲火
crosshair	noun	十字線
crossing	noun	交差点|踏切
crossing guard	noun	学童擁護員
crossover	noun	乗換え
crossroads	noun	交差点|十字路|十字街|辻
crosstalk	noun	クロストーク|漏話|相声
crossvine	noun	釣鐘葛
crosswalk	noun	横断歩道
crossword	noun	クロスワード
crotch	noun	俣|股|股間|叉
crotchet	noun	四分音符
crotonic acid	noun	クロトン酸
crouch	verb	しゃがむ|蹲る
crow	noun	烏|慈鳥
crow's feet	noun	カラスの足跡
crowbar	noun	バール|鉄梃|バー
crowd	noun	人込み|大勢|群衆|積み重ね
crowded	adjective	混雑|込む
crowdfunding	noun	クラウドファンディング
crown	noun	王冠|かぶり|クラウン|頭頂
crown cap	noun	王冠
crown of thorns	noun	花麒麟|鬼海星
crown prince	noun	皇太子|王太子
crown princess	noun	皇太子妃
crucian carp	noun	鮒|ヨーロッパ鮒
crucible	noun	坩堝
crucifix	noun	磔刑像
crucifixion	noun	はりつけ|磔
crude oil	noun	原油
cruel	adjective	酷い|残酷|惨い|残忍
cruelty	noun	残酷
cruet	noun	カスター
cruise	noun	巡航|クルーズ
cruise control	noun	クルーズコントロール
cruise missile	noun	巡航ミサイル
cruise ship	noun	クルーズ客船|クルーズ船|巡航客船
cruiser	noun	クルーザー|巡洋艦
crumb	noun	かす|屑|欠片
crumble	verb	崩れる|崩す
crumple	verb	しわくちゃ
crusader	noun	十字軍騎士|十字軍
crush	noun	ときめき|砕く
crust	noun	パンの耳|ピザクラスト|地殻
crustacean	noun	甲殻類
crutch	noun	松葉杖
cruzeiro	noun	クルゼイロ
cry	noun	泣き声|泣く|叫ぶ
cry over spilt milk	verb	死んだ子の年を数える
crybaby	noun	泣き虫|ママっ子
cryovolcano	noun	氷の火山
crypt	noun	納骨堂
cryptid	noun	UMA|幻獣
crypto-		隠れる
cryptobranchoid	noun	山椒魚
cryptocurrency	noun	暗号通貨
cryptography	noun	暗号論
cryptolect	noun	符牒
cryptology	noun	暗号学
cryptomeria	noun	杉
cryptomnesia	noun	クリプトムネジア
crystal	noun	結晶|水晶|クリスタル|クリスタル・ガラス
crystal ball	noun	水晶玉
crystal class	noun	晶族
crystal clear	adjective	澄み切った
crystal habit	noun	晶癖
crystal lattice	noun	結晶格子
crystal system	noun	結晶系
crystalline	adjective	結晶性
crystallite	noun	晶子
crystalloid	noun	晶質
crème brûlée	noun	クレームブリュレ
crêpe de chine	noun	クレープデシン
crêpe paper	noun	縮緬紙
csardas	noun	チャルダッシュ|チャールダーシュ
cub	noun	子|幼獣
cube	noun	立方体|正六面体|角砂糖|三乗|立方|さいの目に切る
cube root	noun	立方根|三乗根
cube sugar	noun	角砂糖
cubic centimetre	noun	立方センチメートル|立方センチ
cubic equation	noun	三次方程式
cubic function	noun	三次関数
cubic metre	noun	立方メートル|立米
cubicle	noun	個室
cubism	noun	キュビスム|キュビズム|キュービズム|立体派
cuboctahedron	noun	立方八面体
cubohemioctahedron	noun	立方半八面体
cuckold	noun	コキュ|コキュー|不義をする
cuckoldry	noun	寝取られ
cuckoo	noun	カッコウ|郭公|風狂の人
cuckoo clock	noun	鳩時計
cuckooflower	noun	花種付花
cucumber	noun	キュウリ|胡瓜
cuddle	verb	寄り添う
cue	noun	キュー
cue ball	noun	手球
cuff	noun	カフ|袖口
cufflink	noun	カフリンクス|カフス|カフスボタン
cuisine	noun	料理|割烹
culinary	adjective	料理
culm	noun	稈
culprit	noun	犯人
cult	noun	崇拝|カルト
cult film	noun	カルト映画
cult following	noun	カルト的なファンダム
cult of personality	noun	個人崇拝
cultivar	noun	栽培品種|園芸品種
cultivate	verb	栽培|養う|耕す|耕作
cultivation	noun	栽培
cultural	adjective	文化|文化的
cultural marxism	noun	文化的マルクス主義
cultural appropriation	noun	文化の盗用|文化盗用
culture	noun	文化|カルチャー|培養|培養する
culture hero	noun	文化英雄
culture medium	noun	培地
culture shock	noun	カルチャーショック
cum	noun	精子|精液|潮吹き|兼|イく|射精する
cum dumpster	noun	肉便器
cumacean	noun	クーマ
cumin	noun	クミン|ヒメウイキョウ|クミンの実
cumulonimbus	noun	積乱雲
cumulus	noun	積雲|堆積
cuneiform	noun	楔形文字
cuneiform bone	noun	楔状骨
cunnilingus	noun	クンニ|クンニリングス|愛舐め
cunning	adjective	悪賢い|狡猾|巧妙
cunt	noun	まんこ|おまんこ|おめこ|われめ|おそそ|つび
cup	noun	お猪口|コップ|器|盃|茶碗|カップ
cup fungus	noun	茶碗茸
cup noodles	noun	インスタントラーメン|カップ麺
cup size	noun	カップ
cupboard	noun	食器棚
cupcake	noun	カップケーキ
cupola	noun	キューポラ
cupronickel	noun	白銅
curator	noun	学芸員
cure	noun	治療|治す|癒す
curette	noun	キュレット|キューレット|掻爬器
curfew	noun	夜間外出禁止令|戒厳令|外出禁止令|門限
curie	noun	キュリー
curio	noun	骨董品
curiosity	noun	好奇心|珍奇
curious	adjective	好奇心|知る
curium	noun	キュリウム
curl	noun	巻き毛
curlew sandpiper	noun	サルハマシギ
curling	noun	カーリング
curly	adjective	巻き毛
curmudgeon	noun	意地の悪い人
currant	noun	スグリ
currency	noun	通貨|貨幣
currency code	noun	通貨コード
currency strap	noun	帯封
current	adjective	現行|当座|現在|流れ|電流
current account	noun	経常勘定|当座預金
current asset	noun	流動資産
current events	noun	時事
currently	adverb	現在
curriculum vitae	noun	履歴書
curry	noun	カレー
curry favor	verb	機嫌を取る|胡麻をする
curry powder	noun	カレー粉
curse	noun	呪い|呪縛|卑語|悪口|呪う|怒鳴る
cursed	adjective	呪われた
cursive	adjective	筆記体|草書
cursor	noun	カーソル
curtain	noun	カーテン|幕|引き幕|緞帳
curtains	noun	一巻の終わり
curtsey	noun	おじぎ
curvaceous	adjective	肉感的|豊満
curvature	noun	曲率
curve	noun	曲線|曲がる
curveball	noun	カーブボール
cushion	noun	クッション|座布団
custard	noun	カスタード
custodian	noun	保管人
custody	noun	養育権|保管|預かり|拘留
custom	adjective	特注|習慣|風俗
custom house	noun	カスタム|カスタムス|カスタムズ|カスタムハウス|税関
custom-made	adjective	オーダー・メード|カスタム・メード|別製|特別注文|特注|特製
customer	noun	客|お客さん|顧客|得意先
customer service	noun	顧客サービス|アフターサービス
customer support	noun	顧客サポート
customize	verb	カスタマイズする
customs	noun	関税|カスタム|カスタムス|カスタムズ
customs officer	noun	税関吏
cut	verb	切る|サボる|休む|欠席|横切る|削減
cut corners	verb	手を抜く
cut off	verb	断つ|割り込む
cut scene	noun	イベント|カットシーン|ムービー
cut the gordian knot	verb	快刀乱麻を断つ
cute	adjective	可愛い|キュート
cuticle	noun	クチクラ
cutlass	noun	カットラス
cutlery	noun	カトラリー
cutlet	noun	カツレツ
cutter	noun	カッター
cutting board	noun	まな板
cuttlefish	noun	イカ|烏賊
cuttlefish bone	noun	甲
cwm	noun	圏谷|カール
cyan	adjective	シアン色の|シアン|水色|青緑色
cyanide	noun	青酸塩
cyanocobalamin	noun	シアノコバラミン
cyanosis	noun	チアノーゼ
cyanotype	noun	青写真
cyber-		サイバー
cyberaddiction	noun	ネット中毒
cyberattack	noun	サイバー攻撃
cybercrime	noun	サイバー犯罪
cybernetics	noun	サイバネティックス|人工頭脳
cyberpunk	noun	サイバーパンク
cybersecurity	noun	サイバーセキュリティ
cybersex	noun	チャH|サイバースセックス
cyberspace	noun	サイバースペース|サイバー空間
cybersquatting	noun	サイバースクワッティング
cyberwarfare	noun	サイバー戦争
cyborg	noun	サイボーグ
cyclamen	noun	シクラメン|篝火草|豚の饅頭
cycle	noun	周期|サイクル安打|自転車に乗る
cycle rickshaw	noun	自転車タクシー
cyclic	adjective	周期的|環式
cycling	noun	自転車利用|サイクリング|自転車競技
cyclist	noun	サイクリスト|チャリダー|バイカー|バイクに乗る人
cycloalkane	noun	シクロアルカン
cycloheptadecane	noun	シクロヘプタデカン
cyclohexane	noun	シクロヘキサン
cyclone	noun	サイクロン|低気圧|超低気圧
cyclops	noun	キュクロープス|キュクロプス|独眼鬼
cyclotron	noun	サイクロトロン|加速器
cylinder	noun	円柱|シリンダー|気筒
cymbal	noun	シンバル
cymophane	noun	猫目石
cynical	adjective	皮肉
cynicism	noun	キニク主義|シニシズム|冷笑|冷笑主義|皮肉
cynophile	noun	愛犬家
cypress	noun	サイプレス|糸杉
cypress vine	noun	縷紅草
cyst	noun	囊胞
cysteine	noun	システイン
cystic fibrosis	noun	嚢胞性線維症
cystitis	noun	膀胱炎
cytochemistry	noun	細胞化学
cytology	noun	細胞学
cytoplasm	noun	細胞質
cytosine	noun	シトシン
cytoskeleton	noun	細胞骨格
cytosol	noun	細胞質基質|シトソル|細胞質ゾル
d'oh		畜生
d10	noun	10面
d12	noun	12面
d20	noun	20面
d4	noun	4面
d6	noun	6面
d8	noun	8面
dab	verb	ダブする
dabble	verb	ばちゃばちゃ
dacha	noun	ダーチャ
dachshund	noun	ダックスフント
dacite	noun	デイサイト
dactyloscopy	noun	指紋鑑定
dad	noun	お父さん|父|パパ
dad joke	verb	オヤジギャグ|親父ギャグ|駄洒落
dadaism	noun	ダダイスム
daddy	noun	お兄ちゃん|お父さん|パパ
daddy long-legs spider	noun	幽霊蜘蛛
daddy longlegs	noun	ザトウムシ
daemon	noun	デーモン
daffodil	noun	ラッパズイセン
dagger	noun	短剣|短刀
daggertooth pike conger	noun	ハモ|鱧
dah	noun	ツー
dahlia	noun	ダリア|天竺牡丹
daikon	noun	大根|蘿蔔
daily	adjective	毎日|日々|日刊紙|日刊新聞|日報
daimyo	noun	大名
dairy	noun	牧場|酪農|コンビニ|乳製品|牛乳屋|牛乳販売店
dairy farm	noun	酪農
dairy product	noun	酪農製品
dais	noun	上段
daisho	noun	大小
daisy chain	noun	デイジーチェーン
dakuten	noun	ちょんちょん|濁り|濁り点|濁点|点々|点点
dal	noun	ダール
dale	noun	谷
dalgona	noun	ダルゴナ
dalgona coffee	noun	ダルゴナコーヒー
dam	noun	ダム|堰堤|メス|牝|雌
damage	noun	損害|損傷|痛手|損失|損なう|傷付ける
damaging	adjective	有害
damask	noun	絢緞子|ばら色
dame's rocket	noun	花大根
damma	noun	ダンマ
dammit		くそ|しまった
damn	adjective	糞|くそ|しまった|チェ|畜生|呪う
damned	adjective	罰当たり|くそいまいましい|忌まわしい
damp	adjective	湿っぽい|湿る
damsel in distress	noun	囚われの姫君
damselfly	noun	糸蜻蛉|豆娘
dan dan noodles	noun	担々麺
dana	noun	布施
dance	noun	ダンス|踊り|舞踊|知力ゲーム|知恵比べ|踊る
dance card	noun	ダンスカード
dance floor	noun	ダンスフロア
dance to someone's tune	verb	ほいほい従う|誰かの言いなりになる
dancehall	noun	ダンスホール
dandelion	noun	たんぽぽ|蒲公英
dander	noun	鱗屑|怒り|情熱|気性
dandruff	noun	雲脂|頭垢
dandy	noun	伊達男|伊達者
danger	noun	危険
danger past, god forgotten		喉元過ぎれば熱さを忘れる
dangerous	adjective	危ない|危険
dangerously	adverb	危うい|危険
dango	noun	団子
danse macabre	noun	ダンスマカブレ|死の舞踏
danseuse	noun	舞妓|舞姫
danso	noun	タンソ|短簫
danta	noun	コティベ|ダンタ
daoshi	noun	道士
dapper	adjective	お洒落
dare	noun	肝試し|試胆会|敢えてする|思い切ってする|冒す|堪える
daredevil	noun	命知らず|我武者羅|荒武者
dark	adjective	暗い|秘密|隠密|濃い|腹黒い|邪悪|闇
dark blue	noun	紺
dark chocolate	noun	ダークチョコレート|ビターチョコレート
dark elf	noun	ダークエルフ
dark energy	noun	ダークエネルギー|暗黒エネルギー
dark figure	noun	暗数
dark horse	noun	ダークホース|惑星|穴馬
dark matter	noun	暗黒物質|ダークマター
dark nebula	noun	暗黒星雲
dark sleeper	noun	鈍甲
dark-skinned	adjective	浅黒い|色黒|黒っぽい
darkness	noun	暗黒|闇
darknet	noun	ダークネット
darkroom	noun	暗室|ダークルーム
darling	noun	スイートハート|ダーリン|ハニー|君|愛すべき|貴方
darmstadtium	noun	ダームスタチウム
darn	verb	かがる|繕う
darnel	noun	毒麦
dart	noun	ダーツ|ダート
darts	noun	ダーツ|ダート
daruma	noun	だるま|達磨
dasein	noun	現存在
dash	noun	ダッシュ|長点|疾走
dashboard	noun	ダッシュボード|計器盤
dashcam	noun	ドライブレコーダー
data	noun	データ|情報|統計|資料
data entry	noun	データ入力
data mining	noun	データマイニング
data processing	noun	データ処理
data science	noun	データサイエンス|データ科学
data scientist	noun	データサイエンティスト
data stream	noun	ストリーム|データストリーム|データ流
data structure	noun	データ構造
data type	noun	データ型
data warehouse	noun	データウェアハウス
database	noun	データベース
database administrator	noun	データベース管理者
date	noun	デーツ|ナツメヤシの実|年月日|日付|月日|デート
date back	verb	遡る
date of birth	noun	生年月日
date palm	noun	ナツメヤシ|棗椰子
dating agency	noun	結婚相談所
dative	adjective	与格
dative case	noun	与格
datum	noun	データ
daughter	noun	娘|お嬢さん|いと
daughter-in-law	noun	嫁
dawdle	verb	だらだらする|ちんたらする|油を売る|道草する
dawn	noun	夜明け|暁|明け方|あかつき|曙
dawn chorus	noun	ドーンコーラス
day	noun	日|一日|昼|昼間|の日|デー
day after	noun	あくる日|翌日
day after day	adverb	来る日も来る日も|連日
day after tomorrow	adverb	明後日
day and night	adverb	日夜|昼も夜も|昼夜
day before yesterday	adverb	一昨日|おととい
day in, day out	adverb	明けても暮れても|毎日毎日
day labor	noun	日雇い
day laborer	noun	日雇い
day off	noun	休み|休日
daybreak	noun	夜明け|黎明
daydream	noun	夢想|白日夢|白昼夢|空想
daydreamer	noun	夢想家|空想家
daylight saving time	noun	サマータイム|夏時間
daytime	noun	昼間
daze	verb	間誤付かせる
dazibao	noun	大字報
dazzle	verb	目を眩ませる|眩惑|夢中
de facto	adjective	事実上|デファクト
de jure	adjective	デ・ジュリ|法律上
de-		脱-|逆-|非-
deacon	noun	執事|輔祭|助祭
dead	adjective	死ぬ|亡い|壊れる
dead cat bounce	noun	デッド・キャット・バウンス
dead end	noun	行き詰まり|行き止まり|袋小路
dead fish	noun	マグロ
dead hand	noun	アガリ放棄|和了放棄
dead language	noun	死語
dead last	adjective	どべ|ドベ
dead leaf	noun	かれは
dead link	noun	リンク切れ
dead man's switch	noun	デッドマン装置
dead men tell no tales		死人に口無し
dead on arrival	adjective	到着時死亡
dead ringer	noun	そっくり様
dead wall	noun	王牌
dead weight	noun	4重|デッドウェイト
deadlift	noun	デッドリフト
deadline	noun	期限|締め切り|デッドライン
deadlock	noun	停滞|膠着状態|行き詰まり|デッドロック
deadly nightshade	noun	ベラドンナ
deadpan	adjective	能面のような
deaf-mute	adjective	聾唖
deafen	verb	聾する
deafness	noun	難聴
deal	noun	取引|得|合意|扱う|対処
dealer	noun	親|ディーラー
dear	adjective	恋しい|愛しい|へ|拝啓|様|親愛なる
dear diary		親愛なる日記
dearth	verb	不足
death camp	noun	絶滅収容所
death cap	noun	タマゴテングタケ|卵天狗茸
death certificate	noun	死亡証明書
death flag	noun	死亡フラグ
death knell	noun	弔鐘
death march	noun	死の行軍|死の行進|デスマ|デスマーチ
death mask	noun	デスマスク|死面
death metal	noun	デスメタル
death penalty	noun	死刑|極刑|死罪
death rate	noun	死亡率
death row	noun	死刑囚監房
death sentence	noun	死刑判決
death toll	noun	死亡者数|死者数
death wish	noun	死の願望|自殺願望
deathbed	noun	死の床
deathday	noun	命日|忌日|忌辰
deathtrap	noun	死地
deathwatch beetle	noun	死番虫
debacle	noun	大失敗
debase	verb	変造する
debate	noun	議論|ディベート|討論
debauchery	noun	放蕩|淫乱|淫逸|漁色|酒色
debenture	noun	債券
debilitate	verb	弱化
debility	noun	衰弱
debit	noun	借方
debit card	noun	デビットカード
debris	noun	残骸
debt	noun	借金|負債
debtor	noun	借方|債務者
debuccalization	noun	非口腔音化
debuff	verb	デバフ
debug	verb	デバッグ
debugger	noun	デバッガ
debugging	noun	デバッグ
debut	noun	デビュー
debutante	noun	デビュタント
deca-		デカ-
decade	noun	十年
decadence	noun	デカダンス|退廃
decaf	noun	カフェインレス|デカフェ
decagon	noun	十角形
decahedron	noun	十面体
decalcomania	noun	デカルコマニー
decalitre	noun	デカリットル
decametre	noun	デカメートル
decane	noun	デカン
decapitation	noun	打ち首|斬首
decathlon	noun	十種競技|デカスロン
decay	noun	腐敗|朽ちる|腐る
decease	noun	他界|死去|物故|亡くなる
deceased	adjective	亡くなる|死ぬ|死者|仏様|故人|死人
deceit	noun	詐欺|欺瞞
deceive	verb	騙す|欺く
deceiver	noun	詐欺師
deceleration	noun	減速
deception	noun	いんちき|ごまかし|欺瞞|欺騙
deceptive	adjective	欺瞞的
deceptive advertising	noun	誇大広告
deci-		デシ-
decibel	noun	デシベル
decide	verb	決める|解決|決する|決定
deciduous	adjective	落葉樹
decilitre	noun	デシリットル
decillion		十溝 (じゅっこう, jukkō)
decimal	noun	十進法|十進数
decimal fraction	noun	小数
decimal number	noun	十進数
decimal place	noun	小数位
decimal point	noun	小数点
decimal system	noun	十進法
decimetre	noun	デシメートル
decipher	verb	解読
decision	noun	決定|決断|決心|決意
decision making	noun	意思決定
decision tree	noun	決定木
decisiveness	noun	勇決
deck	noun	デッキ|甲板|殴り倒す
deck chair	noun	デッキチェア
declaim	verb	詠唱する
declaration	noun	宣言
declaration of war	noun	宣戦布告
declaration of will	noun	意思表示
declare	verb	宣言する|宣言
declare war	verb	宣戦布告
declension	noun	変化|曲用|格変化|ディクレンション
declensional	adjective	変化の
declinable	adjective	語形変化ができる
declination	noun	赤緯
decode	verb	解読する
decolonization	noun	脱植民地化
decommunization	noun	脱共産化
decompiler	noun	逆コンパイラー
decompose	verb	ばらす|分解|腐る
decomposition	noun	分解
decompression	noun	減圧
decompression sickness	noun	減圧症
deconstruct	verb	脱構築
decontaminate	verb	除染
decontamination	noun	除染
decorate	verb	装飾|飾る|模様替え
decoration	noun	装飾|飾り|デコレーション
decorum	noun	礼儀|礼儀正しい|端正|礼儀作法
decoy	noun	囮|好餌
decrease	noun	減少|減る|減らす
decree	noun	命令|詔勅|詔書|判決
decrepit	adjective	やつれた
decriminalization	noun	免罪
decriminalize	verb	非犯罪化する
decrypt	verb	解読
decuplet	noun	十つ子
dedicate	verb	奉納|捧げる
dedollarization	noun	脱ドル化
dedovshchina	noun	デドフシナ
deduce	verb	推論する
deduct	verb	差し引く|引く
dee	noun	ディー
deed	noun	行為
deel	noun	デール
deem	verb	見なす
deep	adjective	深い|深遠|濃い
deep fryer	noun	揚げ鍋|ディープフライヤー
deep learning	noun	ディープラーニング|深層学習
deep sea	noun	深海
deep state	noun	ディープステート|地底政府|闇の政府
deep water	noun	深い苦痛
deep-fry	verb	揚げる
deep-throat	verb	ディープスロート
deepen	verb	深める|深まる
deepfake	noun	ディープフェイク
deeply	adverb	深い
deepthroating	noun	ディープ・スロート
deer	noun	鹿|シカ
deer tick	noun	シカダニ
deerstalker hat	noun	鹿撃ち帽
defamation	noun	中傷|名誉毀損|誹謗中傷
default	noun	デフォルト
defeat	noun	挫折|敗北|負け|負かす|倒す|やっつける
defeatism	noun	敗北主義
defecate	verb	排便
defecation	noun	排便
defect	noun	欠点|欠陥|変節|脱走|寝返る|亡命
defection	noun	変節
defective verb	noun	けつじょどうし|欠如動詞
defector	noun	脱北者|離反者
defend	verb	守る|防ぐ
defendant	noun	被告
defender	noun	擁護者|防衛者|ディフェンダー
defenestration	noun	窓外放出|窓外放擲
defense	noun	防御|防禦
defensive midfielder	noun	ボランチ|中盤の底|守備的ミッドフィールダー
defer	verb	延期
defiance	noun	反抗|無視
defiant	adjective	反抗的|開き直る
defibrillator	noun	除細動器
deficient number	noun	不足数
deficit	noun	赤字|欠損
defile	verb	冒涜|汚す|濁す
define	verb	定義
definite	adjective	明確
definite article	noun	定冠詞
definite integral	noun	定積分
definitely	adverb	きっと|必ず|確かに
definition	noun	定義|語義
deflation	noun	デフレーション|収縮|通貨収縮
deflower	verb	破瓜
deformed	adjective	変形|奇形
defragmentation	noun	デフラグ|デフラグメンテーション
defraud	verb	詐取|騙し取る|騙取
defrost	verb	解凍
defunction	noun	死|消滅
degenerate	noun	変質者|退化する
degeneration	noun	悪化|退化
deglobalization	noun	ディグローバリゼーション
degree	noun	号|学位|度|次|次数|程度
degree celsius	noun	セ氏度|摂氏度
degree fahrenheit	noun	カ氏度|華氏度
degree of freedom	noun	自由度
degree of ionization	noun	電離度
dehiscence	noun	縫合不全
dehumanization	noun	非人間化
dehydrate	verb	脱水する
dehydration	noun	脱水
dehydrogenase	noun	デヒドロゲナーゼ|脱水素酵素
deicer	noun	溶氷剤|解氷剤
deicide	noun	神殺し
deindustrialization	noun	産業空洞化|空洞化
deism	noun	理神論
deity	noun	神|神仏
deixis	noun	直示
dejected	adjective	失意の|消然|落胆した
dekopon	noun	デコポン
delay	noun	遅れ|遅延|遅らせる
delegate	noun	代理人|代表|使節
delegation	noun	代表団
delegitimization	noun	非合法化
delete	verb	消す|削除
deletion	noun	削除|欠失
deliberate	adjective	作為的|故意|思慮深い|慎重|熟慮する
deliberately	adverb	わざと|故意|じっくり
delible	adjective	削除|消す
delicacy	noun	デリカシー|珍味|美味
delicate	adjective	優美な|精緻な|繊細な
delicatessen	noun	デリカテッセン|デリカ|総菜屋
delicious	adjective	美味しい|旨い
delight	noun	喜び
delighted	adjective	喜ぶ|嬉しがる
delightful	adjective	愉快|楽しい
delinquent	noun	非行者|下手人
delirium	noun	せん妄|譫妄
deliver	verb	解放する|出産する|届ける|…を果たす|引き渡す|応じる
deliverable	noun	成果物|納品物
delivery	noun	配達物|配達|伝送|引き渡し|お産|出産
delivery room	noun	分娩室
deliveryman	noun	配達員
delphacid	noun	浮塵子|糠蝿
delta	noun	デルタ|三角州
deltoid	noun	三角筋|三角靱帯
deluge	noun	洪水
delusion	noun	妄想
delusional	adjective	妄想的
delve	verb	ほる
demagogue	noun	扇動
demagogy	noun	デマ|扇動
demand	noun	需要|要|要求
demanding	adjective	きつい
demean	verb	貶める
demeanor	noun	振る舞い|物腰
dementia	noun	認知症
demerit	noun	デメリット|欠点|短所|咎め
demesne	noun	領地
demi-		半
demigod	noun	半神
demilitarisation	noun	非軍事化
demilitarized zone	noun	非武装地帯
demisemiquaver	noun	三十二分音符
demo	noun	デモ
demobilization	noun	復員
democracy	noun	民主主義|民主|デモクラシー
democratic	adjective	民主的
democratically	adverb	民主的
democratization	noun	民主化
democratize	verb	民主化
demodulator	noun	デモジュレータ|復調器
demographer	noun	人口学者
demography	noun	人口学|人口統計学
demoiselle crane	noun	姉羽鶴
demolish	verb	取り壊す|崩す
demon	noun	悪魔|鬼|悪霊|デーモン|妖魔|鬼神
demon core	noun	デーモン・コア
demonization	noun	悪魔化
demonize	verb	悪魔化
demonology	noun	悪魔学
demonstration	noun	実証|デモ|デモンストレーション|示威
demonstrative	noun	指示詞|指示語
demonstrative adjective	noun	指示形容詞
demonstrative determiner	noun	指示限定詞
demonstrative pronoun	noun	指示代名詞
demonstrator	noun	抗議者|示威運動者
demote	verb	左遷する
demulcent	noun	漿剤|粘漿剤|粘漿薬
demure	adjective	ひかえめ|大人しやか
den	noun	巣窟
denarius	noun	デナリ|デナリウス|デナリオン
denazification	noun	非ナチ化
denazify	verb	非ナチ化
dendrite	noun	樹状突起|忍石
dendrochronology	noun	年輪年代学
dendrology	noun	樹木学
dengue	noun	デング熱|デンゲ熱
dengue fever	noun	デング熱
denial	noun	否認|否定|打ち消し|拒否|拒絶
denier	noun	デニール
denigrate	verb	侮辱
denim	noun	デニム
denitrify	verb	脱窒する
denizen	noun	帰化動物|住民|居住者
denominator	noun	分母
denormalization	noun	非正規化
denounce	verb	非難
dense	adjective	濃い|密
density	noun	密度|濃度
dent	noun	凹み|凹ませる|凹む
dental	adjective	歯音
dental calculus	noun	歯石
dental caries	noun	虫歯|齲蝕
dental floss	noun	フロス|デンタルフロス
dental hygienist	noun	歯科衛生士
dentary bone	noun	歯骨
dentist	noun	歯医者|歯科医|歯科医師
dentistry	noun	歯学|歯科学
denture	noun	入れ歯|義歯
denuclearization	noun	非核化
deny	verb	否む|否定|打ち消す
deodar	noun	ヒマラヤ杉
deodorant	noun	デオドラント
deoxyribonucleic acid	noun	デオキシリボ核酸
deoxyribose	noun	デオキシリボース
depart	verb	出発|発車|立ち去る|離れる
department	noun	県|学部|局|部門
department store	noun	デパート|百貨店|デパートメントストア
departmental	adjective	部門の
departure	noun	出発|発車
depend	verb	依存
dependence	noun	依存|中毒|嗜癖
dependency	noun	付属品|属国|属領
dependency grammar	noun	依存文法
dependent	adjective	次第|依存|頼る|扶養家族|扶養親族|被扶養者
depict	verb	描く
depilate	verb	脱毛する|除毛する
depleted uranium	noun	劣化ウラン
deplorable	adjective	嘆かわしい
deploy	verb	配置|ひらく
depoliticization	noun	非政治化
depolymerization	noun	解重合
deport	verb	追放
deportation	noun	追放
deportee	noun	被追放者
deposit	noun	堆積物|預金|供託|デポジット|入金|寄託|預ける
depository	noun	倉庫
depot	noun	駅|倉庫
depraved	adjective	堕落
deprecate	verb	非難|終了
depreciation	noun	減価償却
depress	verb	凹ます|凹ませる
depression	noun	憂鬱|うつ病|窪地|低気圧|不振|不況
depressurize	verb	減圧する
depth	noun	深度|深い|奥行き
depth charge	noun	爆雷
depth of field	noun	被写界深度
deputinization	noun	非プーチン化
deputy	noun	代理人|代理|代議士
dequeue	verb	デキュー
derailment	noun	脱線
derby	noun	ダービー
derealization	noun	現実感喪失
deride	verb	嘲る|嘲笑|嘲笑う
derivation	noun	派生
derivative	noun	派生|誘導体|派生語|デリバティブ
derived function	noun	導関数
dermatitis	noun	皮膚炎
dermatologist	noun	皮膚科医
dermatology	noun	皮膚科学
dermatophytosis	noun	白癬
derogate	verb	貶す|卑しめる|卑下
desalination	noun	脱塩
descend	verb	降りる|降下する
descendant	noun	子孫|子種|後裔
descender	noun	ディセンダー
descent	noun	降下
describe	verb	描写|記述
description	noun	記述|描写|説明|記載
descriptive	adjective	説明する|限定用法の|記述的な
descriptivism	noun	記述主義
descriptor	noun	記述語
desecrate	verb	冒す|冒涜|神聖を汚す
desecration	noun	冒涜
desert	noun	砂漠|荒野|応分|去る|変節|脱営
desert island	noun	無人島
desert rose	noun	砂漠のバラ|砂漠の薔薇
deserter	noun	脱走兵
desertion	noun	敵前逃亡|脱営|脱走|逃亡|遺棄
deserve	verb	値する
desiccant	noun	乾燥剤
desiccation	noun	乾燥
design	noun	デザイン|設計|模様|意図
designate	verb	示す|称する|指定する
designer	noun	デザイナー|設計士
designer baby	noun	デザイナーチャイルド|デザイナーベビー
designer stubble	noun	デザイナーの無精ひげ
desirable	adjective	望ましい
desire	noun	欲望|願望|大願|宿願|野望|望む
desist	verb	止める
desk	noun	机
desktop	noun	机の上|デスクトップ|デスクトップコンピューター
desktop computer	noun	デスクトップコンピューター|デスクトップパソコン
desktop mascot	noun	デスクトップマスコット
desktop publishing	noun	デスクトップパブリッシング|卓上出版
desolate	adjective	寂れた|荒れる|寂しい|絶望的
despair	noun	絶望|失望|諦める
desperate	adjective	絶望的
desperately	adverb	必死
desperation	noun	絶望
despicable	adjective	卑しい|卑劣|汚い
despise	verb	嫌悪|蔑む|見下す|軽蔑
despite		にも関わらず
despoil	verb	略奪
despondent	adjective	失意の|悲しい|消然|落胆した
despot	noun	暴君
despotism	noun	独裁主義|独裁|専制|暴政
dessert	noun	デザート|スイーツ
dessertspoon	noun	デザートスプーン
destabilization	noun	不安定化
destalinization	noun	非スターリン化
destination	noun	目的地
destroy	verb	壊す|破る|潰す|破壊
destroyable	adjective	壊せる|壊れやすい|脆い
destroyer	noun	破壊者|駆逐艦
destructible	adjective	壊す|壊れる|脆い
destruction	noun	破壊|湮滅|破棄|倒壊|滅亡|潰滅
destructive	adjective	破壊的
destructor	noun	デストラクタ|消去子
desuetude	noun	廃止
detached house	noun	一戸建て
detail	noun	詳細|詳細に説明する
detailed	adjective	細かい|詳しい|詳細
detain	verb	引き留める|拘留
detect	verb	検出する|見付ける
detective	noun	探偵|刑事|私立探偵
detention	noun	抑留|拘留|拘置
deter	verb	防ぐ|阻む|阻止|思い止まらせる|抑止
detergent	noun	洗剤
deteriorate	verb	悪い|悪化|改悪
deterioration	noun	改悪
determinant	noun	行列式
determination	noun	決意
determine	verb	定める|決する|決定
determined	adjective	断固
determiner	noun	限定詞
determinism	noun	決定論
deterrent	noun	抑止力
detest	verb	ひどく嫌う|大嫌い
dethrone	verb	廃位|引き摺り下ろす
detonate	verb	爆発
detonation	noun	爆轟
detonator	noun	雷管
detour	noun	迂回路|迂回
detox	noun	デトックス
detoxicate	verb	無害化|解毒
detoxify	verb	無害化|解毒
detriment	noun	損害
detrimental	adjective	害|損なう|有害
deuce	noun	デュース|ジュース
deus ex machina	noun	どんでん返し|デウスエクスマキナ|急場しのぎ
deuterium	noun	重水素
deuteron	noun	重陽子
deuterostome	noun	後口動物
devastate	verb	破壊する
develop	verb	発展|発達
developed	adjective	先進|開発
developed country	noun	先進国
developer	noun	現像液|プログラマー
developing	adjective	発展途上
developing country	noun	発展途上国|途上国
development	noun	発展|開発
developmental disability	noun	発達障害
deviation	noun	偏差
deviationist	noun	反体制|反体制派|反対者
device	noun	装置|デバイス
device driver	noun	デバイスドライバ|ドライバー
devil	noun	悪魔|悪鬼|鬼|サタン
devil's advocate	noun	悪魔の代弁者|列聖調査審問検事
devil's claw	noun	デビルズクロー
devilish	adjective	悪魔的|残忍|非常
devote	verb	凝る
devour	verb	貪る
devout	adjective	敬虔
dew	noun	露
dew point	noun	露点
dewclaw	noun	狼爪
dewdrop	noun	露滴
dexterity	noun	器用|素早い
dexterous	adjective	器用
dextrin	noun	デキストリン|糊精
dextrose	noun	デキストロース|右旋糖
dhabihah	noun	ザビーハ
dhampir	noun	ダンピール
dharma	noun	法
dharmachakra	noun	法輪
dharmapala	noun	諸天善神|護法善神|護法神
dhikr	noun	ジクル|ズィクル
dhole	noun	ドール
di-		両|二|双
diabetes	noun	糖尿病
diabetes mellitus	noun	糖尿病
diabolical	adjective	悪魔的な|悪質な|残酷な|邪悪な
diachronic	adjective	通時的
diachrony	noun	通時態
diacritical mark	noun	ダイアクリティカルマーク|字上符
diadem	noun	ダイアデム
diaeresis	noun	トレマ|ウムラウト|ダイエリシス|分音符号|分音記号
diagenesis	noun	続成作用
diagnose	verb	診断
diagnosis	noun	診断
diagonal	adjective	対角|筋交い|斜め
diagonal element	noun	対角要素
diagonal matrix	noun	対角行列
diagram	noun	図表|ダイヤグラム|図|グラフ|チャート|図解
dial	noun	ダイヤル|電話をかける
dialect	noun	方言|弁
dialectic	noun	弁証法
dialectical	adjective	弁証法の
dialectical materialism	noun	唯物弁証法|弁証法的唯物論
dialectological	adjective	方言学的
dialectologist	noun	方言学者
dialectology	noun	方言学
dialog box	noun	ダイアログボックス
dialogue	noun	対話|対談|対話形式
dialysis	noun	透析
diameter	noun	直径|径
diametrical	adjective	対極|対角|正反対|直径|真逆
diametrically	adverb	対極|百八十度
diamond	noun	ダイヤモンド|金剛石|ダイヤ|ギヤマン
diamond in the rough	noun	原石
diamond ring	noun	ダイヤの指輪|ダイヤモンドリング
diamonds	noun	ダイヤ
diaper	noun	おむつ|お襁褓|ダイパー|襁褓
diaper cake	noun	おむつケーキ
diaphragm	noun	横隔膜
diarrhea	noun	下痢
diary	noun	日記|日記帳
diaspora	noun	ディアスポラ|四散|離散
diastrophism	noun	地殻変動
diatom	noun	珪藻
diatomaceous earth	noun	珪藻土
diatomite	noun	珪藻土
diatonic scale	noun	全音階
diazepam	noun	ジアゼパム
dibenzodioxin	noun	ジベンゾジオキシン
dicarboxylic acid	noun	ジカルボン酸
dichotomy	noun	二分法
dick	noun	ちんこ|ちんぽ|ちんぽこ|おちんちん|ちんちん|ぽこちん
dickhead	noun	糞垂れ
dicotyledon	noun	双子葉植物
dictation	noun	聞き取り
dictation machine	noun	ボイスレコーダー|口述録音機
dictator	noun	独裁者
dictatorship	noun	独裁|独裁政治
dictatorship of the proletariat	noun	プロレタリア独裁|無産階級独裁
diction	noun	ディクション|言い回し
dictionary	noun	辞書|辞典|字典|字書|字引
dictionary attack	noun	辞書攻撃
dictionary form	noun	原形|辞書形
die	noun	骰子|賽子|死ぬ|亡くなる|心が折れる|死亡
die out	verb	死に絶える
die prematurely	verb	夭逝する|早死にする
dielectric	noun	誘電体
diencephalon	noun	間脳
diesel	noun	軽油
diesel engine	noun	ディーゼルエンジン
diesel multiple unit	noun	気動車
diet	noun	飲食|国会|議会|ダイエット
dietary fibre	noun	食物繊維
diethyl ether	noun	ジエチルエーテル
diethylene glycol	noun	ジエチレングリコール
dietitian	noun	栄養士
differ	verb	異なる|違う
difference	noun	違い|差異|差
difference engine	noun	階差機関
different	adjective	異なる|違う|変わる|特異
differential equation	noun	微分方程式
differential geometry	noun	微分幾何学
differentiate	verb	分化する
differentiation	noun	分化|区別|微分
difficult	adjective	難しい|困難
difficulty	noun	難しさ|困難|障害
diffusion	noun	拡散
différance	noun	差延
difluoromethane	noun	ジフルオロメタン
dig	verb	掘る
dig one's own grave	verb	墓穴を掘る
digest	noun	ダイジェスト|消化|会得
digestion	noun	消化
digestive	noun	消化剤|消化薬
digestive system	noun	消化器系
digestive tract	noun	消化管
digit	noun	数字|指
digital	adjective	デジタル
digital camera	noun	デジカメ|デジタルカメラ
digital rights management	noun	デジタル著作権管理
digital television	noun	デジタルテレビ
digital transformation	noun	デジタルトランスフォーメーション
digitigrade	adjective	趾行の|趾行動物
digitization	noun	デジタル化|数値化|電子化
digitize	verb	デジタル化|数値化|電子化
diglossia	noun	ダイグロシア|二言語変種使い分け
dignify	verb	品格|褒賞
dignitary	noun	高官|要人|高僧
dignity	noun	尊厳
digon	noun	二角形
dihydrogen monoxide	noun	一酸化二水素
dilapidation	noun	荒廃
dildo	noun	張形|ディルド
dilemma	noun	ジレンマ
diligence	noun	勤勉|精励
diligent	adjective	勤勉
diligently	adverb	勉める|精を出す
dill	noun	ディル|蒔蘿
dilophosaur	noun	ディロフォサウルス
dilute	verb	薄める|希釈
dim	adjective	仄暗い|薄暗い|朧気
dim sum	noun	点心
dimension	noun	寸法|面積|次元
dimensional	adjective	次元
dimensional analysis	noun	次元解析
diminuendo	noun	ディミヌエンド
diminutive	adjective	指小辞
dimmer	noun	調光器
dimorphotheca	noun	ディモルフォセカ
dimple	noun	へこみ|凹み|靨|えくぼ|ディンプル
dimwit	noun	あほ|ばか|間抜け
din	noun	騒音
dinar	noun	ディナール
dine and dash	noun	無銭飲食
diner	noun	ダイナー|食堂車
ding	noun	鼎
ding dong		ピンポン
ding-dong ditch	noun	ピンポンダッシュ
dinghy	noun	ディンギー
dingleberry	noun	糞垂れ
dingo	noun	ディンゴ
dining car	noun	食堂車
dining hall	noun	学食
dining room	noun	食堂
dining table	noun	食卓|キッチンテーブル|ダイニングテーブル
dinner	noun	夕食|昼食|昼飯|晩餐|正餐
dinner party	noun	晩餐会
dinner table	noun	ディナーテーブル|食卓
dinoflagellate	noun	渦鞭毛藻
dinosaur	noun	恐竜
diocese	noun	教区
diode	noun	ダイオード
diopter	noun	ディオプトリ
diorite	noun	閃緑岩
diose	noun	ジオース
dioxide	noun	二酸化物
dioxin	noun	ダイオキシン
diphtheria	noun	ジフテリア
diphthong	noun	二重母音
diphthongization	noun	二重母音化
diphthongize	verb	二重母音化する
diplodocus	noun	ディプロドクス
diploid	adjective	二倍体
diploma	noun	ディプロマ|修了証|卒業証書|学位記
diplomacy	noun	外交
diplomat	noun	外交官|外交家
diplomatic	adjective	外交的
diplomatic relations	noun	国交|外交関係
diplomatics	noun	文書形式学
dipped headlight	noun	すれ違い用前照灯|ロービーム|下向き|近目
dipshit	noun	糞垂れ|間抜け|頓痴気
diptych	noun	ディプティク
dipyramid	noun	双角錐
dire straits	noun	四苦八苦
dire wolf	noun	ダイアウルフ
direct	adjective	直接
direct current	noun	直流|直流電流
direct democracy	noun	直接民主主義
direct flight	noun	直行便
direct object	noun	直接目的語
direct speech	noun	直接話法
directed graph	noun	有向グラフ
direction	noun	方向|指揮|監督
directions	noun	指示
directive	noun	指示
directly	adverb	直接
director	noun	監督|指揮者
director general	noun	局長
director's cut	noun	ディレクターズ・カット
directory	noun	フォルダ|ディレクトリ|一覧|名鑑
directory service	noun	ディレクトリ・サービス
dirge	noun	哀歌|弔歌
dirham	noun	ディルハム
dirigible	noun	軽気球|飛行船
dirndl	noun	ダーンドル
dirt	noun	土|ダート|泥|泥土
dirty	adjective	汚い|汚れている
dirty bomb	noun	汚い爆弾|ダーティー・ボム
dirty joke	noun	下ネタ
dirty money	noun	悪金|悪銭|汚れたお金
dirty thunderstorm	noun	火山雷
disability	noun	障害
disable	verb	無力化|無効
disabled	noun	身障者|障害者
disablement	noun	無力化
disaccharide	noun	二糖
disadvantage	noun	不利
disagree	verb	反対する|揉める|異なる
disagreeable	adjective	いや
disambiguation	noun	曖昧さ回避
disappear	verb	消える
disappearance	noun	消失
disappoint	verb	失望させる
disappointed	adjective	失望
disappointment	noun	失望
disarm	verb	武装解除|軍備を縮小する|軍縮|干戈を収める|武器を捨てる
disarmament	noun	軍縮
disassemble	verb	分解
disassembler	noun	逆アセンブラー
disaster	noun	災害|天災|惨事|災い|災難
disastrous	adjective	忌まわしい
disband	verb	解散
disbelieve	verb	疑う
disc jockey	noun	ディスクジョッキー|DJ|ディージェイ
discard	noun	廃棄物|捨て札|捨てる|棄てる
discharge	noun	放電|全う|退院させる|発射|免じる
discipline	noun	規律|鍛錬|学問|学科
disclaimer	noun	免責事項
disclose	verb	啓
disco	noun	ディスコ
disco ball	noun	ミラーボール
discography	noun	ディスコグラフィ|作品
discolor	verb	変色
discoloration	noun	変色
discomfort	noun	不安|不快
disconnect	noun	切る|切断
disconnection	noun	断絶
discontinue	verb	打ち切る
discotheque	noun	ディスコ
discount	noun	割引|値引き|差し引く|割り引く
discourage	verb	がっかり|落胆|思い止まらせる|抑止
discourse	noun	会話|会談|対話|論文|デイスクー
discover	verb	発見|見つける
discovery	noun	発見
discredit	verb	信用を傷つける|信用を落とす|覆す
discrepancy	noun	不一致|違い|食い違い
discrete fourier transform	noun	離散フーリエ変換
discrete mathematics	noun	離散数学
discretization	noun	離散化
discriminant	noun	判別式
discriminate	verb	冷遇|差別|区別
discrimination	noun	区別|差別|冷遇
discus	noun	円盤
discus throw	noun	円盤投|円盤投げ
discus thrower	noun	円盤投の選手
discuss	verb	議論|商議|討論|論ずる
discussion	noun	議論|討論
disdain	noun	侮蔑|唾棄|軽侮|軽蔑|蔑む|見下す
disease	noun	病気|疾病
disembark	verb	降りる|上陸
disequilibrium	noun	不均衡
disfavour	noun	冷遇
disfigure	verb	醜い
disgrace	noun	恥辱|恥|不名誉
disgraceful	adjective	不名誉|恥ずべき
disguise	noun	変装
disgust	noun	嫌気|嫌い|嫌悪|ムカつく|嫌気がさす
disgusting	adjective	きもい|忌まわしい
dish	noun	皿|料理|食事|ディッシュ
dish out	verb	取り分ける|大皿に盛る|与える|配る
dishearten	verb	がっかり|落胆
dishes	noun	皿洗い|食器洗い
dishonest	adjective	不正直
dishwasher	noun	食器洗い機|食器洗浄機|食洗機|皿洗い|皿洗い機
disillusionment	noun	幻滅|失望
disinfect	verb	消毒
disinfectant	noun	消毒剤
disinfection	noun	消毒
disinformation	noun	偽情報|誤報
disingenuous	adjective	不誠実
disjunctive syllogism	noun	選言三段論法
disk	noun	ディスク|円盤|円|丸|円形|レコード
dislike	noun	厭悪|嫌悪|やだね!|ヤダネ!|厭う|嫌い
dislocate	verb	脱臼する
dislocation	noun	脱臼|断層
dismantle	verb	分解|脱ぐ
dismay	noun	狼狽
dismember	verb	切り放す
dismiss	verb	解雇
dismissal	noun	解雇
dismissible	adjective	使い捨て|解雇|首切る
disobedience	noun	不服従
disorder	noun	無秩序|混乱|障害
disorderly	adjective	無秩序
disorientation	noun	とまどい
disparage	verb	罵る|貶す
disparate	adjective	異質
dispatcher	noun	ディスパッチャ
dispensary	noun	保健室
disperse	verb	退散
displacement	noun	変位
display	noun	ディスプレイ
display window	noun	ショーウィンドウ
displeasure	noun	不快
disport	verb	愉しむ|遊び興じる
disposable diaper	noun	使い捨ておむつ
disposable income	noun	可処分所得
disposition	noun	処分|性分
disproportionate	adjective	不釣り合い
disprove	verb	反駁
disputable	adjective	疑わしい
dispute	noun	論争|議論|争う|反対する|反論する|抵抗する
disqualification	noun	不合格
disrespect	noun	無礼|軽視
disrespectful	adjective	不敬|不遜な
diss	noun	ディス|ディスる
dissatisfaction	noun	不満|不満足
dissatisfied	adjective	不平|不満
dissection	noun	解剖
disseminate	verb	広める|蒔く|広まる
disseminated intravascular coagulation	noun	播種性血管内凝固症候群|汎発性血管内凝固症候群
dissemination	noun	伝播
dissenter	noun	反体制|反体制派|反対者
dissertation	noun	博士論文|学位論文
disservice	noun	ひどい仕打ち
dissident	noun	反体制|反体制派
dissipation	noun	散逸|放蕩|自堕落
dissociative identity disorder	noun	二重人格|多重人格|解離性同一性障害
dissoluble	adjective	溶かす|溶ける
dissolute	adjective	エッチ|嫌らしい
dissolution	noun	解体|廃止|解散
dissolve	verb	廃止|解散|溶かす|溶く|溶ける
dissonance	noun	不一致
dissuade	verb	思いとどまる|諫める
distaff	noun	糸巻き棒|女性の仕事
distaff side	noun	母方
distance	noun	距離|遠方
distance learning	noun	遠隔教育
distant	adjective	遠い|辺鄙|遠隔
distil	verb	蒸留
distillation	noun	蒸留
distilled water	noun	蒸留水
distinct	adjective	明白|異なる|無二
distinction	noun	区別|違い
distinctly	adverb	はっきり
distinguish	verb	区別|感知|目立つ
distinguishable	adjective	判る|区別
distinguished	adjective	傑出|特異|非凡
distort	verb	曲げる|歪める
distract	verb	気をそらす
distraction	noun	逆上
distress	noun	不快ストレス
distress signal	noun	救助信号
distribute	verb	分ける|分散|配送|配達|配る|撒く
distribution	noun	配布|配分|分布
distributivity	noun	分配法則
district	noun	区|地区|郭|地域|地方
distrust	noun	疑惑|不信
distrustful	adjective	疑い深い
disturb	verb	乱す
disturbance	noun	動乱|動揺|混乱
dit	noun	トン
ditch	noun	側溝
ditheism	noun	二神教
ditransitive verb	noun	二重他動詞
ditto	noun	同上
diuretic	noun	利尿薬
diurnal	adjective	日中|昼間
diva	noun	ディーバ|ディーヴァ|歌姫
divan	noun	ソファ|ディヴァン
dive	verb	潜る|飛び込む
dive bomber	noun	急降下爆撃機
diver	noun	ダイバー|潜り|潜水夫
divergence	noun	発散
divergent series	noun	発散級数
diverse	adjective	様々
diversification	noun	万状|多様化
diversify	verb	多様化
diversion	noun	陽動
diversity	noun	多様性|変化
diverticulosis	noun	大腸憩室症
divertimento	noun	ディヴェルティスマン|ディヴェルティメント|喜遊曲|嬉遊曲
divest	verb	奪う
divestment	noun	剥奪
divide	verb	分ける|分割|割る
divide and conquer	verb	分割統治
divided	adjective	分かれる|分裂
dividend	noun	配当|配当金|被除数
divination	noun	占い
diving	noun	ダイビング
diving beetle	noun	源五郎
divinity	noun	神性
divisibility	noun	可分
divisible	adjective	分けられる|分割|割れる|可分|割り切れる
division	noun	分割|除法|師団|部|割り算|除算
division of labour	noun	分業
divisive	adjective	分割的
divisor	noun	除数|約数
divorce	noun	離婚
divorcee	noun	離婚した女|離婚した男
dizi	noun	中国の尺八|中国笛
dizziness	noun	くらくら|目眩
djembe	noun	ジャンベ
do	noun	ド|する|やる|なさる|致す|か
do away with	verb	止める
do in	verb	やる
do not disturb		起こさないで下さい
do one's business	verb	用を足す
do the dishes	verb	皿を洗う|皿洗い|食器類を洗う
do the laundry	verb	洗濯
do you accept american dollars		米ドルは使えますか
do you accept credit cards		クレジットカードは使えますか
do you believe in god		神を信じますか|神様を信じますか
do you come here often		ここにはよく来るんですか
do you have wi-fi		[[Wi-Fi]]がありますか？|[[Wi-Fi]]があるの？
do you have a boyfriend		ボーイフレンドがいますか|彼がいますか
do you have a girlfriend		ガールフレンドがいますか|彼女がいますか
do you have a menu in english		英語のメニューがありますか
do you have any brothers or sisters		兄弟がいますか
do you have any pets		ペットはいますか|ペットを飼っていますか？
do you have children		子供がいますか
do you know		ご存知ですか|知っていますか
do you love me		私を愛していますか|私を愛してる？
do you need help		助けが必要ですか
do you speak english		日本語ができますか？|日本語が話せますか？|英語が話せますか？
dobra	noun	ドブラ
docent	noun	講師|ガイド
docile	adjective	おとなしい|従順
docility	noun	従順
dock	noun	羊蹄|酸葉|埠頭|被告席|牛蒡|ドック
docking	noun	ドッキング
dockworker	noun	港湾労働者
dockyard	noun	造船所
doctoral	adjective	博士
doctoral thesis	noun	博士論文
doctorate	noun	博士|博士号
doctrine	noun	ドクトリン|教義|教理|学説
document	noun	書類|文書|ドキュメント
document camera	noun	書画カメラ
documentary	noun	記録映画|ドキュメンタリー
documentation	noun	ドキュメンテーション|文書
dodder	noun	根無葛
dodecadodecahedron	noun	十二・十二面体
dodecagon	noun	十二角形
dodecahedron	noun	十二面体|正十二面体
dodge	verb	身をかわす|よける
dodgeball	noun	ドッジボール
dodo	noun	ドードー
doenjang	noun	テンジャン
does anyone here speak english		こちらで英語を話せる人はいますか
dog	noun	犬|牡犬|狗|雄犬|ぶす|悪党
dog collar	noun	首輪
dog days	noun	真夏
dog eat dog	adjective	食うか食われるか
dog food	noun	ドッグフード
dog meat	noun	狗肉
dog shit	noun	犬のくそ
dog tag	noun	認識票
dog year	noun	ドッグイヤー
dog-ear	noun	ドッグイア
doggie door	noun	ペットドア
doggy bag	noun	ドギーバッグ
doggy style	noun	後背位|バック
dogma	noun	定説|教条|教義|教理
dogmatic	adjective	独断的
dogmatism	noun	教条主義
dogsled	noun	犬ぞり
dogwood	noun	水木
doi moi	noun	ドイモイ|刷新
doing	noun	する|仕業|行為
dojo	noun	道場|泥鰌
dokkaebi	noun	トケビ|トッケビ|ドケビ|ドッケビ
dolce far niente	noun	寝食い|徒食
dolce vita	noun	逸楽生活
dole out	verb	分け与える
dolichocephaly	noun	長頭症
doll	noun	人形
doll's house	noun	ドールハウス|人形の家
dollar	noun	ドル|弗
dollar store	noun	100円ショップ
dollarbird	noun	仏法僧
dolly	noun	ドリー
dolmen	noun	支石墓
dolour	noun	悲哀
dolphin	noun	海豚|イルカ|ドルフィン
dolphin kick	noun	ドルフィンキック
dolphin shorts	noun	ドルフィンショーツ|ドルフィンパンツ
domain	noun	領域|ドメイン|定義域|始域
dome	noun	ドーム|天蓋|円屋根|円蓋
domestic	adjective	家庭|国内
domestic cat	noun	イエネコ|家猫
domestic policy	noun	国策
domestic violence	noun	DV|ドメスティック・バイオレンス|家庭内暴力
domesticate	verb	馴らす
domestique	noun	アシスト
domicile	noun	住所|住宅|住居
dominant	adjective	支配的|属音
dominate	verb	支配|治める|統べる
domineering	adjective	S|高飛車
domino	noun	ドミノ
domino effect	noun	ドミノ効果
dominoes	noun	ドミノ|ドミノ牌
domovoy	noun	ドモヴォーイ
don't	verb	...ないでください|な
don't count your chickens before they're hatched		捕らぬ狸の皮算用
don't mention it		どういたしまして|いいえ
don't try to teach grandma how to suck eggs		釈迦に説法
don't worry		心配|気にする
donate	verb	寄付|寄贈
donation	noun	寄付
donburi	noun	丼|丼物
done	adjective	済み|済む|終わる
dong	noun	ドン
dongle	noun	ドングル
dongsaeng	noun	ドンセン
donkey	noun	驢馬|ロバ
donor	noun	寄贈者
doodle	noun	落書き
doogh	noun	ドゥーグ
doom	noun	運命|凶運|災難|判決|宣告|刑罰|断罪
doomsday	noun	ドームズデー|終わりの時
door	noun	戸|扉|ドア|戸口
door chain	noun	ドアチェーン
door god	noun	門神
door to door	adverb	各戸
doorbell	noun	ドアチャイム|呼び鈴|ドアベル|ベル|電鈴
doorkeeper	noun	守衛|玄関番|門番
doorknob	noun	ドアノブ|ドアハンドル
doorknocker	noun	ドアノッカー|ノッカー
doorman	noun	ドアマン|玄関番
doormat	noun	ドアマット|マット|靴拭き
doorstep	noun	戸口の踏み段
doorway	noun	戸口
dopamine	noun	ドーパミン
dope	verb	添加
doping	noun	ドーピング|ドーパント
doppelganger	noun	ドッペルゲンガー
dorayaki	noun	銅鑼焼き
dormancy	noun	休止|休眠|睡眠
dormant	adjective	休止中|休眠中
dormant volcano	noun	休火山
dormition	noun	睡眠|永眠|瞑目
dormitory	noun	寝室|宿舎|寮
dormouse	noun	ヤマネ
dorsal fin	noun	背鰭
dose	noun	用量
dosimeter	noun	線量計
dosirak	noun	トシラク
doss-house	noun	どや|安宿
dossier	noun	一件書類
dot	noun	点|終止符|ドット
dot matrix	noun	ドットマトリクス
dot matrix printer	noun	ドットマトリックスプリンター
dotage	noun	もうろく|耄碌|認知症
dotard	noun	老い耄れ
dothideomycete	noun	黒疣茸
dotted gizzard shad	noun	鮗|鰶
doubanjiang	noun	豆板醤|豆板醬|豆瓣醬
double	adjective	双|二倍|二重|替え玉|複製
double act	noun	漫才
double bass	noun	コントラバス|コンバス
double bond	noun	二重結合
double chin	noun	二重顎
double door	noun	両開き|両開きのドア|二重扉
double entendre	noun	ダブル・ミーニング
double eyelid	noun	二重瞼
double jeopardy	noun	一事不再理
double penetration	noun	両穴攻め|二穴同時挿入|二穴挿入
double play	noun	ダブルプレー|併殺
double room	noun	ダブルルーム
double standard	noun	ダブルスタンダード|ダブスタ|二重基準|二重標準|二重規範
double star	noun	二重星
double take	noun	二度見
double track	noun	複線
double-click	noun	ダブルクリック
double-decker	noun	2階建てバス|2階建車両|ダブルデッカー
double-edged sword	noun	諸刃の剣
double-ended queue	noun	両端キュー
double-stranded	adjective	二本鎖
double-track	adjective	複線
double-u	noun	ダブリュー
doubles	noun	ダブルス
doublet	noun	二重語
doublethink	noun	二重思考
doubloon	noun	ダブルーン
doubt	noun	疑い|疑問|不審|疑う|訝しむ
douche	noun	洗浄器
douchi	noun	トウチ
dough	noun	生地|練り粉
doughnut	noun	ドーナツ|ドーナッツ
dougong	noun	斗拱|組物
doujinshi	noun	同人誌|同人雑誌
dove	noun	鳩
dovetail	noun	蟻継ぎ
dowel	noun	ダボ
down	adverb	下|南|下り|ダウン|綿毛|羽毛
down payment	noun	頭金
down quark	noun	ダウンクォーク
down with		倒す|打倒
down-to-earth	adjective	地に足のついた
downfall	noun	滅亡|最期|衰亡|致命傷
downhill	adverb	下り坂
download	noun	ダウンロード|ダウンロードする
downplay	verb	矮小化
downpour	noun	大雨|土砂降り
downsize	verb	ダウンサイジング|リストラ
downsizing	noun	ダウンサイジング|リストラ
downstairs	adjective	階下
downstream	adjective	下流
downtime	noun	ダウンタイム
downtown	noun	ダウンタウン|中心業務地区|中心部|町
downturn	noun	下降
dowry	noun	持参金
dowsing	noun	ダウジング
doxology	noun	頌栄
doxx	verb	晒し|身バレ
doyen	noun	元老|長老
doze off	verb	うとうと
dozen	noun	ダース
drachma	noun	ドラクマ
draft	noun	下書き|生|稿|草稿|徴兵
draftee	noun	召集兵|徴募兵|徴集兵|応召兵|応召者|新兵
drag	verb	引きずる|引き離す|引く
drag queen	noun	ドラァグクイーン
dragnet	noun	引き網
dragon	noun	竜|ドラゴン|龍
dragon boat	noun	ドラゴンボート|ペーロン
dragon fruit	noun	ドラゴンフルーツ|ピタヤ
dragon's blood	noun	麒麟竭|麒麟血
dragonewt	noun	ドラゴニュート
dragonfly	noun	蜻蛉|トンボ
dragonkin	noun	竜種
dragoon	noun	竜騎兵|ドラグーン
dragée	noun	ドラジェ
drainage basin	noun	流域
drainpipe	noun	排水管
draisine	noun	軌道自転車
drake	noun	雄鴨
drama	noun	ドラマ|劇|演戯|芝居
dramatic	adjective	劇的|ドラマティック
drapes	noun	カーテン|ドレープ
draughts	noun	チェッカー|ドラフツ|西洋碁
draw	noun	引き分け|引き分ける|描く|引く
draw attention	verb	注意を引く
draw one's last breath	verb	息を引き取る
draw up	verb	練る
drawback	noun	欠点
drawbridge	noun	跳ね橋
drawer	noun	引き出し|引出し
drawers	noun	ズロース
drawing	noun	絵|図画|素描|デッサン|ドローイング|抽選
drawing board	noun	画板
dread	noun	恐怖
dreadlocks	noun	ドレッドロックス|ドレッドヘア
dreadnought	noun	ドレッドノート|弩級戦艦
dream	noun	夢|望み|ドリーム|夢想|希望|夢を見る
dream come true	noun	夢が叶う
dreamboat	noun	ドリームボート
dreamcatcher	noun	ドリームキャッチャー
dreamer	noun	夢想家|空想家
dreamlike	adjective	夢幻的
dreary	adjective	わびしい|荒涼とした
drench	verb	浸す
dress	noun	ドレス|ワンピース|服|衣服|服を着せる|服を着る
dress shirt	noun	ワイシャツ
dress up	verb	着飾る
dresser	noun	箪笥
dressing	noun	包帯|ドレッシング|肥料
dressing gown	noun	ガウン|バスローブ|部屋着
dressing room	noun	ドレッシングルーム|更衣室
dressing table	noun	化粧台|ドレッサー
dressmaker	noun	ドレスメーカー|仕立て屋
dressmaking	noun	仕立て
drever	noun	ドレーファー
dribble	verb	滲む
dried	adjective	乾燥
dried fruit	noun	ドライフルーツ|乾果|干し果物
drift	noun	漂流|ドリフト
drift ice	noun	流氷
drill	noun	ドリル|訓練
drink	noun	ドリンク|飲み物|飲料|飲用|飲む|お酒
drink like a fish	verb	鯨飲
drinker	noun	酒好き|酒飲み|飲む人
drinking fountain	noun	水飲み場
drinking game	noun	酒合戦
drinking horn	noun	角杯
drinking straw	noun	ストロー
drinking water	noun	飲み水|飲料水|飲用水
drip	noun	点滴|輸液|滴る
drive	noun	気迫|ドライブ|運転する|運転|駆る|打ち込む
drive away	verb	追い遣る|退ける
drive-in	noun	ドライブイン|ドライブインシアター
drive-through	noun	ドライブスルー
driver	noun	運転手|ドライバー|ドライバ|運転者
driver's license	noun	運転免許証|免許証|運転免許
driveway	noun	私道
driving	noun	運転
driving school	noun	自動車学校
drizzle	noun	小雨|霧雨|時雨
droit de suite	noun	追及権
dromedary	noun	ヒトコブラクダ|一瘤駱駝
drone	noun	雄蜂|ブンブン|単調な低音を出す|ドローン|無人航空機|無人飛行機|単調に話す
drool	noun	唾|涎
drop	noun	滴|雫|リコリス菓子|降下する|落とす
drop by	verb	立ち寄る
drop dead		くたばれ
drop in the bucket	noun	大海の一滴
drop off	verb	落ちる
drop tower	noun	ドロップタワー
dropdown list	noun	ドロップダウンリスト
droplet	noun	小滴
dropout	noun	中退者|落ち零れ|負け組
dropping	noun	ふん|糞
drought	noun	旱魃
drown	verb	溺らす|水死|圧倒|溺れる|溺死
drowsiness	noun	眠け|眠気
drowsy	adjective	眠い|眠たい
drudgery	noun	苦役
drug	noun	薬|薬剤|医薬品|麻薬|薬物
drug addict	noun	麻薬常習者|麻薬中毒者|ジャンキー
drug addiction	noun	薬物嗜癖
drug dealer	noun	麻薬密売人
drug dog	noun	麻薬犬
druid	noun	ドルイド
drum	noun	鼓|太鼓|ドラム
drum machine	noun	ドラムマシン
drum major	noun	鼓手長
drummer	noun	ドラマー|鼓手
drumstick	noun	桴|ドラムスティック
drunk	adjective	酔っ払い|酔い|酔っぱらった|飲兵衛|小虎|愛飲家
drunk driving	noun	酒気帯び運転|酒酔い運転|飲酒運転
drunken	adjective	酔い|酔う|酔っ払い|酔っ払う
drunkenness	noun	酩酊
dry	adjective	乾く|乾いた|乾かす
dry cleaner	noun	クリーニング|クリーニング店
dry cleaning	noun	ドライクリーニング|クリーニング|乾燥洗濯
dry ice	noun	ドライアイス
dry mouth	noun	口腔乾燥症
dry season	noun	乾季|乾期
dryad	noun	ドリュアス
drydock	noun	乾ドック
dryer	noun	乾燥機|衣類乾燥機
drying oil	noun	乾性油
drywall	noun	石膏ボード
du'a'	noun	ドゥアー
dual	adjective	双数|双数形
dual citizenship	noun	二重国籍|二重市民権
dub	noun	ダブ|コピーする|写す|吹き替える
dubbing	noun	吹き替え|ダビング
dubious	adjective	疑わしい|胡散臭い
dubnium	noun	ドブニウム
dubplate	noun	ダブ・プレート
dubstep	noun	ダブステップ
duce	noun	ドゥーチェ
duchess	noun	公爵夫人
duchy	noun	公国|公爵領
duck	noun	アヒル|鴨|カモ|家鴨
ducks and drakes	noun	水切り
duckweed	noun	ウキクサ|浮草
duct	noun	ダクト|導管
duct tape	noun	ガムテープ|ダクトテープ
dud	noun	不発弾
dude	noun	やつ|おす
due to		せい|ため
duel	noun	決闘|デュエル
duergar	noun	ドヴェルガー
dues	noun	会費
duet	noun	デュオ|二重唱|二重奏|デュエット
duffel bag	noun	ダッフルバッグ|雑嚢
duffel coat	noun	ダッフルコート
dugong	noun	ジュゴン
dugout	noun	丸木舟|ダッグアウト
duh		当たり前
duke	noun	公爵
dukkah	noun	デュカ
dukkha	noun	苦
dulce de leche	noun	デルセ・デ・リッチ|ドゥルセ・デ・レチェ|ドルセ・デ・レチェ
dull	adjective	鈍い|つまらない|退屈
duma	noun	ドゥーマ|国家院
dumb	adjective	ばか|愚か|実のない
dumb terminal	noun	ダムターミナル|ダム端末|簡易端末
dumbass	noun	アホ|馬鹿
dumbbell	noun	ダンベル|唖鈴|鉄アレイ
dumbcane	noun	ディフェンバキア
dumbfounded	adjective	口あんぐり|呆然
dumbfuck	noun	糞垂れ
dummy	noun	ダミー
dump	noun	ゴミ捨て場
dump truck	noun	ダンプカー
dumping	noun	ダンピング|不当廉売
dumpling	noun	ギョーザ|餃子
dumpster diving	noun	ゴミ漁り
dun	noun	焦げ茶色|催促
dune	noun	砂丘
dung	noun	肥料|肥
dung beetle	noun	糞虫|フンコロガシ|糞転がし
dungeon	noun	地下牢
dunlin	noun	浜鷸
duo	noun	デュオ|二重唱|二重奏|デュエット
duodecillion		千澗
duodecimal	adjective	十二進法
duodenal ulcer	noun	十二指腸潰瘍
duodenum	noun	十二指腸
duopoly	noun	複占
dupe	verb	騙す
duplicate	noun	デュプリケート|写し|複写|複製
duplicitous	adjective	二枚舌を使うような|偽装の
duplicity	noun	二心|二枚舌
durability	noun	耐久性
durable	adjective	丈夫|固い|強い
duration	noun	存続|期間
durian	noun	ドリアン
during		うち|間
durumagi	noun	トゥルマギ
dusk	noun	黄昏|夕暮れ
dusky thrush	noun	鶇
dusky tit	noun	クロガラ
dusky warbler	noun	無地雪加
dust	noun	埃|ほこり
dust devil	noun	ダストデビル|塵旋風
dust jacket	noun	カバ－|ブックカバー
dust mask	noun	マスク|防塵マスク
dust mite	noun	イエダニ
duster	noun	ふきん|ブラシ|叩き|雑巾|ダスター|ダスターコート
dustpan	noun	塵取り
dustproof	adjective	防塵
duststorm	noun	砂塵嵐|砂嵐
dusty	adjective	ほこりっぽい
duty	noun	義務|勤め|役目|服務|関税|税金
duty-free	adjective	免税|無税|デューティー・フリー
duvet	noun	羽毛布団
dwarf	adjective	矮性|ドワーフ|小人|侏儒|矮人|チビ
dwarf galaxy	noun	矮小銀河
dwarf planet	noun	準惑星|矮惑星
dwarf standing on the shoulders of giants	noun	巨人の肩の上に立つ小人
dwarf star	noun	矮星
dwarfism	noun	小人症
dwell	verb	住む|居住
dwelling	noun	住居|住宅|居留
dwindle	verb	減少
dyad	noun	二和音
dyadic	adjective	二項
dye	noun	染料|染める
dyed	adjective	染め|染めた
dyed-in-the-wool	adjective	筋金入り
dying	adjective	末期|死にそうな|消えそうな|瀕死
dyke	noun	おなべ|堤防
dynamic	adjective	動的
dynamic memory	noun	動的記憶
dynamic system	noun	力学系
dynamics	noun	ダイナミクス|動力学
dynamite	noun	ダイナマイト
dynamo	noun	ダイナモ|発電機
dynasty	noun	王朝|王家
dyne	noun	ダイン
dysentery	noun	赤痢
dysfunction	noun	機能不全
dysgraphia	noun	書字障害
dyslexia	noun	ディスレクシア|失読症
dysmelia	noun	肢体不自由
dysphagia	noun	嚥下障害
dyspnea	noun	呼吸困難
dysprosium	noun	ジスプロシウム
dyssynchrony	noun	心室非同期|非同時性
dystocia	noun	難産
dystopia	noun	ディストピア|暗黒郷
dystrophy	noun	ジストロフィー
décolletage	noun	デコルタージュ
déjà vu	noun	デジャブ|既視感|デジャビュ|デジャヴ|デジャヴュ
détente	noun	デタント
e pluribus unum		多数から一つへ
e-bike	noun	電動アシスト自転車
e-book	noun	電子書籍|イーブック|電子本|ｅブック
e-commerce	noun	eコマース|イーコマース|電子商取引
e-dictionary	noun	電子辞書
e-learning	noun	eラーニング|電子ラーニング
e-mail address	noun	電子メールアドレス|メアド|メールアドレス|アドレス|メルアド
e-reader	noun	電子ブックリーダー|電子リーダー|ｅブックリーダー|ｅリーダー
e-scooter	noun	電動キックボード
e-sport	noun	eスポーツ
e.g.	adverb	例えば
ebay	noun	イーベイ
each		それぞれ
each other		お互い|互い|互いに
eagle	noun	鷲|鵰
eagle owl	noun	ワシミミズク|鷲木菟
eaglehawk	noun	尾長犬鷲
ear	noun	穂|耳|耕す
ear canal	noun	外耳道
ear lobe	noun	耳朶
earache	noun	耳痛
earbud	noun	イヤホン
eardrum	noun	鼓膜
earless seal	noun	海豹
early	adjective	早い|初期|早期
early bird	noun	早起きの人|朝型
early childhood	noun	幼少期
early voting	noun	期日前投票
earmuff	noun	耳当て
earn	verb	稼ぐ|値する|得る
earnest	adjective	本気|真剣|真面目
earnings	noun	収入|所得|稼ぎ
earphone	noun	イヤフォン|イヤホン
earphones	noun	イヤフォン|イヤホン|ヘッドフォン
earpick	noun	耳掻き
earplug	noun	耳栓
earring	noun	耳飾り|イヤリング
earth science	noun	地球科学
earthenware	noun	土器|瀬戸物
earthly	adjective	地上の|現世の
earthly branch	noun	十二支|地支
earthquake	noun	地震
earthshine	noun	地球照
earthworm	noun	蚯蚓|ミミズ
earwax	noun	耳垢|耳屎|耳ん垢|耳糞
earwig	noun	蠼螋|鋏虫
earworm	noun	イヤーワーム
easel	noun	イーゼル|画架
easement	noun	地役権
easier said than done	adjective	言うは易く行うは難し|言うは易し
easily	adverb	容易|易い
east by north	noun	東微北
east by south	noun	東微南
east-northeast	noun	東北東
east-southeast	noun	東南東
easterly	noun	東風
eastern	adjective	東|東方
eastern buzzard	noun	鵟
easy	adjective	易しい|簡単|易い|容易い|容易
easy come, easy go		悪銭身に付かず
easy does it		ゆっくりやれ落ち着け
easy listening	noun	イージーリスニング
eat	verb	食べる|食う|召し上がる|頂く|食事|食事をする
eat my shorts		パンツでもかぶってろ
eat one's fill	verb	満腹
eat one's hat	verb	首をやる
eat out	verb	外食
eat pussy	verb	クンニ|クンニリングス
eat shit		くそくらえ
eat the rich		金持ちを喰らえ
eat up	verb	平らげる
eatery	noun	料理店|食堂
eating	noun	食べる
eating apple	noun	生食用りんご
eating disorder	noun	摂食障害
eau de toilette	noun	オードトワレ|オードトワレット
eaves	noun	宇|庇|廂|廡|軒|阿
eavesdrop	verb	立ち聞き
eavesdropping	noun	盗聴
ebb and flow	noun	干満|浮き沈み
ebonite	noun	エボナイト
ebony	noun	コクタン|コクタン材
eccentric	adjective	偏心|変人
ecchi	noun	エッチ
ecclesiology	noun	教会論
echidna	noun	エキドナ|針土竜
echinoderm	noun	棘皮動物
echolocation	noun	反響定位|音波探知
eclampsia	noun	子癇
eclipse	noun	食|蝕|日食|月食
ecliptic	noun	黄道
eclogite	noun	榴輝岩
eclose	verb	孵化|羽化
eclosion	noun	孵化|羽化
eco-		エコ|生
ecocide	noun	エコサイド
ecologist	noun	環境学者
ecology	noun	生態学|生態
ecomuseum	noun	エコミュージアム
econometrics	noun	計量経済学
economic	adjective	経済|経済的
economics	noun	経済学
economist	noun	経済学者|エコノミスト
economize	verb	節約する
economy	noun	経済
ecosystem	noun	生態系
ecotourism	noun	エコツーリズム
ecstasy	noun	エクスタシー|有頂天|狂喜|恍惚|法悦
ectopic pregnancy	noun	子宮外妊娠
ectoplasm	noun	エクトプラズム
ectothermic	adjective	冷血
ecumenism	noun	エキュメニズム|世界教会主義
eczema	noun	湿疹
edamame	noun	枝豆
eddy	noun	渦|渦流
edelweiss	noun	エーデルワイス|西洋薄雪草
edema	noun	浮腫|浮腫み
edge	noun	際|辺|縁|端|刃
edible	adjective	食べられる|食用|食える
edible bird's nest	noun	燕窩
edict	noun	勅令
edifice	noun	建築物
edit	noun	編集|編集する
edit war	noun	編集合戦
editing	noun	編集
edition	noun	版
editor	noun	編集者|エディタ|編集機
editor in chief	noun	編集長
editorial	noun	社説
educate	verb	啓発|教える|教育
educatee	noun	教え子|生徒
education	noun	教育|教養
educational	adjective	教育上|教育的
educational institution	noun	教育機関
educative	adjective	教育的
educator	noun	教育家|教育者
eejit	noun	阿呆|馬鹿
eel	noun	鰻|ウナギ|うなぎ
eelgrass	noun	甘藻
eeny, meeny, miny, moe	noun	どちらにしようかな
eerie	adjective	不気味|恐ろしい|物凄い
ef	noun	エフ
efface	verb	抹殺する|消去|拭い去る
effect	noun	発効|音響効果|効果|結果|エフェクター|作用|達成する
effects unit	noun	エフェクター
effeminate	adjective	女々しい
effendi	noun	エフェンディ
efficacy	noun	有効性
efficiency	noun	効率|効率性|時間効率
effigy	noun	肖像|画像
effort	noun	努力
effrontery	noun	厚顔無恥
egalitarianism	noun	平等主義
egg	noun	卵|玉子|鶏卵|卵形|うんじゃう|生んで仕舞う
egg of columbus	noun	コロンブスの卵
egg spoon	noun	エッグスプーン
egg tart	noun	エッグタルト
egg-shaped	adjective	卵形
eggnog	noun	エッグノッグ|卵酒
eggplant	noun	ナス|茄子|なすび
eggshell	noun	卵の殻|卵殻
eglantine	noun	イヌバラ|エグランタイン
ego	noun	自我|エゴ
egocentrism	noun	自己中心性
egoism	noun	利己主義
egoist	noun	利己主義者|エゴイスト
egosurf	verb	エゴサ|エゴサーチ
egosurfing	noun	エゴサ|エゴサーチ
egotism	noun	己惚|自惚
egret	noun	シラサギ|白鷺
eh		えっ|だろ|ね
eigenfunction	noun	固有関数
eigenmode	noun	固有モード
eigenvalue	noun	固有値
eigenvector	noun	固有ベクトル
eight		八|八つ
eight hundred		八百
eight o'clock	noun	八時
eight thousand	noun	八千
eighteen		十八
eighteenth	adjective	十八番目
eighth	adjective	八番目
eighth grade	noun	中二|中学二年生
eighties	noun	1980年代|80s|80年代|八十年代
eightieth	adjective	第八十|八十番目
eighty		八十|はちじゅう
eighty-eight		八十八
eighty-five		八十五
eighty-four		八十四
eighty-nine		八十九
eighty-one		八十一
eighty-seven		八十七
eighty-six		八十六
eighty-three		八十三
eighty-two		八十二
einherjar	noun	エインヘリャル|エインヘリヤル|エインヘルヤル
einsteinium	noun	アインスタイニウム
either		どちらか|…か…か
ejaculate	verb	射精
ejaculation	noun	射精
eject	verb	立ち退かせる|追い出す|イジェクト|取り出す
ejecta	noun	噴出物
ejective	noun	放出音
eke	verb	補う
ekiben	noun	駅弁
el	noun	エル
eland	noun	エランド
elapse	verb	経つ|過ぎる
elastic	adjective	エラスティック|伸縮性の|弾力のある|弾性の
elastic band	noun	輪ゴム|ゴムバンド|ゴム輪
elasticity	noun	弾性|弾力性
elative	noun	出格
elative case	noun	出格
elbow	noun	肘
elbow room	noun	余地|余裕|自由裁量
elder	adjective	年上|年長|年寄り|長老|接骨木|西洋接骨木
elder statesman	noun	元老
elderberry	noun	接骨木
eldercare	noun	介護|高齢者介護
elderly	adjective	やや年とった|年配
elect	verb	選ぶ|選挙
election	noun	選挙|選出|選任
electoral district	noun	選挙区
electoral fraud	noun	不正選挙
electorate	noun	有権者
electric	adjective	エレクトリック|電動|電気的|シビレる|電気自動車
electric bass	noun	エレキベース
electric car	noun	電気自動車
electric chair	noun	電気椅子
electric charge	noun	電荷
electric current	noun	電流
electric eel	noun	痺鰻|電気鰻
electric field	noun	電場
electric flux	noun	電束
electric guitar	noun	エレクトリックギター|エレキギター|エレキ|電気ギター
electric locomotive	noun	電気機関車
electric multiple unit	noun	電車
electric ray	noun	痺鱏|痺鱝
electric shock	noun	電撃
electric vehicle	noun	電動輸送機器|電気自動車
electrical energy	noun	電力
electrical engineering	noun	電気工学
electrical tape	noun	絶縁テープ
electrician	noun	電気技師|電工|電気工
electricity	noun	電気|電力
electrification	noun	電化|帯電
electro-		電
electrocardiogram	noun	心電図
electrocardiograph	noun	心電計
electrochemistry	noun	電気化学
electrocution	noun	感電死|電気椅子刑
electrode	noun	電極
electrodynamics	noun	電気力学
electrolysis	noun	電気分解
electrolyte	noun	電解液|電解質
electrolytic capacitor	noun	電解コンデンサ
electromagnet	noun	電磁石
electromagnetic	adjective	電磁|電磁気
electromagnetic field	noun	電磁場
electromagnetic force	noun	電磁気力
electromagnetic induction	noun	電磁誘導
electromagnetic interaction	noun	電磁相互作用
electromagnetic pulse	noun	電磁パルス
electromagnetic radiation	noun	電磁放射
electromagnetic spectrum	noun	電磁スペクトル
electromagnetic wave	noun	電磁波
electromagnetism	noun	電磁気学|電磁気
electromyogram	noun	筋電図
electromyograph	noun	筋電計
electron	noun	電子|エレクトロン|マグネシウム合金
electron microscope	noun	電子顕微鏡
electron volt	noun	電子ボルト
electronegativity	noun	電気陰性度
electronic	adjective	電子|電脳
electronic cigarette	noun	電子たばこ
electronic dance music	noun	エレクトロニック・ダンス・ミュージック
electronic game	noun	電子ゲーム
electronic music	noun	電子音楽
electronic sport	noun	エレクトロニック・スポーツ
electronica	noun	エレクトロニカ
electronics	noun	電子工学|エレクトロニクス|電子デバイス|電子機器
electrooculogram	noun	眼電図
electrophile	noun	求電子剤|求電子種|求電子試薬
electrophoresis	noun	電気泳動
electroretinogram	noun	網膜電図
electroscope	noun	検電器
electrostatics	noun	静電学
electrotherapy	noun	電気療法
electroweak	adjective	電弱
elegance	noun	優雅|典雅|高雅
elegant	adjective	優雅|典雅|立派|高雅
elegy	noun	エレジー|哀歌|悲歌
element	noun	元素|要素|元|天候|風雨
elemental	noun	精霊
elementary	adjective	基本的
elementary function	noun	初等関数
elementary particle	noun	基本粒子|素粒子
elephant in the room	noun	部屋の象
elephantiasis	noun	象皮病|象皮症
elevator	noun	昇降舵
eleven		十一|イレブン
eleven o'clock	noun	十一時
elevenses	noun	イレブンシス
eleventh	noun	十一度
eleventh grade	noun	高二|高校二年生
eleventh hour	noun	土壇場
elf	noun	エルフ|妖精
elide	verb	抜かす|省略|融合
eligibility	noun	有資格|適任
eligible	adjective	有資格|適任|選ぶ|有資格者
eliminate	verb	除去|抹殺|殺す|殺害
elision	noun	エリジオン
elite	noun	エリート|精鋭|選り抜き
elitism	noun	エリート主義
elitist	adjective	エリートの|エリート
elixir	noun	エリクサー|万能薬|生き薬|生く薬|エリキシル|エリクシル
elixir of life	noun	不老不死の霊薬|仙丹|仙薬|命の水|煉丹
ellipse	noun	楕円
ellipsis	noun	リーダー|省略|省略記号
elliptic curve	noun	楕円曲線
elliptical galaxy	noun	楕円銀河
elm	noun	楡|ニレ
elongate	verb	引き伸ばす
elongated	adjective	細長い
elope	verb	駆け落ち
elopement	noun	駆け落ち
eloquence	noun	雄弁
eloquent	adjective	三寸な|口八丁な|爽やか|雄弁
else	adverb	然も無くば
elytron	noun	翅鞘
em	noun	エム
emaciation	noun	削痩
email	noun	電子メール|メール|Eメール|イーメール|メールアドレス|メアド
emancipate	verb	解放する
emancipation	noun	解放
emasculate	verb	去勢
embankment	noun	堤防|盛土
embarge	verb	課す
embargo	noun	出港停止|禁輸
embark	verb	乗る|乗船
embarkation	noun	乗船
embarrass	verb	困らせる
embarrassed	adjective	恥ずかしい
embarrassing	adjective	恥ずかしい
embassy	noun	大使館
embed	verb	埋め込む|嵌める
embellish	verb	飾る|尾鰭を付ける
ember	noun	余燼|残り火|種火
embers	noun	残り火|余燼|余韻
embezzlement	noun	横領|猫糞
emblem	noun	エンブレム|表号|象徴
embodiment	noun	化身
embolism	noun	塞栓
embonpoint	adjective	ぽっちゃり
emboss	verb	彫り上げる
embrace	noun	抱擁|抱く
embroider	verb	刺繍
embroidery	noun	刺繍|エンブロイダリー
embroil	verb	巻き込む
embryo	noun	胚|胎児
embryogenesis	noun	胚発生
embryology	noun	発生学|胎生学
emerald	adjective	エメラルド|翠玉|緑玉|エメラルド色
emerald green	noun	エメラルドグリーン|エメラルド色
emerge	verb	現れる|出る
emergence	noun	創発
emergency	noun	緊急事態|非常時
emergency exit	noun	非常口
emergency room	noun	救急救命室
emerging	adjective	新興|発展途上
emeritus	adjective	名誉
emery	noun	金剛砂
emetin	noun	エメチン
emetophobia	noun	嘔吐恐怖症
emigrant	noun	移民
emigrate	verb	移住|移民
emigration	noun	移民|エミグレーション|移住
eminence	noun	顕貴|高名|傑出|高地
eminent	adjective	傑出|名|著名
emir	noun	アミール
emirate	noun	首長国
emissary	noun	使者
emit	verb	放つ|放射
emo	adjective	エモ
emoji	noun	絵文字
emoticon	noun	絵文字|エモティコン|顔文字
emotion	noun	感情|心緒
emotional	adjective	感情的
emotional intelligence	noun	心の知能指数
empathize	verb	同情
empathy	noun	共感
emperor	noun	天皇|皇帝|帝王|帝
emperor's new clothes	noun	裸の王様
emphasis	noun	強調|注目|重点|強勢
emphasize	verb	アクセントをつける|強調
emphatic	adjective	強調
emphysema	noun	肺気腫
empire	noun	帝国|帝政|企業帝国|王朝
empirical formula	noun	実験式
empiricism	noun	経験論|経験主義
employ	verb	雇う|雇用|使う|使用する
employee	noun	使用人|従業員|勤務員|職員|雇員
employer	noun	雇用者
employment	noun	仕事|業務|職|職業|雇用|使われている状態
employment agency	noun	職業紹介所
employment contract	noun	労働契約
empress	noun	女帝|女皇|王后|皇后
empress dowager	noun	太后|母后|皇太后
emptiness	noun	空|空っぽ|空虚|虚しさ
empty	adjective	空|空っぽ|空き瓶|空にする
empty set	noun	空集合
empty vessels make the most sound		空樽は音が高い
emptyhanded	adjective	手ぶら
empyema	noun	蓄膿症
empyrean	adjective	火天
emu	noun	エミュー|鴯鶓
emulator	noun	エミュレータ
en	noun	エヌ
en homme	adverb	男装
en passant	adverb	アンパッサン
en route		途中
enamel	noun	琺瑯|エナメル質|琺瑯質
enby	noun	Xジェンダー
encampment	noun	幕府
encapsulation	noun	カプセル化
encephalitis	noun	脳炎
encephalopathy	noun	脳症
enchanter	noun	魔法使い|魔法師
enchantment	noun	魅力|魔法
enchantress	noun	魔女|魅惑的な女|魅惑的な女性
enchilada	noun	エンチラーダ
enchondroma	noun	内軟骨腫
encirclement	noun	包囲
enclitic	noun	前接語
enclosure	noun	別紙|囲い込み
encode	verb	暗号化|エンコード
encoder	noun	エンコーダー
encoding	noun	エンコーディング|文字コード
encoffin	verb	納棺
encore	noun	アンコール！|アンコール
encounter	noun	出会い|出会う|遭う|遭遇
encourage	verb	勇気付ける|奨励する
encouragement	noun	激励|奨励
encroach	verb	侵入
encrypt	verb	暗号化
encryption	noun	暗号化
encyclopedia	noun	百科事典|百科全書
encyclopedist	noun	百科事典編纂者
end	noun	終わり|ご臨終|最期|終了|エンド|最後|終わる
end of the world	noun	世界の果て|世界の終り|末つ方
end user	noun	エンドユーザー
end user license agreement	noun	使用許諾契約|利用許諾契約
endanger	verb	脅かす|危うい
endangered	adjective	危機に瀕する|消滅危機のある
endeavor	noun	事業|努力|努力する
endemic	noun	風土病
endgame	noun	終盤
ending	noun	終わり|結び|結末
endless	adjective	無限|切りが無い|果てしない
endlessly	adverb	際限
endmember	noun	端成分
endocrine	adjective	内分泌
endocrine gland	noun	内分泌腺
endogamy	noun	近親婚
endonym	noun	内名|エンドニム
endorphin	noun	エンドルフィン
endorse	verb	裏書きをする
endoscope	noun	内視鏡
endoscopy	noun	内視鏡検査
endoskeleton	noun	内骨格
endosymbiotic theory	noun	細胞内共生説
endothermic	adjective	温血
endpaper	noun	見返し
endure	verb	耐える|たえる
enema	verb	浣腸
enemy	noun	敵|仇敵|敵国
enemy of the people	noun	人民の敵|民衆の敵
enemy of the state	noun	国家の敵
energetic	adjective	エネルギッシュ|精力的
energetically	adverb	精力的
energy	noun	エネルギー|活力|熱|熱量|運動量|能力
energy bar	noun	エナジーバー|エネルギーバー
energy drink	noun	エナジードリンク
enfant terrible	noun	アンファンテリブル
enfilade	noun	縦射
engaged	adjective	婚約|使用中
engagement	noun	婚約
engagement ring	noun	婚約指輪|エンゲージリング
engender	verb	引き起こす|発生
engine	noun	モーター|エンジン|機関|原動機|機械|発動機
engine displacement	noun	排気量
engine driver	noun	機関士
engine order telegraph	noun	エンジン・テレグラフ
engineer	noun	機関士|技師|技術者|エンジニア
engineering	noun	工学|エンジニアリング|工務
engrave	verb	刻む|彫り込む|彫刻
engraving	noun	彫刻
enigma	noun	謎
enigmatic	adjective	謎めく|神秘的
enjoy	verb	楽しむ|享受
enjoy oneself	verb	楽しむ
enjoyable	adjective	楽しい
enjoyment	noun	楽しみ
enlarge	verb	拡大
enlist	verb	入隊
enmity	noun	敵対|敵意
enneacontagon	noun	九十角形
enneacontahexagon	noun	九十六角形
enneadecagon	noun	十九角形
enneagon	noun	九角形
enneahedron	noun	九面体
ennui	noun	つれづれ|もの憂さ|アンニュイ|憂鬱|無聊
enoki mushroom	noun	榎茸|滑茸
enol	noun	エノール
enormous	adjective	巨大
enough	adverb	十分|充分|足りる|止める
enqueue	verb	エンキュー
enrage	verb	息巻く|激怒
enraged	adjective	激怒した
enrich	verb	富ます|豊
enriched uranium	noun	濃縮ウラン
enricher	noun	豊かにする人
enroll	verb	登録
ensemble	noun	セット|合奏|アンサンブル|バンド
ensete	noun	エンセーテ
ensign	noun	少慰
enslave	verb	奴隷にする
ensmallen	verb	縮小する
enstatite	noun	頑火輝石
ensue	verb	続く
entablature	noun	エンタブラチュア
entanglement	noun	縺れ
enter	verb	入る|入力
enter key	noun	エンター|エンターキー
entering tone	noun	入声
enteritis	noun	腸炎
enterotoxin	noun	エンテロトキシン
enterprise	noun	企業|事業|冒険心
enterprise union	noun	企業内組合|企業別組合
entertain	verb	もてなす|楽しませる|歓待する
entertainer	noun	エンターテイナー|芸人
entertainment	noun	娯楽|エンタメ|エンターテイメント|エンターテインメント
enthalpy	noun	エンタルピー
enthesis	noun	腱付着部
enthrone	verb	即位|祭り上げる
enthronement	noun	即位
enthusiasm	noun	情熱|熱意|意気込み|気勢|熱情
enthusiastic	adjective	熱心
entice	verb	誘惑
entire	adjective	全体|全部
entirely	adverb	丸ごと|全て|全部
entity	noun	実体
entomo-		虫
entomologist	noun	昆虫学者
entomology	noun	昆虫学
entomophily	noun	虫媒
entomophobia	noun	虫嫌い
entrail	noun	内臓
entrance	noun	入口|魅了する
entrance examination	noun	入学試験
entrecôte	noun	アントルコート
entrepreneur	noun	アントルプルヌール|アントレプレナー|事業家|企業家|冒険家|起業家
entrepreneurship	noun	起業
entropy	noun	エントロピー
entrustment	noun	信託
entry	noun	入る|エントリ|入口|項目|要素
entryway	noun	玄関
entrée	noun	アントレ
enumerate	verb	列挙する|数える
enumeration	noun	列挙|列挙型
enunciation	noun	発声
envelop	verb	立ち込める
envelope	noun	封筒|エンベロープ
enviable	adjective	妬ましい|羨ましい
envious	adjective	嫉妬深い
environment	noun	環境
environmental science	noun	環境科学
environmentalism	noun	環境主義
environmentalist	noun	環境保護主義者
environmentally friendly	adjective	環境に優しい
envoy	noun	使者
envy	noun	ねたみ|嫉妬|羨む
enyay	noun	エニェ
enzyme	noun	酵素
enzymology	noun	酵素学
eon	noun	累代|アイオーン
epaulette	noun	肩章
epee	noun	エペ
epenthesis	noun	音挿入
ephedra	noun	マオウ属
ephedrine	noun	エフェドリン
ephemeral	adjective	はかない|束の間|泡沫
epiblast	noun	胚盤葉上層
epic	adjective	壮大|叙事詩|エピック
epicentre	noun	震源地|震央|震源
epiclesis	noun	エピクレーシス
epicycle	noun	周転円
epidemic	adjective	流行性|伝染病|疫病|流行病|疫|エピデミック
epidemiology	noun	疫学
epidermis	noun	表皮
epididymis	noun	精巣上体
epidote	noun	緑簾石
epigenetics	noun	エピジェネティクス|後生学
epiglottis	noun	喉頭蓋|会厭
epigram	noun	警句
epigraph	noun	エピグラフ|碑文
epigraphy	noun	金石学
epilation	noun	脱毛
epilepsy	noun	癲癇|てんかん
epilogue	noun	エピローグ|納め口上|閉幕辞|後書き|結語|跋
epimer	noun	エピマー
epinephrine	noun	エピネフリン
epipen	noun	エピペン
episiotomy	noun	会陰切開
episode	noun	出来事|エピソード|挿話|逸話|回|話
epistemology	noun	認識論
epitaph	noun	エピタフ|墓碑銘
epithelium	noun	上皮細胞|上皮|上皮組織
epithet	noun	形容詞|あだ名|渾名
epitome	noun	縮図
epitrachelion	noun	エピタラヒリ
epitrochoid	noun	外トロコイド
epoch	noun	時代
epoch-making	adjective	画期的
eponym	noun	エポニム|名祖
epsilon	noun	エプシロン|イプシロン
equal	adjective	等しい|同じ|平等
equal sign	noun	等号
equal temperament	noun	平均律
equality	noun	平等|均等
equalize	verb	平等
equalizer	noun	イコライザー|同点ゴール|同点弾
equally	adverb	均等|平等|等しい
equanimity	noun	安心|正念
equation	noun	方程式
equator	noun	赤道
equatorial	adjective	赤道
equestrianism	noun	乗馬|馬術
equilateral triangle	noun	正三角形
equilibrium	noun	バランス|均衡|平衡|釣り合い|安定
equine	adjective	ウマ
equinox	noun	分点
equip	verb	装着
equipment	noun	設備|装備
equity	noun	衡平法|純資産|自己資本
equivalence class	noun	同値類
equivalence relation	noun	同値関係
equivalent	adjective	等価|相当|等価物
equivocal	adjective	両意にとれる|曖昧な
equivocation	noun	二枚舌
era	noun	時代|紀元
era name	noun	元号|年号
eradicable	adjective	根刮ぎ|根絶|無くす
eradicate	verb	根|根刮ぎ|根絶
eradication	noun	根刮ぎ|根絶
erasable	adjective	消す
erase	verb	抹消|消す|消去
eraser	noun	消しゴム|黒板拭き|黒板消し
eraser dust	noun	消しゴムのカス
eraser pen	noun	ペン消しゴム
erbium	noun	エルビウム
erectile dysfunction	noun	勃起不全
erection	noun	建築|建築物|建設|建設物|勃起|エレクション
erg	noun	エルグ
ergative	adjective	能格
ergative case	noun	能格
ergo		かくして
ergocalciferol	noun	エルゴカルシフェロール
ergonomics	noun	人間工学|エルゴノミクス
ergot	noun	麦角菌
erhu	noun	二胡
erhua	noun	児化
ermine	noun	おこじょ
erogenous zone	noun	性感帯
erosion	noun	浸食
erotic	adjective	エロ|エロい|エロチック|色っぽい
erotica	noun	エロティカ|色情作品
eroticism	noun	エロ|好色|エロティシズム
erotomania	noun	エロトマニア
err	verb	間違える
errand	noun	使い|使命
errant	adjective	常識はずれ
errata	noun	正誤表
erroneously	adverb	誤って
error	noun	間違い|誤り|エラー|誤差|失策
error message	noun	エラーメッセージ
ersatz	noun	代用品
erudition	noun	博学
erupt	verb	噴出
eruption	noun	噴火|噴出
erysipelas	noun	丹毒
erythromycin	noun	エリスロマイシン
escalate	verb	エスカレート
escalation	noun	エスカレーション|拡大
escalator	noun	エスカレーター
escalope	noun	薄切り肉
escape	noun	脱出|エスケープ|エスケープキー|逃げる|免れる
escape key	noun	エスケープ|エスケープキー
escape pod	noun	脱出ポッド
escape sequence	noun	エスケープシーケンス
escape velocity	noun	宇宙速度|脱出速度
escapement	noun	脱進機
escapism	noun	現実逃避
escapology	noun	脱出芸
eschatology	noun	終末論
escort	noun	護衛|警護
escudo	noun	エスクード
esophageal cancer	noun	食道癌
esoteric	adjective	奥義の|秘儀の|深遠|秘密の
esparto	noun	アフリカハネガヤ
especially	adverb	特に|とりわけ|なかんずく
esper	noun	エスパー|超能力者
espionage	noun	スパイ罪|スパイ行為|諜報活動|間諜罪
espresso	noun	エスプレッソ
ess	noun	エス
essay	noun	随筆|エッセイ
essayist	noun	エッセイスト
essence	noun	本質
essential	adjective	不可欠|肝要|肝心
essential amino acid	noun	不可欠アミノ酸|必須アミノ酸
essential fatty acid	noun	不可欠脂肪酸|必須脂肪酸
essential oil	noun	精油|エッセンシャルオイル
essential tremor	noun	本態性振戦
essentialism	noun	本質主義
essive case	noun	様格
establish	verb	確立する
establishment	noun	エスタブリッシュメント|支配階級|既成勢力|制度|施設|機関
estate	noun	遺産
esteem	verb	尊敬|敬う|重んじる|珍重|貴ぶ|重視
ester	noun	エステル
estimate	noun	推定
estimation	noun	見積り
estrogen	noun	エストロゲン
estuary	noun	河口
eszett	noun	エスツェット
et al.		ら|など
et tu, brute		ブルータス、お前もか
eta	noun	エータ|イタ
eternal	adjective	永遠|永久
eternal sleep	noun	永眠|永遠の眠り
eternally	adverb	永久に|永遠に
eternity	noun	永遠|永久|とわ
ethane	noun	エタン
ethanol	noun	エタノール
ether	noun	エーテル|イーサー
ethical	adjective	倫理的
ethical dative	noun	倫理与格|心性的与格
ethics	noun	倫理|倫理学
ethidium bromide	noun	臭化エチジウム
ethmoid bone	noun	篩骨
ethnic	adjective	民族
ethnic cleansing	noun	民族浄化
ethnic group	noun	民族
ethnic minority	noun	少数民族
ethnicity	noun	エスニシティ|民族|民族性
ethnocentrism	noun	エスノセントリズム|自民族中心主義
ethnogenesis	noun	民族起源論
ethnography	noun	民俗誌|民俗誌学
ethnolinguistics	noun	民族言語学
ethnology	noun	民族学
ethnonationalism	noun	民族主義
ethnopolitics	noun	民族政治
ethnostate	noun	民族国家
ethylene	noun	エチレン|エテン|エチレン基
ethylene oxide	noun	エチレンオキシド
etiquette	noun	礼儀|エチケット|マナー|作法
etomidate	noun	エトミデート
etude	noun	練習曲
etymological	adjective	語源的
etymology	noun	語源学|語源
eucalyptus	noun	ユーカリ
eudiometer	noun	ユーディオメーター
eugenics	noun	優生学
euglena	noun	ユーグレナ|緑虫
euhemerism	noun	エウヘメリズム
eukaryote	noun	真核生物
eulogy	noun	ユーロジー|賛辞
eunuch	noun	宦官
euphemism	noun	婉曲法|婉曲表現
euphemistic	adjective	婉曲の|遠回しの
euphonium	noun	ユーフォニアム|ユーフォニウム
euphorbia	noun	灯台草
euphoria	noun	多幸感|ユーフォリア
eureka		エウレカ|わかった|ユーレカ|我発見せり|見つけた
euro	noun	ユーロ
europium	noun	ユウロピウム
eustress	noun	快ストレス
euthanasia	noun	安楽死|オイタナジー|ユーサネイジア|ユータナジー|殺処分
eutocia	noun	安産
euxenite	noun	ユークセン石
evacuate	verb	疎開する|避難する
evacuation	noun	避難
evaluate	verb	評する
evaluation	noun	評価
evangelism	noun	伝道
evangelist	noun	伝道者|福音の伝道者
evaporate	verb	揮発|気化|蒸発
evaporated milk	noun	エバミルク|無糖練乳
evaporation	noun	蒸発
evapotranspiration	noun	蒸発散
even homer nods		弘法にも筆の誤り|猿も木から落ちる|河童の川流れ
even a blind squirrel can find a nut once in a while		下手な鉄砲も数打ちゃ当たる
even if		縦え|縦しんば
even number	noun	偶数
even though		のに|雖も
evening	noun	夕方|晩|夜|日暮れ|晩年
evening cicada	noun	晩蝉|茅蜩|蜩
evening primrose	noun	月見草
evening star	noun	宵の明星|ゆふづつ
event	noun	事件|出来事|イベント
event horizon	noun	事象の地平面|事象の地平線
event-driven	adjective	イベントドリブン|イベント駆動型
eventually	adverb	ついに|とうとう|やっと|最終的|結局
ever	adverb	いつも|ずっと|いつか
evergreen	adjective	常緑
everlasting	adjective	永久|永遠
every		各|各々|全て|其々|凡ゆる|毎
every jack has his jill		破れ鍋に綴じ蓋
every cloud has a silver lining		楽あれば苦あり
every other	adjective	他のあらゆる
every second	adjective	一つおき
every silver lining has a cloud		人間万事塞翁が馬|塞翁が馬
every time	adverb	いつも|毎回|毎度
everybody		みんな|皆さん
everybody and his brother		猫も杓子も
everyday life	noun	毎日|日常生活
everyone		みんな|だれも|皆さん
everything		全て|全部|いずれも|どれも
everywhere	adverb	どこでも
evict	verb	立ち退かせる|追い出す
eviction	noun	立ち退かせること|立ち退き
evidence	noun	証拠
evil	adjective	悪い|邪悪|邪心|悪
evil eye	noun	凶眼|イーヴィルアイ|邪眼|邪視|魔眼
evil laugh	noun	悪の笑い
evildoer	noun	姦人|悪人|邪悪な人
evildoing	noun	悪事|悪行
evince	verb	明示する
evoke	verb	喚起
evolution	noun	進化
evolutionary biology	noun	進化生物学
evolutionism	noun	進化主義
ew		ゲ|げ|げっ|ゲッ
ewer	noun	ピッチャー|水差し
ex	noun	エックス|元カノ|元カレ|元交際相手
ex libris	noun	蔵書票
ex-		前|旧|元
ex-boyfriend	noun	元カレ
ex-gay	adjective	脱ゲイ
ex-girlfriend	noun	元カノ
ex-husband	noun	前夫
ex-president	noun	元大統領
ex-wife	noun	元妻|前妻
exa-		エクサ
exabit	noun	エクサビット
exabyte	noun	エクサバイト
exacerbate	verb	悪化
exact	adjective	正確|精密|詳しい
exact science	noun	精密科学
exactly	adverb	正確
exactness	noun	正確|正確性
exaggerate	verb	誇張|大袈裟
exaggerated	adjective	誇張された
exaggeration	noun	誇張|過言|誇大
exaggerative	adjective	誇大
exalt	verb	崇める|持ち上げる|褒める|格上げ|賞揚
exam paper	noun	答案|答案用紙|試験紙
examination	noun	検査|診察|診療|試験|テスト|考査
examination table	noun	診察台
examine	verb	調べる|診察|検査|尋問
examining magistrate	noun	予審判事
example	noun	例|例え|例題
exbibyte	noun	エクスビバイト
excavation	noun	発掘
excavator	noun	掘削機|ショベル
exceed	verb	超える|越える
excel	verb	秀でる|超える|越える|卓越
excellence	noun	優秀
excellent	adjective	優秀|秀でる|素晴らしい
excenter	noun	傍心
except	verb	以外|除いて|除く|除外
exception	noun	除外|例外|殊
exceptional	adjective	例外的|特別|特殊|特異|並外れる|別格
exceptionally	adverb	例外的|特別
excerpt	noun	抄録|抜粋
excessive	adjective	過度
excessively	adverb	過度に
exchange	noun	交換|為替|両替|交流|取り替え|取引所|交わす
exchange rate	noun	為替レート|為替相場
exchange student	noun	留学生
excipient	noun	賦形剤
excircle	noun	傍接円
excise tax	noun	消費税|物品税
excite	verb	興奮|刺激|活性化|励起
excited	adjective	興奮|励起
exciton	noun	励起子
exclaim	verb	叫ぶ
exclamation	noun	叫び
exclamation mark	noun	感嘆符|ビックリマーク
exclude	verb	除外
excluding		...をのぞいて
exclusionary	adjective	排他的
exclusive economic zone	noun	排他的経済水域
exclusive or	noun	排他的論理和
exclusive right	noun	占有権
excommunicate	verb	破門
excommunication	noun	破門|除名
excrement	noun	便|大便|糞|うんこ|うんち
excrete	verb	排泄する
excretion	noun	排泄
excursion	noun	遠足
excuse	noun	言い訳|口実|弁明|弁解|許す|言い訳をする
excuse me		え|もういちどいってください|もう一回|もう一度|何|何ですか
executable	noun	実行ファイル
executable code	noun	実行コード
execute	verb	処刑|消す|実行|行う
execution	noun	処刑|執行|実行|死刑|死罪
executioner	noun	死刑執行人|処刑人|刺客
executive committee	noun	実行委員会
executive order	noun	大統領令
executor	noun	執行者
exegesis	noun	訓詁|釈義|釈義学
exercise	noun	練習|運動|エクササイズ|体操|体育
exercise ball	noun	Gボール|エクササイズボール|スイスボール|バランスボール
exercise book	noun	ノート|ノートブック|練習帳|雑記帳
exert	verb	行使
exhale	verb	息を吐く
exhaust	verb	使い切る|使い尽くす|尽くす
exhaust pipe	noun	排気管
exhausted	adjective	使い尽くす
exhibit	noun	出品物|展示品
exhibition	noun	展示物|展覧会|展示会
exhibition game	noun	フレンドシップマッチ|親善試合
exhibitionism	noun	露出狂
exhibitionist	noun	露出狂
exhumation	noun	発掘
exhume	verb	掘り出す|掘り起こす|発掘
exiguous	adjective	ごく僅かの
exile	noun	亡命|追放|亡命者
exist	verb	存在する|存在
existence	noun	存在|実在|実存
existent	adjective	現存
existential	adjective	実存的
existential crisis	noun	実存の危機|実存的危機
existentialism	noun	実存主義
existentialist	noun	実存主義者
existing	adjective	現在
exit	noun	出口|出る|出かける
exit poll	noun	出口調査
exonym	noun	外名|エクソニム
exoplanet	noun	太陽系外惑星|系外惑星
exorbitant	adjective	とんでもない|法外
exorcism	noun	破魔|エクソシズム|悪魔払い|祓魔
exorcist	noun	破魔師|破魔者
exoskeleton	noun	外骨格
exosphere	noun	外気圏
exotic	adjective	外来|エキゾチック
expand	verb	広がる|広げる|拡大|拡大する|展開|敷衍
expansion	noun	拡大|拡張|展開
expansionism	noun	膨張主義
expatriate	adjective	海外居住者の|海外居住者|非居住者|国外追放者|国外追放|去る
expect	verb	予想する|期待する|予期する
expect the unexpected	verb	予想外を期待する
expectation	noun	予想|予期|期待|希望|心待ち
expected	adjective	予想内|予想通り|想定内|織り込み済み
expectedly	adverb	予想通り|案の定
expectorant	noun	去痰薬
expectoration	noun	去痰|喀痰
expedition	noun	遠征
expel	verb	出す|追い出す|放り出す|追放
expend	verb	消耗する
expenditure	noun	消費|出費|支出|費用
expense	noun	支出|費用
expensive	adjective	高い
experience	noun	経験|体験|触れる
experience is the best teacher		習うより慣れろ
experience points	noun	経験値
experienced	adjective	経験豊かな
experiment	noun	実験
expert	adjective	専門的|専門家|名人|熟練者
expertise	noun	専門的知識
expire	verb	失効
explain	verb	説明|教える
explanation	noun	説明
explicit	adjective	明確|明らか|明白|あからさま|どぎつい
explicitly	adverb	明らかに|明白に|明確に
explode	verb	爆発する|爆発
exploit	noun	偉業|搾取する
exploitation	noun	搾取
exploiter	noun	搾取者
exploration	noun	探検|探査|探究|精査
explore	verb	探検|探る
explorer	noun	探検家
explosion	noun	爆発|爆発音
explosive	noun	爆発物
explosive cyclogenesis	noun	爆発性低気圧発生
exponent	noun	指数
exponential	adjective	指数的|指数関数|指数関数的増大
exponential distribution	noun	指数分布
exponential function	noun	指数関数
exponential growth	noun	指数関数的成長
export	noun	輸出品|輸出|輸出する
exporter	noun	輸出業者
expose	verb	晒す|暴く|暴露する|露光させる
exposition	noun	博覧会|提示部
exposure	noun	露出
exposé	noun	暴露
expound	verb	詳説
express	adjective	快速|特別|明白|明確|急行列車|表す
express train	noun	急行|特急
expression	noun	表現|言い回し|表情|数式|式
expressionism	noun	表現主義|表現主義音楽
expressionless	adjective	無表情
expressway	noun	自動車道|高速道路
expulsion	noun	排除|追放
exquisite	adjective	絶妙
extant	adjective	既存|現存
extended family	noun	拡大家族
extended shinjitai	noun	拡張新字体
extension	noun	伸展|範囲|限度|展開|拡張|敷衍
extension cord	noun	テーブルタップ|延長ケーブル
extensive	adjective	幅広い
extensively	adverb	範囲
extent	noun	程度
exterminator	noun	駆除業者
external	adjective	外側|外部
extinct	adjective	消える|廃れる|死に絶える|絶滅|死ぬ
extinction	noun	絶滅
extinguish	verb	打っ潰す|絶やす|消す|鎮火する
extol	verb	褒めそやす
extortion	noun	たかり|ゆすり|強要
extortionist	noun	強要者
extra	adjective	余分な|余分|号外
extra base hit	noun	長打
extra time	noun	延長戦
extra-		超
extracorporeal	adjective	体外式
extract	noun	エキス|越幾斯|抜歯する
extractor hood	noun	レンジフード
extracurricular	adjective	課外
extradite	verb	引き渡す
extradition	noun	引き渡し|引渡し
extrajudicial	adjective	超法規的
extramarital	adjective	婚外
extraordinary	adjective	並外れる|非凡
extrapolation	noun	外挿
extrasensory perception	noun	超能力
extraterrestrial	adjective	地球外|宇宙人|異星人
extraterritoriality	noun	治外法権
extravagance	noun	贅沢
extravehicular activity	noun	船外活動
extreme	adjective	末端|極度|極端|究極の|究極|極限
extreme sport	noun	エクストリームスポーツ|極端なスポーツ
extremely	adverb	極端|非常|随分
extremism	noun	極端主義|過激主義
extremist	noun	過激派|急進派
extremity	noun	末端|果て|四肢
extroversion	noun	外向性
extrovert	noun	外向的な人
exult	verb	狂喜する
exultation	noun	快哉|狂喜
eye	noun	目|眼|瞳|針穴|台風の目
eye chart	noun	視力検査表|視力表
eye contact	noun	アイコンタクト
eye examination	noun	視力検査
eye for an eye	noun	目には目を
eye movement desensitization and reprocessing	noun	眼球運動による脱感作および再処理法
eye patch	noun	眼帯
eye shadow	noun	アイシャドー
eye socket	noun	眼窩
eyeball	noun	目玉|眼球
eyeblink	noun	あっという間|瞬目
eyebrow	noun	眉毛|まゆ|眉|まゆ毛
eyebrow pencil	noun	まゆペン
eyedrop	noun	目薬
eyelash	noun	睫毛|まつげ
eyelash curler	noun	まつげカーラー|アイラッシュカーラー
eyelid	noun	瞼
eyeliner	noun	アイライナー
eyepiece	noun	接眼レンズ
eyesight	noun	視力|視覚
eyesore	noun	目障り
eyestalk	noun	眼柄
eyestripe	noun	過眼線
eyewitness	noun	目撃者|実見者
eyrie	noun	高所にある家
ezafe	noun	エザーフェ
fa	noun	ファ
fable	noun	寓言|寓話
fabric	noun	織物|布
fabric softener	noun	柔軟剤
fabricate	verb	でっちあげる|捏造
facade	noun	外観|正面|ファサード
face	noun	顔|面|顔面|表情|世間体|体面|向かう
face powder	noun	フェースパウダー
face reveal	noun	顔出し|顔出しする
face the music	verb	受け止める
face value	noun	額面
face without makeup	noun	素っぴん|素顔
face-off	noun	対決
faceless	adjective	顔のない
facelift	noun	フェイスリフト
facepalm	verb	手に顔を埋める
facesitting	noun	顔面騎乗
facet	noun	ファセット|小面|様相|面
facetious	adjective	剽軽
fachidiot	noun	専門バカ
facial	noun	顔射
facility	noun	施設
facsimile	noun	ファクシミリ|ファックス
fact	noun	実情|事実|現実
fact-finding	noun	実情調査
faction	noun	派閥
factor	noun	因子|代理人|因数|要因
factorial	noun	階乗
factorize	verb	因数分解する
factory	noun	工場
factual	adjective	事実上
faculty	noun	教授会|学部|技能
fad	noun	ファッド
fade	verb	薄れる|褪せる|色褪せる
fado	noun	ファド
fag	noun	ホモ|おかま|ホモ野郎
fag hag	noun	お焦げ
fail	verb	失敗
fail-safe	noun	フェイルセーフ
faille	noun	ファイユ
failure	noun	失敗|失敗作
faint	adjective	かすか|弱々しい|淡い|気が弱い|気の弱い|失神
fainthearted	adjective	勇気
fainting	noun	失神
fair	adjective	美しい|色白|公平|公正|相当|フェア|フェアー
fair and square	adverb	公明正大|堂々|不正
fair play	noun	フェアプレー
fair sex	noun	フェアセックス
fair use	noun	フェアユース
fair-haired boy	noun	お気に入り|寵児|秘蔵っ子|贔屓
fairly	adverb	公正
fairy	noun	フェアリー|妖精|仙女
fairy godmother	noun	フェアリー・ゴッドマザー|恩人
fairy ring	noun	菌輪
fairy tale	noun	童話|おとぎ話|メルヘン|昔話|民話|神話
fairyland	noun	仙境|妖精の国
fait accompli	noun	既成事実
faith	noun	信頼|信仰|信念|信奉|信教|信義
faithful	adjective	忠実
fajita	noun	ファヒータ
fake	adjective	偽|紛い|ぱちもん|偽物|偽造|改竄
fakir	noun	托鉢僧|苦行僧
falafel	noun	ファラフェル|ファラーフェル
falcata	noun	ファルカタ
falchion	noun	ファルシオン
falcon	noun	隼|ハヤブサ
falconry	noun	鷹狩り
fall	noun	落下|没落|ひれふす|落ちる|転ぶ|崩れる
fall asleep	verb	寝付く|寝る|寝入る|寝静まる|眠りに落ちる|永眠
fall behind	verb	遅れる
fall between two stools	verb	二兎を追う者は一兎をも得ず
fall down	verb	落ちる
fall for	verb	引っかかる|惚れる
fall ill	verb	病気になる
fall in love	verb	恋に落ちる|惚れる|好きになる
fall pregnant	verb	妊娠
fallacy	noun	いんちき|欺瞞|欺騙|誤謬|詭弁|迷妄
fallen angel	noun	堕天使
fallout	noun	落下|落下物|降下
fallow deer	noun	ダマジカ
false	adjective	偽|虚偽
false alarm	noun	虚報
false consciousness	noun	虚偽意識
false dichotomy	noun	誤った二分法
false flag	noun	偽旗作戦
false friend	noun	偽りの友|空似言葉
false negative	noun	偽陰性
false start	noun	フライング|不正スタート
false teeth	noun	入れ歯
false trevally	noun	アクタウオ
falsely	adverb	不誠実
falsetto	noun	ファルセット|仮声|裏声
falsifiability	noun	反証可能性
falsification	noun	偽造|改竄
falsify	verb	偽造|改竄
fame	noun	有名
familial	adjective	家族
familiar	adjective	おなじみの|使い魔
family	noun	仲間|家族|家庭|親戚|親族|親類
family business	noun	家業
family friend	noun	家族ぐるみの友人
family member	noun	家族の一員
family planning	noun	家族計画
family restaurant	noun	ファミリーレストラン|ファミレス
family tree	noun	家系図
famine	noun	飢饉
famous	adjective	有名|名高い|高名
fan	noun	扇子|ファン|愛好家|愛好者|扇風機|扇
fan base	noun	ファン層
fan club	noun	ファンクラブ
fan fiction	noun	ファン・フィクション
fan heater	noun	温風器
fanart	noun	ファンアート
fanatic	adjective	ファナーティック|狂信者|熱狂者
fanaticism	noun	ファナティシズム|狂信
fanchant	noun	応援方法|応援法|掛け声
fandom	noun	ファンダム|界隈
fanfare	noun	ファンファーレ|鳴り物入り
fang	noun	牙|毒牙
fanqie	noun	反切
fanservice	noun	ファンサービス|サービスカット
fanslation	noun	翻訳|非公式
fansub	noun	ファンサブ
fantastic	adjective	ファンタスティック|素敵|素晴らしい
fantasy	noun	ファンタジー|幻想|狂想|空想
fantroll	noun	ファントロール
fanzine	noun	同人誌
far	adjective	遠い|遥か|遠く
far left	noun	極左
far right	noun	極右
farad	noun	ファラド
farang	noun	ファラン
farce	noun	ファルス|笑劇
fard	noun	ファルド
fare	noun	料金|運賃|乗客
fare dodger	noun	ただ乗り
fare-dodging	noun	薩摩の守
farewell	noun	さようなら|別れ|ご機嫌よう|送別|告別|いとまごいする
farfalle	noun	ファルファーレ
farm	noun	農場
farm shop	noun	農産物直売所
farmer	noun	農家|農夫
farmland	noun	田地|畑地|農地
farrier	noun	装蹄師
farsighted	adjective	老眼の|遠視の|先見の明のある
farsightedness	noun	遠視
fart	noun	屁|おなら|おならをする|屁をひる|屁をこく|放屁
fartlek	noun	ファルトレク
fasces	noun	束桿
fascia lata	noun	大腿筋膜
fasciated antshrike	noun	サザナミアリモズ
fasciculation	noun	筋線維束性攣縮
fasciitis	noun	筋膜炎
fascinate	verb	魅惑
fascinating	adjective	魅力的
fascine	noun	粗朶
fascine knife	noun	砲兵刀
fascioliasis	noun	肝蛭症
fascism	noun	ファシズム
fascist	noun	ファシスト|ナチス
fashion	noun	ファッション|流行|流行り
fashion designer	noun	ファッションデザイナー
fashion show	noun	ファッション・ショー
fashionable	adjective	はやり|洒落た|流行
fast	adjective	しっかりした|速い|早い|しっかりと|急ぐ|断食する
fast fourier transform	noun	高速フーリエ変換
fast food	noun	ファーストフード|即製食品
fast forward	verb	早送り
fasten	verb	留める|締める
fastener	noun	ファスナー
faster-than-light	adjective	超光速
fastidious	adjective	几帳面|気難しい|好みのむずかしい
fasting	noun	断食|絶食
fat	adjective	太い|太る|肥満|脂肪|脂|贅肉
fat-free	adjective	無脂肪
fatal	adjective	宿命的|命取り|致死
fatality	noun	死亡事故
fate	noun	運命|宿命
fatha	noun	ファトハ
father-in-law	noun	舅|義父|岳父
fatherland	noun	祖国
fathom	noun	尋|ファゾム
fatigue	noun	疲労|疲れ|疲れる
fatphobia	noun	肥満恐怖症
fatso	noun	デブ|太っちょ
fatten	verb	太る
fatty	noun	ふとっちょ
fatty acid	noun	脂肪酸
fatty liver	noun	脂肪肝
fatuous	adjective	愚か
fatwa	noun	ファトワー
faucet	noun	蛇口
fault	noun	せい|欠点|欠陥|誤り|断層
faultful	adjective	不完全|失敗|誤り
faultless	adjective	失敗|欠点|無傷|無欠
faultlessness	noun	万全|無傷|無欠
fauna	noun	動物相|動物誌
fauvism	noun	フォービズム|フォーヴィスム|野獣派
faux pas	noun	過失
favela	noun	ファヴェーラ
favicon	noun	ファビコン
favor	noun	好意|優遇|寵愛|恩恵|贔屓|かわいがる
favourable	adjective	好調|順調
favourite	adjective	お気に入り|大好きな|最も好きな
fawn	adjective	淡黄褐色|甘える|子鹿
fax	noun	ファクシミリ|ファックス|ファクスを送る
fay	noun	白人
fear	noun	恐怖|恐れ|畏れ|恐怖症|恐れる|怖る
fearless	adjective	大胆|恐れる
feasible	adjective	実現可能|実行
feast	noun	祭り|ごちそう|祝宴|饗宴
feast one's eyes	verb	目を喜ばす|目を楽しませる
feat	noun	業績|偉業
feather	noun	羽|羽毛
feather duster	noun	叩き
feature	noun	特徴
feature film	noun	長編映画|フィーチャー映画
featurephone	noun	フィーチャーフォン
febrile	adjective	熱の（ある）
fecal matter	noun	排泄物
feces	noun	うんこ|うんち|大便|糞|糞便
fed up	adjective	うんざり|飽き飽き
fed up to the back teeth		うんざり|食傷|飽き飽き
federal government	noun	連邦政府
federalism	noun	連邦主義
federalization	noun	連邦化
federation	noun	連邦|同盟|連盟|聯盟|聯邦
fee	noun	料金|費
feeble	adjective	弱い|弱々しい|脆弱|虚弱
feed	noun	飼料|フィード|食べさせる|食べ物を与える|飼う|食べる
feed a cold, starve a fever		風邪には大食, 熱には絶食
feedback	noun	フィードバック|反応|批評|ハウリング|鳴音
feel	verb	感じる|触れる|思う
feel free	verb	ご遠慮なく...してください|どうぞ
feel like	verb	ほしい hoshii
feeler	noun	触角
feeler gauge	noun	すきまゲージ|シクネスゲージ|シックネスゲージ
feeling	adjective	敏感|感覚|感情|気|恋|直感
feign	verb	見せ掛ける|装う
feijoa	noun	フェイジョア
feint	noun	フェイント
feldspar	noun	長石
felicitous	adjective	時宜に叶った
feline	adjective	ネコ
fellate	verb	フェラ|フェラチオ
fellatio	noun	フェラチオ|フェラ|尺八
fellow	noun	仲間|やつ|野郎
felony	noun	重罪
felony murder	noun	傷害致死罪
felt	noun	フェルト|毛氈|羅紗
felt-tip pen	noun	フェルトペン
female	adjective	雌|女|女性
female chauvinism	noun	女尊男卑
female circumcision	noun	FGM|女子割礼|女性器切除
female ejaculation	noun	潮吹き
female genital mutilation	noun	女性器切除
femboy	noun	男の娘
femdom	noun	フェムドム
femicide	noun	フェミサイド|フェミニサイド
feminazi	adjective	フェミナチ
feminine	adjective	女らしい|女性らしい|女|女性|フェミニン|女性的
femininity	noun	女らしさ|女性性
feminism	noun	フェミニズム|女権拡張論
feminist	noun	フェミニスト|女権拡張論者
femme fatale	noun	傾城傾国|妖女|妖婦|ファム・ファタール
femto-		フェムト
femtometre	noun	フェムトメートル
fen	noun	フェン
fence	noun	囲い|垣|垣根|塀|柵
fencing	noun	フェンシング|剣術
fender	noun	フェンダー
feng shui	noun	風水
fenghuang	noun	鳳凰
fennec	noun	フェネック|フェネック狐
fennel	noun	茴香|フェンネル|フィノッキオ
fentanyl	noun	フェンタニル
fenugreek	noun	フェヌグリーク
feral	adjective	野生
feral cat	noun	野良猫|野猫
fermata	noun	フェルマータ
ferment	verb	発酵
fermentation	noun	醗酵|発酵
fermion	noun	フェルミ粒子|フェルミオン
fermium	noun	フェルミウム
fern	noun	羊歯|歯朶
ferocious	adjective	猛々しい
ferret	noun	フェレット|白鼬
ferrite	noun	鉄系
ferromagnetism	noun	強磁性
ferrous	adjective	鉄
ferruginous duck	noun	メジロガモ
ferry	noun	フェリー|渡し船|渡船
fertile	adjective	肥沃
fertilizer	noun	肥料|肥|肥やし|化学肥料
fervent	adjective	熱烈
fervor	noun	情熱|意気込み|気勢|熱情
fester	verb	化膿|爛れる
festival	noun	祭り|祝祭|祭典
feta	noun	フェタチーズ
fetal alcohol spectrum disorder	noun	胎児性アルコール症候群
fetch	verb	持ち帰る
feticide	noun	堕胎
fetish	noun	フェチ|フェティシズム|フェティッシュ
fetishism	noun	フェチ|フェティシズム
fetlock	noun	球節
fettuccine	noun	フェットゥチーネ
fetus	noun	胎児
feud	noun	フェーデ|確執
feudalism	noun	封建制度
fever	noun	熱|発熱
few		わずか|少し|少数
fiancé	noun	フィアンセ|婚約者
fiancée	noun	フィアンセ|婚約者
fiasco	noun	わや
fib	noun	方便
fibre	noun	繊維
fibrinogen	noun	フィブリノゲン
fibroblast	noun	線維芽細胞
fibrodysplasia ossificans progressiva	noun	進行性骨化性線維異形成症
fibula	noun	フィブラ
fickle	adjective	気が多い|気まぐれ
fiction	noun	フィクション|小説
fictionkin	noun	フィクションキン
fiddle	verb	いじり回す
fidget	verb	せかせかする
fidget spinner	noun	ハンドスピナー|フィジェットスピナー
fie		げ|げっ|ゲ|ゲッ
fief	noun	封土
fiefdom	noun	レーエン|藩|領国
field	noun	野|野原|原|原野|畑|耕地
field artillery	noun	野戦特科|野戦砲兵
field day	noun	体育祭|運動会
field hockey	noun	フィールドホッケー
field horsetail	noun	杉菜
field hospital	noun	野外病院
field marshal	noun	元帥|陸軍元帥
field of view	noun	視野
field of vision	noun	視界|視野
field pennycress	noun	軍配団扇|軍配薺
field ration	noun	コンバット・レーション|レーション|戦用糧食|戦闘糧食|戦闘食|野戦糧食
field trip	noun	修学旅行|見学
fielder's choice	noun	野手選択
fieldfare	noun	ノハラツグミ
fiend	noun	魔神|悪魔
fierce	adjective	激しい
fife	noun	横笛
fifteen		十五
fifteenth	noun	十五度
fifth	adjective	五番目|五度
fifth column	noun	第5列|第五列
fifth disease	noun	林檎病
fifth grade	noun	小五|小学五年生
fifth wheel	noun	無用の長物|長物
fifties	noun	50年代|五十年代
fiftieth	adjective	第五十
fifty	noun	50ドル札|五十
fifty-eight		五十八
fifty-fifty	adverb	半々
fifty-five		五十五
fifty-four		五十四
fifty-nine		五十九
fifty-one		五十一
fifty-seven		五十七
fifty-six		五十六
fifty-three		五十三
fifty-two		五十二
fig	noun	無花果|映日果
fight	noun	戦い|戦闘|喧嘩|試合|ファイト|戦意|戦う
fight back	verb	巻き返す
fight like cat and dog	verb	犬猿の仲
fighter	noun	武士|戦士
fighter plane	noun	戦闘機
fighting game	noun	格闘ゲーム
fighting spirit	noun	戦意|闘志
figurative	adjective	比喩
figure	noun	人物|体型|数字
figure of speech	noun	あや|修辞|文彩|言葉のあや
figure skating	noun	フィギュアスケート
figurine	noun	フィギュア
filament	noun	繊維|フィラメント|花糸
file	noun	ファイル|綴じ込み|列|鑢|保管|提起
file allocation table	noun	ファイル・アロケーション・テーブル
file association	noun	ファイルの関連付け|拡張子の関連付け|関連付け
file extension	noun	拡張子
file size	noun	ファイルサイズ
file system	noun	ファイルシステム
filename	noun	ファイル名
filial	adjective	孝行する
filial piety	noun	親孝行
filibuster	noun	議事妨害|フィリバスター
fill	verb	埋める|満ちる|一杯|満たす|溢れる
fill out	verb	埋める|書き込む|記入
fill up	verb	満たす
filled	adjective	いっぱい
filler	noun	フィラー
filling	noun	充填
fillip	noun	フィンガースナップ|指を弾く|指パッチン
filly	noun	雌の子馬
film	noun	膜|映画|フィルム
film director	noun	映画監督
filming	noun	撮影
filmmaker	noun	映画製作者
filmmaking	noun	映画制作
filter	noun	フィルター|濾過器|濾波器
filter bubble	noun	フィルターバブル
filth	noun	汚物|泥
filthy	adjective	薄汚い
filtration	noun	沪過|濾過
fin	noun	鰭|フィン
final	adjective	最後|終わり|決勝戦|ファイナル|学期末テスト|学期末試験
final boss	noun	ラストボス
final examination	noun	期末テスト|期末試験
finale	noun	フィナーレ|終曲|終楽章
finalist	noun	決勝進出者
finally	adverb	結局|やっと|等々|終い|終に|終わり
finance	noun	金融|ファイナンス|財政|融資|資金を調達する
financial	adjective	金融
financial crisis	noun	金融危機
financial institution	noun	金融機関
financial statement	noun	財務諸表
find	verb	見付ける|見つける|指摘|評決
find fault	verb	咎める|揚げ足を取る
find one's place	verb	前〈で〉やめた所を見つける
find out	verb	分かる|発見|見出す|調べる
fine	adjective	良い|平凡|罰金|反則金
fine arts	noun	美術|ファインアート
finesse	noun	技巧|匙加減
finger	noun	指|ゆび
finger heart	noun	指ハート
finger millet	noun	シコクビエ
fingerboard	noun	指板
fingercot	noun	指サック
fingering	noun	手マン
fingernail	noun	爪|ツメ
fingerprint	noun	指紋
fingertip	noun	指先
finial	noun	頂華|先端装飾
finish	noun	終わり|終える|終わる|終了|仕上げる|全う
finish line	noun	ゴール|決勝点|決勝線
finished	adjective	完了|終わる
finished product	noun	完成品
finishing move	noun	奥義
finite	adjective	有限|限られた
finiteness	noun	有限性
finity	noun	有限
fios de ovos	noun	玉子素麺|鶏卵素麺
fiqh	noun	フィクフ
fir	noun	樅の木|モミ
fire	noun	火|火事|火災|炎|ストーブ|囲炉裏|首にする
fire alarm	noun	火災報知器|火災報知機|火災警報器|火災警報機|火災警報
fire ant	noun	ヒアリ
fire at will		発砲許可
fire brigade	noun	消防隊
fire department	noun	消防署
fire door	noun	防火扉
fire drill	noun	消防訓練|避難訓練
fire engine	noun	消防車
fire escape	noun	火災非難設備|防火扉|非常階段|避難路
fire extinguisher	noun	消火器
fire grenade	noun	消火弾
fire hose	noun	消防ホース
fire hydrant	noun	消火栓
fire station	noun	消防署
fire-on-the-mountain	noun	猩々草
fire-resistant	adjective	耐火
firearm	noun	火器|ファイアアーム
fireball	noun	火の玉|火球
firebell	noun	火鈴|警鐘
firebug	noun	放火魔
firecracker	noun	爆竹|癇癪玉
firefighter	noun	消防士|消防隊員
firefighting	noun	消防
firefly	noun	蛍|ホタル
fireplace	noun	暖炉
firepower	noun	火力
fireproof	adjective	耐火性の
firewall	noun	防火壁|ファイアーウォール
fireweed	noun	柳蘭
firewire	noun	ファイアワイア
firewoman	noun	女性消防士
firewood	noun	薪
firework	noun	花火
fireworks	noun	花火
firing pin	noun	撃針
firing squad	noun	銃殺隊
firmament	noun	天空|大空|穹蒼
firmware	noun	ファームウェア
first	adjective	第一|一番目|最初|初|初めて|先ず
first aid	noun	応急処置|救急|応急措置|救護
first aid kit	noun	救急箱
first and foremost	adverb	何よりもまず
first base	noun	一塁|ファースト
first baseman	noun	ファースト|一塁手
first come, first served		先着順
first cousin once removed	noun	従兄弟違い|従姪|従甥|従伯母|従伯父|従叔母
first floor	noun	二階
first gear	noun	ローギア
first grade	noun	小一|小学一年
first half	noun	前半戦
first island chain	noun	第一列島線
first love	noun	初恋|最初の愛
first of all	adverb	先ず
first past the post	noun	単純小選挙区制
first person	noun	一人称
first quarter	noun	上弦
first time	noun	初体験
first-aid box	noun	救急箱
first-come-first-served	adjective	先着順|早い者勝ち
first-person shooter	noun	ファーストパーソン・シューティングゲーム|一人称シューティングゲーム
first-rate	adjective	一流
firstborn	noun	初子|初生|総領|長女|長子|長男
firstly	adverb	先ず|初め|最初|第一
fiscal year	noun	会計年度
fish	noun	魚|魚類|魚肉|釣る
fish and chips	noun	フィッシュ・アンド・チップス
fish oil	noun	魚油
fish out of water	noun	陸に上がった河童
fish sauce	noun	ナンプラー|魚醤|魚醤油
fish tank	noun	水槽
fisher	noun	漁師|漁民
fisherfolk	noun	漁民
fisherman	noun	漁師|漁夫
fishery	noun	水産業|漁業
fisheye lens	noun	魚眼レンズ
fishhook	noun	釣り針|釣り鉤
fishing	noun	釣り|漁|漁業|漁場|釣り場
fishing boat	noun	漁船
fishing line	noun	釣り糸
fishing net	noun	漁網
fishing pole	noun	のべ竿|延べ竿
fishing rod	noun	釣り竿
fishmarket	noun	魚市|魚市場|魚河岸
fishmonger	noun	魚屋
fishmonger's	noun	魚屋|鮮魚店
fishnet	noun	網タイツ
fishy	adjective	魚の|小魚
fission	noun	分裂
fissure	noun	割れ目|裂け目
fist	noun	拳
fist-fuck	noun	フィストファック
fistball	noun	ファウストボール
fisting	noun	フィスティング
fistula	noun	瘻孔
fit	adjective	似合う|健康|元気|合う|適する|適切|フィット
fit like a glove	verb	ぴったり
fitness	noun	フィットネス|健康|適当
fitting	noun	フィッティング
five	noun	五|ファイブ|五つ
five aggregates	noun	五蘊
five hundred		五百
five o'clock	noun	五時
five o'clock shadow	noun	無精髭
five senses	noun	五感
five thousand		五千
five-minute hypothesis	noun	世界５分前仮設
five-second rule	noun	3秒ルール|5秒ルール
five-spice powder	noun	五香粉
fivefold	adjective	五倍|五重
fix	noun	注射|直す|キメる|修理|固定|据える
fixation	noun	固定
fixed	adjective	固定|安定的
fixed asset	noun	固定資産
fixed point	noun	固定小数点
fixed star	noun	恒星
fixer	noun	定着液
fjord	noun	フィヨルド|峡湾
flag	noun	フラグ|旗|旗幟
flag carrier	noun	旗手
flag semaphore	noun	手旗信号
flagellum	noun	鞭毛
flagman	noun	旗手
flagpole	noun	旗竿
flagship	noun	旗艦
flagstone	noun	敷石|組石
flail	noun	唐棹|フレイル|連接棍|連接棍棒|弾ける
flail chest	noun	フレイルチェスト|胸壁動揺
flake	noun	フレーク
flamberge	noun	フランベルジェ
flamboyant	noun	ホウオウボク
flambé	noun	フランベ
flame	noun	炎|火炎|彼|彼女|恋人|フレーム|炎を出す
flamenco	noun	フラメンコ
flamethrower	noun	火炎放射器
flamingo	noun	フラミンゴ|紅鶴
flan	noun	プリン|カスタードプディング|フラン
flank	noun	横腹|脇腹|横|脇
flannel	noun	フランネル|ネル|フラノ
flare up	verb	勃発
flash drive	noun	フラッシュドライブ
flash flood	noun	鉄砲水
flash memory	noun	フラッシュメモリ|フラッシュメモリー
flash mob	noun	フラッシュモブ
flash-bang	noun	閃光彈
flashback	noun	フラッシュバック
flashcard	noun	フラッシュカード|教材用のカード|メモリーカード
flashgun	noun	ストロボ|フラッシュ
flashlight	noun	懐中電燈
flashover	noun	フラッシュオーバー
flask	noun	フラスコ|水筒
flat	adjective	平ら|平坦|扁平|平板|変|パンクする|フラット
flat tyre	noun	パンク|フラットタイヤ
flat-chested	adjective	ぺったんこ
flatfish	noun	カレイ|鰈
flatfoot	noun	扁平足
flathead	noun	鯒
flatmate	noun	ルームメイト|同居人|部屋っ子
flatscreen	noun	フラット･スクリーン
flatten	verb	統合する
flatter	verb	諂う|諂媚|追従
flattered	adjective	光栄
flatterer	noun	おべっか使い|幇間|茶坊主
flattery	noun	おべっか|お世辞|諂媚
flatulence	noun	屁|鼓腸
flatulist	noun	放屁芸人|曲屁師
flatworm	noun	扁形動物
flavor	noun	味|フレーバー|風味|香味|調味料|香料
flaw	noun	ひび|欠点|瑕疵
flawless	adjective	完璧
flax	noun	亜麻|アマ
flaxen	adjective	亜麻色|亜麻製
flaxseed oil	noun	亜麻仁油
flay	verb	剥ぎ取る|剥ぐ
flea	noun	蚤|ノミ
flea market	noun	フリーマーケット|蚤の市|古物市
flee	verb	逃げる
fleece	noun	羊毛|フリース
fleet	noun	艦隊|フリート|船隊
fleeting	adjective	儚い
flerovium	noun	フレロビウム
flesh	noun	肉|身|果肉|うすだいだい|ペールオレンジ|肌色
fleshlight	noun	オナホール
fleur-de-lis	noun	フルール・ド・リス
flexibility	noun	フレキシビリティ|可撓性|柔軟性
flexible	adjective	柔軟
flick	verb	弾く
flicker	verb	揺らめく
flight	noun	飛行|飛|フライト|便|航空隊|飛行隊
flight attendant	noun	CA|キャビンアテンダント|キャビンクルー|客室乗務員
flight deck	noun	飛行甲板
flight number	noun	便名
flight plan	noun	飛行計画
flinch	verb	怯む
fling	verb	投げる
flint	noun	燧石
flip book	noun	パラパラマンガ
flip-flop	noun	ふらふらさせる|ぶれる
flippant	adjective	なまいき|ぶしつけ
flipper	noun	鰭
flirt	noun	いちゃいちゃ|いちゃつく|戯れる
float	noun	浮き|浮揚物|左官鏝|鏝|フロート|浮かぶ
floating market	noun	水上マーケット|水上市場
floating point	adjective	浮動小数点
floating vote	noun	浮動票
floating-point number	noun	浮動小数点数
flock	noun	群れ|ひとむれ|一群|群れる
floe	noun	氷塊|浮氷
flog	verb	鞭打つ
flogging	noun	鞭打ち
flood	noun	洪水|大水|氾濫
floodplain	noun	はんらん源
floor	noun	床|床関数
floor lamp	noun	フロアスタンド
floorcloth	noun	雑巾
flop	noun	フロップ|大コケ|失敗作
floppy	adjective	だらしない|フロッピー
floppy disk	noun	フロッピーディスク|ディスケット
floppy drive	noun	フロッピーディスクドライブ
floral	adjective	花
floriculture	noun	花卉園芸
floriography	noun	花言葉
florist	noun	花屋
florist's	noun	花屋
floss	noun	フロス|デンタルフロス
flounder	verb	まごつく
flour	noun	小麦粉|メリケン粉|穀粉
flourish	noun	見せびらかす|繁栄|繁茂する|栄える
flow	noun	流れ|ながれる|流れる
flow chart	noun	フローチャート|流れ図
flower	noun	花|咲く|開花
flower garden	noun	花園
flowerbed	noun	花壇
flowerpecker	noun	花鳥
flowerpot	noun	植木鉢|鉢
flu	noun	インフルエンザ|流行性感冒|インフル
fluconazole	noun	フルコナゾール
fluctuation	noun	波動|変動|ばらつき|増減
fluency	noun	流暢|ぺらぺら
fluent	adjective	すらすら|ぺらぺら|流暢な
fluently	adverb	すらすら|ぺらぺら|流暢
fluffer	noun	勃たせ屋
fluffy	adjective	ふかふか|ふわふわ|ほっこり
flugelhorn	noun	フリューゲルホルン
fluid	noun	流体|液体
fluid mechanics	noun	流体力学
fluke	noun	まぐれ|紛れ当たり
flunk	verb	失敗
fluorene	noun	フルオレン
fluorescence	noun	蛍光
fluorescent	adjective	蛍光
fluorescent lamp	noun	蛍光灯
fluoride	noun	フッ化物|弗化物
fluorine	noun	フッ素|弗素|フッソ|氟素
fluorite	noun	蛍石
fluorobenzene	noun	フルオロベンゼン
fluoromethane	noun	フルオロメタン
fluoroscopy	noun	間接撮影
flush	noun	フラッシュ
flush toilet	noun	便器|水洗式トイレ|水洗式便所
flute	noun	笛|フルート|シャンパン・グラス
flutter	verb	飛び回る
flux	noun	多様性|融剤|流量
fly	noun	蝿|ハエ|蠅|ハエ目|双翅目|ルアー|打ち上げる
fly agaric	noun	紅天狗茸|ベニテングタケ
fly ash	noun	フライアッシュ
fly ball	noun	フライ|飛球
fly fishing	noun	フライ・フィッシング
flyer	noun	チラシ|フライヤー|散らし|檄
flying ace	noun	エース・パイロット
flying boat	noun	飛行艇
flying fish	noun	トビウオ|飛び魚
flying fox	noun	大蝙蝠
flying machine	noun	空中飛行器|空中飛行機|飛行器|飛行機
flying saucer	noun	空飛ぶ円盤
flying squirrel	noun	ムササビ
flyleaf	noun	遊び紙
flypaper	noun	蝿取り紙
flyswatter	noun	蝿叩き
flywheel	noun	フライホイール|勢車|弾み車
foal	noun	子馬
foam	noun	泡|発泡
focal length	noun	焦点距離
focus	noun	ピント|集中|焦点|絞る|ピントを合わせる|に
fodder	noun	餌|飼料
fog	noun	霧|霞み
fogbow	noun	霧虹
foghorn	noun	霧笛
foie gras	noun	フォアグラ|フォワグラ
foil	noun	フォイル|ホイル|箔|金属裏張り|フルーレ
fold	verb	折る|畳む
folder	noun	フォルダ|ファイル|ディレクトリ
folding	adjective	折り畳|折る|畳む
folding chair	noun	パイプ椅子|折り畳み椅子
folding knife	noun	フォールディングナイフ|折り畳みナイフ
folding screen	noun	屏風
foldout	noun	折り込み
foley	noun	擬音
foley artist	noun	フォーリーアーティスト
foliage	noun	木の葉
folic acid	noun	葉酸
folk dance	noun	フォークダンス|民族舞踊
folk etymology	noun	民間語源
folk medicine	noun	伝統医学
folk music	noun	フォークソング|民族音楽
folk religion	noun	民間信仰
folk song	noun	フォークソング|歌謡|民謡
folklore	noun	民話|伝承|民俗
folkloristics	noun	民俗学
folks	noun	両親|人々|親戚
folktale	noun	昔話|民話|民間説話
follicle	noun	毛嚢|卵胞|小胞|濾胞|袋果
folliculitis	noun	毛包炎|毛嚢炎
follow	noun	フォロー|従う|追う|相次ぐ
follow suit	verb	先例に倣う
follower	noun	支持者|フォロワー
following	adjective	次のもの
folly	noun	愚行
foment	verb	胎動|醸成
fomentation	noun	湿布
fomite	noun	媒介物
fond	verb	好く|気に入る
fondle	verb	可愛がる|愛撫
fondness	noun	嗜好|好き|好み
fondue	noun	フォンデュ
font	noun	フォント|字体|字形
fontanelle	noun	泉門|顋門
foo dog	noun	狛犬
foobar	noun	hogehoge
food	noun	食べ物|食品|食物|食料|飯|餌
food additive	noun	食品添加物
food chain	noun	食物連鎖
food court	noun	フードコート
food poisoning	noun	食中毒
food truck	noun	キッチンカー
foodstuff	noun	干物|食品
fool	noun	アホ|馬鹿|あほ|惚け|愚か者|愚者|ばかにする
fool around	verb	ふざける
fool's errand	noun	むだ足|骨折り損
fool's gold	noun	愚か者の金|黄鉄鉱
fool's mate	noun	フールズ・メイト
foolish	adjective	馬鹿|愚か|馬鹿げた
foosball	noun	テーブルフットボール|フーズボール
foot	noun	足|フィート
foot job	noun	足コキ
foot-and-mouth disease	noun	口蹄疫
footage	noun	映像
football	noun	サッカー|蹴球|アソシエーション・フットボール|ア式蹴球|サッカーボール|フットボール
football match	noun	サッカーの試合
footballer	noun	サッカー選手
footbath	noun	足湯
footbinding	noun	纏足
footbridge	noun	歩道橋
foothill	noun	前山|山裾
footlight	noun	足下
footnote	noun	脚注|脚註
footpath	noun	小道|歩行者道|歩道
footprint	noun	足跡
footrace	noun	徒競走
footrest	noun	フットレスト|足載せ台
footstool	noun	足載せ台
footwear	noun	履物|履き物
footwrap	noun	ポルチャンキ
for		ため|行き|で
for god's sake		お願いだから|冗談じゃないよ|後生だから
for better or worse		善かれ悪しかれ
for example		例えば|例えるなら
for free		無料
for good		永久に|永遠に
for good measure		余分
for it		その分|それだけ
for real	adjective	マジ
for sale		発売中
for sure		違いない
for the sake of		ため|為
for the time being	adverb	取りあえず|差し当たり|当分の間
for your information		ご参考まで
for-profit	adjective	営利の
forage	noun	秣|[[（食糧を）あさる]]（（しょくりょうを）あさる, (syokuryou wo) asaru）|飼料さがし
foraging	noun	採餌
foramen magnum	noun	大後頭孔
foraminifer	noun	有孔虫
forbid	verb	禁じる|禁止|否む|拒む|拒否|断る
forbidden	adjective	禁止|禁|禁じる|禁断
forbidden fruit is the sweetest		禁断の木の実が一番甘い
force	noun	力|フォース|強制|勢力|強いる
force field	noun	シールド
force majeure	noun	不可抗力
forced	adjective	とってつけた
forced labor	noun	懲役|強制労働
forceps	noun	鉗子
forcibly	adverb	有無を言わさず
fore		ふぁ
forearm	noun	前腕|前膊
forebrain	noun	前脳
forecast	noun	天気予報|予報|予想
forecastle	noun	船首楼
forefather	noun	前任者
forefinger	noun	人差し指|食指
forefront	noun	第一線
foreground	noun	前景
forehead	noun	額|お凸
foreign	adjective	外来|外国の|外国
foreign affairs	noun	外務|外務省
foreign country	noun	海外|外国
foreign currency	noun	外貨
foreign debt	noun	対外債務
foreign exchange	noun	外国為替
foreign key	noun	外部キー
foreign language	noun	外国語
foreign legion	noun	外人部隊
foreign minister	noun	外相|外務大臣
foreign policy	noun	外交
foreigner	noun	外国人|外人|異国人
foreleg	noun	前肢|前脚
foreman	noun	工場長|陪審長
foremast	noun	フォアマスト
forename	verb	名前
forensic	adjective	法医学|法廷|弁論|討論
forensic science	noun	法科学
foreplay	noun	前戯
foresee	verb	予測|予知|予見|見越す
foreshadowing	noun	伏線
foreshock	noun	前震
foresight	noun	予見|先見|照星
foreskin	noun	包皮
forest	noun	森|森林|林
forest fire	noun	山火事|森林火災|山林火災
forest green tree frog	noun	森青蛙
forester	noun	林務官
forestry	noun	林業
foretop	noun	アホ毛
forever	adverb	永久|永遠|とわに|常しえに|永遠に|ずっと
forge	noun	鍛冶屋|鍛造
forger	noun	偽造者
forgery	noun	偽作|偽物
forget	verb	忘れる|わすれる
forget it		もういいです|いいえ|いや
forget-me-not	noun	勿忘草
forgetful	adjective	忘れっぽい
forgive	verb	許す|容赦
forgiveness	noun	容赦
forgo	verb	諦める
fork	noun	ピッチフォーク|鍬|フォーク|ホーク|分岐点|分水
forkful	noun	フォーク一杯
forklift	noun	フォークリフト
forlorn hope	noun	決死隊
form	noun	形式|形状|用紙|語形|形作る
formal	adjective	正式|公式
formal system	noun	形式体系|形式的体系
formaldehyde	noun	ホルムアルデヒド
formalin	noun	ホルマリン
formalism	noun	形式主義
formant	noun	フォルマント
format	noun	フォーマット|書式|形式|初期化
formate	noun	蟻酸塩
formatting	noun	フォーマット
former	adjective	前|前者
former yugoslav republic of macedonia	noun	マケドニア旧ユーゴスラビア共和国
formerly	adverb	旧来|かつて
formerly known as		旧
formic acid	noun	蟻酸
formidable	adjective	怖ろしい|怖ろしく強い
formula	noun	公式|定式|化学式|粉ミルク|式|論理式
formulate	verb	定式化
formulation	noun	定式化
fornicate	verb	姦淫
fornication	noun	姦淫
forsake	verb	放棄する|見捨てる
forsythia	noun	レンギョウ|連翹
fort	noun	要塞
forte	adverb	フォルテ|強み
forthcoming	adjective	今度|来たる
forties	noun	40年代|四十年代
fortieth	adjective	第四十
fortissimo	adverb	フォルティッシモ
fortississimo	adverb	フォルティッシッシモ
fortnight	noun	二週間|二七日
fortnightly	noun	半月刊
fortress	noun	要塞|城塞
fortuitous	adjective	偶然
fortuity	noun	偶然|偶然性
fortunately	adverb	幸運
fortune	noun	運命|宿命|チャンス|機会|幸運|多幸
fortune cookie	noun	フォーチュン・クッキー|辻占煎餅
fortune favors the bold		運命の女神は勇者に味方する
fortune-teller	noun	占い師
fortune-telling	noun	占い
forty		四十
forty-eight		四十八
forty-five		四十五
forty-four		四十四
forty-nine		四十九
forty-one		四十一
forty-seven		四十七
forty-six		四十六
forty-three		四十三
forty-two		四十二
fortysomething	noun	四十代
forum	noun	フォーラム|論壇|討論|討論会|伝言板
forward	adjective	前|前方|後|フォワード|回送|届ける
forward compatibility	noun	前方互換性
forward compatible	adjective	前方互換
fossa	noun	フォッサ
fossil	noun	化石
fossil fuel	noun	化石燃料
fossilize	verb	化石させる|化石する
foster father	noun	養父
foster mother	noun	養母
fougasse	noun	フーガス
foul	noun	ファウル
foul language	noun	卑語|雑言
foul play	noun	ファウル|不法行為|不正行為
foul-mouthed	adjective	口汚い
found	verb	打ち立てる|興す|設立|基礎
foundation	noun	創立|建設|樹立|設立|設置|基礎
foundation garment	noun	ファンデーション
founder	noun	創立者|創設者|設立者|沈没する
foundry	noun	鋳造所
fountain	noun	噴水
fountain of youth	noun	若返りの泉
fountain pen	noun	万年筆
four	noun	四|フォー|四つ
four hundred		四百
four o'clock	noun	四時
four thousand		四千
four treasures of the study	noun	文房四宝
four-dimensional	adjective	四次元
four-eyes	noun	くそメガネ
four-leaf clover	noun	四つ葉のクローバー
four-stroke engine	noun	4サイクル機関|4ストローク機関
four-wheel drive	noun	四輪駆動|四輪駆動車|四駆
fourteen		十四
fourteenth	adjective	十四番目|十四度
fourth	adjective	四番|四番目|四度
fourth cousin	noun	4番目のいとこ
fourth grade	noun	小四|小学四年生
fourth person	noun	四人称
fourth wall	noun	第四の壁
fowler	noun	鳥狩り
fox	noun	狐|キツネ|フォックス
fox in the henhouse	noun	猫に鰹節
fox sparrow	noun	胡麻斑雀
foxfire	noun	狐火
foxglove	noun	ジギタリス
foxhole	noun	狐塚|蛸壷
foxnut	noun	鬼蓮
foxtail	noun	雀の鉄砲
foxtail barley	noun	細野毛麦
foxtail millet	noun	粟
foxtrot	noun	フォックストロット
foxy	adjective	フォクシー
foyer	noun	玄関
fractal	adjective	フラクタル
fraction	noun	断片|分数
fractious	adjective	怒りっぽい
fracture	noun	骨折
fragile	adjective	脆い|脆弱|壊れやすい
fragile x syndrome	noun	脆弱X症候群
fragment	noun	断片|欠片|フラグメント|破片
fragrance	noun	香り|香気
fragrant	adjective	甘い香りのする|芳しい|香ばしい|香り高い
fragrant orchid	noun	千鳥草|手形千鳥
frailty	noun	もろさ
frame	noun	齣|フレーム|枠|着せる|陥れる
frame rate	noun	フレームレート
framework	noun	骨組み|フレームワーク|構造
franc	noun	フラン|法
franchise	noun	フランチャイズ
franchisee	noun	フランチャイジー
franchising	noun	フランチャイズ
franchisor	noun	フランチャイザー
francium	noun	フランシウム
francolin	noun	シャコ|フランコリン|鷓鴣
frankincense	noun	乳香
frankly	adverb	正直
frantic	adjective	気違いじみる
frappuccino	noun	フラペチーノ
frass	noun	フラス
fraternal	adjective	兄弟
fraud	noun	詐欺|ペテン師|詐欺師
fraudulent	adjective	詐欺
freak	noun	フリーク|変人
freak out	verb	腹が立つ|怖がらせる
freak show	noun	見世物小屋
freckle	noun	雀斑|そばかす
freckled duck	noun	ゴマフガモ
free	adjective	自由|そのままの|解放
free as a bird	adjective	鳥のように自由だ
free indirect speech	noun	自由間接話法
free kick	noun	フリーキック
free market	noun	自由市場
free morpheme	noun	自由形態素
free of charge	adjective	無料|ただ
free radical	noun	遊離基
free software	noun	フリーソフトウェア|自由ソフトウェア
free speech	noun	言論の自由
free state	noun	自由国
free throw	noun	フリースロー
free time	noun	暇|余暇|閑散|閑暇
free trade	noun	自由貿易
free trade area	noun	自由貿易地域
free variable	noun	自由変数|自由変項
free verse	noun	自由詩
free will	noun	自由意志
free world	noun	自由世界|自由な世界
freeball	verb	ノーブリーフ
freeboob	verb	ノーブラ
freebox	verb	ノーパン
freedom	noun	自由
freedom fighter	noun	自由戦士
freedom of assembly	noun	集会の自由
freedom of association	noun	結社の自由
freedom of expression	noun	表現の自由
freedom of religion	noun	信教の自由
freedom of the city	noun	名誉市民権
freedom of the press	noun	報道の自由
freelance	verb	フリーランス
freelancer	noun	フリーランサー
freeloader	noun	食客
freeman	noun	自由人|自由民
freesia	noun	フリージア
freestyle	noun	フリースタイル
freeware	noun	フリーウェア
freeze	verb	凍る|凍らせる
freezer	noun	フリーザー|冷凍庫
freezer bag	noun	フリーザーバッグ
freezing point	noun	凝固点
freezing rain	noun	凍雨|雨氷
fregola	noun	フレグラ
freight	noun	貨物輸送|貨物|貨物輸送運賃|積む
french fries	noun	フライドポテト|フレンチフライ
frenemy	noun	友なる敵
frenulum	noun	小帯
frenzy	noun	逆上
frequency	noun	頻度|周波数
frequency modulation	noun	周波数変調
frequent	adjective	頻繁
frequently	adverb	しばしば|しょっちゅう|頻繁
frequently asked questions	noun	よくあるご質問
fresco	noun	フレスコ
fresh	adjective	新鮮|新鮮な
fresh air	noun	新鮮な空気
fresh water	noun	淡水|真水
freshman	noun	一年生|新入生
freshness	noun	新鮮
fret	noun	フレット
fricative	noun	摩擦音
friction	noun	摩擦|不和
fried	adjective	あげる|フライ
fried chicken	noun	フライドチキン
fried egg	noun	目玉焼き
fried rice	noun	チャーハン|炒飯
friend	noun	友達|友人|朋友|仲間|彼女|彼氏
friend request	noun	フレンドリクエスト|フレンド申請
friend with benefits	noun	セックスフレンド|セフレ
friend zone	noun	フレンドゾーン
friendliness	noun	友好|親切
friendly	adjective	親切|友好的|愛しい|親善|友|味方
friendly fire	noun	フレンドリー・ファイア|友軍相撃|同士討ち
friendship	noun	友情|友好|友誼|交際
frieze	noun	フリーズ
frigate	noun	フリゲート
frigatebird	noun	軍艦鳥
fright	noun	怖じけ
frighten	verb	怖がらせる
frightened	adjective	怖い
frightening	adjective	怖い|恐い
frill	noun	フリル
frilled lizard	noun	エリマキトカゲ
frog	noun	蛙|カエル|かはづ|轍叉
frog in a well	noun	井の中の蛙大海を知らず|井底の蛙
frog legs	noun	カエルの足
frogmouth	noun	ガマグチヨタカ
frogspawn	noun	蛙の卵
frolic	noun	お祭り騒ぎ|浮かれ騒ぐ
from		から|より
from a to z		一から十まで|初めから終わりまで
from now on	adverb	今後|これから|今から
from scratch		はなから|ゼロから|ゼロの状態から|一から|最初から|手作り
from the bottom of one's heart		心から|心の底から
from the cradle to the grave		揺り籠から墓場まで
from time to time		時々
front	adjective	前面|前|前側|手前|正面|表
front door	noun	表口|表戸|表門
front end	noun	フロントエンド
front garden	noun	前庭
front line	noun	前線|最前線
front vowel	noun	前舌母音
front yard	noun	前庭
front-wheel drive	noun	前輪駆動
frontal lobe	noun	前頭葉
frontflip	noun	(Furontofurippu)|フロントフリップ
frontier	noun	国境|境界
frost	noun	霜
frost fair	noun	霜祭り
frostbite	noun	凍傷|凍瘡|霜焼|霜焼け
frot	noun	兜合わせ|兜合わせる
froth	noun	泡|泡を吹く
frown	verb	顔を顰める
frozen	adjective	凍結
fructose	noun	フルクトース|果糖
frugal	adjective	倹しい|倹約|質素
fruit	noun	果物|フルーツ|果実|成果
fruit fly	noun	ミバエ|実蝿|猩々蝿
fruit juice	noun	フルーツジュース|果汁
fruit salad	noun	フルーツサラダ
fruit tree	noun	果樹
fruitcake	noun	フルーツケーキ
fruitless	adjective	不毛
frustration	noun	挫折|フラストレーション
fry	noun	稚魚|炒る|煎る|(油で)揚げる
frying pan	noun	フライパン
fu	noun	賦
fuchsia	noun	フクシャ|ホクシャ|赤紫色
fuck	verb	くそ|ファック！|畜生！|やる|まんこする|エッチ
fuck buddy	noun	セックスフレンド|セフレ
fuck off	verb	あっち行け|くそ食らえ|くたばれ|失せる|くたばる
fuck up	verb	沼る
fuck you		くそ食らえ|くたばれ|死ね|糞垂れ
fucking	verb	糞
fuckwit	noun	どアホ
fudanshi	noun	腐男子
fudge	noun	ファッジ
fuel	noun	燃料
fuel cell	noun	燃料電池
fuel tank	noun	タンク|燃料タンク
fugacious	adjective	儚い|早く散る
fugitive	noun	逃亡者
fugly	adjective	非常にブサイク
fugue	noun	フーガ|遁走曲
fujoshi	noun	腐女子
fulcrum	noun	支点
fulfill	verb	実施|遂行
fuliginous	adjective	すすだらけの
full	adjective	一杯|満々|完全|たっぷり|まる|満腹
full house	noun	フルハウス|満員|満席
full moon	noun	満月|望月
full name	noun	フルネーム|姓名|氏名
full screen	adjective	フルスクリーン|全画面
full speed ahead	adjective	全速前進
full stop	noun	句点|ピリオド|。|終止符
full throttle	noun	べたぶみ|フルスロットル
full-time	adjective	フルタイム
fullerene	noun	フラーレン
fullwidth	adjective	全角
fulminic acid	noun	雷酸
fumble	verb	いじり回す|探り回す
fumigate	verb	消毒する
fun	adjective	楽しい|楽しみ|遊び|面白さ
function	noun	機能|関数|職位|職務|函数|作用
function key	noun	ファンクションキー
function space	noun	関数空間
function word	noun	機能語
functional	adjective	機能|便利|機能的|汎関数|関数オブジェクト
functional analysis	noun	函数解析|関数解析
functional group	noun	官能基
functional programming	noun	関数プログラミング
functionalism	noun	機能主義
functionality	noun	機能性
functionary	noun	公務員|役人
functor	noun	関手
fund	noun	資金|基金|融資
fundamental	adjective	基本的な|基本
fundamental interaction	noun	基本的な力|基本相互作用
fundamentalism	noun	原理主義|根本主義
fundamentalist	noun	原理主義者
funding	noun	融資|資金
fundraising	noun	ファンドレイジング|募金
funds	noun	資金
funeral	noun	葬儀|葬式
funeral home	noun	斎場|葬儀場
funereal	adjective	葬式の
fungicide	noun	殺菌剤
fungus	noun	菌類|茸|真菌
fungus gnat	noun	茸蝿
funicular	noun	ケーブルカー|鋼索鉄道
funk	noun	ファンク
funnel	noun	漏斗|ファンネル
funny	adjective	面白い|可笑しい|楽しい|変
fur	noun	毛皮
fur coat	noun	ファーコート|毛皮のコート|裘
fur seal	noun	オットセイ|膃肭臍
furan	noun	フラン
furazan	noun	フラザン
furigana	noun	ルビ|振り仮名
furisode	noun	振袖
furlong	noun	ハロン|ファーロング
furnace	noun	炉|窯|溶鉱炉
furnish	verb	備え付ける|供給
furniture	noun	家具
furoshiki	noun	風呂敷
furrow	noun	溝|畝
furry	adjective	ケモい|ケモノ|獣人|ケモナー|ファーリー|ファーリーズ
fursona	noun	ファーソナ
fursuit	noun	ファースーツ
furthermore	adverb	そのうえ
furtively	adverb	ひそか
fuse	noun	導火線|ヒューズ|信管
fuselage	noun	胴体|機体
fusilli	noun	フジッリ
fusion	noun	フュージョン|核融合|溶融|融合
fussy	adjective	喧しい|小うるさい
fustian	noun	ファスチャン織り
futanari	noun	ふたなり|二形|二成|双形|双成
futile	adjective	無用|無益|無駄
futon	noun	布団|ふとん|蒲団
futsal	noun	フットサル
future	noun	未来|将来
future bass	noun	フューチャー・ベース
future house	noun	フューチャー・ハウス
future participle	noun	未来分詞
future perfect	noun	未来完了時制
future tense	noun	未来|未来時制|未来形
futures contract	noun	先物|先物取引
futurism	noun	フューチャリズム|未来派
futurology	noun	未来学
fuzzy logic	noun	ファジィ論理
fynbos	noun	フィンボス
gab	noun	無駄話
gabardine	noun	ギャバジン
gabbro	noun	斑糲岩
gac	noun	ガック|ナンバンカラスウリ|モクベツシ|南蛮烏瓜|木鼈子
gadget	noun	ガジェット|小道具
gadolinium	noun	ガドリニウム
gadwall	noun	オカヨシガモ
gaffe	noun	失策
gaffer tape	noun	ガッファーテープ
gag	noun	猿轡|ギャグ
gaiety	noun	ハピネス
gaijin	noun	外人
gain	noun	進展|進歩|利得|増幅率|増強する|獲得する
gainaxing	noun	乳揺れ
gait	noun	足取り
gaiter	noun	脚絆|スパッツ
gaiwan	noun	蓋碗
galactagogue	noun	催乳薬
galah	noun	桃色鸚哥
galaxy	noun	銀河|銀河系|星雲
gale	noun	強風
galena	noun	方鉛鉱
galette	noun	ガレット
gall	noun	虫瘤|虫癭
gall bladder	noun	胆嚢
gall midge	noun	癭蝿
gall wasp	noun	癭蜂
gallant	adjective	勇ましい|勇敢な
gallantry	noun	勇敢
galleon	noun	ガレオン船
gallery	noun	ギャラリー|画廊|桟敷
galley	noun	ガレー船|ギャレー|ゲラ
gallium	noun	ガリウム
gallium arsenide	noun	ガリウムヒ素|ヒ化ガリウム|ガリウム砒素|砒化ガリウム
gallon	noun	ガロン
gallop	noun	ギャロップ
gallows	noun	絞首台
gallows humor	noun	絞首台のヒューモア
gallstone	noun	胆石
galosh	noun	ガロッシュ
galvanize	verb	活性化する
gambier	noun	ガンビール|阿仙薬
gambit	noun	ギャンビット
gamble	noun	ギャンブル|賭け|賭ける|懸ける
gambler	noun	ギャンブラー|博徒|冒険家
gambling	noun	博奕|博打|賭博
gamboge	noun	雌黄|雌黄色
game	noun	試合|体育|競技|遊び|ゲーム|ごっこ
game over		ゲームオーバー|詰んだ
game show	noun	ゲーム番組
game theory	noun	ゲーム理論
gamecock	noun	しゃも|軍鶏|闘鶏
gamelan	noun	ガムラン
gameplay	noun	ゲームプレイ|ゲームメカニクス
gamer	noun	ゲーマー
gamete	noun	配偶子
gamification	noun	ゲーミフィケーション
gamma	noun	ガンマ
gamma function	noun	ガンマ関数
gamma ray	noun	ガンマ線
gamut	noun	全領域
ganache	noun	ガナッシュ
gander	noun	雄ガチョウ
gandharva	noun	ガンダルバ|ガンダルヴァ|乾闥婆
gang	noun	群れ|集団|ギャング|一隊|団|暴力団
gang rape	noun	輪姦
ganglion	noun	神経節
gangrene	noun	壊疽
gangster	noun	ギャングスター|匪徒|山賊
gangue	noun	脈石
ganguro	noun	ガングロ|顔黒
gangway	noun	通す|舷門|通路|タラップ|舷梯|歩み板
gantry crane	noun	ガントリークレーン
gaokao	noun	高考
gap	noun	ずれ|間隙|隙
garage	noun	ガレージ|車庫|整備工場
garam masala	noun	ガラムマサラ
garbage	noun	がらくた|ごみ|廃品|廃物
garbage bag	noun	ごみ袋|ゴミ袋
garbage can	noun	ごみ箱|ごみ入
garbage chute	noun	ダスト・シュート
garbage collection	noun	ごみ収集|ごみ回収|ガーベジコレクション
garbage truck	noun	ごみ収集車
garden	noun	広場|庭|庭園|花園|菜園|野菜畑
garden balsam	noun	鳳仙花
garden gnome	noun	庭小人
garden warbler	noun	ニワムシクイ
gardener	noun	庭師|園丁
gardenia	noun	クチナシ
gardening	noun	ガーデニング|園芸|土いじり|庭いじり|庭仕事
garfish	noun	ガーフィッシュ
garganey	noun	シマアジ
gargantuan	adjective	夥しい|巨大な|膨大な|ガルガンチュワの
gargle	verb	うがい
gargoyle	noun	ガーゴイル
garland chrysanthemum	noun	シュンギク|春菊
garlic	noun	大蒜|蒜|ガーリック|葫
garlic bread	noun	ガーリックトースト|ガーリックブレッド
garlic chive	noun	韭|韮|ニラ
garmon	noun	ガルモーシカ
garnet	noun	柘榴石|ガーネット|ガーネット色
garret	noun	屋根裏部屋
garrison	noun	駐屯地
garter	noun	ガーター|靴下留め
garuda	noun	ガルダ|迦楼羅
gas	noun	ガス|気体|ガソリン
gas chamber	noun	ガス室
gas cylinder	noun	ガスボンベ|ボンベ
gas giant	noun	巨大ガス惑星
gas mask	noun	ガスマスク
gas plant	noun	白鮮
gas pump	noun	給油機|計量機
gas station	noun	給油所|ガソリンスタンド|ガスステーション|サービスステーション
gas tank	noun	ガソリンタンク
gas turbine	noun	ガスタービン|ガスタービンエンジン
gasconade	noun	自慢話
gaseous	adjective	気体
gaseous phase	noun	気相
gasholder	noun	ガスタンク
gasify	verb	気化
gasket	noun	ガスケット
gaslight	noun	ガスランプ|ガス灯
gasoline	noun	ガソリン|揮発油
gasp	verb	息を呑む|喘ぐ
gastric acid	noun	胃酸
gastric angle	noun	胃角部
gastrinoma	noun	ガストリノーマ
gastritis	noun	胃炎
gastrocamera	noun	胃カメラ
gastrocnemius	noun	腓腹筋
gastroenteritis	noun	胃腸炎
gastroenterology	noun	胃腸病学
gastronomy	noun	ガストロノミー|美食学|美食術
gastroptosis	noun	胃下垂
gat	noun	カッ|笠子帽
gate	noun	門|大門|扉|ゲート|搭乗口|売上げ
gateau	noun	ケーキ|ガトー
gated community	noun	ゲートコミュニティ
gateway	noun	入り口|通路|ゲートウェイ
gather	verb	集める|収集
gathering	noun	集まり
gaucho	noun	ガウチョ
gaudy	adjective	あくどい|けばけばしい|どぎつい|派手
gauge	noun	計器|計量器
gaunt	adjective	げっそりやせた|荒涼とした
gauntlet	noun	籠手
gaur	noun	ガウル
gauze	noun	ガーゼ
gavel	noun	小槌
gawky	adjective	鈍臭い
gay	adjective	ゲイ|オカマ|同性愛|ださい|つまらない|楽しい
gay bar	noun	ゲイバー
gay marriage	noun	ゲイの結婚|同性結婚|同性婚
gay pride	noun	ゲイ・プライド
gay rights	noun	同性愛者の権利
gaydar	noun	ゲイダー
gazebo	noun	東屋|涼亭
gazelle	noun	ガゼル
gazette	noun	官報
gazetteer	noun	地名辞典|地名集
gazpacho	noun	ガスパチョ
gear	noun	ギア
gear lever	noun	変速レバー
gear wheel	noun	歯車|ギア
gearbox	noun	ギアボックス|変速機
gearhead	noun	自動車マニア|車オタク
gecko	noun	ヤモリ|守宮|家守
gee	noun	ジー
geek	noun	オタク|マニア|ギーク
geek out	verb	力が入る|意気込む
geez		ああ|なんてこった
geezer	noun	じじい|ばばあ|爺|老人
gegenschein	noun	対日照
geisha	noun	芸者|芸妓|芸子
gel	noun	ゲル|ジェル
gelatin	noun	ゼラチン
gelato	noun	ジェラート
gelding	noun	騸馬
gem	noun	宝石
geminate	noun	促音
gemination	noun	長子音
gemology	noun	宝石学
gemstone	noun	宝石
gendarme	noun	憲兵
gendarmerie	noun	国家憲兵|憲兵
gender	noun	性別|ジェンダー|性|性同一性
gender dysphoria	noun	性別違和
gender identity	noun	性同一性|ジェンダー・アイデンティティ|ジェンダー同一性
gender identity disorder	noun	性同一性障害
gender role	noun	性役割
gender studies	noun	ジェンダー研究
gender transition	noun	性別移行
gender-blind	adjective	ジェンダーフリー
genderfluid	adjective	不定性
genderqueer	adjective	ジェンダークィア
gendersex	noun	性別
gene	noun	遺伝子
gene expression	noun	遺伝子発現
genealogy	noun	系統|系譜学
general	adjective	一般|全般|普通|一般的|将軍|大将
general election	noun	総選挙
general formula	noun	一般式|通式
general practitioner	noun	家庭医|開業医
general public	noun	大衆|一般の人々|素人|門外漢
general relativity	noun	一般相対性理論
general staff	noun	参謀本部
general store	noun	百貨店|雑貨屋
general strike	noun	ゼネスト
general-purpose	adjective	汎用
generalisation	noun	汎化
generalissimo	noun	大元帥|総統
generalist	noun	ゼネラリスト|何でも屋
generalization	noun	汎化
generally	adverb	一般|広く|汎く|通常|たいてい|大まか
generate	verb	生み出す|生む|生成|発生|熾す
generation	noun	世代
generative grammar	noun	生成文法
generator	noun	発電機
generic name	noun	属名|一般名
generosity	noun	寛大|気前
generous	adjective	寛大|気の大きい|気前の良い
genetic	adjective	遺伝的
genetic code	noun	遺伝情報
genetic engineering	noun	遺伝子工学
geneticist	noun	遺伝学者
genetics	noun	遺伝学|遺伝的特性
genie	noun	精霊|ジン
genioglossus	noun	頤舌筋
genipin	noun	ゲニピン
genital wart	noun	尖圭コンジローマ
genitalia	noun	生殖器|性器|恥部|陰部
genitive	adjective	属格|生格
genitive case	noun	属格|生格
genius	noun	天才
genius loci	noun	地霊
genizah	noun	ゲニザ
genmaicha	noun	玄米茶
genocide	noun	集団虐殺|ジェノサイド|大量虐殺
genome	noun	ゲノム
genotype	noun	遺伝子型
genre	noun	ジャンル
gens	noun	ゲンス
gentle	adjective	優しい|丁寧
gentleman	noun	男性用トイレ|紳士|ジェントルマン|ゼントルマン|お客様|だんな
gentleman's agreement	noun	紳士協定
gentleness	noun	優|親切
gently	adverb	そっと
gentoo penguin	noun	ジェンツーペンギン
genuflect	verb	跪く
genuine	adjective	本物
genus	noun	属|種数
geocentrism	noun	地球中心説|天動説
geodesy	noun	測地学
geoduck	noun	アメリカナミガイ
geoglyph	noun	ジオグリフ|地上絵
geographer	noun	地理学者
geographic	adjective	地理的
geographic information system	noun	地理情報システム
geography	noun	地理学|地理
geoid	noun	ジオイド
geologist	noun	地質学者
geology	noun	地質学
geometric isomerism	noun	幾何異性
geometric mean	noun	幾何平均
geometric progression	noun	幾何数列|等比数列
geometric series	noun	等比級数
geometry	noun	幾何学
geomorphology	noun	地形学
geophysics	noun	地球物理学
geopolitics	noun	地政学
georgette	noun	ジョーゼット|経緯縮緬
geostationary	adjective	静止
geothermy	noun	地熱
gephyrophobia	noun	渡橋恐怖症
geranium	noun	ゼラニウム|フウロソウ|風露草
gerbil	noun	ジャービル|スナネズミ
gerenuk	noun	麒麟羚羊
geriatrics	noun	老人医学
germ	noun	細菌|胚芽|芽生え
germ cell	noun	胚細胞
germander	noun	苦草
germanium	noun	ゲルマニウム
germicide	noun	殺菌剤
germination	noun	発芽
gerontocracy	noun	長老支配
gerontology	noun	老人学
gerund	noun	動名詞
gestalt	noun	ゲシュタルト
gesture	noun	ジェスチャー
get	verb	なる|成る|する|至らせる|受ける|得る
get a grip	verb	落ち着く
get a word in edgewise	verb	口を挟む
get along	verb	折り合う|気が合う|やっていく|暮らす
get by	verb	やりくり|遣り繰り算段する
get drunk	verb	酔う|酔っ払う
get even	verb	仕返し
get in the way	verb	妨げる|邪魔になる
get laid	verb	やる|寝る
get lost	verb	あっちへ行け|失せろ！|消えて|消えてなくなれ|消えろ！|迷う
get married	verb	結婚
get off	verb	降りる|降ろす|下車
get on	verb	のっかる|乗る
get on someone's nerves	verb	神経を尖らせる
get out	verb	出て行け|出て行く|降りる
get out of here		あっちへ行け|出て行け！|失せる|消える
get rid of	verb	免れる|取り除く
get to know	verb	知り合う
get to the point	verb	要点に触れる
get up	verb	起きる
get used	verb	慣れる
get well soon		お大事に|早く良くなりますように
get wet	verb	濡れる
get wind of	verb	嗅ぎ付ける|聞きこむ
get-together	adjective	コンパ|懇親会
geta	noun	下駄
getting used to	noun	慣れる
geyser	noun	間欠泉
gharial	noun	インドガビアル|ガビアル
ghazal	noun	ガザル
ghee	noun	ギー
gherkin	noun	ガーキン
ghetto	noun	ゲットー
ghost	noun	幽霊|亡霊|お化け|ゴースト|化け物|変化
ghost ship	noun	幽霊船
ghost town	noun	ゴーストタウン|廃村|死都
ghost word	noun	幽霊語
ghostwriter	noun	ゴーストライター|代作者
ghoul	noun	グール
ghrelin	noun	グレリン
ghusl	noun	グスル
gianduja	noun	ジャンドゥーヤ
giant	noun	巨人
giant anteater	noun	大蟻食
giant burrowing cockroach	noun	鎧土竜蜚蠊
giant clam	noun	大硨磲貝
giant forest hog	noun	モリイノシシ
giant otter	noun	オオカワウソ
giant panda	noun	ジャイアントパンダ|大熊猫
giant slalom	noun	大回転
giant squid	noun	ダイオウイカ
giant trevally	noun	ロウニンアジ
giant-killing	noun	番狂わせ|金星
gibberish	noun	ちんぷんかんぷん|でたらめ|珍紛漢紛
gibbon	noun	テナガザル|手長猿
gibbous moon	noun	凸月
gibibit	noun	ギビビット
gibibyte	noun	ギビバイト
giblet	noun	鳥もつ
giddy	adjective	暈
giddyup		はい|ワオ|進む
gift	noun	贈り物|プレゼント|ギフト|礼物|贈答品|進物
gift card	noun	ギフトカード
gig	noun	ギグ|仕事|出演
giga-		ギガ
gigabit	noun	ギガビット
gigabyte	noun	ギガバイト
gigahertz	noun	ギガヘルツ
giganotosaurus	noun	ギガノトサウルス
gigantic	adjective	巨大
gigapixel	noun	ギガピクセル
gigawatt	noun	ギガワット
giggle	verb	くすくす笑う|けらけら笑う
giggles	noun	わらいころげる|笑い転げる
gigolo	noun	ジゴロ|男娼|エスコート|ダンスパートナー専門の男
gild the lily	verb	画蛇添足
gilded	adjective	金色
gilet	noun	ジレー
gill	noun	鰓|えら|腮|顋|襞
gilo	noun	ジロ
gimlet	noun	錐|ギムレット
gimmick	noun	ギミック|仕掛け|絡繰り
gin	noun	ジン
gin and tonic	noun	ジン・トニック
gin rummy	noun	ジン・ラミー
ginger	adjective	生姜味|生姜色|赤褐色|生姜|赤毛
ginger beer	noun	ジンジャービール
gingerbread	verb	ジンジャーブレッド
gingerbread man	noun	ジンジャーブレッドマン
gingersnap	noun	ジンジャークッキー|ジンジャースナップ|ジンジャービスケット
gingham	noun	ギンガム
gingivitis	noun	歯肉炎|歯齦炎
ginkgo	noun	銀杏|公孫樹
gino-sho	noun	技能賞
ginseng	noun	朝鮮人参|御種人参|高麗人参
giraffe	noun	麒麟|キリン
girder	noun	桁|梁
girdle	noun	ガードル
girl	noun	女|乙女|女の子|少女|女子
girl band	noun	ガールズバンド|ギャルバン
girl group	noun	ガール・グループ
girlfriend	noun	ガールフレンド|彼女|付き合ってる人|意中の女|女友達
girlish	adjective	女の子らしい
girls' night out	noun	女子会
girly	adjective	女の子っぽい
gist	noun	要点|要旨
give	verb	あげる|差し上げる|与える|下さる|くれる
give a man a fish and you feed him for a day; teach a man to fish and you feed him for a lifetime		魚を与えるのではなく魚の釣り方を教えよ
give a shit	verb	一顧もする【...しない】|屁とも思う【...思わない】
give back	verb	返す
give birth	verb	生む|産む
give head	verb	フェラ
give me	verb	下さい
give someone the cold shoulder	verb	白い目で見る
give them an inch and they'll take a mile		ひさしを貸して母屋を取られる
give up	verb	降服|諦める|やめる
given name	noun	名前
gizzard	noun	砂嚢
glacial acetic acid	noun	氷酢酸
glacier	noun	氷河
glaciology	noun	雪氷学
glacis	noun	斜堤
glad	adjective	嬉しい
glad wrap	noun	ラップフィルム|食品用ラップフィルム
gladden	verb	喜ぶ|楽しむ
glade	noun	空き地|空地
gladiator	noun	グラディエイター|剣闘士
gladiolus	noun	グラジオラス
glaive	noun	グレイブ|眉尖刀|薙刀|長刀
glance	noun	一目|一目見る|一瞥
gland	noun	腺|グランド
glandular	adjective	腺状
glans penis	noun	陰茎亀頭|亀頭
glaring	adjective	目立つ|眩しい
glasnost	noun	グラスノスチ
glass	noun	ガラス|硝子|玻璃|グラス|コップ
glass ceiling	noun	ガラスの天井
glass cutter	noun	ガラスカッター
glass harmonica	noun	アルモニカ
glass wool	noun	グラスウール
glaucoma	noun	緑内障
glaze	noun	釉薬
glazier	noun	ガラス工|ガラス屋
glib	adjective	巧言令色
glide	noun	滑空
glider	noun	グライダー|滑空機
glioma	noun	神経膠腫
glisten	verb	光る|輝く
glitch	noun	グリッチ|故障|欠陥
glitter	noun	煌めき|グリッター|キラキラ|輝く
global	adjective	世界的|グローバル|万国|地球規模
global cooling	noun	地球寒冷化
global warming	noun	地球温暖化
globalisation	noun	地球規模化|グローバリゼーション|グローバル化|グローバライゼーション|世界化
globalism	noun	グローバリズム|地球主義
globe	noun	地球|グローブ|地球儀
globetrotter	noun	グローブトロッター
globular cluster	noun	球状星団
globulin	noun	グロブリン
globus cruciger	noun	宝珠
glockenspiel	noun	鉄琴
glomerulus	noun	糸球体
glomp	verb	グロンプ
gloomy	adjective	暗い|陰気|陰鬱
gloria	noun	グロリア
glorification	noun	美化
glorify	verb	褒める|美化
glorious	adjective	栄光|見事
glory	noun	優雅|素晴らしい|絶妙|名声|名誉|栄光|喜ぶ
glory days	noun	全盛期|栄光の日々
glory hole	noun	グローリーホール|ラッキーホール
glory-of-the-sun	noun	リューココリーネ|レウココリネ|レウココリーネ
gloss	noun	グロス|注解
glossary	noun	用語集|グロッサリー|語彙
glossitis	noun	舌炎
glossonym	noun	言語名
glossopharyngeal nerve	noun	舌咽神経
glossy	adjective	艶やか
glossy antshrike	noun	クロエボシアリモズ
glossy ibis	noun	ブロンズトキ
glottal stop	noun	声門破裂音|声門閉鎖音
glottis	noun	声門
glove	noun	手袋
glove compartment	noun	グローブボックス
glow stick	noun	ケミカルライト|サイリウム|サイリューム
glowworm	noun	ツチボタル|グローワーム
gluconic acid	noun	グルコン酸
glucose	noun	グルコース|ブドウ糖|葡萄糖
glue	noun	膠|接着剤
glug		ブクブク
gluhwein	noun	グリューワイン
gluon	noun	グルーオン
glut	verb	飽食する
glutamic acid	noun	グルタミン酸
glutamine	noun	グルタミン
gluteal	adjective	臀部の
glutelin	noun	グルテリン
gluten	noun	グルテン
glutenin	noun	グルテニン
gluteus	noun	臀筋
gluteus maximus	noun	大臀筋
gluteus medius	noun	中臀筋
gluteus minimus	noun	小臀筋
glutinous rice	noun	もち米
glutton	noun	食いしん坊|健啖家
gluttonous	adjective	飽くなき|貪欲
gluttony	noun	健啖|大食い|暴食
glyceride	noun	グリセリド
glycerine	noun	グリセリン|グリセロール
glycerol	noun	グリセリン|グリセロール
glycine	noun	グリシン
glycogen	noun	グリコーゲン|糖原
glycogenosis	noun	糖原病
glycolipid	noun	糖脂質
glycoprotein	noun	糖タンパク質
glycoside	noun	配糖体|グリコシド
glycosuria	noun	糖尿
glyph	noun	字体
gnarly	adjective	ヤバい
gnash	verb	歯軋り
gnat	noun	ブヨ|蚋
gnaw	verb	齧る
gneiss	noun	片麻岩
gnocchi	noun	ニョッキ
gnome	noun	ノーム
gnomefish	noun	鯥
gnomon	noun	グノモン
gnu	noun	ヌー|牛氈鹿
go	noun	囲碁|碁|番|行く|いらっしゃる|参る
go dutch	verb	割り勘
go abroad	verb	出国する|外国へ行く
go ahead	verb	どうぞお先に
go away	verb	あっちへ行け|出てけ|離れろ|去る|出る|離れる
go back	verb	帰る|戻る
go bad	verb	傷む
go bankrupt	verb	倒産|潰れる|破産
go by	verb	擦れ違う
go commando	verb	ノーパン
go down	verb	降りる|降下|落ちる
go home	verb	帰る
go nuts	verb	気が狂う|狂う
go out	verb	出る|出かける|きえる
go over	verb	眇める
go steady	verb	付き合う
go stone	noun	碁石
go to bed	verb	眠る|臥せる
go to hell	verb	死ね
go to work	verb	出勤
go up	verb	上がる|登る|昇る
go without saying	verb	言うまでもない
go-between	noun	仲人
go-cart	noun	カート|ゴーカート|レーシングカート
go-stop	noun	ゴーストップ
goal	noun	目的|ゴール|目標|ゴールを決める
goal kick	noun	ゴールキック
goalball	noun	ゴールボール
goalkeeper	noun	ゴールキーパー|キーパー
goalpost	noun	ゴールポスト
goat	noun	山羊|ヤギ
goat cheese	noun	シェーブルチーズ
goatee	noun	山羊髭
goatgrass	noun	エギロプス
goatmeat	noun	山羊肉
gobble	verb	食らう
gobbledygook	noun	珍紛漢紛
goblin	noun	ゴブリン
goby	noun	ハゼ|沙魚|鯊
gochujang	noun	コチジャン|コチュジャン
god game	noun	ゴッドゲーム
goddamn		しまった|畜生
godfather	noun	代父|ゴッドファーザー|名付け親|教父|親分
godliness	noun	信心深い
godmother	noun	代母|教母
godparent	noun	代父母|名付け親|教父母
gofer	noun	パシリ
goggles	noun	ゴーグル
goitre	noun	甲状腺腫
gokkun	noun	ゴックン
gold	adjective	金|黄金色|黄金|金色|金貨|金メダル
gold digger	noun	金採掘者|金魚の糞
gold dust	noun	砂金
gold general	noun	金将
gold leaf	noun	金箔
gold medal	noun	金メダル
gold medalist	noun	金メダリスト
gold mine	noun	金鉱|金山
gold rush	noun	ゴールドラッシュ
goldcrest	noun	菊戴
golden	adjective	黄金|金|金色
golden age	noun	黄金時代
golden anniversary	noun	金婚式
golden eagle	noun	イヌワシ|犬鷲
golden goal	noun	ゴールデンゴール
golden goose	noun	金の卵を産むガチョウ
golden jackal	noun	キンイロジャッカル|金色ジャッカル
golden lace	noun	女郎花
golden oriole	noun	西高麗鶯
golden parachute	noun	ゴールデンパラシュート
golden pheasant	noun	錦鶏
golden ratio	noun	黄金比|黄金比率
golden rule	noun	黄金律
golden shower	noun	ナンバンサイカチ
golden years	noun	老後
golden-naped finch	noun	頭赤黒猿子
goldenrod	noun	秋の麒麟草属|アキノキリンソウ
goldfinch	noun	ゴシキヒワ
goldfish	noun	金魚
goldfish bowl	noun	金魚鉢
goldsmith	noun	金細工人|金細工師|金銀細工職人
golem	noun	ゴーレム
golf	noun	ゴルフ
golf bag	noun	ゴルフバッグ
golf ball	noun	ゴルフボール
golf course	noun	ゴルフ場
golfer	noun	ゴルファー
gomoku	noun	五目並べ
gondola	noun	ゴンドラ
gondolier	noun	ゴンドラの船頭
gong	noun	ゴング|銅鑼
gonococcus	noun	淋菌
gonorrhea	noun	淋病
goo	noun	ネバネバしたもの
good	adjective	いい|良い|善意|上手|旨い|大丈夫|善
good lord		おやまあ
good afternoon		こんにちは|今日は
good day		今日は|こんにちは
good evening		今晩は|お晩です
good faith	noun	誠実|誠意
good grief		やれやれ
good heavens		したり
good job		ご苦労様でした|よくできました
good luck	noun	がんばれ|健闘|幸運を|頑張って|好運
good morning		おはようございます|おはよう|おはようさん
good news	noun	吉報|喜ばしい知らせ|朗報|福音|良いニュース
good night		おやすみ|おやすみなさい|おやすみやす
good riddance		厄介払い|厄払い
good things come to those who wait		世界は回り持ち|待てば海路の日和あり|果報は寝て待て
good-for-nothing	adjective	つまらない|碌でなし|下らない|仕様の無い
good-looking	adjective	かっこいい
goodbye	noun	さようなら|さよなら|またね|バイバイ|じゃあ|それでは|別れ
goods	noun	品物|品|商品|物品|財
goods and services tax	noun	商品サービス税
goods train	noun	貨物列車|貨車
goods wagon	noun	貨車
goodwill	noun	善意|親善|暖簾
googol		グーゴル
googolplex		グーゴルプレックス
gook	noun	ゴキブリ|チョン
goose	noun	鵝鳥|雁|ガチョウ
goose bump	noun	鳥肌
goose-step	noun	ガチョウ足行進
gooseberry	noun	グーズベリー
gooseneck loosestrife	noun	丘虎の尾
gopher	noun	ジリス|ハタリス|掘鼠
gore	noun	血糊
gorge	noun	食道|峡谷|食い溜め
gorgeous	adjective	華麗|豪華
gorget	noun	喉当て
gorgon	noun	ゴルゴン
gorgonzola	noun	ゴルゴンゾーラ
gorilla	noun	ゴリラ
gorodki	noun	ゴロトキ
goshawk	noun	オオタカ
gospel	noun	ゴスペル|福音|福音書
gospel music	noun	ゴスペル
gossamer	noun	流れ糸|遊糸|薄い紗|流れ糸のように繊細なかぼそいもの|流れ糸のように繊細なはかないもの
gossip	noun	世間話|噂
gotcha		ガッチャ
gouache	noun	ガッシュ
gouda	noun	ゴーダ
gouge	noun	丸鑿|刳り貫く|抉
goulash	noun	グヤーシュ|グーラーシュ|グラッシュ
gourami	noun	グラミー
gourd	noun	ヒョウタン|瓢箪
gourmet	noun	食通|グルメ|美食家
gout	noun	痛風
govern	verb	支配|統治|支配する
government	noun	政府|支配
government bond	noun	国債
government-in-exile	noun	亡命政府
governmental	adjective	政府
governor	noun	知事|調整器|調速機
governor general	noun	総督
governor-general	noun	総督
governorate	noun	州
goy	noun	ゴイ
grab	verb	掴む
grab handle	noun	吊り革
graben	noun	地溝
grace note	noun	装飾音
graceful	adjective	優雅|淑やか
gracefulness	noun	淑やか
grade	noun	成績|点数|等級|学年|学級|年
gradually	adverb	段々|徐々|次第
graduate	noun	卒業生|卒業|目盛る
graduate school	noun	大学院
graduation	noun	卒業|卒業式|目盛り
graffiti	noun	グラフィティ|落書き
graft	verb	接ぐ
grain	noun	穀物|穀類|粒|種|木目
graining	noun	シボ|シボ処理
gram	noun	グラム
grammar	noun	文法|文法書
grammarian	noun	文法学者|文法家
grammatical	adjective	文法的
grammatical case	noun	格
grammatical gender	noun	性
grammatical mood	noun	法
grammatical person	noun	人称
granary	noun	穀倉
grand	adjective	壮麗
grand jury	noun	大陪審
grand piano	noun	グランドピアノ
grand unification theory	noun	大統一理論
grand vizier	noun	大宰相
grandchild	noun	孫
granddaughter	noun	孫娘|孫
grandfather	noun	祖父|お爺さん|外祖父
grandfather paradox	noun	祖父殺しのパラドックス
grandmother	noun	祖母|お婆さん|お婆ちゃん|ばば|外祖母
grandnephew	noun	又甥|大甥
grandniece	noun	又姪|大姪
grandpa	noun	お爺さん|お爺ちゃん
grandparent	noun	祖父母
grandson	noun	孫息子|孫
grandstand	noun	観覧席
granita	noun	グラニテ
granite	noun	花崗岩
granny	noun	お婆さん|お婆ちゃん
granodiorite	noun	花崗閃緑岩
granola	noun	グラノーラ
granola bar	noun	グラノーラバー
grant	noun	認可|授与|譲渡|叶える|認める
granulated sugar	noun	グラニュー糖
granule	noun	粒|顆粒
granule cell	noun	顆粒細胞
granulocyte	noun	顆粒球
granuloma	noun	肉芽腫
grape	adjective	葡萄味|葡萄|グレープ|葡萄色
grape juice	noun	グレープジュース|ぶどうジュース
grapefruit	noun	グレープフルーツ
grapefruit spoon	noun	グレープフルーツスプーン
grapeseed oil	noun	グレープシードオイル
grapeshot	noun	葡萄弾
grapevine	noun	蔓|葡萄の蔓|噂
graph	noun	グラフ|図表
graph paper	noun	グラフ用紙
graph theory	noun	グラフ理論
grapheme	noun	図形素|字素|文字素|書記素
graphene	noun	グラフェン
graphic	adjective	写実的|描写的|鮮明|生々しい|詳細な|露骨な
graphic design	noun	グラフィックデザイン
graphic novel	noun	コミックス|漫画
graphical user interface	noun	グラフィカルユーザーインターフェース
graphics	noun	グラフィック
graphics card	noun	ビデオカード|グラフィックスカード|グラボ
graphics tablet	noun	ペンタブレット|ペンタブ
graphite	noun	石墨|黒鉛
graphology	noun	筆跡学
grappa	noun	グラッパ
grapple	verb	押え込む
grasp	verb	掴む|分かる
grasp all, lose all		二兎を追う者は一兎をも得ず|欲の熊鷹股裂く
grass	noun	草|雑草|芝生|くさ|葉っぱ
grass mud horse	noun	草泥馬
grass roots	noun	草の根
grass script	noun	草書
grass snake	noun	ヤマカガシ
grasshopper	noun	バッタ|飛蝗|蝗
grassland	noun	草原
grateful	adjective	有難い|感謝
grater	noun	卸し金
gratify	verb	満たす|満足
gratin	noun	グラタン
gratitude	noun	感謝
graupel	noun	霰
grave	adjective	厳粛|墓
grave accent	noun	グレイヴ・アクセント
gravel	noun	砂利
gravel road	noun	砂利道
gravelly	adjective	塩っぱい
graveyard	noun	墓地|墓|墓場|霊園|化野|墓園
gravid	adjective	妊娠|身重
gravitation	noun	重力|引力
gravitational force	noun	重力
gravitational interaction	noun	重力相互作用
gravitational singularity	noun	重力の特異点
gravitational wave	noun	重力波
graviton	noun	重力子
gravity	noun	重力|引力
gravity well	noun	重力井戸
gravlax	noun	グラブラックス
gravy	noun	グレイビーソース|グレービー|肉汁
gray	adjective	灰色|鼠色|あやふや|ぼんやり|曖昧
gray fox	noun	灰色狐
gray out	verb	グレイアウト|グレーアウト
graybody	noun	灰色体
graze	noun	擦り傷|放牧|草をはむ
grease	noun	脂肪|グリース|潤滑油
greasy	adjective	脂っこい
great	adjective	すばらしい|凄い|壮大|素敵|大王|偉大|すごい|偉人
great scott		何だる事だ
great antshrike	noun	オオアリモズ
great auk	noun	大海烏|オオウミガラス
great black-backed gull	noun	大鴎
great bulrush	noun	太藺
great bustard	noun	野雁
great circle	noun	大円|大圏
great cormorant	noun	河鵜
great egret	noun	ダイサギ
great grey owl	noun	カラフトフクロウ
great grey shrike	noun	大百舌
great horned owl	noun	亜米利加鷲木菟
great icosihemidodecahedron	noun	大二十面半十二面体
great knot	noun	オバシギ
great minds think alike		賢人は皆同じように考えるものだ
great northern diver	noun	ハシグロアビ
great power	noun	列強|大国
great snipe	noun	ヨーロッパジシギ
great spotted woodpecker	noun	赤啄木鳥
great white shark	noun	頬白鮫
great-aunt	noun	大叔母
great-grandchild	noun	曾孫
great-granddaughter	noun	ひ孫娘
great-grandfather	noun	曾祖父
great-grandmother	noun	曾祖母|曾お祖母さん
great-grandparent	noun	曾祖父|曾祖母
great-grandson	noun	曾孫|ひ孫
great-great-grandfather	noun	高祖父
great-great-grandmother	noun	高祖母
great-uncle	noun	大叔父
greater celandine	noun	草の黄
greater flamingo	noun	オオフラミンゴ
greater good	noun	より大きな善
greater than	noun	大なり
greater white-fronted goose	noun	真雁
greater yellowlegs	noun	オオキアシシギ
greatest common divisor	noun	最大公約数|最大公約多項式
greatly	adverb	大いに
greatsword	noun	グレートソード
grebe	noun	息長鳥|浮巣鳥|潜り|鳰|鳰鳥|鸊鷉
greed	noun	欲|貪|貪欲
greedy	adjective	貪欲
green	adjective	病弱|未熟|緑|青い|未経験|生
green alga	noun	緑藻
green anole	noun	グリーンアノール
green bean	noun	さや豆|サヤマメ
green bee-eater	noun	緑蜂食
green belt	noun	緑地帯
green card	noun	グリーンカード
green flash	noun	緑光|緑閃光
green fluorescent protein	noun	緑色蛍光蛋白質
green ibis	noun	緑鴇|青足朱鷺
green light	noun	青信号|ゴーサイン
green line	noun	グリーンライン
green pepper	noun	ピーマン|獅子唐
green pheasant	noun	雉
green pigeon	noun	アオバト
green sandpiper	noun	クサシギ
green tea	noun	緑茶
green woodpecker	noun	ヨーロッパアオゲラ
green-backed tit	noun	キバラシジュウカラ
greengrocer	noun	八百屋
greenhorn	noun	初学者|初心者|青二才
greenhouse	noun	温室|ハウス
greenhouse effect	noun	温室効果
greenhouse gas	noun	温室効果ガス
greens	noun	菜|菜っ葉
greenschist	noun	緑色片岩
greenwash	noun	グリーンウォッシング
greet	verb	出迎える|挨拶|歓迎
greeting	noun	挨拶
greeting card	noun	グリーティングカード|挨拶状
gregarious	adjective	社交的
gremlin	noun	グレムリン
grenade	noun	手榴弾|擲弾|グレネード|榴弾
grenade launcher	noun	グレネードガン|グレネードランチャー|擲弾発射器|擲弾筒|擲弾銃
grenadier	noun	擲弾兵
grep	verb	grepする
grey area	noun	グレーゾーン|灰色の領域
grey crowned crane	noun	ホオジロカンムリヅル
grey heron	noun	アオサギ
grey matter	noun	灰白質
grey wolf	noun	タイリクオオカミ|ハイイロオオカミ
grey-capped greenfinch	noun	河原鶸
grey-headed chickadee	noun	シベリアコガラ
grey-tailed tattler	noun	キアシシギ
greyhound	noun	グレイハウンド|グレーハウンド
greylag goose	noun	灰色雁
grid	noun	格子|グリッド
griddle	noun	鉄板
gridlock	noun	交通渋滞|渋滞|雑沓|雑踏|停滞
grief	noun	悲しみ|悲哀
griffin	noun	グリフォン
griffon vulture	noun	白襟禿鷲|シロエリハゲワシ
grill	noun	フロントグリル|グリル|バーベキュー|焼く
grimace	noun	しかめっ面|顰める
grimoire	noun	グリモワール|魔導書
grind	verb	挽く|磨ぐ
grindstone	noun	砥石|磨石
gringo	noun	グリンゴ
griot	noun	グリオ
grip	noun	つかむ|掴む
grisly	adjective	恐ろしい
gristle	noun	軟骨
grit one's teeth	verb	歯を食いしばる|歯軋り
grits	noun	コーングリッツ
grizzly bear	noun	グリズリー|ハイイログマ|灰色熊
groan	noun	呻き|呻き声|呻く
groat	noun	グロート
grocery	noun	グロサリー|グローサリー|乾物屋|食料品店
grog	noun	グロッグ
groin	noun	鼠蹊部|股|脚の付け根|鼠蹊
grok	verb	分かり切る
groove	noun	溝|グルーヴ|坑
grope	verb	探る|痴漢
groschen	noun	グロシュ
grosgrain	noun	グログラン
gross	adjective	きもい
gross domestic product	noun	国内総生産|ジーディーピー|ＧＤＰ
gross national product	noun	国民総生産
gross profit	noun	粗利|粗利益
grotesque	adjective	グロ|グロい|グロテスク
grotto	noun	洞穴|岩屋
grouchy	adjective	不機嫌な
ground	noun	グラウンド|地面|土|地|土壌|地線
ground ball	noun	ゴロ
ground beetle	noun	長虫
ground clearance	noun	最低地上高
ground elder	noun	岩三葉
ground floor	noun	一階
ground wire	noun	アース線
ground zero	noun	爆心地|グラウンドゼロ|爆心地点|落下地点
groundwater	noun	地下水
groundwork	noun	基礎
group	noun	集団|グループ|組|群|群れ
group action	noun	群作用
group of death	noun	死の組
group sex	noun	グループセックス
group theory	noun	群論
group velocity	noun	群速度
grouper	noun	ハタ|羽太
groupoid	noun	亜群
grouse	noun	ライチョウ|雷鳥
grout	noun	グラウト
grove	noun	木立|林
grow	verb	育つ|生える|増大|成長|生長|育てる
grow up	verb	大人になる|成長
growl	noun	グーグー|唸る
growth	noun	成長|生長
growth hormone	noun	成長ホルモン
groyne	noun	水制
grub	noun	幼虫|めし|食い物|食べ物|たかる
grudge	noun	怨|恨み
grue	adjective	グルー|青い
gruel	noun	粥
gruesome	adjective	身の毛もよだつ
grumpy	adjective	不機嫌|気難しい
guacamole	noun	ワカモレ
guanaco	noun	グアナコ
guanidine	noun	グアニジン
guanine	noun	グアニン
guano	noun	グアノ|海鳥糞|鳥糞石
guanxi	noun	コネ|コネクション|関係
guarana	noun	ガラナ
guarantee	noun	保証
guarantor	noun	保証人
guard	noun	監視者|ガード|衛兵|守る
guard dog	noun	番犬
guardian angel	noun	守護天使
guardrail	noun	ガードレール
guardsman	noun	衛兵
guava	noun	グアバ|グアヴァ
guberniya	noun	グベールニヤ
gudgeon	noun	壺金
guelder rose	noun	カンボク|テマリカンボク
guenon	noun	オナガザル|尾長猿
guerrilla	noun	ゲリラ|遊撃
guess	noun	推測|察する|憶測|言い当てる|当てる
guesswork	noun	当て推量
guest	noun	客人|お客さん|客|来客|来賓|顧客
guest book	noun	宿帳
guest room	noun	客室|客間
guest worker	noun	ガストアルバイター|外国人労働者
guesthouse	noun	ゲストハウス
guffaw	noun	哄笑|げらげら
guidance	noun	案内
guide	noun	案内人|ツアーガイド|引率者|案内役|ガイド|案内書|案内
guide book	noun	ガイドブック|手引き
guide dog	noun	盲導犬
guideline	noun	指針|ガイドライン
guild	noun	ギルド|公会|行会
guilder	noun	ギルダー
guillemet	noun	ギュメ
guillotine	noun	ギロチン|断頭台
guilt	noun	有罪|責任|罪悪感
guiltiness	noun	有罪
guilty	adjective	有罪|疚しい
guilty conscience	noun	可愛い|疚しい|顔映し
guilty pleasure	noun	悪趣味
guinea pig	noun	モルモット|天竺鼠|ギニーピッグ
guiro	noun	ギロ
guitar	noun	ギター
guitarfish	noun	サカタザメ|坂田鮫
guitarist	noun	ギタリスト
gulab jamun	noun	グラブジャムン
gulag	noun	グラグ|グラーグ
gulf	noun	湾
gull	noun	鴎|カモメ|海猫|ウミネコ
gull-billed tern	noun	ハシブトアジサシ
gullet	noun	食道
gulp	noun	ゴク
gum	noun	歯茎|歯肉|歯齦|齦
gum arabic	noun	アラビアゴム
gummi	noun	グミ
gummy bear	noun	グミベア
gun	noun	拳銃|ガン|鉄砲|銃|大砲
gun carriage	noun	砲車
gun dog	noun	狩犬|猟犬
gunboat	noun	砲艦
gunfire	noun	銃火
gunman	noun	ガンマン
gunmetal	noun	砲金
gunner	noun	砲兵|砲手|銃使い
gunpoint	noun	銃口
gunpowder	noun	火薬
gunshot	noun	射撃|銃声
gunsight	noun	サイト|照準具|照準器
gunsmith	noun	鉄砲鍛冶|銃工
gunwale	noun	舷|ガンネル
guqin	noun	古琴
gurgle	noun	ごぼごぼ
gurney	noun	ガーニー
guru	noun	教祖|グル
gush	noun	噴出|湧き出る
gusli	noun	グースリ
gusset	noun	襠
gustation	noun	味覚
gut feeling	noun	予感|直感
guts	noun	ガッツ|根性
gutta-percha	noun	ガタパーチャ
gutter	noun	排水溝|溝|ガター
guy	noun	やつら|奴ら|あいつ|こいつ|そいつ|やつ
guzheng	noun	古筝
guzzle	verb	ガブガブ飲む
gym	noun	体育館|ジム
gymnasium	noun	体育館
gymnast	noun	体操選手
gymnastics	noun	体操|体育
gymnosperm	noun	裸子植物
gynaecologist	noun	婦人科医
gynecology	noun	婦人科
gynecomastia	noun	女性化乳房
gynophobia	noun	女嫌い|女性恐怖症
gyoza	noun	餃子|ギョーザ
gypsum	noun	石膏
gyrfalcon	noun	シロハヤブサ
gyro	noun	ギロピタ
gyrobifastigium	noun	異相双三角柱
gyrocompass	noun	ジャイロコンパス
gyroscope	noun	ジャイロスコープ
gyrus	noun	脳回
gömböc	noun	ゴムボック
ha		ふ|はあ
ha-ha		えへ|おーっほほほほ|ふふふ|へへへ
habeas corpus	noun	人身保護令状
haberdashery	noun	服飾品|服飾品店
habit	noun	習慣|癖|依存症
habitat	noun	生息地
habitué	noun	常連
haboob	noun	ハブーブ
hackberry	noun	榎
hacker	noun	ハッカー
hackney	verb	使い古す
hackneyed	adjective	常套|陳腐
hacksaw	noun	弓のこ
haddock	noun	ハドック|コダラ
hadith	noun	ハディース
hadron	noun	ハドロン
haematology	noun	血液学
haemophilia	noun	血友病
haemorrhagic fever	noun	出血熱
haemorrhoids	noun	痔|痔疾
hafnium	noun	ハフニウム|鉿
hag	noun	魔女|ばばあ|鬼婆
hagfish	noun	ヌタウナギ
haggard	adjective	やつれた
haggis	noun	ハギス
haggle	verb	値切る|押し問答
haha		あはは|わはは|ハハハ|呵呵
haikai	noun	俳諧
haiku	noun	俳句
haikuist	noun	俳人
hail	noun	万歳|雹|霰|雹が降る|霰が降る
hailstone	noun	雹
hair	noun	毛|髪の毛|髪|頭髪
hair conditioner	noun	リンス|コンディショナー
hair dye	noun	ヘアダイ|毛染め|毛髪染料
hair extension	noun	エクステ|エクステンション
hair iron	noun	ヘアーアイロン
hair of the dog	noun	迎え酒
hair roller	noun	毛ローラー|ヘアカーラー
hair salon	noun	理髪店
hair spray	noun	ヘアスプレー
hair tie	noun	ヘアゴム|髪ゴム
hairball	noun	毛玉
hairbrush	noun	ヘアブラシ
haircut	noun	刈り込み|散髪|理髪
hairdresser	noun	美容師
hairdryer	noun	ヘアドライヤー|ドライヤー|ブロードライヤー
hairless	adjective	無毛
hairnet	noun	コール|ヘアネット
hairpin	noun	ヘアピン
hairstyle	noun	髪型|ヘアカット|ヘアスタイル|理髪
hairy	adjective	毛むくじゃら|毛深い
hajj	noun	ハッジ|メッカ巡礼
hajji	noun	ハッジ
haka	noun	ハカ
halal	adjective	ハラール
halberd	noun	ハルバード|斧槍|槍斧|鉾槍
half	adjective	半|ハーフ|半分
half board	noun	一泊二食制
half brother	noun	畑違い|異母|異父|異腹|胤変わり|胤違い
half nephew	noun	異父母甥
half past	noun	一時半
half sibling	noun	胤違い|腹違い
half sister	noun	畑違い|異母|異腹|腹違い
half-breed	noun	混血児|間の子
half-century	noun	半世紀
half-hour	noun	半時間
half-hourly	adverb	30分おき
half-life	noun	半減期
half-moon	noun	半月
half-naked	adjective	半裸|半裸体
half-time	noun	ハーフタイム
half-uncle	noun	異父母叔父さん
half-up half-down	adjective	ハーフアップ
half-year	noun	半年
halfling	noun	ハーフリング
halfway	adverb	中間|途中
halfwidth	adjective	半角
halibut	noun	オヒョウ|大鮃
halide	noun	ハロゲン化物
halitosis	noun	口臭
hall	noun	廊下|玄関|ホール|宿舎|寮
hall of fame	noun	殿堂
hall of shame	noun	不名誉殿堂
hallelujah		ハレルヤ
hallmark	noun	太鼓判|極印
halloumi	noun	ハルーミ
hallucinate	verb	幻覚を経験する
hallucination	noun	幻覚|幻想
halo	noun	円光|暈|輪っか
halogen	noun	ハロゲン
halt	verb	ためらう|休止する|停止する|さまたげる|押し止める
halter	noun	無口|頭絡|鼻綱
halterneck	noun	ホルターネック
haltingly	adverb	もじもじ
halva	noun	ハルヴァ|ハルバ
ham	noun	膕|膝窩|膝裏|大根|大根役者|ハム
hamadryad	noun	ハマドリュアス
hammer	noun	金槌|ハンマー|槌|槌骨
hammer and sickle	noun	鎌と槌|鎌とハンマー
hammer throw	noun	ハンマー投げ
hammer thrower	noun	ハンマー投げの選手
hammerhead shark	noun	シュモクザメ
hammock	noun	ハンモック
hamster	noun	ハムスター|絹毛鼠|キヌゲネズミ
hamstring	noun	ハムストリング
hamza	noun	ハムザ
hanafuda	noun	花札
hanami	noun	はなみ|花見
hanbok	noun	韓服
hand	noun	針|手|て|房|一握り|手札
hand dryer	noun	ハンドドライヤー
hand fan	noun	うちわ|扇子
hand grenade	noun	手投げ弾|手榴弾
hand in hand	adverb	手をつなぐ
hand job	noun	手コキ|手淫
hand out	verb	配る|配布
hand over	verb	手渡す|引き渡す
hand puppet	noun	指人形
hand sanitizer	noun	手の消毒剤
hand tool	noun	手工具
hand-eye coordination	noun	手と目のコーディネーション|手と目の調整
hand-held	adjective	ハンドヘルド
hand-me-down	noun	お下がり|お古
handakuten	noun	丸|半濁点|半濁り
handbag	noun	ハンドバッグ|手提げ鞄|手鞄|手提げバッグ|鞄
handball	noun	ハンドボール|送球|ハンド|ハンドリング
handball player	noun	ハンドボール選手
handbell	noun	ハンドベル
handbook	noun	ハンドブック|便覧|手帖|手帳|案内書
handbra	noun	手ブラ
handbrake	noun	ハンドブレーキ
handcarry	verb	ハンドキャリー|手搬入
handcart	noun	ハンドカート|手車
handcuff	noun	手錠
handcuffs	noun	手錠
handful	noun	一握り|一掴み|少数
handgun	noun	拳銃
handicap	noun	ハンデ|ハンディキャップ|障害
handicapped	adjective	障害者
handicraft	noun	手芸|手工芸|工芸品|手工芸品
handkerchief	noun	ハンカチ|ハンカチーフ|鼻拭き
handle	noun	ハンドル|取っ手
handlebar	noun	ハンドル|ハンドルバー
handling	noun	取り扱い
handmirror	noun	手鏡
handout	noun	びら|チラシ|ビラ|プリント|施し物
handrail	noun	手摺|手すり|欄干
hands off	adjective	傍観的|触るな！
hands up		手を上げろ
handsaw	noun	手のこぎり|手びきのこ
handset	noun	受話器|送受話器
handshake	noun	握手|ハンドシェーク|ハンドシェイク
handsome	adjective	イケメン|ハンサム
handspring	noun	ハンドスプリング
handwashing	noun	手洗い
handwriting	noun	手書き|筆跡
handy	adjective	便利|手軽|手近|器用
handyman	noun	便利屋
hanfu	noun	漢服
hang	verb	掛かる|掛ける
hang glider	noun	ハンググライダー
hang gliding	noun	ハンググライダー
hang on	verb	どっこい|踏ん張る
hang out	verb	遊ぶ
hang up	verb	掛ける|弱る|電話を切る
hangar	noun	格納庫|ハンガー
hanger	noun	衣紋掛け|ハンガー
hanger-on	noun	取り巻き
hanging	noun	絞首刑|絞殺刑|掛物
hangman	noun	死刑執行人
hangnail	noun	さかむけ|ささくれ
hangover	noun	二日酔い
hangul	noun	ハングル|朝鮮文字|諺文|韓文字
hank	noun	帆環|輪
haplogroup	noun	ハプログループ
haploid	adjective	半数体の
haplology	noun	重音脱落
happen	verb	起こる|起る
happening	adjective	おしゃれ
happily	adverb	楽しく|運良く|快く
happily ever after	adverb	めでたしめでたし
happiness	noun	幸福|幸せ|愉快|幸運
happy	adjective	幸せ|幸福|嬉しい|幸運|運のよい
happy easter		よい復活祭を|ハッピーイースター
happy new year		明けましておめでとうございます|良いお年を|良いお年をお迎え下さい|明けましておめでとう|賀正
happy valentine's day		ハッピーバレンタイン
happy birthday		お誕生日おめでとうございます|誕生日おめでとう
happy ending	noun	ハッピーエンド|ハッピーエンディング
happy holidays		楽しい休日
hapticity	noun	ハプト数
haptophyte	noun	ハプト藻
har gow	noun	エビ餃子|海老餃子|蝦餃
hara-kiri	noun	切腹|腹切り|自殺
harakat	noun	シャクル|ハラカート
haram	adjective	ハラーム
harassment	noun	嫌がらせ
harbinger	noun	前触れ
harbor	noun	港|ハーバー
hard	adjective	濃い|硬い|難しい|困難|熱心
hard cider	noun	林檎酒
hard disk	noun	ハードディスク
hard drive	noun	ハードディスク
hard hat	noun	ヘルメット|保護帽|安全帽
hard palate	noun	硬口蓋
hard rock	noun	ハードロック
hard water	noun	硬水
hard-boiled	adjective	堅くゆでた|ハードボイルド
hard-liner	noun	硬派
hard-on	noun	勃起
harden someone's heart	verb	心を鬼にする
hardheaded	adjective	頑固|頭が固い
hardship	noun	苦しみ|苦難|難儀
hardstyle	noun	ハードスタイル
hardtack	noun	乾パン|堅パン
hardware	noun	ハードウェア|ハード
hardware store	noun	金物屋
hardworking	adjective	勤勉
hardy	adjective	頑丈|頑強
hare	noun	野兎|兎|ウサギ|野ウサギ
harelip	noun	三つ口|兎口|兎唇|兎欠|口唇裂|欠唇
harem	noun	ハーレム|後宮
harlequin	noun	アルレッキーノ
harlequin duck	noun	晨鳧
harlequin ladybird	noun	並瓢虫
harm	noun	損害|そこなう|害する|痛める
harmful	adjective	有害
harmfulness	noun	有害
harmless	adjective	無害
harmlessness	noun	無害
harmonic analysis	noun	調和解析
harmonic function	noun	調和函数
harmonic mean	noun	調和平均
harmonic number	noun	調和数
harmonic series	noun	調和級数
harmonica	noun	ハーモニカ|口風琴
harmonious	adjective	友好的|睦まじい
harmonize	verb	ハモる|調和
harmony	noun	調和|和声|和声学|ハーモニー
harness	noun	馬具
harp	noun	ハープ|くどくど言う
harp seal	noun	タテゴトアザラシ
harpe	noun	ハルパー
harpoon	noun	銛|ハープーン
harpsichord	noun	チェンバロ|ハープシコード|クラヴサン
harpsichordist	noun	チェンバロ奏者
harpy	noun	ハルピュイア
harpy eagle	noun	オウギワシ|扇鷲
harquebus	noun	火縄銃
harridan	noun	悪婆|鬼女|鬼婆
harrier	noun	沢鵟
harrow	noun	マグワ|馬鍬|まぐわをかける
harsh	adjective	粗い|粗悪
hart's tongue	noun	小谷渡
hartebeest	noun	ハーテビースト
harvest	noun	収穫
harvest mite	noun	ツツガムシ
harvest moon	noun	中秋の名月
harvest mouse	noun	萱鼠
harvesting	noun	収穫|収納
harvestman	noun	座頭虫|盲蜘蛛|足長おじさん
hash	noun	ハッシュドビーフ|ナンバーサイン|井桁|番号記号|ハッシュ|ハッシュ値
hash browns	noun	ハッシュドポテト|ハッシュブラウン|ハッシュポテト
hashish	noun	ハシシ|大麻
hashtag	noun	ハッシュタグ
hassium	noun	ハッシウム
haste makes waste		急いては事を仕損じる|急がば回れ|果報は寝て待て
hastily	adverb	急|急ぐ
hasty	adjective	軽率
hat	noun	帽子
hat trick	noun	ハットトリック
hatch	noun	ハッチ|孵る|孵化|孵す
hatchback	noun	ハッチバック
hatchery	noun	孵化場
hatchet	noun	斧
hatching	noun	ハッチング|網掛け
hatchway	noun	艙口
hate	noun	ヘイト|憎む|嫌う|厭う|嫌悪
hate crime	noun	ヘイトクライム|憎悪による犯罪|憎悪犯罪
hate speech	noun	ヘイトスピーチ|憎悪表現
hateful	adjective	忌まわしい|憎い
hater	noun	ヘイター|嫌い|嫌悪者
hatred	noun	憎悪|厭悪|嫌厭|嫌悪|憎しみ
hats off		脱帽
hatter	noun	帽子屋
haughty	adjective	傲慢|尊大|横柄|高慢
haunch	noun	臀部
haunt	noun	行きつけ|出没|取り憑く
haunted	adjective	お化け
haunted house	noun	幽霊屋敷|お化け屋敷
haute couture	noun	オートクチュール
have	verb	持つ|ある|いる
have a ball	verb	堪能する|満喫する
have a good weekend		よい週末を！
have a nice day		いい日を|よいー日を
have a seat	verb	座る|着席|腰掛ける|座ってください
have a whale of a time	verb	堪能する|満喫する
have an affair	verb	不倫|浮気
have butterflies in one's stomach	verb	胃がきりきりする
have fun	verb	楽しむ
have it your way		勝手にしろ
have sex	verb	はめ倒す|エッチ|セックスをする|嵌める|性交
have the blues	verb	憂鬱である
have the foggiest	verb	知るもんか|私は何も分かっていない
have to	verb	なきゃ|いけない|なくちゃ|ならない|駄目
have-nots	noun	持たざる者
haven	noun	海港|港|避難所
haves	noun	持つ者|持てる者
hawfinch	noun	鴲
hawk	noun	鷹|タカ|タカ派|鷹派
hawker	noun	蜻蜓
hawking	noun	鷹狩り
hawksbill turtle	noun	玳瑁
hawthorn	noun	山査子|サンザシ
hawthorn berry	noun	の|実|山査子
hay	noun	干草|干し草
hay fever	noun	花粉症
hayloft	noun	干し草置き場
haystack	noun	干し草の山
hazard	noun	危険|ハザード|リスク
haze	noun	煙霧
hazel	adjective	ハシバミ色い|ハシバミ|ハシバミ色
hazel grouse	noun	蝦夷雷鳥
hazelnut	noun	ヘーゼルナッツ|榛
hazing	noun	扱き
hazmat suit	noun	化学防護服
hazy	adjective	霞
he		彼|あの人|あの方|そいつ|奴|その奴
he said, she said	noun	言った言わない
he who laughs last laughs best		最後に笑う者が最もよく笑う
he who smelt it dealt it		言い出しっ屁
he's unconscious		意識不明です
head	adjective	頭の|頭|チーフ|先頭の|向かい|指導者|指導する
head covering	noun	ヘッドギア|頭巾
head of government	noun	政府の長
head of household	noun	世帯主
head of state	noun	元首|国家元首
head office	noun	本社|本部
head to toe	adverb	全身|頭の天辺から足の爪先まで
head-to-head	adverb	二人っきり|内緒|相対
headache	noun	頭痛
headband	noun	ヘアバンド|ヘッドバンド|カチューシャ
headbutt	noun	頭突き|チョーパン|頭突きする
header	noun	ヘッダー|ヘッダ|ヘディング
headgear	noun	ヘッドギア|帽子|頭巾
headhunting	verb	ヘッドハンティング|引き抜き|首狩り
heading	noun	表題|見出し|題目
headlamp	noun	ヘッドライト|前照灯
headlight	noun	前照灯|ヘッドライト
headline	noun	見出し|ヘッドライン|標題
headmaster	noun	校長
headphone	noun	ヘッドフォン|ヘッドホン
headphones	noun	イヤフォン|ヘッドフォン|ヘッドホン
headquarters	noun	司令部|本部|本社
heads	noun	表
heads or tails	noun	コイントス
headscarf	noun	頭巾|ショール|ヘッドスカーフ
headset	noun	ヘッドセット
headshot	noun	ヘッドショット
headteacher	noun	校長
headwaiter	noun	給仕長|ボーイ長
headwaters	noun	水上
headwind	verb	向かい風
headword	noun	見出し語
heal	verb	治療する|治癒する|癒える|治す|癒す|治る
health	noun	健康|体
health care	noun	ヘルスケア|医療
health club	noun	フィットネスクラブ
health insurance	noun	健康保険
health physics	noun	保健物理学
healthful	adjective	健康的
healthy	adjective	健康|達者|健康に良い|健康的
heap	noun	堆積|塚|山|積み重ね|重ね|ヒープ
hear	verb	聞く|伺う
hearing	noun	聴覚|聴力|公聴会|聴聞会
hearing aid	noun	補聴器
hearing dog	noun	聴導犬
hearsay	noun	伝聞|うわさ|伝聞証拠
hearse	noun	霊柩車|柩車
heart	noun	心臓|心|気持ち|ハート|心形|中心
heart attack	noun	心筋梗塞|心臓発作|心臓麻痺
heart failure	noun	心不全
heart rate	noun	心拍|心拍数
heart rate monitor	noun	心拍計
heart-shaped	adjective	ハート型
heart-warming	adjective	微笑ましい|心温まる
heartache	noun	心痛
heartbeat	noun	心拍
heartbreak	noun	断腸
heartburn	noun	胸焼け
heartening	adjective	心強い
heartfelt	adjective	心からの
hearth	noun	囲炉裏
heartless	adjective	無情
heartrending	adjective	痛ましい
hearts	noun	ハート
heartsease	noun	三色菫
heartstrings	noun	琴線
heartwood	noun	心材
heartwrenchingly	adverb	きゅんきゅん
heat	noun	熱|暑さ (あつさ)|熱さ|暑い|加熱
heat death	noun	熱的死
heat haze	noun	陽炎
heat map	noun	ヒートマップ
heat pump	noun	ヒートポンプ
heat sink	noun	ヒートシンク
heat stroke	noun	熱中症|熱射病
heat wave	noun	熱波|酷暑
heat-resistant	adjective	耐熱
heater	noun	ストーブ|ヒーター|加熱器
heath	noun	ヒース
heathen	noun	異教徒
heating	noun	暖房
heave-ho		よいしょ|オーエス|いっせえの|いっせーの|えっさっさ|せえの
heaven	noun	天|空|天国|天堂|楽園
heaven helps those who help themselves		天は自ら助くる者を助く
heavenly	adjective	天|天国
heavenly body	noun	天体
heavenly stem	noun	十干|天干
heavens	noun	天上|空|天国
heavy	adjective	重い|重たい|重大|深刻|すごい|素晴らしい|悪漢
heavy hydrogen	noun	重水素
heavy industry	noun	重工業
heavy metal	noun	重金属|ヘヴィメタル|ヘビメタ|ヘビーメタル|メタル
heavy water	noun	重水
hecatonicosachoron	noun	正百二十胞体
hectare	noun	ヘクタール|㌶
hecto-		ヘクト-
hectogon	noun	百角形
hectometre	noun	ヘクトメートル
hectopascal	noun	ヘクトパスカル
hedge	noun	垣根|生け垣|ヘッジ
hedge fund	noun	ヘッジファンド
hedge one's bets	verb	賭けをヘッジする
hedgehog	noun	針鼠|ハリネズミ
hedonism	noun	快楽主義
heel	noun	踵|ヒール|かかと
heel bone	noun	踵骨
hegemon	noun	覇権者
hegemony	noun	覇権|ヘゲモニー
hehe		あはは|わはは|呵呵
height	noun	背|身長|体高|高さ|高度|高地
heir	noun	相続人|継承者|跡取り
heiress	noun	世継ぎ
heirloom	noun	家宝
helicopter	noun	ヘリコプター|ヘリ|螺旋翼機
helicopter parent	noun	モンスターペアレンツ|モンスターペアレント|モンペ
heliocentrism	noun	地動説|太陽中心説
heliotrope	noun	キダチルリソウ|ニオイムラサキ|ヘリオトロープ|薄紫|回光器|回照器
helium	noun	ヘリウム
helix	noun	螺旋
hell	noun	畜生|糞|地獄|魔界|奈落
hellfire	noun	業火
hellhole	noun	魔境
hello		おはよう|おはようございます|今日は|今晩は|もしもし|おーい
helm	noun	舵|舵輪
helmet	noun	ヘルメット|兜
helminthology	noun	蠕虫学
helmsman	noun	舵手
help	noun	助けて|助け|援助|手伝い|ヘルプ|手助け|助ける
help desk	noun	ヘルプデスク
help oneself	verb	遠慮
helper	noun	助手|手伝い|ヘルパー
helpful	adjective	有用|役に立つ
helpless	adjective	無力
helter-skelter	adverb	めちゃめちゃ
hem	noun	裾
hematemesis	noun	吐血
hematite	noun	赤鉄鉱
hematoma	noun	血腫
hematopoiesis	noun	造血
hematospermia	noun	血精液症
hematuria	noun	血尿
hemicorporectomy	noun	半体切除術
hemidemisemiquaver	noun	六十四分音符
hemipelvectomy	noun	半骨盤切除術
hemisphere	noun	半球|半球体
hemline	noun	裾|裾の高さ
hemlock	noun	毒人参|ツガ|栂
hemodialysis	noun	血液透析
hemodynamics	noun	血行動態
hemoglobin	noun	ヘモグロビン|血色素|血液色素
hemolymph	noun	血リンパ
hemolysis	noun	溶血
hemorrhage	noun	出血
hemorrhoid	noun	疣痔|痔核
hemothorax	noun	血胸
hemovore	noun	血食動物
hemp	noun	麻
hemp milk	noun	麻ミルク
hempseed	noun	ヘンプシード|麻の実|麻子
hen	noun	雌鶏|雌鳥|めんどり
henbane	noun	菲沃斯|ヒヨス
hence	adverb	ここから|それ故に|従って
henceforth	adverb	今後|これ以後
hendecagon	noun	十一角形
hendiadys	noun	二詞一意
henhouse	noun	鶏小屋
henotheism	noun	単一神教
henpecked	adjective	二本棒|女房天下|鼻下長
hentai	noun	エロ漫画|エロアニメ|ヘンタイ
hentaigana	noun	変体仮名
hepatectomy	noun	肝切除術
hepatic	adjective	肝臓|肝臓色の
hepatitis	noun	肝炎
hepatitis a	noun	A型肝炎
heptacontagon	noun	七十角形
heptadecagon	noun	十七角形
heptagon	noun	七角形
heptahedron	noun	七面体
heptane	noun	ヘプタン
heptathlon	noun	ヘプタスロン|七種競技
heptose	noun	ヘプトース
her		彼女
herald	noun	ヘラルド|伝令官|使者|告知者|布告者|前触れ
heraldry	noun	紋章学
herb	noun	ハーブ|香草|薬草
herbal tea	noun	ハーブティー
herbalism	noun	本草学
herbarium	noun	ハーバリアム
herbicide	noun	除草剤
herbivore	noun	草食動物
herbivorous	adjective	草食の
herd	noun	群れ|群|群衆
herd immunity	noun	集団免疫
herding dog	noun	牧畜犬
herdsman	noun	牧人|牧夫
here	adverb	ここ|ここで|ここに|ここへ|こちらへ
here and there	adverb	彼方此方
here lies		ここに眠る
here you are		どうぞ|はい
heredity	noun	遺伝
hereinafter	adverb	下記|以下
heresy	noun	異端|邪宗|邪教
heretic	noun	異端者
heretofore	adverb	これまで
heritability	noun	遺伝率
heritage	noun	遺産
hermaphrodite	adjective	半陰陽|雌雄同体|双成り
hermaphroditism	noun	雌雄同体
hermeneutics	noun	解釈学
hermetically seal	verb	厳封|密封|密栓|密閉
hermeticism	noun	ヘルメス主義
hermit	noun	隠者|仙人
hermit crab	noun	ヤドカリ|宿借り
hernia	noun	ヘルニア|脱腸
hero	verb	英雄|勇者|主人公|ヒーロー
heroin	noun	ヘロイン
heroine	noun	ヒロイン|勇婦|烈女
heroism	noun	ヒロイズム|勇壮|英雄主義
heron	noun	鷺|サギ|白鷺|シラサギ
herpes	noun	疱疹|ヘルペス
herpes simplex	noun	単純ヘルペス|単純疱疹
herpetologist	noun	爬虫類学者|爬虫両性類学者
herpetology	noun	爬虫類学|爬虫両生類学
herring	noun	ニシン|鰊
hers		彼女
herself		彼女自身
hertz	noun	ヘルツ
hesitate	verb	躊躇う|ためらう|躊躇
hesitation	noun	ためらい|躊躇
hesperidium	noun	柑果
hetaera	noun	ヘタイラ
heterochromia iridium	noun	オッドアイ|虹彩異色症
heterocyclic	adjective	複素環式
heterodox	adjective	異端
heterodoxy	noun	ヘテロドキシー|異端
heteromorphic	adjective	異形
heteronomy	noun	他治|他律
heteroscedasticity	noun	分散不均一性
heterosexual	adjective	異性|異性愛者|ノンケの|ヘテロ
heterotroph	noun	従属栄養生物
hetman	noun	ヘトマン
heuristic	noun	ヒューリスティックス
hexacontagon	noun	六十角形
hexacosichoron	noun	正六百胞体
hexadecachoron	noun	正十六胞体
hexadecagon	noun	十六角形
hexadecimal	noun	十六進法
hexagon	noun	六角形
hexagonal prism	noun	六角柱
hexagram	noun	六芒星|六角星
hexahedron	noun	六面体
hexahydrocannabihexol	noun	HHCH
hexamethylenediamine	noun	ヘキサメチレンジアミン
hexane	noun	ヘキサン
hexavalent	adjective	六価
hexose	noun	ヘキソース
hey		おい|ねえ|オラ|ヘイ
heyday	noun	全盛期
hi		こんにちは|やあ|どうも|よう
hi-tech	adjective	ハイテク
hiatus	noun	途切れ|間|中断
hibakusha	noun	被爆者
hibernate	verb	冬眠
hibernation	noun	冬眠
hibiscus	noun	木槿
hiccup	noun	しゃっくり|ヒック
hick	noun	いなかもん
hickey	noun	キスマーク
hidden	adjective	潜在|秘密|見えない|隠された|隠れる
hidden markov model	noun	隠れマルコフモデル
hide	noun	皮革|革|隠す|隠匿|隠れる
hide and seek	noun	隠れん坊|隠れ子|隠れ遊び|隠れ鬼
hideout	noun	隠れ家|アジト
hierarchization	noun	階層化
hierarchize	verb	階層化する
hierarchy	noun	階層性|序列|階層|ヒエラルキー
hieroglyph	noun	象形文字|ヒエログリフ|聖刻
hieromonk	noun	修道司祭
hierophant	noun	聖師
hifu	noun	披風|被布|被風
high	adjective	高い|高温
high commissioner	noun	高等弁務官
high definition	noun	ハイビジョン|高精細度
high fidelity	noun	ハイファイ
high five	noun	ハイタッチ
high fructose corn syrup	noun	異性化糖
high heels	noun	ハイヒール
high jump	noun	走高跳|ハイジャン|走り高跳び
high jumper	noun	走高跳の選手
high priest	noun	住職|大祭司|宮司
high priestess	noun	女教皇
high school	noun	高校|高等学校
high school student	noun	高校生
high seas	noun	公海
high society	noun	上流社会
high street	noun	ハイ・ストリート|大通り
high technology	noun	ハイテク
high tide	noun	満ち潮|満潮|高潮
high treason	noun	大逆罪
high-beam	noun	ハイビーム|上向き|走行用前照灯|胸ポチ
high-class	adjective	高級
high-definition television	noun	ハイビジョン|高品位テレビ|高品位テレビジョン|高精細度テレビ|高精細度テレビジョン
high-level language	noun	高水準言語|高級言語
high-octane	adjective	ハイオク
high-quality	adjective	高品質
high-resolution	adjective	ハイレゾリューション|高解像度
high-rise	noun	高層ビル
high-speed	adjective	高速
high-speed rail	noun	高速鉄道
highborn	adjective	貴い|高貴
highchair	noun	ハイチェア|ベビーチェア
higher education	noun	高等教育
highland	noun	高地
highlight	noun	ハイライト
highlighter	noun	蛍光ペン|ハイライター
hight	verb	いう|申す|言う
highway	noun	公路|公道|街道
higonokami	noun	肥後守
hijab	noun	ヒジャーブ
hijack	noun	ハイジャック|乗っ取り|乗っ取る
hijiki	noun	鹿尾菜
hike	noun	ハイキング|ハイク|散策|遠足|急上昇|急騰
hiker	noun	ハイカー
hikikomori	noun	引き籠もり
hiking	noun	ハイキング
hilarious	adjective	ひどくおもしろい|面白おかしい
hilarity	noun	ハピネス
hill	noun	丘|小山|傾き|坂|盛り土|マウンド
hillbilly	noun	田舎者
hillwalking	noun	山行
hilsa	noun	イリッシュ|ヒルサ
hilt	noun	柄
him		彼
himation	noun	ヒマティオン
himself		彼自身
hind	adjective	後ろ|後方
hind leg	noun	後ろ足|後肢|後足
hind limb	noun	後ろ足|後肢
hinder	adjective	後ろの|妨げる
hindrance	noun	妨害|支障|邪魔
hindsight	noun	後知恵
hinge	noun	蝶番
hinge joint	noun	蝶番関節
hinny	noun	ケッテイ|駃騠
hint	noun	ヒント|手がかり|暗示|糸口|ほのめかす
hip	noun	腰|ヒップ
hip bone	noun	寛骨
hip flask	noun	スキットル
hip-hop	noun	ヒップホップ
hippie	noun	ヒッピー
hippocampus	noun	海馬
hippodrome	noun	競馬場
hippogriff	noun	ヒッポグリフ
hippophile	noun	馬好き
hippopotamus	noun	河馬|カバ
hippopotomonstrosesquipedaliophobia	noun	長大語恐怖症
hippurate	noun	馬尿酸塩
hippuric acid	noun	馬尿酸
hipster	noun	ヒップスター
hiragana	noun	平仮名|ひらがな
hire	verb	借りる|雇う|雇用
his		彼
hiss	verb	シッ
histamine	noun	ヒスタミン
histidine	noun	ヒスチジン
histology	noun	組織学
histone	noun	ヒストン
historian	noun	歴史家|史家
historical	adjective	歴史的
historical linguistics	noun	歴史言語学
historical materialism	noun	唯物史観
historically	adverb	歴史的
history	noun	歴史|沿革|履歴|経歴|経過|カルテ
history repeats itself		歴史は繰り返します
hit	noun	衝突|一撃|ヒット|ヒット曲|安打|打つ
hit and run	noun	ひき逃げ|ヒットエンドラン|轢き逃げ|一撃離脱
hit it and quit it	verb	やり逃げ
hit on	verb	いちゃつく|口説く|戯れる|言い寄る|軟派
hit point	noun	ヒットポイント
hit the jackpot	verb	大当たりをひく
hit-by-pitch	noun	デッドボール|死球
hitchhike	verb	ヒッチハイク
hitchhiker	noun	ヒッチハイク
hitherto	adverb	これまで|これまでのところ|今まで
hitman	noun	殺し屋|キラー|ヒットマン
hmm		うーん|ふむ|ふむふむ|んー
ho, ho, ho		ほ、ほ、ほ
hoar frost	noun	霜
hoary	adjective	灰色
hoatzin	noun	ホアチン
hoax	noun	ペテン|でっち上げ|悪戯|ペテンに掛ける
hoaxer	noun	ペテン師
hobbit	noun	ホビット
hobby	noun	趣味|しゅみ
hobo	noun	ルンペン
hockey	noun	ホッケー
hockey puck	noun	パック
hockey stick	noun	スティック
hocus-pocus		ちちんぷいぷい
hodja	noun	ホジャ
hoe	noun	鍬
hog	noun	豚|ブタ|独り占め|独占
hoi polloi	noun	大衆|庶民
hoisin sauce	noun	ハイセンジャン
hoist	verb	持ち上げる
hoist by one's own petard	adjective	罠拵えて首突っ込む
hold	noun	船倉|持つ|握る|予約する|保持する|所持する
hold on	verb	ちょっと待つ
hold one's breath	verb	息を殺す|息を詰める
hold one's tongue	verb	噤む|黙りこくる
hold out	verb	待つ|持ち堪える
holding company	noun	持ち株会社|持株会社
hole	noun	穴
hole in one	noun	ホールインワン
hole punch	noun	パンチ|パンチャー|穴開けパンチ|穿孔機
hole saw	noun	ホールソー
hole-in-the-wall	noun	穴場
holiday	noun	祭日|祭り|休日|休暇
holiday season	noun	休暇シーズン|連休シーズン
holiday-maker	noun	行楽客|避暑客
hollow	adjective	虚ろ|くぼむ|中空|空っぽ|空洞|こもる|窪地
hollowly	adverb	ぼこぼこ
holly	noun	犬黄楊|黐の木|西洋柊
holly blue	noun	瑠璃小灰蝶
hollyhock	noun	葵
holmium	noun	ホルミウム|鈥
holography	noun	ホログラフィー
holotype	noun	ホロタイプ|正基準標本
holster	noun	ホルスター
holy	adjective	神聖|聖
holy basil	noun	神目箒
holy shit		やばい
holy synod	noun	聖シノド
holy war	noun	聖戦
holy water	noun	聖水
home	adverb	家|実家|故郷|お住まい|お宅|母国
home cinema	noun	ホームシアター|ホームシネマ
home country	noun	ハイマート|本国|母国|祖国
home delivery	noun	宅配
home economics	noun	家政学
home front	noun	銃後
home ground	noun	ホームグラウンド
home page	noun	ホームページ|メインページ
home plate	noun	本塁|ホームベース
home run	noun	ホームラン|本塁打
home stretch	noun	ラストスパート|追い込み
home sweet home	noun	ホーム・スイート・ホーム
home wrecker	noun	泥棒猫|盗人猫
homebody	noun	インドア派
homecoming	noun	帰国|帰宅|帰省
homeland	noun	祖国|故郷|母国|原郷
homeless	adjective	ホームレス|家なき|無宿
homelessness	noun	ホームレス
homeopathy	noun	ホメオパシー
homeostasis	noun	恒常性|ホメオスタシス
homeowner	noun	家持ち
homesick	adjective	ホームシック
homesickness	noun	郷愁|里心|望郷
homestay	noun	ホームステイ
hometown	noun	故郷
homeward	adverb	家へ向かって
homewards	adjective	家へ向かって
homework	noun	宿題|課題
homicide	noun	殺人|人殺し|殺人者
homing pigeon	noun	伝書鳩
homo	noun	ホモ|ホモ牛乳
homogeneity	noun	斉次性
homogeneous	adjective	同質|均質
homograph	noun	同音異義語|同音語
homonym	noun	同音異義語|同音語
homophobia	noun	ホモフォビア|同性愛嫌悪
homophone	noun	同音語
homoscedasticity	noun	等分散性
homosexual	adjective	同性愛者|ゲイ|ホモセクシャル|レス
homosexuality	noun	同性愛|ホモセクシャリティ
homotopy	noun	ホモトピー
homunculus	noun	ホムンクルス
hone	noun	砥石|研ぎ澄ます|研ぐ
honest	adjective	正直|誠実
honestly	adverb	正直|正直に言うと|まったく
honesty	noun	正直
honesty is the best policy		正直は最高の政策です
honey	noun	蜂蜜|あなた|ハニー
honey badger	noun	ラーテル
honey bee	noun	蜜蜂
honey dipper	noun	ハニーディッパー
honey fungus	noun	楢茸
honey trap	noun	ハニートラップ
honeycomb	noun	ハニカム|蜂の巣|蜂巣
honeydew	noun	甘露
honeyeater	noun	蜜吸
honeyguide	noun	蜜教
honeymoon	noun	蜜月|ハネムーン|新婚|新婚旅行
hongbao	noun	お年玉|祝儀袋
honk	verb	なく|鳴く
honor	noun	名誉|栄誉|尊ぶ|賛える|賛美|重んじる
honor student	noun	優等生
honorable	adjective	偉い|立派|素晴らしい
honorific	noun	敬語
honour killing	noun	名誉の殺人
honoured	adjective	光栄
hoobae	noun	フベ
hood	noun	ボンネット|フード
hooded crane	noun	鍋鶴
hooded crow	noun	頭巾烏
hoodie	noun	パーカー|フード
hoodlum	noun	チンピラ|与太者
hoodoo	noun	土柱
hoof	noun	蹄
hook	noun	フック|ホック|留め金|鉤|サビ|フックシュート
hook up	verb	接続
hookah	noun	水タバコ|水パイプ|水煙管
hooligan	noun	ならず者|フーリガン|不良|与太者
hooliganism	noun	悪たれ
hoop	noun	フープ|箍
hoopoe	noun	戴勝|ヤツガシラ
hooray		やった|万歳
hoot	verb	野次る
hooter	noun	クラクション|ホーン|警笛|警音器
hop	noun	ホップ|跳ねる
hopak	noun	ホパーク
hope	noun	希望|期待|願望|望む
hopefully	adverb	上手くいけば|願わくは|願わくば
hopeless	adjective	絶望|絶望的
hopelessness	noun	絶望
hoppang	noun	ホパン
hopscotch	noun	石蹴り|ホップスコッチ
horchata	noun	オルチャータ
horde	noun	オルド
horizon	noun	地平線|水平線
horizontal	adjective	横|水平
horizontal bar	noun	鉄棒
horizontal integration	noun	水平統合
hormone	noun	ホルモン
horn	noun	角|角笛|クラクション|ホーン|警笛|警音器
hornbeam	noun	垂|四手
hornbill	noun	サイチョウ
horndog	noun	ヤリチン|色惚け
horned lark	noun	ハマヒバリ
horned melon	noun	ツノニガウリ
horned owl	noun	ミミズク|木菟
horned puffin	noun	角目鳥
hornet	noun	雀蜂|スズメバチ
horny	adjective	むらむら|性的興奮
horoscope	noun	星占い|ホロスコープ
horrible	adjective	恐ろしい
horror	noun	恐怖|恐れ|ホラー
horror movie	noun	ホラー映画
hors d'oeuvre	noun	つき出し|アペタイザー|オードブル|前菜|突き出し
horse	noun	馬|ウマ|うま
horse blanket	noun	馬着
horse bot fly	noun	ウマバエ
horse race	noun	競馬
horse racing	noun	競馬
horse stance	noun	騎馬立ち
horse-leech	noun	ウマヒル
horseback	adverb	馬に乗る|馬の背
horsefly	noun	虻
horsehair	noun	馬毛
horseman	noun	騎手
horsemeat	noun	桜肉|馬肉
horsepower	noun	馬力
horseradish	noun	ホースラディッシュ|山山葵|山葵大根|西洋山葵
horseriding	noun	乗馬
horses for courses		適材適所
horseshoe	noun	蹄鉄|馬蹄
horseshoe crab	noun	カブトガニ
horsetail	noun	木賊|杉菜
horsetail pine	noun	馬尾松
horsy	noun	お馬さん
horticulture	noun	ガーデニング|園芸
hosanna		ホサナ
hose	noun	ホース
hospice	noun	ホスピス
hospitable	adjective	もてなしのよい
hospital	noun	病院|医院
hospitality	noun	厚情|持て成し|款待|ホスピタリティー|集客
hospitalization	noun	入院
hospitalize	verb	入院
hospitalized	adjective	入院
host	noun	主人|主催者|司会|ホスト
host country	noun	開催国|受入国
host family	noun	ホストファミリー
hostage	noun	人質
hostel	noun	ホステル|宿舎|寮
hostess	noun	イベントコンパニオン|ホステス
hostile	adjective	敵|敵対的
hostile takeover	noun	敵対的買収
hostility	noun	敵対|敵意|事変
hosting	noun	ホスティング
hot	adjective	暑い|熱い|辛い
hot and sour soup	noun	酸辣湯
hot chocolate	noun	ココア|ホットチョコレート|ホットチョコ
hot dog	noun	ソーセージ|フランクフルト|ホットドッグ|ホットドック
hot pants	noun	ホットパンツ
hot pot	noun	ホットポット|火鍋|鍋
hot sauce	noun	チリソース|ホットソース
hot shoe	noun	ホットシュー
hot spot	noun	ホットスポット
hot spring	noun	温泉|熱水泉
hot water	noun	湯
hot water bottle	noun	湯たんぽ|湯婆|湯湯婆
hot water heater	noun	給湯器
hot-air balloon	noun	熱気球
hotbed	noun	温床
hotel	noun	ホテル|旅館|宿
hotelier	noun	ホテル経営者
hothouse	noun	温室
hothouse flower	noun	お姫様
hotline	noun	ホットライン
hotplate	noun	ホットプレート
hotteok	noun	ホットク|ホットック
hound	noun	猟犬|狩犬
houndstooth	noun	千鳥柄|千鳥格子
hour	noun	時間|時
hour hand	noun	時針|短針|小針
hourglass	noun	砂時計|砂漏
houri	noun	フーリー|天女
house	noun	家屋|家|お宅|一戸建て|住まい|建物
house arrest	noun	軟禁
house lizard	noun	ホオグロヤモリ
house mouse	noun	二十日鼠|ハツカネズミ
house music	noun	ハウス|ハウス音楽
house of cards	noun	トランプタワー|砂上の楼閣
house sparrow	noun	家雀|イエスズメ
house wren	noun	家鷦鷯
houseboy	noun	家僕
housecloth	noun	雑巾
housefly	noun	家蝿
household	noun	世帯|家庭
household appliance	noun	家電
househusband	noun	主夫
housekeeper	noun	ハウスキーパー|家政婦
housekeeping	noun	家事|ハウスキーピング|家政
housemate	noun	ハウスメイト|ルームメイト|同居人|部屋っ子
housemother	noun	寮母
housewarming	noun	新築祝い
housewife	noun	主婦
housework	noun	家事
housing	verb	ハウジング|筐体
hover	verb	揉み合う
hoverboard	noun	ホバーボード
hovercraft	noun	ホバークラフト
hoverfly	noun	花虻
how	adverb	どう|どのように|どんなに|どうやって|争で|何て
how are you		お元気ですか|ご機嫌いかがですか
how come	adverb	何で
how dare you		どの面下げて|よくもそんなことを
how do i get to		どう行ったらいいですか
how do i get to the airport		空港へどう行ったらいいですか
how do i get to the bus station		バス停にどう行けばいいですか
how do i get to the train station		駅へどう行ったらいいですか
how do you do		初めまして|ご機嫌よう|始めてお目にかかります|御機嫌よう
how do you pronounce this word		この単語は何と発音しますか。|この言葉の読み方は何ですか
how do you say … in english		…は英語でなんと言いますか？
how do you spell this word		この言葉の書き方は何ですか
how long	adverb	どの位|どれくらい|どれぐらい
how many		いくつ|何|幾-|幾つ
how many languages do you speak		何か国語話せますか
how much		いくら|何ぼ|幾ら|いくらですか|これは幾らですか
how much does it cost		いくらですか|これは幾らですか
how old are you		おいくつですか|何歳ですか
how's it going		どうしてる|どうだい
how's the weather		天気はどうですか
however	adverb	が|けど|けども|けれど|けれども|しかし
howitzer	noun	榴弾砲
howl	noun	遠吠え|叫び声|嘆き|絶叫|吠える|叫ぶ
howling	noun	ハウリング
hryvnia	noun	フリヴニャ
huangjiu	noun	黄酒
hub	noun	轂|ハブ
hubbub	noun	喧々囂々|猥雑|騒ぎ
hubby	noun	ハズ
hubcap	noun	ホイールキャップ
hubris	noun	不遜|傲慢
hug	noun	抱擁|ハグ|抱く|だく
huge	adjective	巨大
hugeness	noun	巨大
huh		え|ぞ|へえ|よ|な|ね
hula	noun	フラ
hula hoop	noun	フラフープ
hulijing	noun	妖狐
hull	noun	船体
hum	noun	ハミング|鼻歌
human	adjective	人間|人|人類
human being	noun	人間|人|人類
human body	noun	人体
human immunodeficiency virus	noun	人免疫不全ウイルス
human pyramid	noun	人間ピラミッド
human resource management	noun	人材管理|人材マネジメント
human resources	noun	人事|人材開発部|人員
human right	noun	人権
human rights	noun	人権
human sacrifice	noun	人身御供
human shield	noun	人間の盾
human trafficking	noun	人身売買|トラフィッキング|人身取引
humane	adjective	人道的
humanism	noun	ヒューマニズム|人文主義|人道主義
humanitarian	adjective	人道主義的|人道主義者
humanitarian corridor	noun	人道回廊
humanitarianism	noun	人道主義
humanities	noun	人文学|人文科学
humanity	noun	人類|人間性
humanoid	adjective	人型|ヒューマノイド
humble	adjective	謙虚|卑屈|謙遜|低める|遜る
humerus	noun	上腕骨
humid	adjective	湿気の多い|蒸し暑い|湿っぽい|湿る
humidification	noun	加湿
humidifier	noun	加濕器
humidity	noun	湿気|湿度
humiliate	verb	辱める|凹ます|屈辱を与える
humiliating	adjective	屈辱的
humiliation	noun	恥|恥辱|屈辱|汚辱
humility	noun	謙遜
hummingbird	noun	蜂鳥|蜂雀
hummus	noun	フムス|フンムス
humoresque	noun	ユーモレスク
humorous	adjective	こっけい|ユーモア|ユーモラス
humour	noun	笑い|笑い話|気分|気持ち|ユーモア|諧謔
hump	noun	瘤|こぶ|なんとかして運ぶ
humpback	noun	傴僂
humpback whale	noun	座頭鯨
humpbacked	adjective	せむし
humph		ふふん|ふん
humuhumunukunukuapuaa	noun	フムフムヌクヌクアプアア
humus	noun	腐植土
hundred	noun	100ドル札|百
hundred thousand		十万
hunger	noun	飢え|空腹|飢餓|飢える
hunger strike	noun	ハンガー・ストライキ|ハンスト
hungry	adjective	腹が減る|お腹が空いている|空腹な|飢える|饑い
hungry ghost	noun	餓鬼
hunk	noun	色男
hunker	verb	しゃがむ
hunt	noun	狩猟|狩り|探す|狩る
hunter	noun	猟師|狩人|狩犬|猟犬
hunter-gatherer	noun	狩猟採集民
hunting	noun	狩猟
hunting dog	noun	猟犬
hunting horn	noun	狩猟笛
hunting lodge	noun	狩り小屋|狩猟小屋
huntsman spider	noun	アシダカグモ
huqin	noun	胡琴
hurdle	noun	ハードル|障害|障害物|柵
hurdy-gurdy	noun	ハーディ・ガーディ
hurlyburly	noun	喧騒
hurrah		万歳|やった
hurricane	noun	大暴風|暴風|ハリケーン|暴風雨
hurry	noun	急ぐ
hurry up	verb	急ぐ
hurt	adjective	傷ついた|傷つく|傷つけた|傷つけられた|傷つけられる|傷付いた|痛める
hurtle	verb	突進
husband	noun	夫|主人|ご主人|旦那|ハズ|ハズバンド
husband and wife	noun	夫妻|夫婦
husbando	noun	婿|嫁
hush	noun	静けさ|黙る
hush money	noun	口止め料|鼻薬
husk	noun	外皮|外被|殻
husky	adjective	しゃがれる|ハスキー|ハスキー犬
hussar	noun	ユサール
hut	noun	小屋
hutong	noun	フートン|胡同
hyacinth	noun	ヒヤシンス|風信子
hyacinth bean	noun	藤豆
hyaluronic acid	noun	ヒアルロン酸
hybrid	noun	雑種
hybrid warfare	noun	ハイブリッド戦争
hydracid	noun	水素酸
hydrangea	noun	紫陽花
hydrate	noun	水和物
hydraulics	noun	水理学
hydrazine	noun	ヒドラジン
hydrazone	noun	ヒドラゾン
hydride	noun	水素化物
hydrocarbon	noun	炭化水素
hydrocephalus	noun	水頭症
hydrochloric acid	noun	塩酸
hydrocoral	noun	ヒドロサンゴ
hydrocyanic acid	noun	青酸|シアン化水素酸
hydrodynamics	noun	水力学|流体力学
hydrofluorocarbon	noun	ハイドロフルオロカーボン
hydrofoil	noun	水中翼船
hydrogen	noun	水素
hydrogen bomb	noun	水爆|水素爆弾
hydrogen bond	noun	水素結合
hydrogen bromide	noun	臭化水素
hydrogen cyanide	noun	シアン化水素|青酸
hydrogen fluoride	noun	フッ化水素
hydrogen peroxide	noun	過酸化水素
hydrogen sulfide	noun	硫化水素
hydrogen vehicle	noun	水素自動車
hydrogeology	noun	水文地質学者
hydrography	noun	水路学
hydrology	noun	水文学
hydrolysis	noun	加水分解
hydronium	noun	ヒドロニウム
hydrophile	noun	親水性
hydrophobia	noun	狂犬病|水恐怖症
hydrophyte	noun	水草
hydroponics	noun	水耕栽培|水栽培
hydrous	adjective	含水の
hydroxide	noun	水酸化物
hydroxocobalamin	noun	ヒドロキソコバラミン
hydroxyl	noun	ヒドロキシル基|水酸基
hydroxylamine	noun	ヒドロキシルアミン
hydrozoan	noun	ヒドロ虫類
hyena	noun	ハイエナ|鬣犬
hygiene	noun	衛生学|衛生
hygienic	adjective	衛生的
hygrometer	noun	湿度計
hygroscopicity	noun	吸湿性
hygroscopy	noun	吸湿性
hymen	noun	処女膜
hymn	noun	聖歌|賛歌|賛美歌
hyoid bone	noun	舌骨
hyper-		超
hyperactivity	noun	多動|多動性
hyperbaton	noun	転置法
hyperbola	noun	双曲線
hyperbole	noun	誇張
hyperbolic cosine	noun	ハイパボリックコサイン|双曲余弦
hyperbolic sine	noun	ハイパボリックサイン|双曲正弦
hyperbolic space	noun	双曲空間
hyperbolic tangent	noun	ハイパボリックタンジェント|双曲正接
hypercorrection	noun	過剰修正
hypercube	noun	超立方体
hyperextend	verb	伸ばしすぎる|過伸展する
hyperextension	noun	過伸展
hypergeometric distribution	noun	超幾何分布
hyperglycemia	noun	高血糖症
hyperhidrosis	noun	多汗症
hyperinflation	noun	ハイパーインフレーション
hyperlink	noun	ハイパーリンク|リンク|超連結子
hypermarket	noun	ハイパーマーケット|量販店
hypernym	noun	上位語
hyperpigmentation	noun	色素沈着
hypersensitivity	noun	過敏症
hypersexuality	noun	異常性欲
hypersomnia	noun	過眠症
hypersonic	adjective	極超音速
hyperspace	noun	超空間
hypertension	noun	高血圧
hypertext	noun	ハイパーテキスト|超文面
hyperthermia	noun	熱中症
hypertrophy	noun	肥大|肥大する
hyperventilation	noun	過換気症候群
hypervitaminosis	noun	ビタミン過剰症
hyphen	noun	ハイフン
hypnosis	noun	催眠
hypnotism	noun	催眠術
hypnotist	noun	催眠術師
hypocaust	noun	ハイポコースト
hypocentre	noun	震源
hypochlorite	noun	次亜塩素酸塩
hypochondria	noun	ヒポコンデリー|心気症
hypocrisy	noun	偽善
hypocrite	noun	偽善者|偽君子
hypoglycemia	noun	低血糖
hyponym	noun	下位語
hypostasis	noun	位格
hypotension	noun	低血圧
hypotenuse	noun	斜辺
hypothalamus	noun	視床下部
hypothermia	noun	低体温症|ハイポサーミア
hypothesis	noun	仮説|仮定
hypothesize	verb	仮定する
hypothetical	adjective	仮定
hypothyroidism	noun	甲状腺機能低下症
hyrax	noun	岩狸
hysterectomy	noun	子宮摘出術
hysteresis	noun	ヒステリシス|履歴現象
hysteria	noun	ヒステリー
hyung	noun	ヒョン
hyung line	noun	ヒョンライン
háček	noun	ハーチェク
i.e.	adverb	すなわち|つまり
iphone	noun	アイフォン|アイフォーン|アイホン
ipod	noun	iPod
iamb	noun	アイアンブ
ibis	noun	とき|朱鷺
ibuprofen	noun	イブプロフェン
ice	noun	氷|アイス|ドライアイス|アイスクリーム|凍る
ice age	noun	氷河期|氷河時代
ice cap	noun	氷帽
ice cream	noun	アイスクリーム|アイス|氷菓子
ice cream cone	noun	アイスクリームコーン
ice cream maker	noun	アイスクリームメーカー
ice cream sandwich	noun	アイスクリームサンドイッチ
ice cream scoop	noun	ディッシャー
ice cream soda	noun	アイスクリームソーダ|アイスクリームフロート
ice cube	noun	クラッシュドアイス|アイスキューブ
ice dancing	noun	アイスダンス
ice field	noun	氷原
ice fishing	noun	あなづり
ice hockey	noun	アイスホッケー
ice needle	noun	霜柱
ice resurfacer	noun	整氷車
ice rink	noun	スケートリンク|銀盤
ice sculpture	noun	氷像
ice skate	noun	スケート靴
ice skating	noun	アイススケート|スケーティング|スケート
ice water	noun	氷水
ice wedge	noun	氷楔
ice-skate	verb	スケート靴
iceberg	noun	氷山
icebox	noun	アイスボックス|クーラーボックス|冷蔵箱
icebreaker	noun	砕氷船
iced coffee	noun	アイスコーヒー
iced tea	noun	アイスティー
icehouse	noun	氷室
icepick	noun	アイスピック
ichimon	noun	一門
ichor	noun	イーコール
ichthyocentaur	noun	イクテュオケンタウロス
ichthyological	adjective	魚類学的
ichthyology	noun	魚類学
ichthyosaur	noun	魚竜
ichthyosis	noun	魚鱗癬
icicle	noun	氷柱|つらら
icing	noun	アイシング
icon	noun	偶像|聖像|イコン|アイコン
iconoclasm	noun	偶像破壊|聖像破壊運動
iconography	noun	図像学
iconology	noun	イコノロジー|図像解釈学
iconostasis	noun	イコノスタシス
icosagon	noun	二十角形
icosahedron	noun	二十面体|正二十面体
icosidigon	noun	二十二角形
icosihenagon	noun	二十一角形
icositetrachoron	noun	正二十四胞体
icositetragon	noun	二十四角形
icositrigon	noun	二十三角形
id	noun	エス
idea	noun	着想|アイデア|思想|考え|主意
ideal	adjective	理想|理想的|イデアル
ideal gas	noun	理想気体
idealism	noun	理想主義|観念論|イデアリスム
idempotent	adjective	冪等
identical	adjective	そっくり|同一|一卵性
identical twin	noun	一卵性双生児
identification	noun	身分証明|識別|身分証明書
identifier	noun	識別子
identify	verb	識別
identity	noun	同一|身元|アイデンティティ|アイデンティティー|主体性|同一性
identity card	noun	ID|IDカード|身分証|身分証明書
identity matrix	noun	単位行列
identity theft	noun	なりすまし|アイデンティティの盗難
ideogram	noun	表意文字|指事
ideographic comma	noun	読点
ideography	noun	表意文字
ideological	adjective	イデオロギーの
ideologue	noun	空論家
ideology	noun	イデオロギー|理念|観念形態
ideophone	noun	擬態語|擬音語
idigbo	noun	イディグボ|フラミレ
idiolect	noun	個人語
idiom	noun	成句|慣用句|熟語|慣用語|方言|訛り
idiomatic	adjective	熟語
idiopathic	adjective	特発性
idiopathy	noun	特発
idiosyncrasy	noun	個性|特異体質|特性
idiot	noun	馬鹿|あほ|白痴|戯け者
idiotic	adjective	馬鹿
idle	adjective	暇
idol	noun	偶像|アイドル
idolatry	noun	偶像崇拝
if	noun	か|かどうか|なら|もし|だったら|と|仮定
if i do say so myself	adverb	我ながら
if i were you		もし私があなたの立場なら|私なら
if i'm not mistaken		私の記憶が間違っていなければ
if it ain't broke, don't fix it		角を矯めて牛を殺す
if looks could kill		見た目で人が殺せるのなら
if not		ではないにしろ
if only		いいのに|ばいいのになあ|よいものを|らいいのになあ
ifrit	noun	イフリート
igloo	noun	イグルー
igneous rock	noun	火成岩
ignite	verb	火を点ける|燃え出す|発火する
ignition	noun	点火|発火|点火装置
ignoble	adjective	平凡|庶民|卑しい|汚い|醜い
ignorable	adjective	くだらない|つまらない|些細
ignorance	noun	無知
ignorance is bliss		無知は至福である|知らぬが仏
ignorant	adjective	無知|疎い
ignore	verb	無視|忽略|知らん顔
iguana	noun	イグアナ
ijma'	noun	イジュマーア
ikebana	noun	華道|生け花|生花|花道|フラワーアレンジメント
ikra	noun	イクラ
ileum	noun	回腸
ill	adjective	病気
ill-gotten gains	noun	悪銭
ill-mannered	adjective	失礼|無礼
ill-treat	verb	虐待する
illation	noun	推定
illative	noun	入格
illative case	noun	入格
illegal	adjective	違法|不法
illegal immigrant	noun	不法入国者
illegal immigration	noun	不法入国
illegality	noun	違法|違法性
illegalize	verb	不法化する
illegally	adverb	違法
illegible	adjective	汚い|読める
illegitimate	adjective	違法|婚外|庶出|偽|紛い
illiberal	adjective	反自由主義的|息苦しい|抑圧的|窮屈|偏狭|狭量
illiberalism	noun	反自由主義
illiteracy	noun	文盲|非識字
illiterate	adjective	文盲|読み書きができない|無学の|非識字者
illiterati	noun	ラテン語の非識字者|無教養者
illness	noun	病気|疾病
illogical	adjective	支離滅裂|非論理的
illuminate	verb	照らす|照明
illumination	noun	照明|イルミネーション|ライトアップ
illusion	noun	幻覚|幻想|手品
illustration	noun	例|実例|イラスト|イラストレーション|図|絵
illustrator	noun	イラストレーター
ilmenite	noun	イルメナイト
image	noun	イメージ|映像|像|姿|形|心象
image processing	noun	画像処理
imageboard	noun	画像掲示板
imagery	noun	画像
imaginable	adjective	想像|考える
imaginary	adjective	幻想的|架空
imaginary axis	noun	虚軸
imaginary number	noun	虚数
imaginary part	noun	虚部|虚数部
imaginary unit	noun	虚数単位
imagination	noun	想像力|想像|空想
imagine	verb	想像
imago	noun	成虫
imam	noun	イマーム
imbecile	noun	ばか
imbibe	verb	吸収
imbroglio	noun	縺れ
imbue	verb	染める|吹き込む
imidazole	noun	イミダゾール
imide	noun	イミド
imitable	adjective	模倣|真似る
imitate	verb	倣う|模倣|真似る
imitation	noun	模倣|真似|模造品
imitative	adjective	二番煎じ|模倣的
imitator	noun	亜流|模倣者
immaculate	adjective	無原罪
immanence	noun	内在|内在性
immature	adjective	未熟|大人げない
immeasurableness	noun	無量
immediate	adjective	即時
immediately	adverb	直ちに|直ぐに|直接
immense	adjective	広大|莫大
immigrant	noun	移住者|移民|外来動物|帰化植物
immigrate	verb	移住|移民
immigration	noun	移民|イミグレーション|入植|移住
immobile	noun	不動|揺るぎない
immoral	adjective	不道徳
immorality	noun	不道徳|背徳
immortal	adjective	不滅|死なない|潰れない
immortality	noun	不老不死|不死|永生|不朽
immune system	noun	免疫系
immunity	noun	免疫|免疫力|免責
immunization	noun	予防接種|感作
immunoglobulin	noun	免疫グロブリン
immunoglobulin e	noun	免疫グロブリンE
immunology	noun	免疫学
immunosuppressant	noun	免疫抑制剤
immunotherapy	noun	免疫治療|癌免疫治療
immutable	adjective	不変
imp	noun	悪魔|邪鬼|茶目
impact crater	noun	インパクトクレーター|衝突クレーター
impaired	adjective	不自由
impala	noun	インパラ
impalement	noun	串刺し
impasse	noun	行き詰まり
impassive	adjective	無感覚な|無感動な|平然とした
impatience	noun	焦り|焦燥
impeach	verb	弾劾する|妨げる|妨害する|疑う|遅滞させる|阻止する
impeachment	noun	弾劾|糾弾
impedance	noun	インピーダンス
impediment	noun	障害
impeller	noun	インペラー
imperative mood	noun	命令法
imperfect	adjective	不完全
imperfective	adjective	未完了
imperfective aspect	noun	未完了相
imperial	adjective	天皇|皇帝
imperial cult	noun	君主崇拝
imperial examination	noun	科挙
imperial system	noun	ヤードポンド法
imperialism	noun	帝国主義
imperialist	noun	帝国主義者
impervious	adjective	鉄壁の
impetigo	noun	膿痂疹
impious	adjective	不信心|不敬
implant	noun	インプラント|移植片
implement	noun	道具|実現する|実行する
implementation	noun	実施|実用化|履行|実装
implication	noun	含意
implicature	noun	含意
implicit	adjective	暗黙|潜在的|絶対|絶対的
implosion	noun	爆縮|内破
imply	verb	ほのめかす
impolite	adjective	失礼|無礼
import	noun	輸入品|輸入|輸入する
importance	noun	重要性|大切さ|名声
important	adjective	重要|大切
importer	noun	輸入業者
impose	verb	強要する|強いる|課す
impossibility	noun	不可能
impossible	adjective	不可能|ありえない|無理
impostor	noun	偽者
impostor syndrome	noun	インポスター症候群
impoverish	verb	貧しい
impoverisher	noun	下げまん|貧乏にする人
impregnable	adjective	鉄壁|鐵壁|受精可能な|受胎可能な|難攻不落の
impregnate	verb	孕ませる
impregnation	noun	受精|受胎|懐胎
impresario	noun	演出家|興行主
impression	noun	印象
impressionism	noun	印象派
impressive	adjective	印象的
imprison	verb	刑務所|投獄|閉じ込める
imprisonment	noun	徒刑|懲役|投獄|拘禁刑
improbability	noun	低確率
improbable	adjective	低確率|疑わしい
improper	adjective	そぐわない|不適切
improper fraction	noun	仮分数
improve	verb	改善|改良|良い|好転
improvement	noun	改善
improvise	verb	即興で
improvised explosive device	noun	即席爆発装置
impulse	noun	衝動|衝撃|インパルス|出来心|推進力
impunity	noun	刑事免責
impure	adjective	不潔
impurity	noun	不純|汚れ|不純物
impute	verb	転嫁
in		に|で|中
in a nutshell	adverb	要するに|つまりは
in a pinch		いざと言う時に
in addition	adverb	その上
in any case		とにかく|何しろ
in bed		寝込
in broad daylight		白昼堂々|真っ昼間
in case		…の場合に
in case of		ならば
in cold blood		冷酷
in demand	adjective	人気|需要
in detail		詳しい|詳細
in fact		実は|実際には
in favor of		賛成
in for a penny, in for a pound		毒を食らわば皿まで
in front of		前|...の前に
in heat		発情
in kind	adverb	現物
in layman's terms		素人の言葉で
in love		恋する
in my opinion		管見|私見では
in nothing flat		あっと言う間
in one go	adverb	一気に
in operation		作動中
in order that		ため
in order to		ため|よう|手段
in other words		つまり|言い換えれば|と言うことは
in particular		特に
in person		直々
in principle		理論上
in private		非公式に
in question	adjective	問題
in short		要するに
in some places		所々
in spite of		にもかかわらず
in that case	adverb	その場合|それなら
in the black		黒字
in the blink of an eye		あっと言う間に|瞬く間に|瞬速
in the end		結局
in the eyes of		}}から見た|}}から見れば
in the first place		そもそも|先ず以て|最初
in the flesh		直々
in the future		これから|将来
in the land of the blind, the one-eyed man is king		鳥なき島の蝙蝠|鳥無き里の蝙蝠|片目でも盲目国では王様
in the mood		いいと思います
in the offing		近い未来に
in the past		これまで|過去
in the red		赤字
in the same boat	adjective	同じ船に乗っている
in the way		邪魔
in three days	adverb	明々後日|しあさって
in total		全部
in turn		次々|順々
in vain	adverb	無益
in vitro fertilization	noun	体外受精
in wine, there is truth		酒に酔うと本音が出る|酒の中に真理あり
in-		不
in-depth	adjective	深掘りした
inability	noun	無能
inaccuracy	noun	不正確
inactivate	verb	不活発にする
inactive	adjective	つまらない|不活発|休止中
inadequate	adjective	不十分|不適当
inadvertently	adverb	うっかり|何気|何気無く
inanimate	adjective	無生の
inappropriate	adjective	そぐわない|不適切|場違い|不相応
inappropriateness	noun	不相応|不適切|場違い
inaudible	adjective	聞こえる|静か
inaudibly	adverb	静か|黙る
inaugurate	verb	発足する
inauguration	noun	就任|就職
inauspicious	adjective	不吉|不祥
inbox	noun	受信箱
inbreeding	noun	近親交配
inc.	adjective	株
incalculable	adjective	桁外れ|箆棒|計る|膨大|莫大|計り知れない
incalculably	adverb	桁外れ|箆棒
incandescent	adjective	白熱
incandescent lamp	noun	白熱灯|白熱電球
incantation	noun	呪い|呪文
incapable	adjective	できない|不能|拒む|無理|無縁
incarcerate	verb	投獄
incarceration	noun	投獄
incarnation	noun	化身
incel	noun	インセル
incense	noun	薫香|香
incenter	noun	内心
incentive	noun	刺激|動機|誘因|報酬|賞与
incessantly	adverb	引っ切り無し
incest	noun	近親相姦|インセスト
inch	noun	インチ|吋
inchoate	adjective	無感性な
inchoative	adjective	起動相
incident	noun	事故|事件|事変
incidental	adjective	偶然|偶発的|雑費
incidentally	adverb	たまたま|偶然
incidentals	noun	雑費
incinerate	verb	焼却|燃やす
incinerator	noun	焼却炉
incipient	adjective	初期の
incircle	noun	内接円
incisor	noun	門歯
incite	verb	嗾ける|扇ぐ
incitement	noun	扇動
include	verb	含む
including		含む
inclusive or	noun	包含的論理和
income	noun	収入|所得
income tax	noun	所得税
incompatibility	noun	不相容
incompatible	adjective	相容れない
incompetent	adjective	できない|無能
incomplete	adjective	不完全|中途半端|未完|途中
incomplete sentence	noun	不完全な文章
incompletely	adverb	中途半端|未完|途中
incompleteness	noun	未完
incompliable	adjective	守る|従う
incomprehensible	adjective	不可解|理解
incomprehension	noun	無理解
incongruous	adjective	不調和
inconsiderate	adjective	思いやり
inconsistency	noun	ねじれ|不一致
incontinence	noun	失禁|抑制|自制
incontinence pad	noun	尿吸収パッド
inconvenience	noun	不便|厄介|面倒
inconvenient	adjective	不便|厄介|面倒
incorporation	noun	合体
incorporeal	adjective	無形
incorrect	adjective	間違う
increasable	adjective	増やせる
increase	noun	増加|増加量|増大|増える|増大する|増加する
incredible	adjective	信じられない|ありえない|飛躍しすぎている|驚異的|素晴らしい
increment	noun	増分|増加分|増加量|増す
incubation	noun	孵化|インキュベーション
incubation period	noun	潜伏期間
incubator	noun	インキュベーター|保育器|孵化器|孵卵器|定温器
incubus	noun	インキュバス|夢魔|悪夢|重荷
incunabulum	noun	インキュナブラ
incurability	noun	不治
incurable	adjective	不治|治る
indanthrene	noun	インダンスレン
indazole	noun	インダゾール
indecent	adjective	いやらしい
indecision	noun	優柔不断
indeed		そうです
indefinite	adjective	不定
indefinite article	noun	不定冠詞
indefinite integral	noun	不定積分
indefinite pronoun	noun	不定代名詞
indefinitely	adverb	永遠に|無期限に
indegree	noun	入次数
indelible	adjective	削除|消す|忘れ
indene	noun	インデン
independence	noun	独立
independent	adjective	独立|無所属
independent variable	noun	yu|独立変数
independently	adverb	単独|独立|自立
indescribable	adjective	言い表わす
indestructible	adjective	びくともしない|丈夫|堅い|壊す|潰す
index	noun	索引|インデックス|総目録|表題
indicate	verb	指す|指摘|示す|表示
indication	noun	符号|記号
indicative mood	noun	直説法|直接法
indicator	noun	インジケータ|インジケーター|指示薬|針|方向指示器|ウインカー
indict	verb	起訴
indiction	noun	インディクティオ
indictment	noun	起訴
indifference	noun	冷淡|無関心
indifferent	adjective	どこ吹く風|冷淡|無関心
indigent	noun	貧乏人
indigestion	noun	消化不良
indignation	noun	憤慨|憤り|憤懣|義憤
indigo	adjective	藍色|インジゴ
indigo bunting	noun	瑠璃野路子
indirect kiss	noun	間接キス
indirect object	noun	間接目的語
indirectness	noun	間接
indiscreet	adjective	軽率
indiscriminate	adjective	無差別
indissolubility	noun	不溶|不溶性
indissoluble	adjective	不溶|溶かす|溶ける
indium	noun	インジウム
individual	adjective	個人|個々|個体|私人
individualism	noun	個人主義
individuality	noun	個性
indivisibility	noun	不可分|割り切れなさ
indivisible	adjective	不可分|分ける|分割|割れる|割り切れない
indoctrination	noun	教化
indole	noun	インドール
indolence	noun	惰気
indoor	adjective	室内|屋内
indri	noun	インドリ
indulge	verb	甘やかす
industrial espionage	noun	産業スパイ
industrialist	noun	実業家
industrialization	noun	工業化|産業化|事業化
industrious	adjective	勤勉
industry	noun	勤勉|業界|産業|工業
inebriation	noun	酩酊
inedible	adjective	食う|食べる
ineligibility	noun	不適任|不適格|潜り|無資格
ineligible	adjective	できない|不適任|無資格
ineligibly	adverb	無資格
inept	adjective	不向き|弱い|苦手|不適|不適当
ineptitude	noun	不向き|不適|不適度|不適性|無才
inequality	noun	不平等|不等式
ineradicable	adjective	根強い|根深い
inert gas	noun	不活性ガス
inertia	noun	慣性|惰性
inescapable	adjective	逃げる
inessive	noun	内格
inevitability	noun	不可避|必然|必然性
inevitable	adjective	不可避|避けられない|当然|必然|必至|確実
inevitably	adverb	当然|必ず|必然的|起こるべくして
inexpensive	adjective	安価|安い|廉価
inexperienced	adjective	経験のない
inexplicable	adjective	不可解|割り切る|説明
infallibility	noun	完璧|無謬
infallible	adjective	全い|完璧|無欠|無謬
infallibly	adverb	完璧|間違いない
infamous	adjective	悪名高い
infamy	noun	不名誉|悪名|汚名
infancy	noun	乳児期
infant	noun	赤ちゃん|赤ん坊|乳児|乳飲み子|幼児
infant formula	noun	粉ミルク
infanticide	noun	子殺し
infantophilia	noun	ベビーコンプレックス
infantry	noun	歩兵|普通科
infantry fighting vehicle	noun	歩兵戦闘車
infantryman	noun	歩兵
infarct	noun	梗塞
infatuation	noun	のぼせ上がり|ほれ込み|夢中|心酔
infect	verb	感染
infection	noun	伝染|感染
infectious	adjective	感染性(の)
infectious disease	noun	感染症|伝染病|感染性疾患
infectiousness	noun	感染力
infer	verb	推量する
inferior	adjective	下級|下賎|劣る|賎しい|下っ端|目下
inferiority	noun	下級|下賎|低級|劣位|不利|損
inferiority complex	noun	劣等感
inferno	noun	地獄|業火|猛火
infertile	adjective	不妊|不毛
infertility	noun	不毛|不妊
infidel	noun	不信者
infield	noun	内野
infield fly	noun	インフィールドフライ
infielder	noun	内野手
infiltrate	verb	潜入する|浸透させる|潜入させる
infiltration	noun	潜入
infimum	noun	下限
infinite	adjective	巨大|途方もない|無限|果てしない
infinite loop	noun	無限ループ
infinite series	noun	無限級数
infinitive	noun	不定詞
infinity	noun	無限|無限大
infirmary	noun	病院|保健室
infix	noun	接中辞|挿入辞
infix notation	noun	中置記法
inflammable	adjective	可燃|可燃性|引火性
inflammation	noun	炎症|点火
inflatable	noun	ゴムボート
inflate	verb	膨らむ
inflation	noun	膨らみ|膨張|インフレーション|インフレ
inflect	verb	働く
inflection	noun	語形変化
inflorescence	noun	花序
inflow	noun	流入
influence	noun	影響|影響力|有力者
influencer	noun	インフルエンサー
influenza	noun	インフルエンザ|流行性感冒|インフル
inform	verb	教える|告げる|情報で強化する|情報で影響を上げる|知らせる|通知
informal	adjective	日常|普段|褻|非公式|内々|口語
informant	noun	インフォーマント|情報提供者
informatics	noun	インフォマティクス|情報学
information	noun	情報|案内
information desk	noun	案内所
information overload	noun	情報オーバーロード
information retrieval	noun	情報検索
information science	noun	情報科学
information security	noun	情報セキュリティ
information system	noun	情報システム
information technology	noun	情報技術
information theory	noun	情報理論
information warfare	noun	情報戦
informed consent	noun	インフォームドコンセント
infra-		未満
infraorder	noun	下目
infrared	adjective	赤外|赤外線
infrasound	noun	超低周波音
infrastructure	noun	インフラ|インフラストラクチャ
ingenue	noun	アンジェーヌ
ingenuity	noun	独創性
ingot	noun	インゴット|地金
ingratiate	verb	機嫌を取る|満たす
ingredient	noun	成分|具材|原材料|食材
inguinal canal	noun	鼠蹊管
inhabitant	noun	居住者|住民
inhalation	noun	吸気|吸入
inhale	verb	吸い込む|吸入
inhaler	noun	吸入器
inherent	adjective	固有
inherit	verb	受継ぐ
inheritance	noun	遺産|継承
inheritance tax	noun	相続税
inhibit	verb	制止|抑制|抑止|阻止
inhibitor	noun	阻害剤
inhuman	adjective	非人道的
inimitable	adjective	独特|真似
initial	adjective	初期|始め|最初|イニシャル|頭文字|声母
initial public offering	noun	新規株式公開
initialization	noun	初期化
initialize	verb	初期化
initially	adverb	始め
initiate	verb	取り掛かる|始める|開始する
initiation	noun	始まり|着手|開始
initiator	noun	言い出しっ屁
inject	verb	注射
injection	noun	注射|単射|インジェクション
injective	adjective	入射の|単射の
injera	noun	インジェラ
injure	verb	痛める|傷付ける
injury	noun	傷害|負傷
injury time	noun	インジャリータイム
injustice	noun	不正|不公平
ink	noun	インク|墨|インキ
ink-pad	noun	スタンプ台
inkcap	noun	ヒトヨタケ|一夜茸
inkjet	noun	インクジェット
inkjet printer	noun	インクジェットプリンター
inkling	noun	暗示|疑惑
inkstick	noun	墨
inkstone	noun	硯
inkwell	noun	インク入れ|インク壺
inland sea	noun	中海|内海
inlay	verb	インレー|象嵌
inlet	noun	入り江|江|浦|入口
inn	noun	宿屋|旅館
innate	adjective	先天的|固有|生れながら
inner child	noun	内なる童心
inner core	noun	内核
inner ear	noun	内耳|迷路
inner product	noun	内積
inning	noun	イニング|回
innocence	noun	潔白|無罪|無邪気|無害
innocent	adjective	無邪気|無罪|お人好し
innocuous	adjective	無害|無毒|当たり障りのない|無難
innominate	adjective	無名
innovation	noun	イノベーション|革新
innovative	adjective	革新的な
innuendo	noun	当て付けがましい
inoculation	noun	接種
inoffensive	adjective	当たり障りのない|無難
inopportune	adjective	ainiku no
inorganic	adjective	無機
inorganic chemist	noun	無機化学者
inorganic chemistry	noun	無機化学
inorganic compound	noun	無機化合物
inositol	noun	イノシトール
input	noun	インプット|入力|インプットする
input method	noun	入力|入力システム|輸入法
input method editor	noun	インプット メソッド エディタ
input-output table	noun	産業連関表
inquire	verb	問い合わせる|尋ねる|聞く|訊く
inquiry	noun	調査|問い合わせ|探究|質問
inquisitive	adjective	知る
insane	adjective	気が狂った|狂しい|頭がおかしい
insanity	noun	狂気|精神異常
insatiable	adjective	飽くことを知らない
inscription	noun	碑文
insect	noun	昆虫|虫
insectarium	noun	昆虫館
insecticide	noun	殺虫剤
insectivore	noun	食虫動物
insectivorous	adjective	食虫
insecurity	noun	コンプレックス
insemination	noun	受精|授精
insensible	adjective	感じる|平気|無感覚
insensitive	adjective	平気|鈍感|無神経
insensitively	adverb	平気|平然
insensitivity	noun	無神経|鈍感
inseparable	adjective	不可分|分離できない|切り離せない
insert	verb	入れる|差し込む|挟み込む|挿入
insert song	noun	劇中歌|挿入歌
inshallah		インシャッラーフ|インシャラー|インシャーアッラー
inside	adverb	中|内部|で|に
inside out	adverb	裏表逆|裏返し
inside pocket	noun	内ポケット
insider	noun	インサイダー|内部の人
insider trading	noun	内部者取引|インサイダー取引
insignia	noun	階級章|しるし|記章
insignificant	adjective	些細|無意味
insincerity	noun	不誠実
insist	verb	主張
insole	noun	インソール|敷き革
insolence	noun	横柄
insoluble	adjective	不溶|溶ける|不可解|割り切れない|解ける
insolvable	adjective	割り切れる|解ける|解決
insolvency	noun	倒産|支払不能
insomnia	noun	不眠症|不眠
inspection	noun	検査
inspector	noun	検査員|インスペクター|警部
inspiration	noun	霊感|鼓舞
inspire	verb	動かす
install	verb	インストール|導入
installation	noun	インストール|取り付け|装置|設備
installer	noun	インストーラ|インストーラー
instant	adjective	切迫した|差し迫った|急ぎの|火急の|緊急の|その場で決めた|瞬間
instant camera	noun	インスタントカメラ
instant coffee	noun	インスタントコーヒー
instant loss 2koma	noun	即堕ち2コマ|即落ち2コマ
instant messaging	noun	インスタントメッセージ
instant noodle	noun	インスタントラーメン|カップラーメン|即席ラーメン|即席麺
instar	noun	齢
instead	adverb	代わり
instead of		…の代わりに
instep	noun	足の甲
instigate	verb	煽動する
instigator	noun	扇動者|教唆者
instinct	noun	本能
institute	noun	大学|機関|学院
institution	noun	制度|機関|機構
instruct	verb	指示|教える
instruction	noun	指示|使用説明|説明書
instructor	noun	教師|インストラクター
instrument	noun	楽器|遊び物|鳴らし物|鳴り物|計器|器具
instrumental	adjective	インストゥルメンタル|インスト|器楽曲
instrumental case	noun	具格|造格
insubordination	noun	不服従
insubstantial	adjective	実のない
insufficient	adjective	不十分|不足
insular	adjective	島|切り離す|孤立|偏狭|島国根性
insularism	noun	偏狭|島国根性
insulate	verb	切り離す|孤立|隔絶|絶縁
insulin	noun	インスリン|インシュリン
insult	noun	侮辱
insulting	adjective	侮辱的|蔑ろ
insurance	noun	保険|保険業
insurance company	noun	保険会社
insurance policy	noun	保険証書
insurgency	noun	内乱
insurgent	adjective	反逆|謀叛|反逆者|謀叛人
insurrection	noun	暴動
intangible	adjective	無形|触れられないもの
intangible cultural heritage	noun	無形文化遺産
integer	noun	整数
integral	noun	積分
integrated circuit	noun	集積回路|ＩＣ
integration	noun	統合|融合|積分
intellect	noun	知性|思考力
intellectual	adjective	知的な|知識人
intellectual property	noun	知的財産
intelligence	noun	知性|知能|情報|情報機関
intelligence agency	noun	スパイ機関|情報機関|特務機関|特殊機関|諜報機関
intelligence quotient	noun	知能指数|アイ・キュー|ＩＱ
intelligent	adjective	利口|賢い|聡明
intelligent design	noun	インテリジェント・デザイン|知能設計
intelligent terminal	noun	インテリジェントターミナル|知的端末
intelligentsia	noun	インテリ|インテリゲンチア|インテリゲンチャ
intend	verb	つもりである|意図
intense	adjective	激しい|きつい|激烈
intensity	noun	強度
intensive care	noun	集中治療
intensive care unit	noun	集中治療室
intention	noun	意図|意向
intentional	adjective	意図的|故意
intentional walk	noun	故意四球|敬遠
intentionality	noun	作為
intentionally	adverb	意図的|態と
inter alia	adverb	とりわけ
interact	verb	相互作用|相呼応する
interaction	noun	相互作用
interatomic	adjective	原子間の
intercalary	adjective	閏
intercept	noun	傍受|迎撃|阻止|奪う
interceptor	noun	要撃機
interchange	noun	インター|インターチェンジ|ジャンクション|乗換駅|接続駅
intercity	adjective	都市間
intercom	noun	インターホン|インカム|インターカム
interconnect	verb	相互接続
intercontinental	adjective	大陸間
intercontinental ballistic missile	noun	大陸間弾道ミサイル
intercourse	noun	性交
intercrural sex	noun	素股
intercultural	adjective	異文化
interest	noun	利子|利息|興味|関心|利益|趣味|興味を引く
interest rate	noun	利率|金利
interest-free	adjective	無利子
interesting	adjective	面白い|興味深い
interesting condition	noun	おめでた
interface	noun	インターフェース
interfere	verb	おせっかいをする|妨げる|干渉
interference	noun	干渉
interferometer	noun	干渉計
interferometry	noun	干渉法
interferon	noun	インターフェロン
intergalactic	adjective	銀河間
intergovernmental	adjective	政府間
interim	adjective	過渡期|過渡的|一時的
interior	adjective	内部|インテリア|内装
interior decoration	noun	室内装飾
interior minister	noun	内務大臣
interjection	noun	感動詞|感嘆詞|間投詞
interlanguage	noun	中間言語
interlocutor	noun	対話者|対談者
interloper	noun	闖入者
interlude	noun	幕間|間章|間奏
interlunation	noun	無月期間
intermediary	noun	仲介|仲裁者
intermediate cuneiform bone	noun	中間楔状骨
intermezzo	noun	インテルメッツォ
interminable	adjective	止める
intermingle	verb	混じる
intermittent	adjective	時々途切れる
intern	noun	インターン|実習生|抑留|拘留|インターンとして働く
internal combustion engine	noun	内燃機関
internal condom	noun	フェミドム|女性用コンドーム
internal medicine	noun	内科
internal organ	noun	内臓
internalize	verb	内面化
international	adjective	国際的|国際|国際政党組織
international auxiliary language	noun	国際補助語
international law	noun	国際法
international organization	noun	国際機関
international relations	noun	国際関係
international school	noun	インターナショナルスクール
international student	noun	留学生
international unit	noun	国際単位
international waters	noun	公海
internationalism	noun	インターナショナリズム|国際主義
internationalization	noun	国際化
internationally	adverb	国際的
internecine	adjective	内輪もめの
internee	noun	捕虜|被抑留者
internship	noun	インターンシップ|実習|工場実習
interoperability	noun	相互運用性
interplanetary	adjective	惑星間
interpolation	noun	内挿|補間
interpret	verb	通訳|解説|演出|演奏
interpretation	noun	通訳|解釈
interpreter	noun	インタープリタ|通訳|通訳者
interpunct	noun	中黒
interracial	adjective	異人種間
interrelation	noun	相互関係
interrobang	noun	インテロバング|感嘆修辞疑問符
interrogate	verb	尋問|訊く
interrogation	noun	取り調べ|尋問|聴取
interrogative pronoun	noun	疑問詞
interrupt	noun	割り込み|中断|遮る|邪魔|割り込む
interruption	noun	中断|邪魔
intersection	noun	交差点|交点|積集合|交わり|共通集合
intersectionality	noun	インターセクショナリティ|交叉性|交差性
intersex	noun	半陰陽者
intersexuality	noun	半陰陽|間性
interspecific	adjective	種間の
interstellar medium	noun	星間物質
interval	noun	間隔|音程|区間
intervention	noun	介入
interview	noun	インタビュー|面談|面接
interviewer	noun	インタビュアー|会見者
interwar	adjective	戦間期
intestine	noun	腸|腸管
intifada	noun	インティファーダ
intimacy	noun	親交|親密
intimate	adjective	親密
intimidate	verb	威嚇|脅す
intimidation	noun	恫喝|脅威|脅迫
intolerance	noun	不寛容
intonation	noun	イントネーション|抑揚|語調
intoxicate	verb	酔わせる
intracranial hypertension	noun	頭蓋内圧亢進症
intracranial pressure	noun	頭蓋内圧
intranet	noun	イントラネット
intransitive	adjective	自動|自動詞
intransitive verb	noun	自動詞
intrasexual	adjective	性内-|性内的
intraspecific	adjective	種内の
intrauterine device	noun	子宮内避妊器具
intricacy	noun	もつれ
intricate	adjective	複雑
intrigue	noun	陰謀
intrinsically	adverb	元々|元来|本来
introduce	verb	引き合わせる|紹介
introduction	noun	紹介|序論|叙文|序|序説
introspection	noun	内観
introversion	noun	内向|内向性
introvert	noun	内向的な人
introverted	adjective	内向的
intrude	verb	侵す|侵入|押しつける
intruder	noun	侵入者
intrusion	noun	侵入
intuition	noun	直感|直覚
intuitionism	noun	直観主義
intuitive	adjective	直感的
inu hariko	noun	犬張子
inugami	noun	犬神
inundation	noun	洪水
inure	verb	慣れる
invadable	adjective	侵略
invade	verb	侵害|侵攻|侵略|襲う
invader	noun	侵略者
invalid	adjective	無効|障害者|廃人
invaluable	adjective	かけがえのない
invasion	noun	侵略|侵入|侵攻
invasion money	noun	軍票
invasive species	noun	外来生物
invent	verb	発明する
invention	noun	発明|インベンション
inventor	noun	発明者|発明家
inventory	noun	在庫|目録|表
inverse	adjective	あべこべ
inverse fourier transform	noun	フーリエ逆変換
inverse function	noun	逆関数
inverse matrix	noun	逆行列
inverse trigonometric function	noun	逆三角函数|逆三角関数
inversion	noun	倒置|倒置法|転倒
invert	verb	反転
invertebrate	adjective	無脊椎|無脊椎動物
invertible matrix	noun	正則行列
invest	verb	投入する|投資
investigate	verb	調べる|調査|検査
investigation	noun	調査
investigator	noun	捜査員
investment	noun	投資
investment bank	noun	投資銀行
investor	noun	出資者|投資家
inveterate	adjective	常習|慢性|根強い|根深い
invincibility	noun	不敗|無敵
invincible	adjective	倒せない|不敗|無敵|難攻不落
inviolable	adjective	厳守|破る|不可侵|侵す|侵略
invisibility	noun	不可視|潜在|無形
invisible	adjective	見えない|不可視|無形|透明|潜在的|隠れる
invisibly	adverb	隠れる|隠然
invitation	noun	招待|招き|誘い|招待状
invite	verb	招く|誘う|招待|請う
invoice	noun	送り状|インボイス
involucre	noun	総苞
involuntary	adjective	不本意
involuntary manslaughter	noun	過失致死
involution	noun	対合
involve	verb	巻き込む
iodate	noun	沃素酸塩
iodic acid	noun	沃素酸
iodide	noun	ヨウ化物
iodine	noun	ヨウ素|沃素|ヨード|ヨードチンキ
iodomethane	noun	ヨードメタン
ion	noun	イオン
ionization	noun	イオン化|電離
ionosphere	noun	電離層
iota	noun	イオタ|イオータ
iqama	noun	イカーマ
ire	noun	怒り
iridescent	adjective	玉虫色
iridium	noun	イリジウム|銥
iritis	noun	虹彩炎
iroko	noun	イロコ
iron	adjective	鉄製の|鉄|くろがね|アイアン|アイロン|アイロン掛けをする
iron fist	noun	圧制|圧政|鉄拳
iron lung	noun	鉄の肺
iron maiden	noun	鉄の処女
iron ore	noun	鉄鉱|鉄鉱石
iron oxide	noun	酸化鉄
iron sulphide	noun	硫化鉄
ironic	adjective	風刺的
ironical	adjective	風刺的な|皮肉好きな
ironing	noun	アイロン掛け
ironing board	noun	アイロン台
ironworks	noun	製鉄所
irony	noun	アイロニー|反語|諷刺
irrational	adjective	ばかげた|不合理|無理|理不尽|筋違い|無理数
irrational number	noun	無理数
irrationality	noun	不合理|無理|筋違い
irreconcilable	adjective	和解|憎い|敵対
irredentism	noun	民族統一主義
irreducible	adjective	減らせない|既約
irregular	adjective	不規則|変則的|不同|不揃い
irregular galaxy	noun	不規則銀河
irregular verb	noun	不規則動詞
irregularity	noun	不規則|不規則性|不同|不揃い|反則
irrelevant	adjective	無関係
irreligion	noun	無宗教
irresistible	adjective	抗えない|逆らえない
irresponsibility	noun	無責任
irresponsible	adjective	無責任
irreverent	adjective	不遜
irreversible	adjective	不可逆
irrevocable	adjective	取り返しのつかない
irrigation	noun	灌漑
irritate	verb	いらいらさせる|じらす|怒る
irritation	noun	苛立ち
irrumation	noun	イラマチオ
is anyone here a doctor		この中にお医者様はいらっしゃいませんか
is it going to rain		雨は降るでしょうか
is it safe here		ここ安全ですか
is that so		そうですか|ほんと？|本当？
is there a smaller size		もっと小さいサイズがありますか
ischemia	noun	虚血
ischium	noun	坐骨
isekai	noun	異世界|異世界ファンタジー|異世界ファンタジー作品|異世界作品
island	noun	島
island state	noun	島国
islander	noun	島民
islet	noun	小島
islets of langerhans	noun	ランゲルハンス島|膵島
isn't it so		そうではないですか|ね？
isocyanide	noun	イソシアニド|イソニトリル|カルビルアミン
isoflavone	noun	イソフラボン
isogloss	noun	等語線
isolate	verb	切り離す|孤立|隔絶|隔離|遮断
isolation	noun	分離|孤立|隔離
isolationism	noun	孤立主義
isoleucine	noun	イソロイシン
isomer	noun	異性体|異性核
isomerism	noun	異性
isomorphic	adjective	同型
isoniazid	noun	イソニアジド
isoprene	noun	イソプレン
isosceles trapezoid	noun	等脚台形
isosceles triangle	noun	二等辺三角形
isotope	noun	同位体
isotropic	adjective	等方的
isotype	noun	アイソタイプ
isthmus	noun	地峡|峡部
it can't be helped		しょうがない|やむをえない|仕方がない|如何せん
it doesn't matter		構いません
it happens		しょうがない
it is what it is		しょうがない|仕方がない|そういうもの
it never rains but it pours		弱り目に祟り目|泣きっ面に蜂|踏んだり蹴ったり|降れば土砂降り
it takes two to tango		喧嘩両成敗
it was delicious		ご馳走様|ご馳走様でした
it's a small world		世界は狭い|世間は広い様で狭い|世間は狭い
it's all greek to me		珍糞漢|珍紛漢|珍紛漢紛|陳奮翰
it's an emergency		緊急です
it's cold outside		外は寒いです
it's not a bug, it's a feature		それは仕様です
it's raining		雨が降っている
it's snowing		雪が降ている
it's too expensive		値段が高すぎです
itasha	noun	痛車
itch	noun	かゆみ|渇望|痒い|痒みを生じる
itchy	adjective	かゆい
item	noun	項目|アイテム|品物|持ち物|物品
iterative	adjective	イテレーティブ|繰り返し型の
itinerant	adjective	巡回
itinerary	noun	旅程
itself		それ自身
ivory	noun	象牙
ivory gull	noun	象牙鴎
ivory tower	noun	象牙の塔
ivy	noun	蔦
ivy-leaved toadflax	noun	蔦葉海蘭
izakaya	noun	居酒屋
jabber	verb	ぺちゃくちゃしゃべる|早口でわけのわからないことを言う
jabiru	noun	ズグロハゲコウ
jabot	noun	ジャボ
jaboticaba	noun	ジャボチカバ
jacamar	noun	錐嘴
jack mackerel	noun	鯵
jack of all trades	noun	器用貧乏|万屋|何でも屋
jack of all trades, master of none	noun	器用貧乏
jack-in-the-box	noun	びっくり箱
jack-o'-lantern	noun	ジャックオランタン
jackal	noun	ジャッカル
jackalope	noun	ジャッカロープ
jackass	noun	牡驢馬|雄驢馬|愚か者|馬鹿者
jackdaw	noun	西黒丸鴉|黒丸鴉
jacket	noun	ジャケット
jackfruit	noun	ジャックフルーツ|波羅蜜
jackhammer	noun	削岩機
jackpot	noun	ジャックポット
jacuzzi	noun	ジャグジー
jaggery	noun	ジャガリー|ジャッガリー
jaguar	noun	ジャガー|アメリカ豹
jaguarundi	noun	ジャガランディ
jail	noun	監獄
jailbait	noun	ロリータ
jailbreak	noun	脱獄
jailer	noun	獄吏|看守
jalapeño	noun	ハラペーニョ
jalebi	noun	ジャレビ
jalopy	noun	ジャロピー
jam	noun	ジャム
jam session	noun	ジャム|ジャムセッション
jambalaya	noun	ジャンバラヤ
jambiya	noun	ジャンビーヤ
jamboree	noun	ジャンボリー
jamo	noun	ハングルの字母|字母|朝鮮字母
janggi	noun	チャンギ|朝鮮将棋
janissary	noun	イェニチェリ
janitor	noun	管理人|校務員|用務員|ドアマン|玄関番
japchae	noun	チャプチェ
jar	noun	つぼ|ジャー|広口瓶
jarbua terapon	noun	コトヒキ（ヤガタイサキ）
jargon	noun	スラング|ジャーゴン|専門用語|業界用語|隠語|たわごと
jasmine	noun	ジャスミン|茉莉|茉莉花|薄黄色
jasmine rice	noun	ジャスミンライス|ジャスミン米|香り米
jasper	noun	碧玉|ジャスパー
jataka	noun	ジャータカ
jaundice	noun	黄疸
javelin	noun	投げ槍|やり|ジャベリン|槍
javelin throw	noun	やり投
javelin thrower	noun	やり投の選手
jaw	noun	顎
jaw-dropping	adjective	顎が落ちる
jawbone	noun	顎骨
jay	noun	ジェー|ジェイ|カケス|懸巣|橿鳥|鵥
jaywalk	verb	信号無視
jaywalking	noun	信号無視
jazz	noun	ジャズ
jazz band	noun	ジャズバンド
jealous	adjective	羨ましい|嫉妬深い|妬ましい|やきもちをやく|嫉妬|擁護しようとしやすい
jealousy	noun	ねたみ|妬み|嫉妬|しっと|ジェラシー
jeans	noun	ジーンズ|ジーパン
jeep	noun	ジープ
jeer	verb	冷やかす|嘲る|野次る
jejunum	noun	空腸
jelly	noun	ゼリー|ジャム
jelly bean	noun	ゼリービーンズ
jellyfish	noun	クラゲ|海月|水母|すいぼ
jeon	noun	ジョン
jeonse	noun	伝貰
jeopardize	verb	危うきにさらす
jeopardy	noun	危険|リスク
jequirity	noun	トウアズキ
jerk	noun	ジャーク|加加速度|躍度
jerk off	verb	マスをかく|抜く
jerky	noun	ジャーキー
jerrycan	noun	ジェリカン
jet	noun	噴射|射出|ジェット|黒玉|漆黒|貝褐炭|噴出
jet engine	noun	ジェットエンジン
jet lag	noun	時差ぼけ
jet plane	noun	ジェット|ジェット機
jet ski	noun	ジェットスキー
jet-black	noun	漆黒
jetty	noun	突堤
jewel	noun	宝石|宝飾|宝
jewel beetle	noun	玉虫
jeweler	noun	宝石商
jeweller's	noun	宝石商
jewellery	noun	宝飾品|ジュエリー
jewfish	noun	スズキ
jianbing	noun	煎餅
jiangshi	noun	キョンシー|僵屍
jianzhi	noun	ジエン・ジー|剪紙
jianzi	noun	毽子
jiao	noun	角
jiaogulan	noun	甘茶蔓
jiaozi	noun	餃子|ギョーザ
jicama	noun	ヒカマ
jiedushi	noun	節度使
jig	noun	ジグ|治具|ジッグ
jigaboo	noun	黒んぼ
jiggery-pokery	noun	裏工作|誤魔化し
jiggle	verb	揺さ振る
jiggle physics	noun	乳揺れ
jigsaw	noun	ジグソー
jigsaw puzzle	noun	ジグソー|ジグソーパズル
jihad	noun	ジハード
jihadist	noun	ムジャーヒディーン|ムジャーヒド
jilt	verb	ふる|振り捨てる|振る|捨てる
jing	noun	精
jingle	noun	ジングル
jingle bell	noun	鈴|スレイベル
jingoism	noun	ジンゴイズム|主戦論|狂信的愛国主義
jinn	noun	ジン|精霊
jinx	noun	ハッピアイスクリム|ジンクス|邪視
jizz	noun	ザーメン|精液
jjigae	noun	チゲ
job application	noun	求職申し込み
job fair	noun	合同企業説明会
job interview	noun	面接
jobseeker	noun	求職者
jockey	noun	騎手
jockstrap	noun	ジョックストラップ
jocular	adjective	剽軽
jog	noun	ジョギング
jogging	noun	ジョギング
joie de vivre	noun	生きる歓び
join	noun	接続|結合|繋げる|合流|繋がる|加わる
join the club		仲間だ
joiner	noun	指物師|建具屋
joint	noun	関節
joint venture	noun	ジョイントベンチャー|合弁事業|合弁企業|合弁会社
joint-stock company	noun	株式会社
joke	noun	冗談|ジョーク|冗談を言う|冷やかす|巫山戯る
joker	noun	ジョーカー
jokokuite	noun	上国石
joseki	noun	定石
jostle	verb	押し合う
jot	noun	わずか
joule	noun	ジュール
journal	noun	日記|日誌|ジャーナル
journalism	noun	ジャーナリズム
journalist	noun	ジャーナリスト|記者|リポーター|報告者
journey	noun	旅行|旅|ツアー
joust	noun	ジョスト|馬上槍試合
joy	noun	喜び
joyful	adjective	嬉しい
joystick	noun	ジョイスティック
jubilee	noun	聖年|記年祭|記念日
judge	noun	裁判官|法官|審判|判断する
judgement day	noun	最後の審判
judgment	noun	判決|審判|裁き
judicial	adjective	司法
judicious	adjective	思慮分別
judo	noun	柔道
judoka	noun	柔道家
jug	noun	水差し|ジャグ
juggernaut	noun	圧倒的な力|超大型トレーラートラック
juggle	verb	ジャグリング|ジャッグル
juggler	noun	ジャグラー
juggling	noun	ジャグリング|ジャッグ
jugular vein	noun	頸静脈
juice	noun	樹液|汁|ジュース
juicer	noun	ジューサー
jujitsu	noun	柔術
jujube	noun	棗
jukebox	noun	ジュークボックス|自動演奏機
julienne	noun	千切り|繊切り
jump	noun	ジャンプ|跳躍|跳ぶ|飛び降りる|降下！|飛び越す
jump for joy	verb	欣喜雀躍
jump rope	noun	縄跳び
jump scare	noun	ジャンプスケア
jumper	noun	セーター|ジャンパー
jumpsuit	noun	繋ぎ
jumpy	adjective	ビクッ|ビクビク
jun	noun	チョン
junction	noun	接合|ジャンクション|合流点|接点
jungle	noun	密林|ジャングル
jungle crow	noun	嘴太烏
jungle gym	noun	ジャングルジム|枠登り|雲梯
junior	adjective	年下|後輩
juniper	noun	ビャクシン
junk	noun	ジャンク|戎克
junk dna	noun	ジャンクDNA
junk food	noun	ジャンクフード
junk mail	noun	ジャンクメール|迷惑メール
junta	noun	軍事政権
juridical act	noun	法律行為
jurisdiction	noun	管轄
jurisprudence	noun	法学
juristic act	noun	法律行為
juror	noun	陪審員
jury	noun	陪審|審判団
juryo-kaku	noun	十両格
jussive	noun	要求法
just	adjective	公正|ただ|に過ぎない|只|ちょっと|ところ
just deserts	noun	自業自得
just in case	adverb	念のため
just like that	adverb	あっという間に
just now	adverb	さっき|たった今|すぐ
justice	noun	正義|公平|公正|司法|法官|裁判官
justification	noun	正当化|ジャスティフィケーション|行揃え
justified	adjective	揃え
justify	verb	言い開く
justly	adverb	公正
jut	noun	突起
juvenile	adjective	若々しい|少年|子役
juvenile delinquency	noun	少年非行
juvie	noun	少年施設
juz	noun	ジュズウ
kabaddi	noun	カバディ
kaboom	noun	ボーン|ドカン|ドカーン|ドッカン
kabufuda	noun	株札
kabuki	noun	歌舞伎
kabuto	noun	兜|冑
kachi-koshi	noun	勝ち越し
kadam	noun	カダム|カランパヤン|クビナガタマバナノキ|ラブラ
kadomatsu	noun	門松
kafir	noun	カーフィル
kaftan	noun	カフタン
kago	noun	駕篭|駕籠
kaizen	noun	改善
kajiki	noun	西黒梶木|黒梶木
kakapo	noun	カカポ|梟鸚鵡
kaki	noun	柿
kalach	noun	カラーチ
kalbi	noun	カルビ
kale	noun	ケール|緑葉甘藍|羽衣甘藍
kaleidoscope	noun	万華鏡
kalpa	noun	劫
kamaitachi	noun	窮奇|鎌鼬
kami	noun	神|紙
kamikaze	noun	体当たり|特別攻撃隊|特攻隊|神風|神風攻撃|神風特攻隊
kamioshi	noun	最推し
kamuy	noun	カムイ
kana	noun	仮名
kancho	noun	カンチョー
kangaroo	noun	カンガルー
kangaroo court	noun	吊し上げ
kango	noun	漢語
kanji	noun	漢字|日本における漢字
kanto-sho	noun	敢闘賞
kanzashi	noun	簪
kaoliang	noun	高粱酒
kaolinite	noun	カオリナイト
kapok	noun	パンヤ
kapok tree	noun	インドキワタ|カポック|パンヤノキ|インドワタノキ|キワタ|キワタノキ
kappa	noun	カッパ
karaoke	noun	カラオケ|ノレバン
karaoke bar	noun	カラオケバー
karaoke box	noun	カラオケボックス
karaoke machine	noun	カラオケ機器
karate	noun	空手|空手道
karate chop	noun	手刀打ち
karateka	noun	空手家
karma	noun	業|カルマ
karoshi	noun	過労死
karpas	noun	カルパス
karst	noun	カルスト
karyotype	noun	核型
kasaya	noun	袈裟
kasha	noun	カーシャ
kashrut	noun	カシュルート
kasra	noun	カスラ
katakana	noun	片仮名|カタカナ
katana	noun	日本刀|刀
katashiro	noun	形代
kathenotheism	noun	交替神教
katsu		喝
katsuobushi	noun	鰹節
katsura	noun	桂
kava	noun	カヴァ
kawaii	adjective	可愛い
kawaiily	adverb	かわいく|可愛く
kawaiiness	noun	かわいげ|かわいさ|可愛い気|可愛さ
kay	noun	ケイ
kayak	noun	カヤック
kazoo	noun	カズー
kebab	noun	ケバブ|串焼き
keel	noun	竜骨|キール|艀
keep	verb	確保|保持|保つ|飼う|抑止|残る
keep an eye on	verb	めをはなす|目を付ける
keep quiet	verb	黙る|沈黙
keep the change		お釣りは結構です
keep up appearances	verb	取り繕う
keep vigil	verb	てつやおする
keeper	noun	番人
kefir	noun	ケフィア
kei car	noun	軽自動車
keirin	noun	競輪
kelp	noun	コンブ|昆布
kelpie	noun	ケルピー|オーストラリアン・ケルピー
kelvin	noun	ケルビン
kendama	noun	けん玉|剣玉|拳玉
kendo	noun	剣道
kennel	noun	犬小屋
keratin	noun	ケラチン
keratitis	noun	角膜炎
keratoconus	noun	円錐角膜
kerb	noun	縁石
kerchief	noun	頭巾
kernel	noun	核心|仁|カーネル
kernel panic	noun	カーネルパニック
kerosene	noun	ケロシン|灯油
kestrel	noun	長元坊
ketchup	noun	ケチャップ
ketone	noun	ケトン
ketopentose	noun	ケトペントース
kettle	noun	薬缶
kettlebell	noun	ケトルベル
key	adjective	キー|鍵|かぎ|ボタン|調
key exchange	noun	鍵交換
key performance indicator	noun	重要業績評価指標
key to the city	noun	市の鍵
keyboard	noun	キーボード|鍵盤
keyboard instrument	noun	鍵盤楽器
keyboard shortcut	noun	ショートカット
keyboard warrior	noun	ネット弁慶
keyboardist	noun	キーボーディスト|キーボードプレイヤー|キーボード奏者
keycard	noun	カードキー
keychain	noun	キーホルダー|キーチェーン
keyframe	noun	原画|キーフレーム
keyhole	noun	鍵穴
keyring	noun	キーリング
keystone	noun	キーストーン
keystroke	noun	キーストローク|打鍵
keyword	noun	キーワード
khachapuri	noun	ハチャプリ
khagan	noun	可汗
khaki	adjective	カーキ色
khakkhara	noun	錫杖
khan	noun	ハーン|カーン|カガン|汗
khat	noun	チャット|アラビアチャノキ|カート
khopesh	noun	ケペシュ
khural	noun	ホラル
kibbeh	noun	キッバ|キッベ|クッバ|クッベ
kibbutz	noun	キブツ
kibibit	noun	キビビット
kibibyte	noun	キビバイト
kick	verb	蹴る|キック
kick ass	verb	すごい|すさまじい|ものすごい
kick out	verb	追い出す
kick the bucket	verb	くたばる
kick the can	noun	缶蹴り
kick-off	noun	キックオフ|先蹴
kickback	noun	キックバック
kickball	noun	キックベースボール|キックボール|フットベースボール
kickboxer	noun	キックボクサー
kickboxing	noun	キックボクシング
kid	noun	子|子供|童|仔ヤギ
kidnap	noun	拉致|誘拐|拉致る|攫う
kidnapper	noun	誘拐犯
kidnapping	noun	拉致|誘拐
kidney	noun	腎臓
kidney stone	noun	腎臓結石
kielbasa	noun	カルパス
kigaku	noun	気学
kigurumi	noun	着ぐるみ
kikimora	noun	キキーモラ
kill	noun	殺す|殺害|屍|死体
kill time	verb	時間をつぶす
kill two birds with one stone	verb	一石二鳥|一挙両得
killer	noun	殺人者|人殺し|キラー
killer application	noun	キラーアプリケーション
killer whale	noun	鯱|さかまた
killing	noun	殺す
kiln	noun	炉|窯
kilo	noun	キロ
kilo-		キロ-
kilobit	noun	キロビット
kilobyte	noun	キロバイト
kilocalorie	noun	キロカロリー|大カロリー
kilogram	noun	キログラム|キロ
kilohertz	noun	キロヘルツ
kilojoule	noun	キロジュール
kilometre	noun	キロメートル
kilovolt	noun	キロボルト
kilowatt	noun	キロワット
kilowatt-hour	noun	キロワット時
kilt	noun	キルト
kimarite	noun	決まり手
kimbap	noun	キムパプ
kimberlite	noun	キンバリー岩|キンバーライト
kimchi	noun	キムチ|チョン
kimchi-jjigae	noun	キムチチゲ
kimono	noun	着物|和服
kin	noun	親族
kinchaku	noun	巾着
kind	adjective	親切|優しい|種類
kindergarten	noun	幼稚園
kindhearted	adjective	優しい|心の優しい|親切
kindjal	noun	キンジャール
kindle	verb	引火|点じる|点ずる|点火
kindness	noun	親切|優しさ
kinematic	adjective	運動学的な
kinesthesia	noun	運動感覚
kinetic	adjective	動的|運動
kinetic energy	noun	運動エネルギー
kinetics	noun	動力学
king	noun	王|国王|王様|大君|キング
king cake	noun	ガレット・デ・ロワ
king eider	noun	毛綿鴨
king of beasts	noun	百獣の王
king of diamonds	noun	ダイヤのキング
king of herrings	noun	リュウグウノツカイ|竜宮の使い
king oyster mushroom	noun	エリンギ
king quail	noun	ヒメウズラ
kingdom	noun	王国|界
kingfish	noun	キングフィッシュ
kingfisher	noun	川蝉|カワセミ|ショウビン|ヒスイ|翡翠|魚狗
kingmaker	noun	キングメーカー
kinkajou	noun	キンカジュー
kinnara	noun	緊那羅
kinship	noun	血族関係|血縁|親族
kintsugi	noun	金継ぎ|金繕い
kiosk	noun	キオスク|売店
kip	noun	キープ
kipfel	noun	キッフェルン
kippah	noun	キッパ|キッパー
kir	noun	キール
kirigami	noun	切り紙|切紙
kirikane	noun	截金
kirsch	noun	キルシュ|キルシュヴァッサー
kisaeng	noun	キーセン|妓生
kisel	noun	キセリ
kiss	noun	接吻|キス|口付け|チュー
kiss me		キス
kiss of peace	noun	平和の徴
kiss-me-over-the-garden-gate	noun	大毛蓼
kissable	adjective	キスしたくなるような
kissaten	noun	喫茶店
kit	noun	セット|設備|道具
kitchen	noun	台所|厨房|キッチン|勝手|キチン
kitchen knife	noun	中華包丁|包丁
kite	noun	鳶|トビ|凧|いか|てんばた|楊子
kitemark	noun	英国規格協会検査証
kitesurfing	verb	カイトサーフィン
kitsch	noun	キッチュ
kitschy	adjective	キッチュな|低俗
kitsune	noun	妖狐|天狐
kitten	noun	子猫
kitty	noun	子猫|小猫|ニャンコ|ネコちゃん|仔猫|子ネコ
kiwi	noun	キーウィ
kiwi fruit	noun	キーウィ|キーウィフルーツ
klaxon	noun	クラクション
kleptocracy	noun	クレプトクラシー|泥棒政治
kleptomania	noun	盗癖|窃盗症
kleptoparasitism	noun	労働寄生|盗み寄生
klesha	noun	煩悩
klipspringer	noun	クリップスプリンガー
knack	noun	才覚
knave	noun	悪党|ジャック
knead	verb	練る|ふみふみ|捏ねる
kneaded eraser	noun	練り消し|練り消しゴム
knee	noun	膝|ひざ
knee-high	noun	ニーソックス|ニーハイソックス|ハイソックス
kneecap	noun	膝蓋骨
kneel	verb	跪く
knickerbockers	noun	ニッカズボン|ニッカボッカ|ニッカーズボン|ニッカーボッカー
knife	noun	ナイフ|小刀|刀|短剣
knight	noun	騎士|ナイト|桂馬
knightess	noun	女騎士
knit	verb	編む
knit one's brows	verb	顔をしかめる|顰める
knitting	noun	編む|編み物|編物
knitting needle	noun	棒針
knitwear	noun	ニットウェア|編み物
knock	noun	コンコン|叩く|ノック
knock on wood		桑原桑原
knock-knock		ノックノック
knockdown	noun	ダウン|ノックダウン
knocker	noun	ノッカー
knockoff	noun	ぱくり
knockout	noun	ノックアウト
knoll	noun	小山
knot	noun	結び目|ノット
knot theory	noun	結び目理論
knotweed	noun	蓼
know	verb	知る|存じ上げる|ご存知である|確信している|精通する|知っている
know thyself		汝自身を知れ|汝自らを知れ
know-how	noun	ノウハウ
know-it-all	noun	知ったかぶり
knowledge	noun	知識|学識
knowledge base	noun	知識ベース
knowledge is power		知識は力なり
knuckle	noun	指関節
knuckleball	noun	ナックル
ko	noun	コウ|劫
koala	noun	コアラ|子守熊|袋熊
koan	noun	公案
kofta	noun	キョフテ|コフタ
kohlrabi	noun	コールラビ
koi	noun	錦鯉|コイ|ニシキゴイ|鯉
koi-koi		こいこい|来い
koinobori	noun	こいのぼり
kojic acid	noun	麹酸
kokanee	noun	ヒメマス|姫鱒
kokoretsi	noun	ココレッチ
kokuji	noun	国字
kokutai	noun	国体|国体論
kola	noun	コラ|コラノキ|コーラ|ヒメコラ|ヒメコラノキ
kolkhoz	noun	コルホーズ
komatsuna	noun	小松菜
komboskini	noun	コンボスキニオン
kombu	noun	昆布
kombucha	noun	紅茶キノコ
kong	noun	槓|槓子|カン
konjac	noun	蒟蒻
kookaburra	noun	ワライカワセミ|笑い翡翠|笑翡翠
kopek	noun	コペイカ
kopi luwak	noun	コピ・ルアク
kopis	noun	コピス
kore	noun	コレー
korokke	noun	コロッケ
koruna	noun	コルナ
kosher	adjective	コーシャ
kosovorotka	noun	ルバシカ
kotatsu	noun	炬燵
kouign-amann	noun	クイニーアマン
koumiss	noun	クミス|馬乳酒
kowtow	noun	叩頭|土下座|叩頭く
kozachok	noun	カザチョク|カザチョーク|コサックダンス
krai	noun	クライ|地方
kratom	noun	アヘンボク
krill	noun	オキアミ|沖醤蝦
krypton	noun	クリプトン
kryptonite	noun	クリプトナイト
kshatriya	noun	クシャトリヤ
kuai	noun	膾|鱠
kudos	noun	名声|名誉|栄光|称賛
kuduro	noun	クドゥーロ|クドゥール
kudzu	noun	葛
kugel	noun	クーゲル
kukicha	noun	茎茶
kukri	noun	ククリ
kulak	noun	クラーク|富農
kulfi	noun	クルフィ
kulich	noun	クリーチ
kumbhanda	noun	鳩槃荼
kumquat	noun	キンカン|金柑
kuna	noun	クーナ
kunai	noun	苦無
kung fu	noun	カンフー|功夫|ゴンフー
kushiyaki	noun	串焼き
kusoge	noun	クソゲー
kvass	noun	クワス
kyanite	noun	藍晶石
kyat	noun	チャット
kyphosis	noun	猫背
kyudo	noun	弓道
kyūjitai	noun	旧字体
la	noun	ラ
lab coat	noun	白衣
label	noun	ラベル|札|荷札|貼り札|貼り紙
labellum	noun	唇弁
labia	noun	陰唇
labia majora	noun	大陰唇
labia minora	noun	小陰唇
labiodental	noun	唇歯音
labneh	noun	ラブナ|ラブネ
labor market	noun	労働市場
laboratory	noun	実験室|研究室|ラボ|研究所|ラボラトリー
laboratory mouse	noun	白鼠
labored breathing	noun	呼吸困難
labour	noun	労働|出産|働く
labour force	noun	マンパワー|労働力
labour law	noun	労働法
labrum	noun	上唇
labyrinth	noun	迷路|迷宮
labyrinthitis	noun	内耳炎
lac	noun	ラッカー
lace	noun	レース
lace bug	noun	軍配虫
lachanophobia	noun	野菜恐怖症
lack	noun	不足|欠乏|欠く|欠ける
lack of sleep	noun	寝不足|睡眠不足
lackey	noun	従僕|走狗
lacking	adjective	いまいち
laconic	adjective	簡潔
lacquer	noun	ラッカー|ワニス
lacquerware	noun	漆器
lacrimal bone	noun	涙骨
lacrimal gland	noun	涙腺
lacrosse	noun	ラクロス
lactation	noun	授乳
lactic acid	noun	乳酸
lacto-ovo-vegetarian	noun	オボ・ラクト・ベジタリアン|ラクト・オボ・ベジタリアン|乳卵菜食主義者|卵乳菜食主義者
lactose	noun	ラクトース|乳糖
lactose intolerance	noun	乳糖不耐症
lactovegetarian	adjective	乳菜食主義者
lad	noun	若者|青年
ladder	noun	梯子
ladder lottery	noun	あみだくじ
ladies and gentlemen	noun	皆様|御列席の皆様|御来場の皆様
ladies first		レディーファースト
ladle	noun	お玉杓子|お玉
lady's man	noun	色男
lady-in-waiting	noun	侍女|女官|采女
ladybird	noun	天道虫|テントウムシ
ladyboy	noun	ニューハーフ|レディーボーイ
ladylike	adjective	女らしい
lag	noun	ラグ|立ち遅れる
lagniappe	noun	サービス
lagoon	noun	ラグーン|潟|潟湖
lahar	noun	ラハール
lain	verb	横になった
lair	noun	巣窟
laissez faire	noun	レッセフェール|自由放任
lake	noun	ニス|漆|湖|-湖
lakeside	adjective	レークサイド|湖畔の|湖岸|湖畔
lakh		洛叉|ラーク
laksa	noun	ラクサ
lama	noun	ラマ|喇嘛
lamb	noun	子羊|ラム|小羊|羊肉
lambada	noun	ランバダ|ランバーダ
lambda	noun	ラムダ
lambda calculus	noun	λ計算|ラムダ計算
lame	adjective	足の不自由|足の悪い|ださい|寒い
lame duck	verb	レイムダック|レームダック|役立たず|死に体
lament	verb	悲しむ
lamentable	adjective	嘆かわしい
lamer	noun	厨房
lamia	noun	ラミアー
lamina	noun	葉層
laminate	noun	ラミネート
lamination	noun	葉理
lammergeier	noun	ヒゲワシ|髭鷲
lamp	noun	ランプ|灯|電灯|明かり
lamppost	noun	街灯
lamprey	noun	八目鰻|ヤツメウナギ
lampshade	noun	ランプシェード|ランプのかさ
lance	verb	槍|矛|矠|簎
lancelet	noun	ナメクジウオ|蛞蝓魚
lancet	noun	メス
land mine	noun	地雷
landcover	noun	土地被覆
lander	noun	ランダー|着陸船
landform	noun	地形
landing	noun	着陸|上陸|船着き場|踊り場
landing strip	noun	滑走路
landline	noun	固定電話
landlocked	adjective	内陸
landlord	noun	地主|大家|家主
landmark	noun	境界標|目標|ランドマーク|目標物
landmass	noun	陸地
landowner	noun	地主
landscape	noun	景色|ランドスケープ|横
landslide	noun	地滑り|土砂崩れ|山崩れ|山津波|地滑り的勝利
lane	noun	路地|細道|車線|レーン|航空路|規定航路
langsat	noun	ランサ
language	noun	言語|言葉|用語|語|言い回し
language barrier	noun	言葉の壁
language code	noun	言語コード
language exchange	noun	ランゲージ・エクスチェンジ|言語交換|言語交流
language family	noun	語族
language isolate	noun	孤立した言語
language police	noun	言語警察
languid	adjective	弱々しい|気だるい|物憂い|のろい|緩慢
languish	verb	元気がなくなる|惨めに暮らす
lanolin	noun	ラノリン
lansquenet	noun	ランツクネヒト
lantern	noun	ランタン|灯篭|提灯|灯籠
lanthanide	noun	ランタノイド
lanthanum	noun	ランタン
lap	noun	ひざ
lap cheong	noun	ラプチョン|臘腸|蝋腸
lap dance	noun	ラップダンス
lap dog	noun	ラップ・ドッグ
laparoscopy	noun	腹腔鏡
lapidary	noun	宝石彫刻師
lapidation	noun	石打ち|石撃ち
lapis lazuli	noun	ラピスラズリ|琉璃|瑠璃|青金石
lapsang souchong	noun	正山小種
lapta	noun	ラプター
lapti	noun	ラプティ
laptop	noun	ノートパソコン|ラップトップ
lapwing	noun	タゲリ
larb	noun	ラープ
larceny	noun	窃盗
larch	noun	カラマツ|唐松|グイマツ|落葉松
lard	noun	豚脂|ラード
large	adjective	大きい
large bonito	noun	カツオ|鰹
large breasts	noun	ボイン|巨乳|爆乳
large intestine	noun	大腸
large language model	noun	大規模言語モデル
large-scale	adjective	大型|大規模
large-tailed antshrike	noun	オビロアリモズ
largehead hairtail	noun	たちうお|太刀魚
lari	noun	ラリ
larimar	noun	ラリマー|ラリマール
lark	noun	雲雀
larva	noun	幼虫|幼生
laryngeal	adjective	喉頭
laryngitis	noun	喉頭炎
laryngological	adjective	咽喉科的
laryngologist	noun	咽喉科学者
laryngology	noun	咽喉科学
larynx	noun	喉頭
lasagna	noun	ラザニア|ラザニエ|ラザーニャ
lascivious	adjective	エッチ|嫌らしい|淫蕩
lasciviousness	noun	好色|淫奔
laser	noun	レーザー
laser beam	noun	レーザービーム|レーザー光
laser printer	noun	レーザープリンター
laser-plasma accelerator	noun	レーザープラズマ加速器
lash out	verb	突っ掛かる
lassi	noun	ラッシー
last	adjective	最後|最終的|終わり|前|続く|継続
last call	noun	オーダーストップ|ラストオーダー
last meal	noun	最後の食事
last mile	noun	ラストワンマイル
last night	adverb	夕べ|昨夜|昨晩
last quarter	noun	下弦
last resort	noun	最後の手段|最終手段
last respects	noun	お別れ
last time	noun	前回
last week	adverb	先週
last word	noun	決定版
last year	adverb	去年|昨年
lastborn	noun	末っ子|末子
lastly	adverb	最後|終わり
lat	noun	ラッツ
latch	noun	掛け金|ラッチ
latchkey kid	noun	鍵っ子
late	adjective	晩い|遅れる|亡き|故|最近|遅い
latency	noun	潜在|秘匿|休眠|レイテンシ|レイテンシー|レーテンシー
lateness	noun	遅刻
latent	adjective	潜在的
latent heat	noun	潜熱
later	adverb	後で|後
lateral	adjective	側面音|横
lateral cuneiform bone	noun	外側楔状骨
lateral thinking	noun	水平思考
latest	adjective	最新
latex	noun	ラテックス|乳汁|乳液
lathe	noun	旋盤|レース|削る
lather	noun	泡|泡沫
latitude	noun	緯度|ラチチュード|緯線
latte	noun	カフェラッテ|カフェラテ|ラテ
latte art	noun	ラテアート
latter	adjective	後者
lattice	noun	ラティス|格子|結晶格子|束
laugh	noun	笑い|笑う|笑い物|嘲笑う|笑い飛ばす|一笑に付す
laugh line	noun	ほうれい線|鼻唇溝
laugh one's head off	verb	大笑いする
laughable	adjective	人笑わせ|可笑しい
laughing gas	noun	笑気
laughing kookaburra	noun	笑翡翠
laughing stock	noun	笑い種|笑い者|笑柄
laughter	noun	笑い|笑い声
laughter is the best medicine		笑いは人の薬
launch	noun	発射
launch pad	noun	発射台
launderette	noun	コインランドリー
laundry	noun	洗濯屋|ランドリー|洗濯|洗濯物
laundry soap	noun	洗濯石鹸
laureate	noun	受賞者
laurel	noun	月桂|月桂樹
laurel wreath	noun	月桂冠
lava	noun	溶岩
lavash	noun	ラヴァッシュ
lavender	adjective	藤色|ラベンダー
lavender marriage	noun	ラベンダーマリッジ
law	noun	法律|法|法則|律
law and order	noun	公安|治安
law firm	noun	法律事務所
law of excluded middle	noun	排中律
law of nations	noun	万民法
law of the jungle	noun	弱肉強食
law school	noun	法科大学院
lawful	adjective	合法
lawlessness	noun	無法
lawn	noun	芝生|ローン|寒冷紗
lawnmower	noun	芝刈り機
lawrencium	noun	ローレンシウム
lawsuit	noun	訴訟
lawyer	noun	弁護士|法曹
lawyer's wig	noun	ササクレヒトヨタケ
laxative	noun	瀉下薬|下剤|下し薬|下薬
lay	verb	生む|置く|産む
lay an egg	verb	生む|産卵|失敗する
lay judge	noun	裁判員
lay off	verb	解雇する
lay open	verb	公開する
layabout	noun	怠け者
layer	noun	層|膜|レイヤー
layman	noun	俗人|平信徒
layout	noun	レイアウト|構造|設計
layover	noun	待ち合わせ
layperson	noun	俗人|素人
laystall	noun	塵塚|塵捨場|塵溜|掃溜
laziness	noun	無精
lazy	adjective	怠惰|ナマケモノ|ぐうたら
lazybones	noun	怠け者|不精者
lead	noun	導く|率いる|リードする|案内する|到達する|達する|鉛
lead guitar	noun	リードギター
leaded	adjective	有鉛
leader	noun	指導者|リーダー|長|元締め|統率者|頭
leadership	noun	リーダーシップ|指導力
leading	noun	インテル
leading edge	noun	前縁|最先端
leading question	noun	誘導尋問
leaf	noun	葉|葉っぱ|一枚|木の葉|箔
leaf beetle	noun	葉虫
leaf sheath	noun	葉鞘
leaf-cutter ant	noun	葉切蟻
leaflet	noun	チラシ|リーフレット|散らし
league	noun	同盟|連盟|リーグ
leak	noun	漏れ口|リーク|漏れ|リークする|漏らす|漏れる
leakage	noun	リーク|漏れ
leakproofness	noun	漏れ防止性
lean	verb	傾ける|靠れる|傾く|もたれる
leanness	noun	瘠痩
leap	adjective	閏|跳躍|跳躍距離|躍進|飛躍
leap day	noun	閏日
leap year	noun	閏年
leapfrog	noun	馬跳び
learn	verb	習う|学ぶ|勉強|知る
learned	adjective	勉強|学んだ|学習
learner	noun	学習者
learning	noun	学習
learning disability	noun	学習障害
leash	noun	リード|綱|革紐
least		最小
least common multiple	noun	最小公倍数
least flycatcher	noun	チビメジロハエトリ
least significant bit	noun	最下位ビット
least weasel	noun	イイズナ
leather	noun	レザー|皮革|革
leave	verb	残る|残す|放置|引き離す|引き離れる|去る
leave behind	verb	置き忘れる
leave me alone		余計なお世話だ|放っとく|独りにしてください|独りにしてくれ
leave someone on read	verb	既読スルー|既読無視
leave well enough alone	verb	画蛇添足
leaven	noun	パン種|膨張剤
lebbek	noun	オオバネムノキ|ビルマゴウカン|ビルマネム|ビルマネムノキ
lebkuchen	noun	レープクーヘン
lecher	noun	助け平
lechery	noun	性欲|情欲|淫欲|色欲
lectotype	noun	レクトタイプ|選定基準標本
lecture	noun	講義
lecture theatre	noun	講堂
lecturer	noun	講師
lederhosen	noun	レーダーホーゼン
ledger	noun	簿
leech	noun	ヒル|蛭
leek	noun	葱
lees	noun	澱
leeway	noun	偏流量|風圧量|余地|余裕
left	adjective	左|左派|左翼|左へ|残る
left bank	noun	左岸
left fielder	noun	レフト|左翼手
left hand	noun	左手
left wing	noun	左翼
left-handed	adjective	左利き
left-hander	noun	左利き|ぎっちょ
left-luggage office	noun	手荷物室
left-wing	adjective	左派|左翼
leftover	noun	残り|贏余
leg	noun	脚|足|下腿
legacy	noun	遺産
legal	adjective	法的|法律|合法|法に則った
legal person	noun	法人
legal representative	noun	法定代理人
legal tender	noun	法定通貨|法貨
legalization	noun	合法化
legalize	verb	合法化
legato	noun	レガート
legend	noun	伝説|神話|凡例
legendary	adjective	伝説上の
legging	noun	レギンス
leghorn	noun	レグホン|レグホーン
legible	adjective	読みやすい|読める
legion	noun	軍団|レギオン|部隊
legislate	verb	制定する
legislation	noun	法制|法制化|立法|法律
legislative branch	noun	立法府
legislator	noun	立法者
legislature	noun	立法府
legitimacy	noun	正統|正統性
legitime	noun	遺留分
legitimize	verb	合法化
leglock	verb	足搦み
leishmaniasis	noun	リーシュマニア症
leisure	noun	レジャー|余暇|暇|閑散|閑暇
lemma	noun	補題|レンマ
lemming	noun	レミング|旅鼠
lemon	noun	レモン|檸檬|レモン味|檸檬色
lemon balm	noun	レモンバーム|西洋山薄荷
lemon chicken	noun	レモンチキン
lemon drop martini	noun	レモン・ドロップ
lemon juice	noun	レモンジュース
lemon meringue pie	noun	レモンメレンゲパイ|レモン・メレンゲ・パイ
lemon squeezer	noun	スクイーザー|絞り器
lemonade	noun	レモネード|はちみつレモン|レモン水|サイダー
lemongrass	noun	レモングラス
lemur	noun	キツネザル|狐猿
lend	verb	貸す
lend a hand	verb	手を貸す
lend-lease	noun	レンドリース
lender	noun	貸手
length	noun	長さ|全長
lengthen	verb	延ばす|延長|長い
lengthening	noun	延長
lengthwise	adjective	縦|長手方向
lenition	noun	子音弱化
lens	noun	レンズ|水晶体
lens cap	noun	レンズキャップ
lenticular bracket	noun	隅付き括弧
lenticular cloud	noun	レンズ雲
lenticular galaxy	noun	レンズ状銀河
lentil	noun	レンズマメ|ヒラマメ|扁豆|レンズ豆
leopard	noun	ヒョウ|豹
leopard cat	noun	ベンガル山猫
leopard seal	noun	豹海豹
leotard	noun	レオタード
leper	noun	癩病患者
lepidocrocite	noun	鱗鉄鉱
lepidopteran	noun	鱗翅類
leprechaun	noun	レプラコーン
leprosy	noun	ハンセン病|癩病
lepton	noun	レプトン|軽粒子
leptonetid	noun	猿蜘蛛
leptospirosis	noun	レプトスピラ症
lesbian	adjective	レズビアン|レズ|女性同性愛者
lese majesty	noun	不敬罪
leshy	noun	レーシー
less than	noun	小なり
lessee	noun	賃借人
lesser black-backed gull	noun	ニシセグロカモメ
lesser celandine	noun	ヒメリュウキンカ|姫立金花
lesser spotted eagle	noun	アシナガワシ
lesser white-fronted goose	noun	雁が音|カリガネ
lesser yellowlegs	noun	コキアシシギ
lesson	noun	授業|レッスン|課|学科
lessor	noun	賃貸人
lest		しないように
let	verb	させる|貸す
let alone		どころか|もちろん
let be	verb	ほっとく|放っておく|する
let bygones be bygones	verb	既往は咎めず|過去のことは水に流せ
let down	verb	下げる|下ろす|失望
let go	verb	放す
let loose	verb	切り放す|放す
let me see		うーん|えっと|えーっと
let sleeping dogs lie	verb	寝た子を起こすな|触らぬ神に祟りなし
let there be light		光あれ
let's go		がんばれ|さあ|ねえ|行く|頑張って|頑張る
let's play	noun	実況プレイ
lethal	adjective	致命的|必殺|致死
lethal injection	noun	薬殺刑
lethargy	noun	昏睡|無関心|疲労
letter	noun	文字|字|手紙
letter carrier	noun	郵便配達人|郵便配達員
letter of credence	noun	信任状
letter of intent	noun	意向表明書
letter of recommendation	noun	推薦状
letter to the editor	noun	投書
letterbox	adjective	レッターボックス|郵便受け
letters patent	noun	勅許状|特許状|開封特許状
lettuce	noun	レタス
letup	noun	休み|減少|減速
leu	noun	レウ
leucine	noun	ロイシン
leucoma	noun	白斑
leukemia	noun	白血病
leukocyte	noun	白血球
lev	noun	レフ
level	adjective	水平|標準|レベル|水準|程|程度
level crossing	noun	踏切
level off	verb	頭打ち
level up	verb	レベルアップ
lever	noun	梃子
leverage	noun	レバ|レバレッジ
leveret	noun	子兔|子ウサギ
leviathan	noun	リヴァイアサン|レヴィアタン
levitation	noun	空中浮揚|空中浮遊
levy	verb	差し押さえる|科す|課す|徴兵|開戦
lewd	adjective	エッチ|助け平|嫌らしい|淫蕩
lexeme	noun	語彙素
lexical	adjective	語彙的
lexical analysis	noun	字句解析
lexical category	noun	品詞
lexical item	noun	語彙項目
lexicographer	noun	辞書編集者|辞書編纂者
lexicography	noun	辞書学|辞書編集
lexicology	noun	語彙論
lexicon	noun	語彙
liability	noun	借金|負債
liaison	noun	リエゾン
liangpi	noun	リャンピー
liar	noun	嘘つき
libation	noun	献酒|神酒|酒
liberal	adjective	寛容|自由主義的|豊富|革新的|自由主義者
liberalism	noun	自由主義
liberate	verb	解放
liberation	noun	解放
libertarian socialism	noun	リバタリアン社会主義
libertarianism	noun	リバタリアニズム|完全自由主義|自由意志主義|自由至上主義
liberty	noun	自由|呼吸点
libidinous	adjective	エッチ|嫌らしい
libido	noun	性衝動|リビドー
librarian	noun	司書|図書館員
library	noun	図書館|文庫|書庫|ライブラリー|双書|叢書
library science	noun	図書館学
libration	noun	秤動
libretto	noun	リブレット|台本
license	noun	免許|ライセンス|やりたい放題|放縦
license plate	noun	ナンバープレート
licensed	adjective	免許
licentious	adjective	如何わしい|淫乱|猥褻|破格の
licentiousness	noun	猥褻
lich	noun	リッチ
lichen	noun	地衣類
lichenologist	noun	地衣類学者
lick	verb	舐める|舐ぶる|負かす
licorice	noun	甘草|リコリス|甘木|リコリス菓子
licorice extract	noun	甘草エキス
lid	noun	蓋
lidocaine	noun	リドカイン
lie	noun	ライ|嘘|虚言|横たわる|横になる|嘘を吐く
lie detector	noun	嘘発見器
lie down	verb	横になる|俯せる|臥す|身を伏せる
lie in wait	verb	張り込む
lien	noun	担保物権
lieutenant	noun	中尉|少尉|海軍大尉|副官
lieutenant general	noun	中将|陸将
lieutenant governor	noun	副知事|副総督
life	noun	命|生命|人生|生活|存在|寿命
life belt	noun	浮き輪
life cycle	noun	ライフサイクル|生活環
life expectancy	noun	平均余命|平均寿命
life imprisonment	noun	無期懲役|終身刑
life insurance	noun	生命保険
life is not all beer and skittles		人生はおもしろおかしいことばかりではない
life jacket	noun	ライフジャケット|救命胴衣
life of riley	noun	左団扇
life preserver	noun	浮き輪
life raft	noun	救命いかだ
life savings	noun	救命
life science	noun	生命科学
life sentence	noun	無期懲役|終身刑
life stage	noun	ライフステージ
lifeboat	noun	救命ボート
lifeform	noun	生命体
lifehack	noun	ライフハック
lifeless	adjective	生命
lifelong	adjective	生涯
lifer	noun	囚人
lifesaver	noun	ライフセーバー|天与
lifestyle	noun	生き方|ライフスタイル|生活様式
lifetime	noun	一生|一生涯|生涯
lifework	noun	ライフワーク
lift	noun	エレベーター|昇降機
lift a finger	verb	指一本動かす
ligament	noun	靭帯|靱帯
ligand	noun	リガンド|配位子
ligase	noun	リガーゼ
ligature	noun	合字
liger	noun	ライガー
light blue	noun	青
light bulb	noun	電球
light industry	noun	軽工業
light novel	noun	ライトノベル
light pen	noun	ライトペン
light pollution	noun	光害
light source	noun	光源
light switch	noun	電灯のスイッチ
light year	noun	光年
light-emitting diode	noun	発光ダイオード
lighter	noun	ライター
lighthouse	noun	灯台
lighthouse keeper	noun	灯台守
lighting	noun	照明
lightning	noun	稲妻|雷|雷光|稲光
lightning rod	noun	避雷針
lightning strike	noun	いなずま
lights, camera, action		ライト、カメラ、アクション！
lightsaber	noun	ライトセーバー|光の剣
lightship	noun	灯台船
lightspeed	noun	光速
lightwell	noun	ライトウェル
lignite	noun	亜炭|褐炭
likable	adjective	好く|好む
like a duck takes to water		水を得た魚
like father, like son		蛙の子は蛙
like it or not	adverb	好むと好まざるとにかかわらず
like turkeys voting for christmas		肉屋を支持する豚
like two peas in a pod		瓜二つ
likelihood	noun	可能性|尤度
likely	adjective	おそらく|きっと
liken	verb	たとえる
likewise	adverb	同様|そちらこそ
liking	noun	好み
lilac	noun	ライラック|リラ|紫丁香花|薄紫|藤色
lilin	noun	リリム
lily of the valley	noun	鈴蘭
lima bean	noun	ライマメ
limb	noun	手足|肢|切り放す
limba	noun	アファラ|リンバ
limbic system	noun	大脳辺縁系
limbo	noun	辺獄|リンボー|辺土|リンボ
lime	noun	石灰|ライム|ライム色|黄緑色
lime sulfur	noun	石灰硫黄合剤
limeade	noun	ライムエード
limekiln	noun	石灰窯
limelight	noun	脚光|フットライト|ライムライト
limestone	noun	石灰岩
limewater	noun	石灰水
limit	noun	限界|限度|リミット|制限|狭める|限る
limited	adjective	有限|限る
limited atonement	noun	限定的贖罪
limited liability company	noun	LLC|エルエルシー|有限責任会社
limnology	noun	陸水学|湖沼学
limoncello	noun	リモンチェッロ|リモンチーノ
limonene	noun	リモネン
limonite	noun	褐鉄鉱
limousine	noun	リムジン|リモ
limp	verb	足を引きずる
limpkin	noun	鶴擬
linden	noun	科の木
line	noun	線|ライン|列|行|台詞|並べる
line graph	noun	折れ線グラフ
line number	noun	行番号
line of contact	noun	接触線
line of sight	noun	目線|視線
line of thought	noun	考え方
line segment	noun	線分
line up	verb	並ぶ
linear	adjective	リニア|リンネル|一次|線形
linear algebra	noun	線型代数|線形代数
linear combination	noun	線型結合
linear logic	noun	線形論理
linearity	noun	直線性|線形性
lined antshrike	noun	セグロシマアリモズ
linen	noun	リンネル|リネン|リネン製品|亜麻布|麻布
liner	noun	ライナー
lingerie	noun	ランジェリー
lingonberry	noun	苔桃
lingua franca	noun	リンガフランカ|リングワ・フランカ|共通語
lingual	noun	舌音
linguicism	noun	言語差別
linguine	noun	リングィーニ|リングィーネ|リングイネ|リングイーニ|リングイーネ
linguist	noun	言語学者|翻訳家|翻訳者|通訳
linguistic	adjective	言語
linguistics	noun	言語学|げんごがく
lingzhi	noun	霊芝
lining	noun	裏地
linkage disequilibrium	noun	連鎖不平衡
linker	noun	リンカ
linkrot	noun	リンク切れ
linoleum	noun	リノリウム
linstock	noun	点火棒
lint	noun	糸屑|綿埃|臍の胡麻|リント布
lintel	noun	鴨居
lion	noun	ライオン|獅子
lion cub	noun	子ライオン
lion dance	noun	獅子舞
lion tamarin	noun	ライオンタマリン|獅子猿
lion's den	noun	虎穴
lion's share	noun	獅子の分け前|大部分|旨い汁
lioness	noun	雌ライオン|母獅
lionfish	noun	蓑笠子
lip	noun	唇|くちびる
lip balm	noun	リップクリーム|リップバーム
lip gloss	noun	リップグロス
lip service	noun	リップサービス|口先
lip sync	noun	口パク|リップシンク
lip-sync	verb	リップシンク|口パク
lip-syncing	noun	リップシンク|口パク
lipase	noun	リパーゼ
lipid	noun	脂質|リピド
liposome	noun	リポソーム
liposuction	noun	脂肪吸引
lipreading	noun	読唇術
lipstick	noun	口紅|リップスティック|ルージュ
liquefaction	noun	液化
liquefied natural gas	noun	液化天然ガス
liquefied petroleum gas	noun	液化石油ガス
liquefy	verb	液化
liqueur	noun	リキュール
liquid	noun	液体|流体|リキッド
liquid courage	noun	酔った勢い
liquid crystal	noun	液晶
liquid crystal display	noun	LCD|液晶ディスプレイ
liquid nitrogen	noun	液体窒素
liquid phase	noun	液相
liquid soap	noun	液体石鹸
liquidate	verb	決着|清算
liquidation	noun	流動化
liquidity	noun	流動性
liquor store	noun	酒屋|酒店|酒房
lira	noun	リラ
list	noun	一覧|リスト|名簿|目録|表|演算|並べる
listen	verb	聞く
listener	noun	聞き手|リスナー|聴取者
listening	noun	リスニング|聞く|聴取
listless	adjective	物憂げ
litas	noun	リタス
literal	adjective	文字通り|逐語的|文字上の
literally	adverb	文字通り|額面通り
literary	adjective	文学
literary language	noun	書き言葉
literate	adjective	読み書き|博識
literati	noun	文学者
literature	noun	文学|文献|資料
lithium	noun	リチウム
lithium aluminium hydride	noun	水素化アルミニウムリチウム
lithium carbonate	noun	炭酸リチウム
lithium hydride	noun	水素化リチウム
lithography	noun	リトグラフ
lithosphere	noun	岩石圏
litigation	noun	訴訟
litmus	noun	リトマス
litmus paper	noun	リトマス紙|リトマス試験紙
litre	noun	リットル|㍑
litter	noun	駕籠|乗り物|神輿|輿|ごみ|一腹の子|ごみをすてる
little	adjective	小さい|少ない|少し|ちょっと
little auk	noun	ヒメウミスズメ
little black dress	noun	リトル・ブラック・ドレス
little boy	noun	男の子|男児
little bunting	noun	小頬赤
little emperor	noun	小皇帝
little finger	noun	小指
little girl	noun	女の子|女児
little grebe	noun	鸊鷉|息長鳥|浮巣鳥|潜り|鳰|鳰鳥
little owl	noun	小金目梟
little stint	noun	ヨーロッパトウネン
little strokes fell great oaks		水滴石を穿つ|石の上にも三年
liturgical language	noun	典礼言語
liturgy	noun	典礼|奉神礼|礼拝
live	adjective	生きる|ライブ|生|暮らす|住む|居住
live action	noun	実写
live album	noun	ライブアルバム
live stream	noun	ストリーム|ライブ|ライブストリーム|生配信
live streamer	noun	ストリーマー|配信者
live with one's wife's family	verb	婿入り
live-in son-in-law	noun	入り婿|婿養子
livelihood	noun	生計
lively	adjective	賑やか
liver	noun	肝臓|肝|レバー
liver cancer	noun	肝癌
livermorium	noun	リバモリウム
liverwort	noun	苔植物門
livestock	noun	家畜
livestream	verb	生配信する
living	noun	生計|暮らし|生活|生活様式
living fossil	noun	生きた化石|生きている化石
living hell	noun	生き地獄
living language	noun	現用言語
living room	noun	居間|リビング
living will	noun	リビング・ウィル
livor mortis	noun	死斑
lizard	noun	蜥蜴|トカゲ
lizardfish	noun	鱛
lizardman	noun	リザードマン
llama	noun	ラマ|リャマ
lo		ほら
lo and behold		見よ|驚くべきことに
loa	noun	ロア
load	noun	荷|荷物|積載量|船腹|多く|多量|積み込む
loaf	noun	パン一塊|パン一斤
loafer	noun	ローファー|怠け者
loam	noun	ローム
loan	noun	貸付け|ローン|融資|貸付金
loan shark	noun	高利貸し
loanword	noun	外来語|借用語
loathe	verb	唾棄|大嫌い|忌み嫌う
loathing	noun	むかつき|嫌悪
lobby	noun	ロビー|休息所|圧力団体
lobelia	noun	ロベリア
lobotomy	noun	精神外科
lobster	noun	伊勢海老|ロブスター|イセエビ|オーマル
local	adjective	局所|現地
local area network	noun	ローカル・エリア・ネットワーク
local color	noun	地域色
local government	noun	地方公共団体|地方自治
local train	noun	各駅停車|普通列車
localization	noun	ローカライゼーション|地方化|局在化|局所化
localize	verb	ローカライズする|地域化する
location	noun	位置|場所|地点|設置|配置
locative case	noun	処格|前置格|地格
lochia	noun	悪露
lock	noun	巻き毛|錠|錠前|釘|鎹|閘門|鍵を掛ける
lock picking	noun	解錠
lock up	verb	閉じ込める
lockdown	noun	ロックダウン|都市封鎖
locker	noun	ロッカー|戸棚
locket	noun	ロケット
lockout	noun	ロックアウト
locksmith	noun	錠前屋
locomotive	noun	機関車|汽車
locus	noun	軌跡
locust	noun	飛蝗|イナゴ
lode	noun	鉱脈
lodestar	noun	ポラリス|北極星|指導原理
lodge	verb	泊まる
lodging	noun	宿泊
lodicule	noun	鱗被
loess	noun	黄土|黄砂
lofty	adjective	崇高|立派|素晴らしい|高尚|高遠
log	noun	丸太|丸木|薪|ログ|履歴|記録|記録する
log cabin	noun	丸太小屋|小屋
log in	verb	サインイン|ログイン
log out	verb	ログアウト
logarithm	noun	対数
logbook	noun	日誌|航海日誌|自動車登録台帳
loggerhead duck	noun	フナガモ
logic	noun	論理|論理学
logic gate	noun	論理素子
logician	noun	論理学者
login	noun	ユーザー名|ログイン|利用者名
logistics	noun	物流|運送|兵站
logo	noun	ロゴ|ロゴタイプ|ロゴマーク
logogram	noun	表語文字
logotype	noun	ロゴタイプ
logout	noun	ログアウト
loin	noun	腰部
loincloth	noun	ロインクロス|褌
lolcat	noun	ロルキャット
lolicon	noun	ロリコン
lollipop	noun	飴ん棒|ペロペロキャンディ
lollipop lady	noun	緑のおばさん
lone	adjective	一人の
lone wolf	noun	一匹狼|ローンウルフ|ローンオフェンダー
loneliness	noun	孤独|寂しい
lonely	adjective	寂しい
loner	noun	ぼっち
lonesome	adjective	寂しい
long	adjective	長い
long ago	adverb	ずっと前に|とっくに|昔々
long for	verb	あこがれる|恋い慕う|憧れる
long johns	noun	ズボン下|タイツ|股引
long jump	noun	走幅跳|はしりはばとび
long jumper	noun	走幅跳の選手
long live	verb	万歳
long long ago		昔昔
long nineteenth century	noun	長い19世紀
long pig	noun	人肉
long time no see		お久しぶりです|久しぶり
long ton	noun	英トン
long-billed dowitcher	noun	オオハシシギ
long-distance relationship	noun	遠距離恋愛
long-eared owl	noun	虎斑木菟
long-legged	adjective	足の長い
long-tailed tit	noun	柄長|エナガ
long-term	adjective	長期
long-toed stint	noun	ヒバリシギ
long-winded	adjective	冗長
longan	noun	リュウガン|竜眼
longbow	noun	ロングボウ|弓
longe	noun	調馬索
longevity	noun	不老不死|寿命|長寿
longhorn beetle	noun	天牛|髪切虫
longing	noun	憧れ|切望
longitude	noun	経度|経線
longitudinal	adjective	経度|縦|進行方向
longitudinal wave	noun	縦波
longline	noun	延縄
longship	noun	ロングシップ
longshoreman	noun	中仕
longsword	noun	ロングソード|太刀
longwave	adjective	長波
longyi	noun	ロンジー
loofah	noun	天糸瓜|糸瓜
look	noun	一目|一見|様子|見る|見える|観る
look after	verb	世話をする|面倒を見る
look and feel	noun	ルック・アンド・フィール
look around	verb	見回す
look at	verb	しっかり|じっくり|よく|見る|観察
look back	verb	振り返る
look before one leaps	verb	転ばぬ先の杖
look daggers	verb	目を三角にする
look down on	verb	見下す|軽んじる|軽蔑|軽視
look for	verb	探す|求める
look forward to	verb	楽しみにする
look like	verb	っぽい|らしい
look up	verb	見上げる|検索|調べる
look up to	verb	仰ぐ|尊敬|尊重|見上げる|重んじる|重視
look who's talking		どの口が言う
lookalike	noun	物真似|瓜二つ
lookers-on see most of the game		岡目八目
looks	noun	ルックス|容貌
lookup table	noun	ルックアップテーブル|参照テーブル
loom	noun	道具|織機|機
loon	noun	嘴黒阿比
loop	noun	ループ|輪
loophole	noun	銃眼|抜け道
loose	adjective	緩む|緩い
loose change	noun	小銭
looseleaf	adjective	ルーズリーフ
loosen	verb	ほどく|ゆるめる
loot box	noun	ルートボックス
lopseed	noun	蝿毒草
loquacious	adjective	多弁
loquat	noun	枇杷
lose	verb	亡くす|無くなす|失う|落とす|なくす|痩せる
lose count	verb	数えきれなくなる|数がわからなくなる
lose face	verb	面目を失う
lose one's mind	verb	正気を失う
lose one's temper	verb	怒り出す|挙措を失う|癇癪を起こす
lose one's virginity	verb	処女を失う|女になる|童貞を失う
lose weight	verb	痩せる|体重を減らす
loser	noun	敗者|落し主|落とし主|負け犬|ルーザー|失敗者
loss	noun	損失|敗北|負け|損益
loss leader	noun	ロスリーダー
lossless	adjective	ロスレス|可逆
lossy	adjective	不可逆|非可逆
lost	adjective	失った (うしなった, ushinatta), 負けた (まけた, maketa)
lost and found	noun	遺失物取扱所|落とし物センター
lost generation	noun	失われた世代
lost media	noun	ロストメディア|失われたメディア
lotion	noun	ローション|化粧水
lottery	noun	くじ|宝くじ|富くじ
lotto	noun	ロト
lotus	noun	蓮|ロータス
lotus land	noun	満足と放縦の牧歌的な土地
lotus seed	noun	蓮の実
loud	adjective	騒々しい|喧しい|大声|煩い|音が大きい|囂しい
loudly	adverb	大きな声で|大声
loudness	noun	喧騒|音量
loudspeaker	noun	スピーカー|ラウドスピーカー|拡声器|拡声機
louis d'or	noun	ルイドール
lounge	noun	リビングルーム|居間|ラウンジ|休憩室|待合室
loupe	noun	ルーペ
louse	noun	シラミ|虱|寄生虫
louver	noun	ルーバー
lovable	adjective	愛らしい
love	noun	恋|恋愛|ラブ|零点|愛|愛情|愛する
love affair	noun	ラブアフェア|不倫|情事|色恋|色恋沙汰
love at first sight	noun	一目惚れ
love child	noun	ラブチャイルド|私生児|落とし子|隠し子
love egg	noun	ローター
love grass	noun	雀榧
love hotel	noun	ファッションホテル|ブティックホテル|ラブホ|ラブホテル|連れ込み宿
love is blind		あばたもえくぼ
love letter	noun	恋文|ラブレター|付け文|艶書
love nest	noun	愛の巣
love seat	noun	ソファ
love song	noun	ラブソング|恋歌|情歌|愛の歌
love triangle	noun	三角関係
love-hate	adjective	愛憎
love-in-a-mist	noun	黒種草
love-lies-bleeding	noun	仙人穀|紐鶏頭
lovebird	noun	ラブバード
loved	adjective	愛され
lovely	adjective	綺麗|良い
lover	noun	恋人|愛人|情婦|愛好家
loving	adjective	愛する
low	adjective	低音|低い|最低
low earth orbit	noun	低高度軌道
low cost carrier	noun	LCC|格安航空会社
low tide	noun	干潮|低潮
low-born	adjective	チープな|下賎|賎しい
low-budget	adjective	低予算
low-fat	adjective	低脂肪
low-income	adjective	低所得
low-level language	noun	低水準言語|低級言語
low-pitched	adjective	低音
low-quality	adjective	低品質
lowdown	noun	内幕|真相
lower	adjective	下|下げる|下ろす
lower back	noun	腰のくびれ
lower case	noun	小文字
lower house	noun	下院
lower lip	noun	下唇
lower reaches	noun	下流|川下
lowest common denominator	noun	最小公分母|最小公倍数
lowland	noun	低地
loyal	adjective	忠実|忠誠
loyalty	noun	忠誠|忠誠心|忠義
loyalty card	noun	ポイントカード
lozenge	noun	菱|のど飴|トローチ|ロズンジ|錠剤
lubricant	noun	潤滑剤|潤滑油
lubricate	verb	注油
lucid dream	noun	明晰夢
luck	noun	運|運勢
luckily	adverb	幸いにも|運良く
lucky	adjective	幸運|ラッキー|運のよい|運の良い
lucky charm	noun	呪符|御呪い|縁起物
lucrative	adjective	儲かる
lucubrate	verb	蛍雪の功を積む
luge	noun	リュージュ
luggage	noun	荷物|手荷物
luggage cart	noun	手荷物カート
lukewarm	adjective	ぬるい|生ぬるい|生暖かい|冷めた|気が進まない|白けた
lullaby	noun	子守歌|ララバイ
lumbago	noun	腰痛
lumbar puncture	noun	腰椎穿刺
lumbar vertebra	noun	腰椎
lumber	noun	木材|材木
lumberjack	noun	樵|木こり
lumen	noun	ルーメン|内腔
luminol	noun	ルミノール
luminous energy	noun	光度エネルギー|光量
luminous flux	noun	光束
luminous intensity	noun	光度
lump	noun	たんこぶ|塊
lump sum	noun	一時金
lumpenproletariat	noun	ルンペン
lunar calendar	noun	太陰暦|陰暦
lunar eclipse	noun	月食
lunar module	noun	月着陸船
lunar phase	noun	月の位相|月相
lunar year	noun	太陰年
lunatic	noun	気違い
lunch	noun	昼食|昼飯|昼ご飯|ランチ|昼餉|昼食をとる
lunchbox	noun	お弁当箱|弁当箱
lung	noun	肺|肺臓
lung cancer	noun	肺癌
lungfish	noun	ハイギョ|肺魚
lunisolar calendar	noun	太陰太陽暦|陰暦|旧暦
lunokhod	noun	ルノホート
lupine	adjective	オオカミ
lure	verb	誘い出す|誘い込む|誘惑
lurk	verb	ROMる|ロムる
lurker	noun	ROM
lust	noun	色欲|好色|情欲|淫欲
lustful	adjective	好色な|淫らな
lute	noun	リュート
lutetium	noun	ルテチウム|鎦
lux	noun	ルクス
luxon	noun	ルクソン
luxuriant	adjective	繁茂
luxurious	adjective	豪華
luxury	noun	贅沢
luxury good	noun	高級品
lyceum	noun	学園
lychee	noun	ライチ|レイシ|茘枝
lycée	noun	中学校|高等学校
lye	noun	あく|灰汁
lymph	noun	リンパ液
lymph node	noun	リンパ節
lymph vessel	noun	リンパ管
lymphatic system	noun	リンパ系
lymphocyte	noun	リンパ球
lymphoma	noun	リンパ腫
lynch	verb	リンチを加える|私刑を加える
lynching	noun	リンチ|私刑
lynx	noun	オオヤマネコ|大山猫|ヤマネコ|リンクス|山猫
lyre	noun	ライアー
lyric poetry	noun	抒情詩
lyricist	noun	作詞家|作詞者
lyrics	noun	歌詞|リリック
lysergic acid	noun	リゼルグ酸
lysine	noun	リシン
lysosome	noun	リソソーム|水解小体
lyxose	noun	リキソース
ma'am	noun	婦人|小母さん
macadamia	noun	マカダミアナッツ
macana	noun	マカナ
macaque	noun	マカク
macaron	noun	マカロン|マコロン
macaroni	noun	マカロニ
macaroni penguin	noun	マカロニペンギン
macaw	noun	金剛鸚哥
macchiato	noun	マキアート
mace	noun	メース|メイス
machete	noun	マチェテ|鉈
machicolation	noun	出し狭間
machination	noun	策動|策謀
machine	noun	機械|マシン|器械|機構|機械加工する
machine gun	noun	機関銃|マシンガン|機銃
machine language	noun	マシン語|機械語
machine learning	noun	機械学習
machine room	noun	機械室
machine tool	noun	マシンツール|工作機械
machine translation	noun	機械翻訳
machine-readable	adjective	マシンリーダブル|機械可読
machine-translate	verb	機械翻訳
machinery	noun	機械類
machismo	noun	マッチョ
macho	adjective	マッチョ|たくましい男
mackerel	noun	鯖|サバ
mackintosh	noun	マッキントッシュ
macro	noun	マクロ
macrocosm	noun	大宇宙
macroeconomics	noun	マクロ経済学
macromolecule	noun	高分子
macrophage	noun	マクロファージ
macuahuitl	noun	マカウィトル
macula	noun	黄斑
macular degeneration	noun	黄斑変性
mad	adjective	気が狂った|狂しい|頭がおかしい
mad cow disease	noun	狂牛病
mad scientist	noun	マッドサイエンティスト
madam	noun	奥さん|奥様
maddah	noun	マッダ
madden	verb	怒らせる|狂わせる
madder	adjective	茜色の|茜|茜色
made in china	adjective	中国製
made in japan	adjective	日本製
madeleine	noun	マドレーヌ
mademoiselle	noun	マドモアゼル
madhhab	noun	マズハブ
madman	noun	気違い|狂人
madness	noun	狂気
madrasah	noun	マドラサ
madrigal	noun	マドリガル
maelstrom	noun	大渦巻き|狂瀾怒涛
maestro	noun	マエストロ|巨匠
mafia	noun	マフィア|やくざ|秘密集団|黒手党
mag book	noun	mook|ムック
magazine	noun	雑誌|マガジン|弾薬庫|弾倉
magenta	noun	マゼンタ|マジェンタ|赤紫
maggot	noun	ウジ|蛆
magic	adjective	マジック|魔術|魔法|手品
magic bullet	noun	まだん
magic carpet	noun	魔法の絨毯
magic eye	noun	マジックアイ
magic lantern	noun	幻灯
magic mirror	noun	魔鏡
magic mushroom	noun	マジックマッシュルーム|魔法のキノコ
magic square	noun	魔方陣
magic wand	noun	杖|魔法の杖
magic word	noun	おまじない|呪文
magical	adjective	魔法
magical girl	noun	魔法少女
magician	noun	魔法使い|魔術師
magistrate	noun	治安判事
magma	noun	マグマ|岩漿
magnanimity	noun	寛大
magnanimous	adjective	寛大
magnesia	noun	苦土
magnesium	noun	マグネシウム|苦土素
magnesium oxide	noun	苦土
magnet	noun	磁石
magnetic	adjective	磁気|引きつける|惹きつける
magnetic compass	noun	方位磁針
magnetic field	noun	磁場|磁界
magnetic flux	noun	磁束
magnetic flux density	noun	磁束密度
magnetic pole	noun	磁極
magnetic susceptibility	noun	磁化率
magnetic tape	noun	磁気テープ
magnetism	noun	磁性|磁気
magnetization	noun	磁化
magnetoencephalography	noun	脳磁図
magnetohydrodynamics	noun	電磁流体力学
magnetosphere	noun	磁気圏
magnificent	adjective	素晴しい
magnify	verb	大きい|拡大
magnifying glass	noun	拡大鏡|虫眼鏡|ルーペ
magnitude	noun	大きい|大きさ|等級|マグニチュード
magnolia	noun	モクレン|辛夷
magnum opus	noun	代表作|畢生の大作
magpie	noun	鵲|カササギ|カササギフエガラス
magpie-goose	noun	鵲雁
magpie-lark	noun	土巣鳥
maguari stork	noun	燕尾鸛
magus	noun	賢者|魔法使い
maharaja	noun	マハラジャ|マハーラージャ
mahasattva	noun	摩訶薩
mahi-mahi	noun	シイラ|鱪
mahjong	noun	麻雀|麻将
mahogany	noun	マホガニー
mahoraga	noun	摩睺羅伽
mahr	noun	マフル
mahua	noun	イリッペ|マフア|マーワ|モワ
maid	noun	少女|メイド|女中
maid café	noun	メイドカフェ|メイド喫茶
maiden	noun	処女|処子|少女
maiden flight	noun	初飛行
maiden name	noun	旧姓|旧名
maiden voyage	noun	処女航海
maidservant	noun	仕え女
maiko	noun	舞妓
mail	noun	鎖帷子|郵便
mail order	noun	通信販売
mailing list	noun	メーリングリスト
mailman	noun	郵便配達人|郵便配達員|郵便集配人
mailplane	noun	郵便機
maim	verb	不具にする
main clause	noun	主文|主節
main course	noun	メインコース|メイン料理
main diagonal	noun	主対角
main sequence	noun	主系列
main verb	noun	主動詞|本動詞
mainframe	noun	メインフレーム
mainland	noun	内地|本土|大陸
mainland china	noun	中国大陸
mainlander	noun	本土人
mainly	adverb	おも|主
mainmast	noun	メインマスト
mainshock	noun	本震
mainspring	noun	ぜんまいばね
mainstream	adjective	主流
maintain	verb	保つ|維持
maintainability	noun	保全性|保守性
maintenance	noun	保守|メンテナンス|維持
maitake	noun	舞茸
maize	noun	コーン|玉蜀黍
majestic	adjective	威厳|荘厳
major	noun	少佐|少領|専攻
major arcana	noun	大アルカナ
major axis	noun	長軸
major general	noun	少将|陸将補
major key	noun	長調
major scale	noun	長音階
major third	noun	長三度
majority	noun	多数
make	noun	メーク|製|銘柄|作る|させる|する
make a living	verb	暮らしを立てる|生計を立てる|食べていく
make a mistake	verb	間違える
make a name for oneself	verb	一旗揚げる
make a spectacle of oneself	verb	恥をさらす
make an effort	verb	努力
make an exhibition of oneself	verb	恥をさらす
make do	verb	やりくりする|間に合わせる
make friends	verb	友達|味方|仲よく|親しむ
make fun of	verb	からかう|バカにする|冷やかす|嘲笑|嘲笑う
make haste	verb	急ぐ
make hay while the sun shines	verb	善は急げ
make it	verb	間に合う
make light of	verb	侮る|舐める
make love	verb	はめ倒す|嵌める
make love, not war		戦争をしないで恋をしよう
make one's bed and lie in it	verb	自業自得
make oneself at home	verb	くつろぐ|ゆっくり
make out	verb	イチャイチャ
make sense	verb	意味|納得する
make strange	verb	人見知りする
make the bed	verb	ベッドを整える|布団を敷く
make up one's mind	verb	決める|決定|決心
make use	verb	活用する
make yourself at home		お寛ぎ下さい|お楽にして下さい|どうぞ、ご遠慮なく|どうぞ気楽にして下さい
make-koshi	noun	負け越し
makeover	noun	変身
maker	noun	メーカー|作り手|作者
makeshift	adjective	仮|間に合う
makeup	noun	化粧|メイク|メイクアップ
makgeolli	noun	マッカリ|マッコリ|マッコルリ
makhorka	noun	マホルカ|ルスティカタバコ
making-of	noun	メイキング映像
makizushi	noun	巻き寿司
maknae	noun	マッネ|マンネ
maknae line	noun	マンネライン
maktab	noun	クッターブ|マクタブ
makuuchi	noun	幕内
malachite	noun	くじゃく石|孔雀石
malacology	noun	軟体動物学
maladministration	noun	失政|悪政|秕政
malaise	noun	不快|不安
malapropism	noun	言い間違い|マラプロピズム
malaria	noun	マラリア
malate	noun	林檎酸塩
male	adjective	雄|男性|牡
male chauvinism	noun	男尊女卑
male chauvinist	noun	男性優位論者
male circumcision	noun	割礼
malefactor	noun	悪人
malevolent	adjective	邪悪|マレフィック
malfunction	noun	故障
malic acid	noun	リンゴ酸|林檎酸
malice	noun	悪意|毒気
malicious	adjective	悪意
malignant	adjective	潑
malinger	verb	仮病を使う
mall	noun	ショッピングセンター|モール
mallard	noun	真鴨
malleolus	noun	踝
mallet	noun	木槌
malleus	noun	槌骨
mallow	noun	葵
malnutrition	noun	栄養失調
malt	noun	麦芽
maltose	noun	マルトース|麦芽糖
maltreat	verb	虐げる|冷遇|差別
maltreatment	noun	冷遇|差別|虐待
malware	noun	マルウェア|不正ソフトウェア|悪意のソフトウェア|有害なソフトウェア
mama's boy	noun	マザコンの男|マザーコンプレックス|ママっ子
mambo	noun	マンボ
mammal	noun	哺乳類|ほにゅうるい
mammary gland	noun	乳腺
mammography	noun	マンモグラフィー|マンモ
mammoth	noun	マンモス
mamushi	noun	蝮
mamzer	noun	マムゼール
man day	noun	人工|人日
man of letters	noun	文学者
man of the hour	noun	風雲児
man of the world	noun	粋人
man shall not live by bread alone		人はパンのみにて生くる者に非ず
man'yōgana	noun	万葉仮名
man-day	noun	人工|人日
man-made	adjective	人工
man-month	noun	人月
man-of-war	noun	戦艦|軍艦
mana	noun	マナ|魔力
manacle	noun	手錠
manage	verb	管理する
management	noun	管理
manager	noun	マネージャー|管理者|店長|支配人|経営者
managing director	noun	上司|常務
manakin	noun	舞子鳥
manatee	noun	マナティー
mandala	noun	曼拏羅|曼荼羅|曼陀羅
mandarin collar	noun	立襟
mandarin duck	noun	オシドリ|鴛鴦
mandarin fish	noun	鱖魚
mandarin orange	noun	蜜柑
mandate	noun	委任|指図
mandatory	adjective	強制的な
mandolin	noun	マンドリン
mandrake	noun	マンドラゴラ
mandrill	noun	マンドリル
mandu	noun	マンドゥ
mane	noun	鬣
maned wolf	noun	タテガミオオカミ
maneuver	noun	機動|演習
manga	noun	漫画|マンガ|コミック|コミックス
mangaka	noun	漫画家
mangan	noun	満貫
manganese	noun	マンガン|満俺
mange	noun	毛包虫症
mangelwurzel	noun	マンゲルヴルツェル
mango	noun	マンゴー
mango ginger	noun	マンゴージンジャー
mango juice	noun	マンゴージュース
mangosteen	noun	マンゴスチン
mangrove	noun	マングローブ|ヒルギ
manhole	noun	マンホール|人孔
mania	noun	躁病
maniac	noun	狂人
manic depression	noun	躁鬱病
manicure	noun	マニキュア
manifest	adjective	明らか|明白|積荷目録|宣言|表明する
manifestation	noun	明示
manifesto	noun	マニフェスト|宣言|檄|檄文
manifold	noun	多様体
maniple	noun	マニプルス
manipulative	adjective	操作的
manipulator	noun	マニピュレータ
manitou	noun	マニトゥ
mankind	noun	人類|人|人間
manky	adjective	むかつく|不快な|汚れた
manly	adjective	男らしい
manna	noun	マンナ
manned	adjective	有人
mannequin	noun	マネキン人形|モデル
manner	noun	やり方|マナー
manners	noun	礼儀|礼儀作法
manoeuvrability	noun	機動性
manometer	noun	圧力計
manor	noun	荘園
mansion	noun	大邸宅|豪邸
manslaughter	noun	過失致死|故殺|過失致死罪
mansplaining	noun	マンスプレイニング
manspreading	noun	マンスプレッディング|大股座り|大股開き
manta ray	noun	鬼糸巻鱏|鬼糸巻鱝
mantelpiece	noun	炉棚|マントルピース
manti	noun	マンティ
manticore	noun	マンティコア
mantis	noun	螳螂|蟷螂
mantis shrimp	noun	蝦蛄
mantissa	noun	仮数
mantle	noun	マント|マントル
mantou	noun	マントウ|饅頭
mantra	noun	マントラ|真言
manual	adjective	手動|マニュアル|手引き|説明書
manual labor	noun	肉体労働
manufacture	verb	生産|製造|でっちあげる|捏造
manufacturer	noun	メーカー|製造業者|生産者
manul	noun	マヌルネコ
manure	noun	肥料|肥
manuscript	adjective	手書き|写本|マニュスクリプト|手写本|手書き原稿|原稿
manwhore	noun	男娼
many		沢山|多く|多い
many a mickle makes a muckle		塵も積もれば山となる
many thanks		どうもありがとうございます|どうもありがとう
map	noun	地図|マップ|写像
map lichen	noun	地図苔
maple	noun	楓|かえで|カエデ
maple sugar	noun	楓糖
maple syrup	noun	メープルシロップ
mapo doufu	noun	麻婆豆腐
maqam	noun	マカーム
maqama	noun	マカーマ
maqluba	noun	マクルーバ
mar	verb	傷める|台無し
marabou	noun	アメリカ禿鸛
maraca	noun	マラカス
marasmus	noun	マラスムス
maraud	verb	略奪
marauder	noun	略奪者
marble	noun	大理石|マーブル|ビー玉
marble cake	noun	マーブルケーキ
marcassin	noun	うりぼう
marchioness	noun	侯爵夫人
mare	noun	牝馬|雌馬
mare's milk	noun	馬乳
margarine	noun	マーガリン
margarita	noun	マルガリータ
margay	noun	マーゲイ
margin	noun	余白|差金
marginal	adjective	辺境|隅|ぎりぎり
marginal utility	noun	限界効用
marginalize	verb	疎外
margrave	noun	辺境伯
marigold	noun	キンセンカ|金盞花|マリーゴールド
marijuana	noun	マリファナ|マリワナ|ガンジャ
marimba	noun	マリンバ
marimo	noun	毬藻
marinade	noun	マリネ|マリネード
marinate	verb	マリネにする
marine biologist	noun	海洋生物学者
marine biology	noun	海洋生物学
marine corps	noun	海兵隊
marine mammal	noun	海獣
marionette	noun	マリオネット|糸繰り人形
marital rape	noun	夫婦間レイプ
marital status	noun	配偶者の有無
maritime earwig	noun	蠼螋|鋏虫
maritozzo	noun	マリトッツォ
mark of the beast	noun	獣の印
marker pen	noun	サインペン|フェルトペン|マジックペン|マーカー|マーカーペン|マーキングペン
market	noun	市場|マーケット
market economy	noun	市場経済
market share	noun	市場占有率
marketing	noun	マーケティング
marketplace	noun	市場|墟市|草市
markka	noun	マルッカ
markstone	noun	標石
markup	noun	マークアップ
markup language	noun	マークアップ言語
marl	noun	泥灰土
marlin	noun	梶木
marmalade	noun	マーマレード
marmoset	noun	マーモセット
marmot	noun	マーモット
maroon	adjective	栗色
marquess	noun	侯爵
marquetry	noun	象嵌
marquisate	noun	侯国
marriage	noun	結婚式|婚礼|結婚|婚姻
marriage agency	noun	結婚相談所
marriage certificate	noun	結婚証明書
marriage equality	noun	婚姻の平等|結婚の平等
marriage of convenience	noun	政略結婚
married	adjective	結婚
married couple	noun	夫婦|夫妻
marron glacé	noun	マロングラッセ
marrow	noun	骨髄
marry	verb	結婚|娶る|嫁ぐ
marry me		結婚
marsh	noun	湿地|湿原
marsh mallow	noun	ビロードアオイ
marsh sandpiper	noun	小青足鴫
marsh tit	noun	ハシブトガラ
marsh warbler	noun	沼葦切
marshal	noun	元帥
marshalling yard	noun	操車場
marshmallow	noun	マシュマロ
marshrutka	noun	マルシュルートカ|乗合タクシー
marsupial	noun	有袋類|有袋動物
marsupial lion	noun	袋獅
marten	noun	テン
martial art	noun	武術|武道|武芸
martial artist	noun	武道家
martial law	noun	戒厳|戒厳令
martingale	noun	鞅
martini	noun	マティーニ
martyr	noun	殉教者|シャヒード|受難者
martyrdom	noun	殉教
marvel of peru	noun	白粉花
marvellous	adjective	驚くべき
marvelous	adjective	驚くべき
marzipan	noun	マルチパン|マジパン
masala chai	noun	チャイ|マサーラー・チャイ
mascara	noun	マスカラ
mascarpone	noun	マスカポーネ|マスカルポーネ|マスケルポーネ
mascot	noun	マスコット
masculine	adjective	男らしい|男|男性的|男性
masculinity	noun	男らしさ|漢らしさ
masculism	noun	マスキュリズム
masdar	noun	マスダル|マスダール
masdevallia	noun	マスデバリア
maser	noun	メーザー
mashed potatoes	noun	マッシュポテト
mask	noun	仮面|マスク|お面|覆面|面形
masked lapwing	noun	頭黒鶏冠鳧
masked palm civet	noun	白鼻心
masking tape	noun	マスキングテープ
masochism	noun	マゾヒズム
masochist	noun	まぞ
mason	noun	石工
masonry	noun	フリーメイソン|石工職人|石造技術|石匠|石造建築物
masquerade	noun	マスカレイド|仮面舞踏会|成りすます|装う
mass grave	noun	集団墓地
mass media	noun	マスコミ|マスメディア|大衆媒体
mass murder	noun	大量虐殺
mass noun	noun	不可算名詞
mass production	noun	大量生産|量産
mass start	noun	マススタート
massacre	noun	大虐殺|惨殺|虐殺|皆殺し
massage	noun	マッサージ|按摩
masses	noun	大衆|民衆
masseter	noun	咬筋
masseur	noun	マッサージ師|按摩
massif	noun	山塊
massively multiplayer online role-playing game	noun	MMORPG
mast	noun	マスト|帆柱
mastectomy	noun	乳房切除術
master	noun	主人|飼い主|船長|主|雇用主|達人|マスターする
master craftsman	noun	棟梁
master key	noun	親鍵
master's degree	noun	修士|修士号
master's thesis	noun	修士論文
mastermind	noun	首謀者
masterpiece	noun	傑作|名作
mastication	noun	咀嚼
masticatory force	noun	咀嚼力
mastiff	noun	マスチフ|マスティフ
mastitis	noun	乳腺炎
masturbate	verb	オナる|オナニー|シコる|マスをかく|マスターベーション|扱く
masturbation	noun	マスターベーション|オナニー|自慰|一人エッチ|かわつるみ|せんずり
masu	noun	枡
masu-seki	noun	桝席
mat	noun	マット
matador	noun	マタドール|闘牛士
matatabi	noun	木天蓼
matawari	noun	股割
match	noun	試合|回戦|競技|マッチ|燐寸|火柴|合う
match fixing	noun	八百長
match point	noun	マッチポイント
matcha	noun	抹茶|挽き茶|散茶
matchbox	noun	マッチ箱
matchless	adjective	冠絶|無敵
matchmaker	noun	仲人|媒酌人|月下氷人
matchmaking	noun	仲人|媒酌
matchstick	noun	マッチ
mate	noun	片割れ|王手|相方|相手|友達
material	noun	材料|物質|資料|題材|人材|生地
materialism	noun	唯物論|唯物主義
materialize	verb	現れる|現る
materials science	noun	材料工学|材料科学
maternal	adjective	母性|母方|母系の
maternal aunt	noun	おば
maternal death	noun	妊娠の死
maternal grandfather	noun	外祖父|母方のお爺さん|母方の祖父
maternal grandmother	noun	外祖母|母方のお婆さん|母方の祖母
maternity leave	noun	産休|育児休業
math	noun	数学
mathematical analysis	noun	数学解析|数理解析学|解析学
mathematical economics	noun	数理経済学
mathematical model	noun	数理モデル
mathematician	noun	数学者|すうがくしゃ
mathematics	noun	数学
maths	noun	数学
mating	noun	交尾|交接|交配
mating press	noun	種付けプレス
mating season	noun	発情期
matriarch	noun	女家長
matriarchy	noun	家母長制|母権|母権制
matrimonial	adjective	結婚の
matrix	noun	行列
matsutake	noun	松茸
matte	noun	鈹
matter	noun	こと|事件|問題|物質|事|重要である
matter of life and death	noun	死活問題
matter of time	noun	時間の問題
mattock	noun	マトック
mattress	noun	マットレス|布団
maturation	noun	成熟
mature	adjective	成熟|円熟|成長
maturity	noun	成熟
matzo	noun	マッツァー
maté	noun	マテ茶
maudlin	adjective	感傷的な|泣き上戸の
maul	verb	殴る
mausoleum	noun	霊廟|マウソレウム|陵|陵墓
mauve	adjective	薄紫|藤色
maw	noun	第四胃
maxim	noun	格言
maximization	noun	最大化
maximize	verb	最大化
maximum	adjective	最大|極大
may the force be with you		フォースと共にあらんことを
maybe	adverb	多分|かもしれない|でしょう|若しや
mayday	noun	メーデー
mayfly	noun	蜉蝣
mayonnaise	noun	マヨネーズ
mayor	noun	市長
maze	noun	迷路|迷宮
mazurka	noun	マズルカ
me		私|私に|私へ
me too		俺も|僕も|私も
mead	noun	ミード|はちみつ酒|蜂蜜酒
meadow	noun	草原|草地
meadow pipit	noun	makibatahibari|マキバタヒバリ|牧場田雲雀
meadowlark	noun	マキバドリ|牧場鳥
meal	noun	食事|ご飯|めし|御飯
meal ticket	noun	食券
mean	adjective	平均|平均的|劣る|悪い|卑劣|下劣|するつもり
meander	verb	うきょく|迂曲
meanie	noun	意地悪
meaning	noun	意味|意義|目的
meaning of life	noun	人生の意味|人生の意義
meaningful	adjective	有意義
meaningless	adjective	つまらない|取るに足らない|無意味
meaninglessness	noun	無意味
meanness	noun	下劣|卑劣
means	noun	手段|方法
means of transportation	noun	乗り物|輸送機関
means test	noun	ミーンズテスト
meantime	adverb	その間
meanwhile	adverb	その間に
measles	noun	麻疹
measurable set	noun	可測集合
measurable space	noun	可測空間
measure	noun	測定|計量|小節|措置|測る|計る
measure theory	noun	測度論
measure word	noun	助数詞
measurement	noun	測定|測定値
measuring cup	noun	メジャーカップ|計量カップ
measuring spoon	noun	計量スプーン
measuring worm	noun	尺取り虫|尺蠖
meat	noun	肉|身
meat pie	noun	ミートパイ
meatball	noun	ミートボール|肉団子
meatgrinder	noun	ミンサー|挽肉器|挽肉機
meatloaf	noun	ミートローフ
mebibit	noun	メビビット
mebibyte	noun	メビバイト
mecha	noun	メカ
mechanic	noun	メカニック|修理工|自動車整備士
mechanical energy	noun	力学的エネルギー
mechanical engineering	noun	機械工学
mechanical pencil	noun	シャーペン|シャープペンシル
mechanics	noun	力学
mechanism	noun	機構|メカニズム|仕組み|絡繰り
mechanization	noun	機械化
mechanize	verb	機械化
mechanized infantry	noun	機械化歩兵
mechatronics	noun	メカトロニクス
medal	noun	メダル|賞牌|勲章
medalist	noun	メダリスト
medallion	noun	円形浮彫
meddle	verb	おせっかいをする
meddlesome	adjective	おせっかいな
media	noun	メディア|媒体
medial cuneiform bone	noun	内側楔状骨
median	noun	中央値|中間数|中位数
medical certificate	noun	診断書
medical history	noun	診療録
medical school	noun	医学部
medical student	noun	医学生
medical tourism	noun	メディカル・ツーリズム|医療観光
medicine	noun	薬|薬剤|医薬品|医療|治療|医学
medicine ball	noun	メディシンボール
medieval	adjective	中世
medieval literature	noun	中世文学
mediocre	adjective	平凡|凡庸|凡人|庸人
mediocrity	noun	凡庸|平凡
meditate	verb	瞑想する
meditation	noun	冥想|思索|黙想
medium	noun	霊媒
medium wave	noun	中波
medium-sized	adjective	中サイズの|中型
medley	noun	メドレー|接続曲|混成曲
medulla	noun	髄
medulla oblongata	noun	延髄
meeple	noun	ミープル
meerkat	noun	ミーアキャット
meet	verb	待ち合わせる|会う|お目にかかる|知り合う|遭う|遭遇する
meeting	noun	会議|ミーティング|会合|会
meeting room	noun	会議室
mega-		巨大|超|メガ
megabank	noun	メガバンク, megabanku
megabat	noun	大蝙蝠
megabit	noun	メガビット
megabyte	noun	メガバイト
megacity	noun	巨大都市
megagon	noun	百万角形
megahertz	noun	メガヘルツ
megalith	noun	巨石|巨石記念物
megalodon	noun	メガロドン|昔大頬白鮫
megalomania	noun	メガロマニア|誇大妄想|誇大狂
megalopa	noun	メガロパ
megalopolis	noun	メガロポリス
megamouth shark	noun	メガマウス
megaohm	noun	メガオーム
megaphone	noun	メガホン|伝音器
megapixel	noun	メガピクセル
megapode	noun	ツカツクリ|塚作り
megaton	noun	メガトン
megatsunami	noun	大津波
meh	adjective	まあまあ
meiosis	noun	減数分裂
meitnerium	noun	マイトネリウム
melaleuca	noun	メラルーカ
melancholia	noun	憂鬱|鬱病
melancholic	adjective	憂鬱|鬱病
melancholy	noun	憂鬱|鬱病
melanin	noun	メラニン
melanoma	noun	メラノーマ|黒色腫
melanterite	noun	緑礬
melatonin	noun	メラトニン
meld	noun	役
melee	noun	接近戦
melodic death metal	noun	メロディックデスメタル
melodica	noun	ピアニカ|メロディオン|鍵盤ハーモニカ
melodious	adjective	旋律的な|旋律の美しい
melodrama	noun	メロ|メロドラマ
melody	noun	歌曲|メロディー|旋律|曲|調べ
melon	noun	メロン
melt	verb	溶ける|溶かす
melt in the mouth	adjective	口溶け|口溶けの良い|口に溶ける
melt pond	noun	融雪池
meltdown	noun	メルトダウン|炉心熔融
melting point	noun	融点
melting pot	noun	人種のるつぼ
member	noun	メンバー|会員|構成員
member function	noun	メンバ関数
member state	noun	加盟国
membership	noun	会員|メンバーシップ
membrane	noun	膜
meme	noun	ミーム
memento	noun	メメント|記念品|記念物
memento mori	noun	死を忘るなかれ
memetics	noun	ミーム学
memo	noun	メモ
memoir	noun	回想録|回顧録
memoization	noun	メモ化
memoize	verb	メモ化
memorabilia	noun	記念品
memorandum	noun	メモ|備忘録|忘備録|覚書
memorandum of understanding	noun	了解覚書
memorial	noun	記念物
memorization	noun	暗記
memorize	verb	覚える|暗記|記憶
memory	noun	記憶|メモリ|思い出|回想|追憶|メモリー
memory lane	noun	回想|懐古|懐旧|懐旧談
memory stick	noun	メモリースティック
men	noun	人々
men's studies	noun	男性学
menace	noun	脅威
menarche	noun	初潮|初経
mend	verb	修理|直す
mendacious	adjective	不正直|虚偽
mendelevium	noun	メンデレビウム
menhir	noun	メンヒル
menial	adjective	単純労働|下賎|賎しい|召し使い
meningitis	noun	髄膜炎
meniscus	noun	半月板
menopause	noun	更年期|閉経
menorah	noun	メノーラー
mens rea	noun	故意
menses	noun	メンス|月経血
menstrual pad	noun	生理用ナプキン
menstruate	verb	生理がある
menstruation	noun	月経|生理|月事
mental	adjective	心の|精神的
mental calculation	noun	暗算
mental disorder	noun	精神障害
mental hospital	noun	精神病院|精神科
mental illness	noun	精神疾患|精神病
mental image	noun	心像
mentalis	noun	頤筋
mentality	noun	メンタリティー|心理|考え方
mentally	adverb	精神的
menthol	noun	メントール|薄荷脳
mention	noun	言及|について話す
mentoring	noun	メンタリング
menu	noun	メニュー|お品書き|献立
meow	noun	にゃん|にゃあ|ニャー|にゃ|鳴く|にゃあと鳴く
mercantilism	noun	重商主義
mercenary	adjective	実利|傭兵
merchandise	noun	品物|商品|品|商材|物品
merchandising	noun	マーチャンダイジング
merchant	noun	商人
merciful	adjective	慈悲深い|慈愛深い
merciless	adjective	容赦ない|無慈悲
mercilessness	noun	無慈悲
mercury-vapour lamp	noun	水銀灯
mercy	noun	慈悲|情け|恵み
merely	adverb	ただ|ばかり|単に
meretricious	adjective	けばけばしい
merganser	noun	秋沙
merge	verb	合わせる|合併
mergeable	adjective	可合|合併できる
merger	noun	合併|統合
meridian	noun	子午線|経線|経絡|経絡系
meringue	noun	メレンゲ
merino	noun	メリノ種
meristem	noun	分裂組織
merit	noun	価値
meritocracy	noun	能力主義
merlon	noun	凸部
mermaid	noun	人魚
merman	noun	マーマン|半魚人
merperson	noun	人魚
merry	adjective	明るい|賑々しい|陽気
merry christmas		メリークリスマス
merry-go-round	noun	回転木馬|メリーゴーラウンド|カルーセル
mesenteric	adjective	腸間膜
mesentery	noun	腸間膜
mesh	noun	網
mesmerize	verb	魅了する
meson	noun	中間子|メソン|メゾン
mesopause	noun	中間圏界面
mesophyll	noun	葉肉
mesosphere	noun	中間圏
mesothelioma	noun	中皮腫
mess	noun	混乱
message	noun	伝言|通知|連絡|メッセージ|短信
message board	noun	電子掲示板|フォーラム|伝言板
message in a bottle	noun	ボトルメール
messenger	noun	使者|メッセンジャー|伝令|伻
messenger rna	noun	伝令RNA
messy	adjective	きたない|ぐちゃぐちゃ|乱雑
meta-		超|メタ
meta-analysis	noun	メタアナリシス|メタ分析|メタ解析
metabolic syndrome	noun	メタボ症候群
metabolism	noun	代謝|新陳代謝|物質代謝
metadata	noun	メタデータ
metake	noun	矢竹
metal	noun	金属|金|メタル
metal detector	noun	金属探知機
metalanguage	noun	メタ言語
metalhead	noun	メタラー
metallic	adjective	メタリック
metallic bond	noun	金属結合
metallocene	noun	メタロセン
metallurgy	noun	冶金|冶金術|金属工学|冶金学
metamathematics	noun	メタ数学|超数学
metamorphic rock	noun	変成岩
metamorphosis	noun	変態|変形
metaphor	noun	メタファー|暗喩|隠喩|比喩|象徴
metaphorical	adjective	比喩
metaphysics	noun	形而上学
metaplasm	noun	語音変異
metastasis	noun	転移
metastasize	verb	転移する (てんいする)
metathesis	noun	音位転換
metaverse	noun	メタバース|メタヴァース
metempsychosis	noun	輪廻
meteor	noun	流星|流れ星
meteor shower	noun	流星群
meteorite	noun	隕石
meteorologist	noun	気象学者
meteorology	noun	気象学|気象
meter	noun	メーター|計量器|拍子|韻律
metformin	noun	メトホルミン
methamphetamine	noun	メタンフェタミン|ヒロポン
methane	noun	メタン|メタンガス
methanol	noun	メタノール
methionine	noun	メチオニン
method	noun	方法|方式|メソッド
method acting	noun	メソッド演技|メソッド演技法
methodical	adjective	几帳面な
methodology	noun	方法論|手法|手順|方法
methyl	noun	メチル
methylation	noun	メチル化
meticulous	adjective	几帳面な|細部まで行き届いた
metonym	noun	換喩語
metonymy	noun	換喩|換喩法
metre	noun	メートル|㍍
metre per second	noun	メートル毎秒
metric	noun	計量|メトリック
metric space	noun	距離空間
metric ton	noun	トン|グラムトン|メトリックトン|屯
metroethnicity	noun	メトロエスニシティー
metrologist	noun	計量学者
metrology	noun	度量衡|測定学
metronome	noun	メトロノーム
metropolis	noun	メトロポリス|大都市|大都会
metropolitan	adjective	大都市の|府主教|首都大司教|都立
metropolitan france	noun	フランス本土
metrosexual	noun	メトロセクシャル
mew	noun	鴎
mezuzah	noun	メズーザー
mezzaluna	noun	メッザルーナ|メッツァルーナ
mezzanine	noun	中二階
mezzo-soprano	noun	メゾソプラノ
mi	noun	ミ
miai	noun	見合い
miasma	noun	瘴気|毒素
mica	noun	雲母|マイカ
michiyuki	noun	道行き
micro-		マイクロ-|マイクロ
microbe	noun	微生物
microbead	noun	マイクロビーズ
microbiologist	noun	微生物学者
microbiology	noun	微生物学
microblog	noun	ミニブログ
microchip	noun	マイクロチップ
microclimate	noun	微気候
microcontroller	noun	マイクロコントローラ|マイコン
microcosm	noun	小宇宙
microeconomics	noun	ミクロ経済学
microglia	noun	小膠細胞
microgram	noun	マイクログラム
microgravity	noun	微小重力
microlith	noun	細石器
micrometer	noun	マイクロメータ|マイクロメートル
micron	noun	ミクロン
microorganism	noun	微生物
micropenis	noun	矮小陰茎
microphone	noun	マイクロフォン|マイク
microplastic	noun	マイクロプラスチック
microprocessor	noun	マイクロプロセッサー|マイクロプロセッサ
microraion	noun	ミクロライオン
microscope	noun	顕微鏡|マイクロスコープ
microsecond	noun	マイクロ秒
microstate	noun	マイクロ
microwave	noun	マイクロ波|マイクロウェーブ|チンする
microwave oven	noun	電子レンジ|チン|レンジ|電子レンジオーブン
micturition	noun	排尿|放尿
mid-air	noun	空中|上空|中天|中空|宙
mid-life crisis	noun	ミドルエイジクライシス
midbrain	noun	中脳
midden	noun	貝塚
middle	adjective	中間|中心|中央
middle age	noun	中年
middle class	noun	中産階級|中流階級
middle ear	noun	中耳
middle finger	noun	中指|ファックサイン
middle income trap	noun	中所得国の罠
middle name	noun	ミドルネーム
middle power	noun	ミドルパワー
middle reaches	noun	中流
middle school	noun	中学校
middle school student	noun	中学生
middle-aged	adjective	中年
middlegame	noun	中盤
midfielder	noun	ミッドフィールダー
midge	noun	ユスリカ
midget	noun	小人|ちび|ミゼット
midnight	noun	真夜中|半夜|夜中|夜半|午前0時|正子
midnight sun	noun	白夜
midriff	noun	上腹部|胴体の中部
midsummer	noun	真夏
midterm	adjective	中間|中間テスト|中間試験
midwife	noun	助産婦|助産師|産婆
midwifery	noun	産科学
midwinter	noun	真冬
might	verb	かも知れない
might makes right		勝てば官軍負ければ賊軍
mighty	adjective	強大な
mignonette	noun	木犀草
migraine	noun	偏頭痛|片頭痛
migrant	noun	渡り者|移住者|移民
migrate	verb	回遊する|渡る|移住する|移民する|移行する
migration	noun	移住|回遊|移動|移行
migratory bird	noun	渡り鳥
mijiu	noun	ライスワイン|米酒
mikado	noun	天皇|帝|御門
mikoshi	noun	神輿
mild	adjective	温厚|穏やか|緩やか
mildew	noun	黴|かびる
mile	noun	マイル|ノット
milestone	noun	一里塚|里程標|一大事|事|画期的出来事|転換点
miliaria	noun	汗疹
miliary tuberculosis	noun	粟粒結核
militarism	noun	軍国主義
militarist	noun	軍国主義者
militarization	noun	軍事化
militarize	verb	軍事化
military	adjective	軍事的な|軍隊の|軍事的|軍隊
military exercise	noun	軍事演習
military government	noun	軍事政権|軍政
military parade	noun	観兵式
military police	noun	憲兵|警務官
military service	noun	兵役|軍役
military-industrial complex	noun	軍産複合体
militia	noun	民兵
militsia	noun	ミリツィア
milium	noun	稗粒腫
milk	noun	牛乳|ミルク|乳|乳汁|乳を搾る
milk bottle	noun	牛乳瓶
milk carton	noun	牛乳パック|ミルクカートン
milk chocolate	noun	ミルクチョコレート
milk churn	noun	ミルク缶
milk powder	noun	粉ミルク
milk snake	noun	ミルク蛇
milk tea	noun	ミルクティー
milk thistle	noun	大薊
milk tooth	noun	乳歯
milk-cap	noun	乳茸
milkfish	noun	虱目魚
milkmaid	noun	ミルクメイド|乳しぼり女|乳搾りの女
milkman	noun	牛乳屋|牛乳配達
milkshake	noun	ミルクセーキ
mill	noun	粉砕機|製粉所|ミル|工場|挽く
mille-feuille	noun	ミルフィーユ
millennial	noun	ミレニアル
millennium	noun	千年王国|至福千年|千年紀|千年|千年期|千年間
millennium bug	noun	2000年問題
miller	noun	粉屋
millet	noun	黍
milli-		ミリ-
millibar	noun	ミリバール
milligram	noun	ミリグラム
millilitre	noun	ミリリットル
millimetre	noun	ミリメートル|ミリ
million		百万
millionaire	noun	ミリオネア|大富豪|百万長者
millipede	noun	ヤスデ|馬陸
millisecond	noun	ミリ秒|ミリセカント
millisievert	noun	ミリシーベルト
millstone	noun	ひき臼|碾き臼
milt	noun	白子
mime	noun	マイム
mimeograph	noun	謄写版
mimicry	noun	擬態
minaret	noun	ミナレット
mince	noun	挽肉|肉餡
mince pie	noun	ミンスパイ
mind	noun	心|知性|精神|念頭
mind control	noun	マインドコントロール
mind one's own business	verb	要らぬ世話をしない
mind's eye	noun	心眼
mindset	noun	心理|考え方
mine	noun	鉱山|マイン|地雷|私
minecart	noun	トロッコ
minefield	noun	地雷原
minelayer	noun	機雷敷設艦
miner	noun	坑夫|鉱夫|鉱山労働者
mineral	adjective	鉱物|ミネラル
mineral oil	noun	鉱油|鉱物油
mineral water	noun	ミネラルウォーター|鉱泉水
mineralocorticoid	noun	ミネラルコルチコイド|ミネラロコルチコイド|鉱質コルチコイド|電解質コルチコイド
mineralogy	noun	鉱物学
minestrone	noun	ミネストローネ
minesweeper	noun	掃海艇|マインスイーパー
minesweeping	noun	掃海
miniature	noun	ミニチュア
miniature golf	noun	パターゴルフ|ミニゴルフ
minibar	noun	ミニバー
minibus	noun	マイクロバス
minify	verb	小さい|縮める|縮小
minigame	noun	ミニゲーム
minim	noun	二分音符
minimal	adjective	最低|最小
minimal pair	noun	ミニマル・ペア|最小対|最小対立|最小対語
minimalist	noun	ミニマリスト
minimap	noun	ミニマップ
minimization	noun	最小化
minimize	verb	最小化
minimum	adjective	最小|最低|極小
minimum wage	noun	最低賃金
mining	noun	鉱業|採鉱
minion	noun	子分
minipig	noun	ミニ豚
miniskirt	noun	ミニスカート|ミニスカ
minister	noun	牧師|大臣|長官
minister of justice	noun	法務大臣
ministry	noun	省
minivan	noun	ミニバン
minivet	noun	山椒食
mink	noun	ミンク
minke whale	noun	ミンククジラ
minor	noun	未成年者
minor axis	noun	短軸
minor key	noun	短調
minor third	noun	短三度
minority	noun	少数
minority language	noun	少数言語
minotaur	noun	ミノタウロス|牛人
minstrel	noun	吟遊詩人|ミンストレル
minstrel show	noun	ミンストレル・ショー
mint	noun	造幣局|ミント|薄荷|若緑
mint chocolate	noun	チョコミント|ミントチョコ|ミントチョコレート
mint chocolate chip	noun	ミントチョコチップ
mint sauce	noun	ミントソース
minuend	noun	引かれる数|被減数
minuet	noun	メヌエット
minus	adjective	マイナス|負|引く
minus sign	noun	マイナス|マイナス記号
minuscule	adjective	矮小|小文字
minute	adjective	綿密|分|会議録|議事録
minute hand	noun	分針|長針
minutes	noun	会議録|議事録
minutia	noun	枝葉末節
minx	noun	お侠
miombo tit	noun	キタハイイロガラ
miracle	noun	奇跡|霊験
miracle play	noun	奇跡劇
mirage	noun	蜃気楼
mirin	noun	味醂
mirror	noun	鏡|姿見
mirth	noun	喜び|歓楽|笑い|遊び
mis-		ミス|誤
misandry	noun	男嫌い|ミサンドリー
misanthropy	noun	人間不信
misbehavior	noun	不正行為|違法行為
miscalculate	verb	誤算する
miscalculation	noun	誤算
miscarriage	noun	失敗|流産
miscarriage of justice	noun	冤罪|誤判|誤審
miscellaneous	adjective	雑多
mischief	noun	悪戯|悪戯っ子
mischievous	adjective	いたずら|やんちゃ|わんぱく|行儀が悪い
miscommunication	noun	ミスコミュニケーション
misdeed	noun	悪事|犯罪
misdemeanor	noun	微罪|軽犯罪|軽罪
misdiagnosis	noun	誤診
mise en scène	noun	ミザンセーヌ
miser	noun	けちんぼう|ケチ|守銭奴
miserable	adjective	悲惨|惨め|下手
miserly	adjective	けち|吝嗇
misery	noun	悲惨|惨め|苦痛
misery loves company		同病相憐れむ
misfortune	noun	不運|不幸|災い
mishap	noun	不運
mishear	verb	聞き間違う
misinformation	noun	誤伝
misleading	adjective	紛らわしい
mismanagement	noun	失態
misnomer	noun	誤称
miso	noun	味噌
miso soup	noun	味噌汁
misogamy	noun	厭婚
misogynist	noun	ミソジニスト|女嫌い
misogyny	noun	ミソジニー|女嫌い|女性嫌悪
misopedia	noun	子供嫌い
misplace	verb	置き忘れる
misread	verb	誤読する
miss out	verb	逃す
missed call	noun	不在着信
missile	noun	弾丸|ミサイル|誘導弾
missing in action	adjective	行方不明的な
missing link	noun	ミッシングリンク
missing person	noun	行方不明者
missiology	noun	宣教学
missionary	noun	宣教師
missionary position	noun	正常位
misspell	verb	つづりを間違う
misspelling	noun	スペルミス
mist	noun	霧|霞み|霞む
mistakable	adjective	紛らわしい
mistake	noun	間違い|誤り|錯誤|エラー|過ち|ミス|勘違い
mistakenly	adverb	誤って
mister	noun	氏|さん|様
mistle thrush	noun	宿り木鶇
mistletoe	noun	宿木
mistletoebird	noun	宿木花鳥
mistranslation	noun	誤訳
mistress	noun	情婦|愛人
mistrust	noun	不信
misty	adjective	霞み
misunderstand	verb	勘違い|誤解
misunderstanding	noun	誤解|勘違い
mite	noun	壁蝨
mithril	noun	ミスリル
mitochondrion	noun	ミトコンドリア|糸粒体
mitosis	noun	有糸分裂
mitre	noun	ミトラ
mitten	noun	ミトン
mix	verb	混ぜる
mixed	adjective	交じった|混合した|ハーフ|混血
mixed doubles	noun	ミックスダブルス|混合ダブルス
mixed marriage	noun	国際結婚|異民族間の結婚|雑婚
mixed martial arts	noun	総合格闘技
mixed number	noun	帯分数
mixed nuts	noun	ミックスナッツ
mixed reaction	noun	分類された反作用
mixer	noun	ミキサー
mnemonic	noun	記憶法|語呂合わせ
mnemonics	noun	記憶術
moa	noun	モア
moabi	noun	モアビ
moai	noun	モアイ
moan	noun	呻き|呻き声|呻く
moat	noun	堀
mob	noun	暴徒|群れ
mobile	adjective	可動|モビール
mobile crane	noun	移動式クレーン
mobile game	noun	モバイルゲーム
mobile number	noun	携帯番号
mobile phone	noun	携帯|携帯電話|セルフォン|セルホーン|モバイル
mobile station	noun	移動局
mobilise	verb	動員
mobility	noun	動きやすさ|可動|機動|流動性
mobility scooter	noun	シニアカー
mobilization	noun	動員
mobocracy	noun	衆愚政治
moccasin	noun	モカシン
mochi	noun	餅
mochiko	noun	餅粉
mock	noun	模造品|嘲り|嘲笑|真似る|揶揄う
mock examination	noun	模擬テスト|模擬試験
mock-orange	noun	バイカウツギ
mock-up	noun	モックアップ|木型|模型
mockingbird	noun	アザケルトリ
mocktail	noun	モクテル
modal particle	noun	心態詞
modal verb	noun	法助動詞|法動詞
mode	noun	モード
mode of transport	noun	輸送手段
model	noun	モデル|模範|型|模型
modeling clay	noun	プラスチシン
modem	noun	モデム
moderate	adjective	適度|穏健
modern	adjective	近代|モダン|現代
modern pentathlon	noun	近代五種
modernism	noun	モダニズム
modernization	noun	現代化|近代化
modernize	verb	現代化|近代化
modest	adjective	謙虚|謙遜|適度
modicum	noun	ちょっぴり|少量
modification	noun	修正
modified starch	noun	加工澱粉
modifier	noun	修飾子|修飾語
modify	verb	修飾する
modulation	noun	変調方式
modulator	noun	変調器
module	noun	モジュール
moe	noun	萌え
mohair	noun	モヘア
mohinga	noun	モンヒンガー
moist	adjective	しっとり|湿る|濡れる
moisture	noun	湿気
mojibake	noun	文字化け
mojito	noun	モヒート
molar	noun	臼歯
molasses	noun	糖蜜
mold	noun	黴
mole	noun	ほくろ|黒子|モグラ|土竜|二重スパイ|防波堤
mole cricket	noun	ケラ|螻蛄
molecular biologist	noun	分子生物学者
molecular biology	noun	分子生物学
molecular formula	noun	分子式
molecular genetics	noun	分子遺伝学
molecular mass	noun	分子量
molecular orbital	noun	分子軌道
molecule	noun	分子
molehill	noun	土竜塚|もぐらづか
molester	noun	痴漢
mollusc	noun	軟体動物
molybdenum	noun	モリブデン
moment	noun	モーメント|瞬間|一刻
moment of silence	noun	黙祷
momentarily	adverb	間も無く
momentous	adjective	重大
momentum	noun	運動量
momme	noun	匁
mommy	noun	お姉ちゃん
momo	noun	モモ
monarch	noun	君主|王
monarch butterfly	noun	大樺斑
monarchism	noun	君主主義
monarchy	noun	君主制
monastery	noun	修道院|僧院
monchong	noun	エチオピア|テツビン|ヒレジロマンザイウオ|チカメエチオピア
mondegreen	noun	モンデグリーン|幻聴|空耳
monetary	adjective	貨幣|金銭的
monetary unit	noun	通貨単位
money	noun	金|金銭|マネー|お金|貨幣
money bag	noun	金持ち
money can't buy happiness		お金は幸福を買わない
money doesn't grow on trees		木にお金は生えない
money laundering	noun	マネロン|マネー・ロンダリング|マネー・ローンダリング|資金洗浄
money order	noun	為替
money talks		地獄の沙汰も金次第|金が物を言う|閻魔大王が下す地獄での判決も金次第では軽くもなる
moneybags	noun	金持ち|金満家
monger	noun	屋
mongoloid	noun	モンゴロイド|蒙古人種|黄色人種
mongoose	noun	マングース|猫鼬
mongrel	noun	雑種|ハーフ|混血児
monism	noun	一元論
monito del monte	noun	チロエオポッサム
monitor	noun	モニター
monitor lizard	noun	大蜥蜴
monitoring	noun	モニタリング|監視
monk	noun	修道士|僧|僧侶|坊さん|法師
monkey	noun	猿|サル
monkey business	noun	悪戯|いんちき|インチキ|裏工作
monkey see, monkey do		猿真似
monkey wrench	noun	モンキースパナ|モンキーレンチ|自在スパナ
monkey-house	noun	獣舎
mono	adjective	モノ
mono-		モノ|一|単
mono-ii	noun	物言い
monoamine oxidase	noun	モノアミン酸化酵素
monochrome	adjective	単色|モノクローム
monocle	noun	片眼鏡
monocotyledon	noun	単子葉植物
monoeye	noun	単眼
monogamous	adjective	一夫一婦
monogamy	noun	一夫一婦制
monogram	noun	モノグラム
monograph	noun	モノグラフ
monolatry	noun	一神崇拝|拝一神教
monolingual	adjective	単一言語
monolith	noun	モノリス|一枚岩
monolithic	adjective	一枚岩
monologue	noun	モノローグ|独白|独話|漫談|落語
monomer	noun	モノマー
mononucleosis	noun	伝染性単核球症
monophthong	noun	単母音
monophysitism	noun	単性説|単性論
monoplane	noun	単葉機
monopsony	noun	需要独占
monorail	noun	モノレール
monosaccharide	noun	単糖
monosodium glutamate	noun	グルタミン酸ナトリウム|味の素
monosyllabic	adjective	単音節
monotheism	noun	一神教
monotonous	adjective	単調
monotreme	noun	カモノハシ目|単孔類
mons pubis	noun	恥丘
monsoon	noun	モンスーン
monster	noun	怪物|化け物|モンスター|怪異
monster cock	noun	巨根
monster girl	noun	モンスター娘
monster truck	noun	モンスタートラック
monstrance	noun	聖体顕示台
monstrosity	noun	怪異
monstrous	adjective	巨大
montage	noun	モンタージュ
montane	adjective	山地の
month	noun	月|月間
monthly	adjective	毎月|月次|月刊誌
montiform	adjective	モンティフォーム
monument	noun	記念碑|モニュメント
moo		モー
moo-moo	noun	モーモー|牛さん
moocher	noun	乞丐
mood	noun	気分|気持ち|ムード
moody	adjective	根暗
mook	noun	ムック
moon pool	noun	ムーンプール
moonbase	noun	月面基地
moonbeam	noun	月光
moonbow	noun	月虹
mooncake	noun	月餅
moonfish	noun	銀鏡
moonflower	noun	夜顔
moonlight	noun	月光|月の光|月明かり|月色
moonlit	adjective	月の光に照らされた|月光に照らされた|月明かりに照らされた
moonquake	noun	月震
moonshine	noun	密造酒
moonstone	noun	月長石
moonwalk	noun	ムーンウォーク|ムーンウオーク
moonwort	noun	姫花蕨|合田草
moose	noun	ヘラジカ|箆鹿
mop	noun	モップ
moped	noun	モペッド|原付
mora	noun	モーラ|拍|モラ
moraine	noun	モレーン
moral	adjective	倫理的|教訓
moral code	noun	道徳律
moral panic	noun	道徳的なパニック
moral philosophy	noun	道徳哲学
morale	noun	士気
morality	noun	道徳
moratorium	noun	停止|モラトリアム
moray	noun	鱓
morbid	adjective	病的|不健全
mordacious	adjective	辛辣です
mordent	noun	モルデント|漣音
more	adverb	もっと|もう|よりおおく|よりたくさん|...よりたくさん|...より多く
more and more	adverb	ますます|更
more often than not	adverb	たいてい
more or less	adverb	およそ|約|ほとんど|多かれ少なかれ
morel	noun	アミガサダケ|網笠茸
moreover	adverb	その上|さらに|しかも
morepork	noun	ニュージーランドアオバズク
mores	noun	モーレス|慣習|道徳観
morgue	noun	遺体安置所|霊安所|死体安置所|霊安室|モルグ|死体置き場
moribund	adjective	死にかけている|瀕死
morin khuur	noun	モリンホール|馬頭琴
morion	noun	モリオン
morning	noun	朝|午前
morning glory	noun	朝顔
morning sickness	noun	おそ|つわり|悪阻
morning star	noun	モーニングスター|明けの明星
morning wood	noun	あさだち|朝立ち
moron	noun	低能者|間抜け|頓痴気
morpheme	noun	形態素
morphine	noun	モヒ|モルヒネ|モルフィン
morphism	noun	型射|射
morpholine	noun	モルホリン
morphology	noun	形態学|形態論|形態|語形論
morphosyntax	noun	けいたいとうごろん|形態統語論
mortadella	noun	モルタデッラ
mortal	adjective	必滅|死すべき|命取り|必殺|致死|不倶戴天|人間
mortal sin	noun	大罪
mortality	noun	必滅|死亡率
mortar	noun	モルタル|すり鉢|臼|擂り鉢|乳鉢|迫撃砲
mortgage	noun	抵当|住宅ローン|抵当権
mortification	noun	屈辱|壊死
mortify	verb	苦行|屈辱|辱める|殺す
mortise	noun	ほぞ穴|枘穴
mosaic	noun	モザイク|モザイク病|モザイク写真
moscovium	noun	モスコビウム
mosh pit	noun	モッシュピット
mosque	noun	モスク|マスジド
mosquito	noun	蚊|カ
mosquito coil	noun	蚊取り線香
mosquito larva	noun	ボウフラ
mosquito net	noun	蚊屋|蚊帳
moss	noun	苔|蘚苔|コケ
moss green	noun	モスグリーン
most	adverb	一番|最|最も|一番たくさん|大部分
most of all	adverb	とりわけ
most significant bit	noun	最上位ビット
most valuable player	noun	MVP|最優秀選手
mostly	adverb	大体|大方|たいてい
mote	noun	ちり|ほこり|微粉
motel	noun	モテル|モーテル
moth	noun	蛾|ガ
mothball	verb	〜を使わずにとっておく
mother	noun	母|お母さん|お袋|ママ|元|最大の|母のように世話する
mother ship	noun	母船|母艦
mother tongue	noun	母語|母国語|自国語
mother-in-law	noun	姑|義母|義理の母
mother-of-pearl	noun	真珠層|真珠母
mother-to-be	noun	妊婦|孕婦
motherboard	noun	マザーボード|メインボード
motherfucker	noun	くそったれ|てめえ|下衆野郎|糞野郎
motherland	noun	母国|祖国|本国|故国
motherwort	noun	目弾
motif	noun	主題|モチーフ
motion	noun	動き|運動|動議|提案
motion capture	noun	モーションキャプチャ
motion sickness	noun	乗り物酔い|加速度病|船酔い|車酔い
motionless	adjective	不動の
motivate	verb	動機を与える
motivation	noun	動機|モチベーション
motivational	adjective	動機付け
motive	noun	理由|動機
motley	adjective	ごちゃ混ぜ|寄せ集め|雑色
motocross	noun	モトクロス
motor	noun	エンジン|機関|モーター|原動機|機械|発動機
motor racing	noun	自動車レース|自動車競技
motor scooter	noun	スクーター
motorboat	noun	モーターボート
motorcade	noun	車列
motorcycle	noun	オートバイ|バイク|単車|自動二輪車
motorcyclist	noun	ライダー
motorist	noun	モータリスト
motorsport	noun	モータースポーツ
motorway	noun	高速道路|自動車道
motto	noun	モットー|座右の銘|標語
mouflon	noun	ムフロン
moulage	noun	ムラージュ
mouldy	adjective	かびる
moult	noun	抜け替わり|蛻|抜け替わる|生え変わる
mound	noun	マウンド|塚
mountain	noun	山|山地|山岳|やま
mountain bike	noun	マウンテンバイク
mountain chickadee	noun	マミジロコガラ
mountain hare	noun	雪兎
mountain pass	noun	とうげ|峠
mountain range	noun	山脈
mountain wagtail	noun	ハイイロハクセキレイ
mountaineer	noun	山人|登山家
mountaineering	noun	登山|山登り
mourn	verb	悲しむ|悼む
mourning	noun	喪
mourning cloak	noun	黄縁立羽
mouse	noun	鼠|マウス|ハツカネズミ|ネズミ
mouse pad	noun	マウスパッド
mouse wheel	noun	マウスホイール
mouse-colored antshrike	noun	ネズミアリモズ
mousehole	noun	ネズミ穴|鼠穴
mousekin	noun	子ネズミ
mousetrap	noun	ネズミ捕り|鼠取り
moussaka	noun	ムサカ
mousse	noun	ムース
moustache	noun	口髭|口ひげ
mouth	noun	口|河口
mouthbrooder	noun	マウスブルーダー
mouthfeel	noun	食感
mouthpiece	noun	マウスピース
mouthwash	noun	洗口液
movable type	noun	活字
move	noun	動き|引っ越し|転居|手|引っ越す|移る
move house	verb	引っ越す
movement	noun	運動|動き|楽章
movie	noun	映画
movie star	noun	映画スター
moving	adjective	感動的
moving walkway	noun	動く歩道|ムービングウォーク
mow	verb	刈る
mower	noun	草刈り
moxa	noun	艾
moxibustion	noun	灸|お灸
moxie	noun	度胸|根性
mozzarella	noun	モッツァレラ|モッツァレッラ|モツァレラ|モザレラ
mozzetta	noun	モッツェッタ
mph	noun	マイル毎時
mpox	noun	エムポックス|サル痘
mu	noun	ミュー|ミ
much	adverb	沢山|多い|多く
much ado about nothing		空騒ぎ
much less		況してや
much of a muchness		どんぐりの背比べ
muck	noun	泥|黒泥土|堆肥|腐植土|腐葉土|汚物
mucous membrane	noun	粘膜
mucus	noun	粘液
mud	noun	泥|中傷|悪口|論難|非難
mud sedge	noun	谷地菅
mud volcano	noun	泥火山
mud wrestling	noun	泥レス
muddy	adjective	濁り
mudflow	noun	泥流
mudguard	noun	泥よけ
mudra	noun	印相
mudslide	noun	土石流|崖崩れ|泥流
mudstone	noun	泥岩
muesli	noun	ミューズリー
muezzin	noun	ムアッジン|ムアッズィン
muff	noun	マフ
muffin	noun	マフィン
muffler	noun	マフラー|消音器
mufti	noun	ムフティー|便衣隊|平服|私服
mug	noun	マグカップ|ジョッキ|鴨|面
mug shot	noun	マグショット
mugger	noun	ヌマワニ|路上の強盗
muggy	adjective	蒸し暑い
mugwort	noun	蓬|欧州蓬
mujahid	noun	ムジャーヒディーン|ムジャーヒド
mujik	noun	農民|ムジク
mukbang	noun	モッパン
mulatto	noun	ムラート
mulberry	noun	桑|クワ|クワの実|桑の実色|桑色
mule	noun	ラバ|騾馬|ミュール
mullah	noun	ムッラー
mullein	noun	毛蕊花
mullet	noun	ボラ|鯔|マレット
multi-		多
multi-level marketing	noun	マルチ商法|連鎖販売取引
multibreast	noun	複乳
multicellular	adjective	多細胞
multicolored	adjective	多彩な|多色
multiculturalism	noun	多文化主義|マルチカルチュラリズム|多元文化論|多文化
multidimensional array	noun	多次元配列
multilateralism	noun	多国間主義
multilingual	adjective	多言語
multimedia	noun	マルチメディア|複合媒体
multimillionaire	noun	千万長者
multinational	noun	多国籍企業
multiple	adjective	多重|倍数
multiple citizenship	noun	多重国籍|重国籍
multiple inheritance	noun	多重継承
multiple sclerosis	noun	多発性硬化症
multiple-choice question	noun	多肢選択法
multiplex	verb	マルチプレキシング
multiplicand	noun	被乗数
multiplication	noun	乗法|掛け算|倍増
multiplication table	noun	九九|九九の表
multiplier	noun	乗数
multiply	verb	掛ける
multipurpose	adjective	多目的
multiset	noun	多重集合
multitasking	noun	マルチタスク
multitudinous	adjective	百千万
multiverse	noun	多元宇宙|マルチバス
mum	noun	母|お母さん|ママ
mumble	verb	呟く|囁く
mummy	noun	ママ|お母さん|ミイラ|木乃伊
mummy brown	noun	マミーブラウン
mumps	noun	流行性耳下腺炎|おたふく 風邪
mung bean	noun	緑豆
municipal	adjective	市立|都市
municipality	noun	自治体
muoctahedron	noun	六角四片四角孔ねじれ正多面体
muon	noun	ミュー粒子
mura	noun	むら
murabba	noun	ヴァレニエ
mural	noun	壁画
murder	noun	殺人|殺人罪|殺害|謀殺|殺す|殺害する
murder hornet	noun	殺人スズメバチ
murderer	noun	人殺し|殺人者
murderous	adjective	殺伐
murex	noun	ミューレックス|骨貝
murine	adjective	ネズミ
murmur	verb	呟く
muscle	noun	筋肉|筋
muscle of mastication	noun	咀嚼筋
muscle tone	noun	筋緊張
musclegirl	noun	筋肉女子
muscular	adjective	ムキムキ
muscular dystrophy	noun	筋ジストロフィー
museology	noun	博物館学
museum	noun	博物館|美術館
mushrik	noun	ムシュリク
mushroom	noun	茸|キノコ|きのこ
mushroom cloud	noun	茸雲
mushy	adjective	柔らかい
music	noun	音楽|ミュージック|楽譜
music box	noun	オルゴール|自鳴琴
music game	noun	音楽ゲーム
music hall	noun	寄席
music school	noun	音楽学校
music stand	noun	譜面台
music theory	noun	音楽理論
music therapy	noun	音楽療法
music video	noun	ビデオクリップ|ミュージックビデオ
musical	adjective	ミュージカル|音楽|音楽的
musical instrument	noun	楽器
musical notation	noun	記譜法
musical scale	noun	音階
musician	noun	音楽家
musicology	noun	音楽学
musk	noun	麝香
musk deer	noun	麝香鹿
musk ox	noun	麝香牛
musk turtle	noun	におい亀
musket	noun	マスケット銃|マスケット
musketeer	noun	銃士
muskmelon	noun	マスクメロン
muskrat	noun	マスクラット
muslin	noun	モスリン|メリンス|モス|唐縮緬|毛斯綸
mussel	noun	貽貝|ムール貝
must	verb	なきゃ|いけない|なくちゃ|ならない|駄目
must-read	noun	必読
mustang	noun	ムスタング
mustard	noun	からし|カラシ|芥子色|マスタード|芥子
mustard gas	noun	マスタードガス
mustard seed	noun	カラシナ
musty	adjective	黴臭い
mutagen	noun	変異原性
mutant	noun	突然変異体
mutation	noun	突然変異|変異
mutatis mutandis	adverb	変更すべきは変更して|準用
mute	adjective	口の利けない|黙々|唖|弱音器
mute h	noun	無音の h
mute swan	noun	コブハクチョウ
mutetrahedron	noun	六角六片三角孔ねじれ正多面体
mutilate	verb	ばらばら|不具|切断|骨抜き
mutilation	noun	不具|切断|骨抜き
mutiny	noun	下剋上|反乱|暴動
mutism	noun	無言症|緘黙症
mutt	noun	駄犬|雑犬|雑種
mutter	verb	呟く|囁く
mutton	noun	羊肉
mutual	adjective	互い|相互
mutualism	noun	相利共生
mutually	adverb	互いに
mutually exclusive	adjective	排反
muumuu	noun	ムームー
muzzle	noun	銃口|鼻面|口輪
mwah		ちゅっ
my		我が|僕|私|我
my blood type is ...		血液型は...です
my car has broken down		車(が)故障しちゃった|車(が)故障してしまった|車が故障してしまいました
my name is		といいます|と申します|名前は……です|私は……です
my pleasure		いいえ|どういたしまして
mycology	noun	菌類学|真菌学
mycorrhiza	noun	菌根
myelin sheath	noun	髄鞘
myocardium	noun	心筋
myoga	noun	茗荷|蘘荷
myoma	noun	筋腫
myoseki	noun	名跡
myriad	noun	万|八百万
myriagon	noun	万角形
myrmicine	noun	蓋節蟻
myrrh	noun	没薬|ミルラ
myrtle	noun	ギンバイカ
myself		自分
mysterious	adjective	不思議|ミステリアス|神秘的
mystery	noun	不思議|神秘|ミステリー
mystical	adjective	神秘
mysticism	noun	神秘主義
mystification	noun	神秘化
myth	noun	神話
mythical	adjective	神話
mythologist	noun	神話学者
mythology	noun	神話|神話学
mythomania	noun	虚言癖
mâche	noun	コーンサラダ|ノジシャ|ノヂシャ|マーシュ
n-dimensional	adjective	N次元の
n-dimensional space	noun	n次元空間
n/a	adjective	該当なし|利用不可
naan	noun	ナン|ナーン
nacelle	noun	ナセル
nadir	noun	天底|どん底
naengmyeon	noun	ネンミョン|レンミョン|冷麺
naga	noun	ナーガ|竜
nagamaki	noun	長巻
nage-waza	noun	投げ技
nah		ううん
naiad	noun	ナーイアス
nail	noun	爪|釘
nail clippers	noun	爪切|爪切り
nail file	noun	ネイルファイル|爪やすり
nail gun	noun	ネイルガン
nail polish	noun	ネールポリッシュ|ネイルエナメル|ネイルカラー|ネイルポリッシュ
nail polish remover	noun	ポリッシュリムーバー
nailhead	noun	釘頭
nailist	noun	ネイリスト
naive	adjective	あどけない|無邪気
naked	adjective	裸
naked eye	noun	肉眼|裸眼
naked mole rat	noun	ハダカデバネズミ|裸出歯鼠
nakedness	noun	裸体
namaste	noun	ナマステ
name	noun	名前|名|名称|芳名|評判|名付ける
name after	verb	名付ける
name day	noun	聖名祝日
name-calling	noun	悪口|悪罵
nameko	noun	なめこ
nameless	adjective	名無し|無名
namely	adverb	つまり|即ち
nameplate	noun	名札|ネームプレート
namesake	noun	同名異人|同姓同名
namespace	noun	名前空間
naming convention	noun	命名法
naming rights	noun	ネーミングライツ|命名権
nandina	noun	南天
nani		何
nanny	noun	ナニー|乳母
nano-		ナノ-
nanometre	noun	ナノメートル
nanori	noun	名乗り
nanosecond	noun	ナノ秒
nanotechnology	noun	ナノテクノロジー
nanotube	noun	ナノチューブ
nanowire	noun	ナノワイヤ
nantaimori	noun	男体盛り
nap	noun	昼寝|転寝|毛羽|毳々|毛羽立てる
napa cabbage	noun	白菜
napalm	noun	ナパーム|ナパーム弾
nape	noun	項|襟首
naphtha	noun	ナフサ
naphthalene	noun	ナフタレン|ナフタリン
naphthyridine	noun	ナフチリジン
napkin	noun	ナプキン
napkin ring	noun	ナプキンリング
narcissism	noun	ナルシシズム|ナルシシスム|自己愛
narcissist	noun	ナルシスト
narcissistic personality disorder	noun	ナルシシズム性人格障害
narcissus	noun	水仙
narcolepsy	noun	ナルコレプシー|居眠り病
narcotic	noun	麻薬
narrate	verb	教える|物語る|話をする
narration	noun	ナレーション|叙述
narrative	noun	物語|姿勢|物語り方|解釈
narrator	noun	語り手|ナレーター|解説者|語り部
narrow	adjective	狭い
narrow gauge	noun	狭軌
narrow-minded	adjective	偏狭|狭量
narrowness	noun	狭さ|狭小|狭窄|狭隘
narutomaki	noun	鳴門巻き|ナルト|蒲鉾
narwhal	noun	イッカク|一角
nasal	noun	鼻音
nasal cavity	noun	鼻腔
nasal irrigation	noun	鼻洗浄
nasal polyp	noun	鼻茸
nasal septum	noun	鼻中隔
nasalization	noun	鼻音化
nascent	adjective	生まれそうな
nasheed	noun	ナシード
nasi goreng	noun	ナシゴレン|ナシ・ゴレン
nasi lemak	noun	ナシレマッ
nasturtium	noun	凌霄葉蓮|金蓮花|キンレンカ|ノウゼンハレン
nata de coco	noun	ナタデココ
nation	noun	国民|国|国家
nation-state	noun	国民国家
national	adjective	国立|国家|国民
national anthem	noun	国歌
national day	noun	国民の祝日|建国記念日
national debt	noun	公債|国債
national emblem	noun	国章
national holiday	noun	国民の祝日|祝日|祝祭日|祭日|国家の日
national park	noun	国立公園
national security	noun	国家安全保障
national treasure	noun	国宝
nationalisation	noun	国有化
nationalism	noun	民族主義|ナショナリズム|国民主義
nationalist	adjective	民族主義|民族主義者
nationality	noun	国籍
nationalize	verb	国有化
native	adjective	土着|自国
native speaker	noun	ネイティブスピーカー|母語話者|ネイティブ|ネイティブ話者
natto	noun	納豆
natural	adjective	天然|自然|当たり前|当然
natural child	noun	ラブチャイルド|私生児
natural disaster	noun	自然災害
natural gas	noun	天然ガス|市ガス
natural history	noun	博物学
natural language	noun	自然言語
natural language processing	noun	自然言語処理
natural language understanding	noun	自然言語理解
natural law	noun	自然法
natural logarithm	noun	自然対数
natural number	noun	自然数|正数|非負数
natural numbers	noun	自然数
natural person	noun	自然人
natural resource	noun	天然資源|自然資源
natural right	noun	自然権
natural science	noun	自然科学
natural selection	noun	自然淘汰|自然選択
naturalization	noun	帰化
naturally	adverb	勿論
nature	noun	自然|性質
nature reserve	noun	自然保護区
nature-positive	noun	ネイチャーポジティブ|自然再興
naturism	noun	ヌーディズム
naturopathy	noun	自然療法
naughty	adjective	わんぱく|いたずら|やんちゃ|行儀が悪い|エッチ|きわどい
nausea	noun	吐き気|悪心|酔い|嫌悪
nautical	adjective	海事|航海
nautical chart	noun	海図
nautical mile	noun	海里
nautilus	noun	鸚鵡貝|オウムガイ
naval infantry	noun	海軍歩兵
naval mine	noun	機雷
nave	noun	身廊|轂
navel	noun	臍
navy	adjective	ネービーブルー|海軍|ネイヴィー|艦隊
navy blue	noun	ネイビー|ネイビーブルー|濃紺
nay	adverb	もとい
near	adjective	近い|近く|近付く
near infrared	noun	近赤外線
near-death experience	noun	臨死体験
nearby	adverb	近く
nearly	adverb	大方|殆ど
nearsightedness	noun	近視|近眼
neat	adjective	きちんとした
nebula	noun	星雲
nebulium	noun	ネブリウム
necessary	adjective	必要|当然|必然的
necessary evil	noun	必要悪
necessity	noun	必要|必要性|ニーズ|必然性|必需品|要求
necessity is the mother of invention		必要は発明の母
neck	noun	首|襟|棹|いちゃつく|戯れる|縊る
neckbeard	noun	ネックベアード
neckerchief	noun	ネッカチーフ
necklace	noun	ネックレス|首飾り
neckline	noun	襟ぐり
necktie	noun	ネクタイ
necro-		影霊
necrocracy	noun	ネクロクラシ
necrology	noun	過去帳|鬼籍|訃報
necromancer	noun	ネクロマンサー|死霊使い|黒魔術師
necromancy	noun	ネクロマンシー
necrophilia	noun	死体愛好症|ネクロフィリア|屍体性愛|屍姦|死体性愛
necrophobia	noun	ネクロフォビア
necropolis	noun	ネクロポリス|墓地|墓場
necrosis	noun	壊死
nectar	noun	蜜|神酒|美酒|花蜜
nectarine	noun	ネクタリン|光桃|椿桃|油桃
need	noun	必要|要る|...が必要|必要する|しなければいけない|義務がある
needle	noun	針|針葉
needle in a haystack	noun	干し草の山の針
needlefish	noun	駄津
needlenose pliers	noun	ラジオペンチ
needless	adjective	不必要な
needless to say	adverb	言うまでもない
negate	verb	否定
negation	noun	否定|否認|否決
negative	adjective	負|否定|否定的|陰画|ネガフィルム|うちけし
negative clause	noun	否定文
negative number	noun	負の数|負数
negative verb	noun	否定動詞
negative zero	noun	負のゼロ
neglect	noun	忽略|怠慢|無視
negligence	noun	過失|疎か
negligible	adjective	取るに足らない|つまらない|些細
negotiate	verb	交渉|折衝
negotiation	noun	交渉
negro	adjective	黒人|黒子
negroni	noun	ネグローニ
neigh	noun	いななき
neighborhood	noun	近所|付近|周辺|近隣|隣|隣人
neighbour	noun	隣人|隣の人|近所の人|隣家の人|隣り合う
neither		XでもなくYでもない|XもYも…ない|どちらも…ない|…も…ない
neither fish nor fowl	adjective	海の物とも山の物ともつかない
neither … nor		…もなくて…もない
nematic	adjective	ネマティック
nematode	noun	線形動物
nematology	noun	線虫学
nene	noun	ハワイ雁
neo-		新|現|現代
neo-nazi	noun	ネオナチ
neo-nazism	noun	ネオナチ|ネオ·ナチズム
neocommunism	noun	ユーロコミュニズム
neodymium	noun	ネオジム
neofascism	noun	ネオ・ファシズム|新ファシズム
neoimperialism	noun	新帝国主義
neologism	noun	新語|新造語|造語
neon	noun	ネオン
neon lamp	noun	ネオン管
neophilia	noun	好奇心
neophobia	noun	新奇恐怖症
neoplasm	noun	新生物
neoprene	noun	ネオプレン
neoteny	noun	ネオテニー|幼形成熟|幼態成熟
neotype	noun	ネオタイプ|新基準標本
nepheline	noun	霞石
nephew	noun	甥
nepotism	noun	縁者贔屓
neptunium	noun	ネプツニウム
nerd	noun	おたく|オタク|がり勉|ナード
nerf	verb	ナーフ
neroli	noun	ネロリ
nerve	noun	神経
nerve cell	noun	神経細胞
nerve gas	noun	神経ガス
nervous	adjective	そわそわ|神経の
nervous system	noun	神経系
nest	noun	入れ子|巣|ネスト|巣窟|巣籠る|籠る
nestling	noun	雛|雛鳥
net	adjective	正味|網|ネットワーク|連絡網
net profit	noun	純利|純利益
net weight	noun	正味重量
netball	noun	ネットボール
netbook	noun	ネットブック
nether	adjective	下
netherworld	noun	冥界
netizen	noun	ネチズン|ネット民
netsuke	noun	根付|根付け
nettle	noun	蕁麻|刺草
network	noun	ネットワーク|網|人脈|メッシュ|編|ネットに接続する
neural network	noun	ニューラルネット|ニューラルネットワーク
neuralgia	noun	神経痛
neurasthenia	noun	神経衰弱
neuritis	noun	神経炎
neurodiversity	noun	神経多様性|ニューロダイバーシティ
neuroglia	noun	神経膠細胞
neurology	noun	神経学
neuron	noun	神経細胞
neuroscience	noun	神経科学
neurosis	noun	ノイローゼ|神経症
neurotic	adjective	神経質過ぎ
neurotoxin	noun	神経毒
neurotransmitter	noun	神経伝達物質
neuter	adjective	中立|中立の|中立的な|中性の|中性的な|自動詞の|第三者
neutral	adjective	中立|毒にも薬にもならない|無性|中性
neutrality	noun	中立|中性|中庸
neutralization	noun	中和
neutralize	verb	中和|相殺
neutrino	noun	ニュートリノ|中性微子
neutron	noun	中性子
neutron bomb	noun	中性子爆弾
neutron star	noun	中性子星
never	adverb	決して|万々|何時でも|全く|曾て
never again	adverb	二度とない
never ever	adverb	絶対
never mind	verb	ご心配なく|気にしないで|気にする|なんでもない
nevertheless	adverb	それでも|しかも|それにもかかわらず|やはり
new	adjective	新しい|新|慣れる
new moon	noun	新月|朔
newbie	noun	ニュービー|今道心|初心者|若僧
newborn	adjective	新生|生まれたばかりの|新生児|嬰児
newcomer	noun	新人|新入り|新参|新参者
newfangled	adjective	新しもの好きの
newlywed	adjective	新婚|新婚夫婦
news	noun	知らせ|ニュース|報道
news agency	noun	通信社
news media	noun	報道機関
newsagent	noun	新聞販売店
newscaster	noun	ニュースキャスター
newsfeed	noun	ニュースフィード
newsgroup	noun	ニュースグループ
newsletter	noun	ニュースレター
newspaper	noun	新聞|新聞紙
newsprint	noun	新聞紙
newsroom	noun	ニュースルーム|報道局|報道部
newsstand	noun	新聞売店
newt	verb	イモリ|井守|蠑螈
next	adjective	隣|明くる|次
next to		隣
next to nothing		ほとんど何もない
next week	adverb	来週
next year	adverb	来年|翌年
nexus	noun	連結|關聯
ney	noun	ナーイ
niacin	noun	ナイアシン
nib	noun	ペン先
nibble	noun	ニブル|甘噛み
nice guy	noun	いい人
nicety	noun	微妙
niche	adjective	ニッチ|壁龕|生態的地位
nickel	noun	ニッケル|5セント
nickel silver	noun	洋銀
nickname	noun	愛称|ニックネーム|渾名|綽名|綽号
nicotine	noun	ニコチン
nicotine gum	noun	ニコチンガム
nicotine patch	noun	ニコチンパッチ
nictitating membrane	noun	瞬膜
niece	noun	姪
niello	noun	ニエロ|黒金
nigger	noun	ニガー|黒んぼ|黒奴
nigh	adjective	近い
night	noun	夜|一晩|一泊|日暮れ|黄昏|闇
night courting	noun	夜這い
night heron	noun	五位鷺
night market	noun	夜市
night owl	noun	夜型|宵っぱり|夜更かし|宵っ張り
night person	noun	夜型
night school	noun	夜学
night shift	noun	夜勤
night sky	noun	夜空
night terror	noun	夜驚症
night vision	noun	暗視
nightcap	noun	寝酒
nightclub	noun	ナイトクラブ
nightfall	noun	日暮
nightgown	noun	ねまき|ナイトガウン
nightingale	noun	小夜鳴き鳥
nightjar	noun	夜鷹
nightlife	noun	ナイトライフ|夜遊び
nightlight	noun	常夜灯|常夜燈
nightmare	noun	悪夢
nightstand	noun	ナイトスタンド|ナイトテーブル
nighttime	noun	夜分|夜間
nigiri	noun	握り|握り寿司
nigorobuna	noun	ニゴロブナ|似五郎鮒|煮頃鮒
nihilism	noun	ニヒリズム|虚無主義
nihonium	noun	ニホニウム
nikud	noun	ニクダー
nikuman	noun	包子|肉饅|肉饅頭|豚饅
nil	noun	ニル
nimbostratus	noun	乱層雲|雨雲
nimbus	noun	光環|後光|暈|雨雲
nincompoop	noun	あんぽんたん|うすらとんかち|おたんちん
nine		九|ナイン|九つ
nine hundred		九百
nine o'clock	noun	九時
nine thousand		九千
nine-day wonder	noun	一発屋|人の噂も七十五日
nineteen		十九
nineteenth	adjective	十九番目
nineties	noun	90年代|九十年代
ninetieth	adjective	第九十
ninety		九十
ninety-eight		九十八
ninety-five		九十五
ninety-four		九十四
ninety-nine		九十九
ninety-one		九十一
ninety-seven		九十七
ninety-six		九十六
ninety-three		九十三
ninety-two		九十二
ninja	noun	忍者|忍び|忍びの者
ninjutsu	noun	忍法|忍術
ninth	adjective	九番目|九度
ninth grade	noun	中三|中学三年
niobium	noun	ニオブ
nipa	noun	ニッパヤシ
nipple	noun	乳首|乳頭|ニップル
niqab	noun	ニカーブ
nirvana	noun	入滅|寂滅|涅槃|入寂
nit	noun	寄生虫の卵
nitpick	verb	咎める|拘る|揚げ足を取る|粗探し|シラミを取る
nitric acid	noun	硝酸
nitric oxide	noun	一酸化窒素
nitride	noun	窒化物
nitrile	noun	ニトリル
nitrofen	noun	ニトロフェン
nitrogen	noun	窒素
nitrogen cycle	noun	窒素循環
nitrogen dioxide	noun	二酸化窒素
nitroglycerine	noun	ニトログリセリン
nitrous acid	noun	亜硝酸
nitrous oxide	noun	亜酸化窒素
no	noun	駄目|いいえ|ありません|ない|無い|しない
no comment		ノーコメント|何も言うことはありません
no doubt	adverb	疑いもなく|間違いなく
no entry		立入禁止
no idea		全く分かりません
no longer	adverb	これ以上|もう|以上|最早
no man is an island		なんぴとも一島嶼にてはあらず
no matter		でも|とも
no matter what		とにかく|何が何でも
no news is good news		便りのないのは良い知らせ
no offense		悪気はない
no one		誰も...ない
no pain, no gain		苦は楽の種|虎穴に入らずんば虎子を得ず
no parking		駐車禁止
no problem		いいえ|どう致しまして|問題ありません|問題ない|大丈夫
no smoke without fire		火のないところに煙は立たない
no smoking		禁煙
no thank you		結構
no trespassing		立入り禁止
no use	noun	無駄
no way		うそ|不可能|嫌|有り得ない|無理|とんでもない
no, thanks		結構です
no-fly zone	noun	飛行禁止空域
no-show	noun	ノーショー
nobelium	noun	ノーベリウム
nobility	noun	貴族|崇高|高潔
noble	adjective	偉い|立派|貴い|貴族|高貴
noble eightfold path	noun	八正道
noble gas	noun	貴ガス
noble rot	noun	貴腐
nobleman	noun	華族|貴族
noblesse oblige	noun	ノブレス・オブリージュ
noblewoman	noun	貴婦人
nobody's perfect		完全無欠な人はいない
noctilucent	adjective	夜光
noctule	noun	ヤマコウモリ|山蝙蝠
nocturnal	adjective	夜行|夜行性|夜|夜間
nocturnal emission	noun	夢精|遺精
nocturnality	noun	夜行性
nocturne	noun	ノクターン|夜想曲
nod	verb	頷く
nod off	verb	居眠り
node	noun	ノード|節点
noise	noun	雑音|騒音|ノイズ
noise cancellation	noun	ノイキャン|ノイズキャンセリング
noise pollution	noun	騒音公害
noiselessly	adverb	音を立てずに
noisy	adjective	うるさい|騒がしい
noli me tangere	noun	ノリ・メ・タンゲレ
nolid	noun	瘤蛾
nom		ぱくぱく
noma	noun	水癌
nomad	noun	遊牧民
nomenclature	noun	命名法
nominalization	noun	名詞化
nominalize	verb	名詞化
nominate	verb	ノミネート|指名
nomination	noun	ノミネート|指名
nominative case	noun	主格
non-		不|無|非
non-euclidean geometry	noun	非ユークリッド幾何学
non-avian	adjective	非鳥類型
non-avian dinosaur	noun	非鳥類型恐竜
non-binary	adjective	Xジェンダー
non-breaking space	noun	ノーブレークスペース
non-commissioned officer	noun	下士官
non-disclosure agreement	noun	非開示合意
non-esterified fatty acid	noun	遊離脂肪酸
non-finite verb	noun	準動詞
non-fungible token	noun	ノンファンジブルトークン
non-governmental organization	noun	非政府組織
non-native	adjective	非ネイティブ
non-negative	adjective	非負
non-refoulement	noun	ノン・ルフールマン原則
non-smoker	noun	非喫煙者
nonagon	noun	九角形
nonalcoholic	adjective	ノンアルコール
nonane	noun	ノナン
nonbeliever	noun	信じない人
noncommittal	adjective	どっちつかず
nonconsolidated	adjective	単独決算|非決算
none		だれも|どれでも...ない
none of someone's business	noun	余計なお世話|大きなお世話
nonetheless	adverb	にもかかわらず
nonexample	noun	非該当例
nonexistence	noun	非実在
nonexistent	adjective	存在|無い
nonfiction	noun	ノンフィクション
nonfree	adjective	有料
nonillion		百穣
noninterference	noun	不干渉
nonkilling	noun	不殺生
nonlinear	adjective	非線形
nonlinearity	noun	非線形性
nonpositive	adjective	非正
nonprofit	adjective	非営利
nonrepudiation	noun	否認防止
nonsense	noun	ナンセンス|無意味|馬鹿げた事|でたらめ
nonsensical	adjective	意味不明な
nonstop	adjective	ノンストップ|直行
nonuplet	noun	九つ子
nonviolence	noun	非暴力
nonzero	adjective	非ゼロ|非零
noob	noun	中坊|初心者|新参
noodle	noun	麺|ヌードル|麺類
nook	noun	隅|片隅
nook and cranny	noun	隅々まで
noon	noun	正午|真昼
noona	noun	ヌナ
noose	noun	輪縄
nope		ううん|いや|違う
noradrenaline	noun	ノルアドレナリン
norepinephrine	noun	ノルエピネフリン
nori	noun	海苔
norimono	noun	乗り物|乗物
norm	noun	規範|ノルマ|規
normal	adjective	普通|正常|常態|通常|法線
normal school	noun	師範学校
normalcy	noun	正常
normality	noun	正常
normalization	noun	ノーマライゼーション|正常化|正規化
normally black	adjective	ノーマリーブラック
normally white	adjective	ノーマリーホワイト
normcore	noun	ノームコア
normie	noun	リア充
north	adjective	ノース|北|北方
north by east	noun	北微東
north by west	noun	北微西
north wind	noun	北風
north-northeast	noun	北北東
north-northwest	noun	北北西
northeast	noun	北東|東北|丑寅|艮
northeast by east	noun	北東微東
northeast by north	noun	北東微北
northern	adjective	北
northern bobwhite	noun	コリン鶉
northern cardinal	noun	猩々紅冠鳥
northern fur seal	noun	オットセイ|キタオットセイ
northern gannet	noun	シロカツオドリ
northern goshawk	noun	オオタカ
northern lapwing	noun	田鳧
northern lights	noun	オーロラ|北光|北極光
northern pintail	noun	オナガガモ|尾長鴨
northern shoveler	noun	ハシビロガモ
northern wheatear	noun	嘴黒鶲
northerner	noun	北国人
northernize	verb	北方化
northland	noun	北国
northwest	noun	北西|西北|乾
northwest by north	noun	北西微北
northwest by west	noun	北西微西
nose	noun	鼻|はな
nose ring	noun	鼻輪
nose-picking	verb	鼻ほじり
noseband	noun	鼻革
nosebleed	noun	鼻血
nosedive	noun	急降下
nosegay	noun	ブーケ|花束
nosey parker	noun	おせっかい屋
nostalgia	noun	望郷|郷愁|里心|ノスタルジア|ノスタルジー|懐古
nostalgic	adjective	懐かしい
nostril	noun	鼻孔|鼻の穴
nosy	adjective	おせっかい
not at all	adverb	全然|いいえ|とんでもない|どう致しまして
not bad	adjective	悪い
not enough room to swing a cat	noun	猫の額
not only … but also		…だけでなく、…|…だけではなく、…|のみならず
not yet	adverb	まだ|まだまだ
notable	adjective	顕著な
notary	noun	公証人
notary public	noun	公証人
notation	noun	表記|表記法|記法
notch	noun	ノッチ
note	noun	音符|ノート|メモ|表記|記す|記録
notebook	noun	ノート|帳面|手帳|手帖|ノートパソコン
notepad	noun	メモ帳
nothing		別に|何でもない|何も...ない
nothing but	adverb	以外の何者でもない
notice	noun	知らせ|通知|気付く|注目|認める|認知
notification	noun	通知
notify	verb	知らせる|通告|通知
notion	noun	概念
notochord	noun	脊索
notorious	adjective	悪名高い
nougat	noun	ヌガー
noumenon	noun	ヌーメノン
noun	noun	名詞
noun phrase	noun	名詞句
nourishment	noun	栄養
nouveau riche	noun	出来星|成り上がり者|成り金
nova	noun	新星
novel	adjective	新型|新奇|小説|しょうせつ
novelist	noun	小説家
novella	noun	短編小説
novelty	noun	斬新|珍しい|新しい
novemdecillion		那由他
novena	noun	ノベナ|連続 9 日間の祈り
novichok	noun	ノビチョク
now	adverb	今|現在|いざ|さて|じゃ|では
now and then	adverb	偶に|時々
now or never	adverb	まったなし|待ったなし|待った無し
now, now		まあまあ
nowadays	adverb	現代では|現代においては|現在
nowhere	adverb	どこにも|どこへも
noxious	adjective	有毒な
nozzle	noun	ノズル
nth	adjective	第ｎ
nu	noun	ニュー|ニ
nuance	noun	ニュアンス|意味合い|詳細
nuclear	adjective	核
nuclear bomb	noun	核爆弾
nuclear chemistry	noun	原子核化学
nuclear data	noun	核データ
nuclear deterrent	noun	核抑止力
nuclear energy	noun	原子力|核エネルギー
nuclear fallout	noun	放射性降下物|死の灰
nuclear family	noun	核家族
nuclear fission	noun	核分裂
nuclear fuel	noun	核燃料
nuclear fusion	noun	核融合
nuclear membrane	noun	核膜
nuclear physicist	noun	核物理学者
nuclear physics	noun	核物理学
nuclear power	noun	原子力|核保有国
nuclear power plant	noun	原子力発電所
nuclear reaction	noun	核反応
nuclear reactor	noun	原子炉
nuclear war	noun	核戦争
nuclear weapon	noun	核兵器|核
nuclear winter	noun	核の冬
nucleic acid	noun	核酸
nucleolus	noun	核小体
nucleon	noun	核子
nucleoside	noun	ヌクレオシド
nucleotide	noun	ヌクレオチド
nucleus	noun	核|核心|原子核|細胞核
nuclide	noun	核種
nude	adjective	裸|ヌード
nudism	noun	ヌーディズム|裸体主義
nudity	noun	裸体
nugget	noun	ナゲット
nuisance	noun	迷惑|迷惑な人|迷惑な物|厄介者
nuke	noun	ピカドン|チンする
null	noun	ゼロ|ヌル|無|無価値|空白
null pointer	noun	ぬるぽ|ヌルポインタ
nulla pœna sine lege		罪刑法定主義
nullification	noun	無効化
nullify	verb	取り消す|破棄
numb	adjective	無感覚
numbat	noun	袋蟻食
number	noun	数|数字|多寡|番号|数詞|番
number line	noun	数直線
number one	adjective	ナンバーワン|小
number theory	noun	数論|整数論
number two	noun	大
numbering	noun	ナンバリング
numbers station	noun	乱数放送|ナンバーステーション|暗号放送
numeral	noun	数字|数詞
numerator	noun	分子
numerical	adjective	数値
numerical analysis	noun	数値解析
numerology	noun	数秘術
numerous	adjective	多い|多数
numinous	adjective	ヌミノーゼ
numismatics	noun	貨幣学
numismatist	noun	貨幣収集家|貨幣学者
nun	noun	尼|修道女|尼僧|童貞
nunation	noun	タンウィーン
nunchaku	noun	ヌウチク|ヌンチャク|双節棍
nurse	noun	看護師|看護婦|ナース|看護士|保母|保育士|おっぱいをあげる
nursery	noun	保育園|苗圃
nursery rhyme	noun	童謡|童歌
nursery school	noun	保育園|保育所|託児所
nursing	noun	看護
nursing home	noun	老人ホーム|養護ホーム
nurture	noun	育成|育成する
nurungji	noun	ヌルンジ
nut	noun	ナッツ|堅果|木の実|ナット|気違い
nutation	noun	章動
nutcracker	noun	くるみ割り
nutmeg	noun	ニクズク|ナツメグ
nutrient	noun	栄養素|栄養
nutrition	noun	栄養|営養
nutritional	adjective	栄養の
nutritionist	noun	栄養士
nutshell	noun	木の実の殻
nylon	noun	ナイロン
nymph	noun	ニュンペー|ニンフ|妖精|乙女|美女|若虫
nymphaeum	noun	ニンファエウム
nymphet	noun	ロリータ|美少女
nymphomania	noun	ニンフォマニア|女子色情症
nyotaimori	noun	女体盛り
née	adjective	旧姓|旧名
négligée	noun	ネグリジェ
o'clock	adverb	一時
o-face	noun	イキ顔
oak	noun	オーク|楢|柏|槲|枹|柞
oar	noun	櫂
oasis	noun	オアシス
oat	noun	オートムギ|燕麦|烏麦|カラスムギ
oath	noun	誓い|わいせつ|宣誓|誓約
oatmeal	noun	オートミール
obeche	noun	オベチェ|サンバ|アユース
obedience	noun	恭順|服従|順守
obedient	adjective	大人しい|従順|忠実
obelisk	noun	オベリスク|方尖柱
obese	adjective	肥満
obesity	noun	肥満|肥大|肥満症
obey	verb	従う|服従|言いなり
obfuscate	verb	難読化する
obi	noun	帯
obijime	noun	帯締め
obituary	noun	訃報|死亡記事|訃|死亡者略歴
object	noun	物|物体|物件|目的語|対象|オブジェクト|反対
object head	noun	異形頭
object-oriented	adjective	オブジェクト指向
object-oriented language	noun	オブジェクト指向言語
object-oriented programming	noun	オブジェクト指向プログラミング
objectification	noun	客体化|対象化|物化，モノ化|物象化
objection	noun	異議あり|反対|異議
objective	adjective	客観|客観的|目的|目標|対物レンズ
objectivism	noun	オブジェクティビズム|客観主義
objectivity	noun	客観性
objet d'art	noun	オブジェ
oblast	noun	オーブラスチ
obligation	noun	義務|責任
oblige	verb	義務付ける|サービス|世話|恩義
oblique case	noun	斜格
obliterate	verb	撃破する|滅
oblivious	adjective	無自覚
obloquy	noun	悪口
obnoxious	adjective	嫌|忌まわしい
oboe	noun	オーボエ
oboe d'amore	noun	オーボエ・ダモーレ
obscene	adjective	すけべ|すけべい|淫乱|猥褻
obscenity	noun	猥褻
obscurantism	noun	蒙昧主義
obscure	adjective	不明瞭|朦朧
obscurity	noun	暗黒|闇|無名
obsequiousness	noun	媚び
observation	noun	観察|観測|所見|論評|観察結果
observatory	noun	天文台
observe	verb	守る|従う|観察
observer	noun	オブザーバー|傍観者|観測者
obsess	verb	取り付く
obsession	noun	妄想
obsessive-compulsive disorder	noun	強迫性障害
obsidian	adjective	黒曜石
obsolete	adjective	廃れる|退化|廃止する
obstacle	noun	障害|邪魔|障害物
obstacle course	noun	アスレチック
obstetrician	noun	産科医
obstetrics	noun	産科学
obstinacy	noun	意地|頑固
obstinate	adjective	頑固
obstruct	verb	ふさぐ
obstruent	noun	阻害音
obtain	verb	取得|成し遂げる|手に入れる|持つ|獲得
obtundation	noun	昏蒙|鈍麻
obtuse	adjective	鈍角
obtuse angle	noun	鈍角
obtuse triangle	noun	鈍角三角形
obtuse-angled	adjective	鈍角の
obvious	adjective	明らか|当たり前
obviously	adverb	明らか|当たり前
ocarina	noun	オカリナ
occasion	noun	機会|場合
occasional	adjective	偶|偶然|偶発的|時折
occasionally	adverb	たまに|偶に
occipital lobe	noun	後頭葉
occluded front	noun	閉塞前線
occult	noun	オカルト|超自然現象|掩蔽
occultation	noun	掩蔽
occultism	noun	オカルティズム
occupation	noun	職業|仕事|占領
occupational disease	noun	職業病
occupied		オキュパイド
occupy	verb	占める
occur	verb	起こる|起る|ある|思い浮かぶ
occurrence	noun	出来事
ocean	noun	大洋|海洋|海
ocean current	noun	海流
ocean sunfish	noun	マンボウ|翻車魚
oceanic trench	noun	海溝
oceanic whitetip shark	noun	ヨゴレザメ
oceanographer	noun	海洋学者
oceanography	noun	海洋学
ocelot	noun	オセロット
ochlocracy	noun	衆愚政治|暴民政治
ochre	adjective	オーカーの|黄土色の|黄土|黄土色|オーカー
octacontagon	noun	八十角形
octadecagon	noun	十八角形
octadecane	noun	オクタデカン
octagon	noun	八角形
octahedron	noun	八面体|正八面体
octane	noun	オクタン
octant	noun	八分儀
octathlon	noun	オクタスロン|八種競技
octave	noun	オクターブ|八度
octillion		千秭
octobass	noun	オクトバス
octocoral	noun	八放珊瑚
octodecillion	noun	十阿僧祇
octopus	noun	蛸|タコ|章魚
octuplet	noun	八つ子
oculomotor nerve	noun	動眼神経
oculus	noun	目|眼
odango	noun	お団子
odd	adjective	変な|奇妙な|奇異な|風変わりな|奇|半
odd number	noun	奇数
odd one out	noun	仲間外れ
oddball	noun	変人
odds	noun	オッズ|勝ち目|勝算
ode	noun	頌歌|オード
odometer	noun	オドメーター
odor	noun	匂い
odorless	adjective	無臭
oenology	noun	葡萄酒学
oenophile	noun	ワイン愛好家
oesophagus	noun	食道
oestrus	noun	発情
of		の前|の|の中の
of age		成年者
of all things		よりによって|事もあろうに
of course	adverb	当たり前|当然|勿論
of late		このごろ|最近
of one's own accord		自発的
off the mark		的外れ
off-campus	adjective	校外
off-the-record	adjective	オフレコ|非公式の|非公式に
offal	noun	もつ|ホルモン|臓物
offend	verb	怒らせる|気分を害する
offender	noun	犯罪者|罪人
offensive	adjective	侮辱|攻撃的|気に障る|攻撃側|攻勢|攻撃
offer	noun	提案|提供|申し出る|建議|提議
offer one's condolences	verb	哀悼の意を表する
office	noun	職位|職務|事務所|事務室|執務室|オフィス
office hours	noun	勤務時間|質問待機時間
office worker	noun	会社員
officer	noun	役員|将校|お巡りさん|士官|役人
officetel	noun	オフィステル
official	adjective	正式|表向き|公式|公|役人|役員
official language	noun	公用語
offline	adjective	オフライン|停止
offshore	adjective	オフショア|海外での
offside	noun	オフサイド
offspring	noun	子孫|子種|胤
offstage	adjective	ステージ袖|舞台袖
often	adverb	よく|度々|しばしば|頻繁
oganesson	noun	オガネソン
ogle	verb	覗く
ogonek	noun	オゴネク
ogre	noun	オーガ|鬼
ogress	noun	鬼女
oh	noun	あ|ああ|あら|お|おや|へえ|〇
oh dear		あら|あらいやだ|あらまあ|あらやだ
oh my god		ああ神様|あれまあ|おやまあ|南無三宝|おーまいがー|南無三
oh my gods		ああ、私の神々
oh no		おっと
oh well		しょうがない|仕方がない
ohana	noun	オハナ
ohm	noun	オーム
oikonym	noun	オイコニム
oil	noun	油|石油|植物油
oil cake	noun	油かす
oil drum	noun	ドラム缶
oil field	noun	油田
oil lamp	noun	オイルランプ|石油ランプ
oil painting	noun	油絵
oil palm	noun	アブラヤシ
oil refinery	noun	製油所
oil rig	noun	石油プラットフォーム|石油リグ
oil tanker	noun	石油タンカー
oil well	noun	油井
oilbird	noun	油夜鷹
oilcan	noun	油差し|注油器
oilcloth	noun	オイルクロス|油単
oink		ブー|ブーブー|ブヒブヒ
ointment	noun	軟膏
okapi	noun	オカピ
okara	noun	おから|卯の花
okonomiyaki	noun	お好み焼き
okra	noun	オクラ|アメリカネリ
okroshka	noun	オクローシカ
okrug	noun	オークルグ|管区
okurigana	noun	送り仮名
old	adjective	古い|ふるい|年老いる|老いる|才|歳
old age	noun	晩年|老年
old fart	noun	じじい|くそじじ|ジジイ
old man	noun	老人|老爺|お爺さん|親父|親爺|爺
old money	noun	世襲
old woman	noun	お婆さん|ばばあ|老婆
old-fashioned	adjective	古臭い|旧弊|昔風
older brother	noun	お兄さん|兄|兄ちゃん
older sister	noun	お姉さん|姉|姉ちゃん
oleander	noun	夾竹桃
oleaster	noun	グミ
oleic acid	noun	オレイン酸|油酸
oleum	noun	発煙硫酸
olfaction	noun	嗅覚
olfactory nerve	noun	嗅神経
olfactory organ	noun	嗅覚器官
oliebol	noun	オリーボーレン
oligarch	noun	寡頭
oligarchy	noun	寡頭制|寡頭政治|寡頭
oligodendrocyte	noun	希突起膠細胞
oligopoly	noun	寡占
oligosaccharide	noun	オリゴ糖
olinguito	noun	オリンギト
olive	adjective	オリーブ色|オリーブ|橄欖色
olive drab	noun	濃黄緑色
olive oil	noun	オリーブオイル|オリーブ油|橄欖油
olive ridley sea turtle	noun	ヒメウミガメ|姫海亀
olive-backed pipit	noun	便追
olive-backed sunbird	noun	キバラタイヨウチョウ
olivine	noun	カンラン石|橄欖石
olla podrida	noun	オジャ・ポドリーダ
olé		オーレ
omasum	noun	センマイ|千枚
ombudsman	noun	オンブズマン|苦情調査官
omega	noun	オメガ
omegaverse	noun	オメガバース
omelette	noun	オムレツ
omeprazole	noun	オメプラゾール
omertà	noun	オメルタの掟|沈黙の掟|血の掟
omicron	noun	オミクロン
ominous	adjective	不吉
omissible	adjective	不要|省ける
omission	noun	省略|怠慢|不作為
omit	verb	抜かす|省略
omnibus	noun	乗合バス
omnipotence	noun	全能
omnipotent	adjective	全能
omnipresence	noun	遍在
omniscient	adjective	全知
omnivore	noun	雑食動物
omphalitis	noun	臍炎
omurice	noun	オムライス
on		上|に
on a regular basis		定期的
on air		オンエアー|放送中の
on behalf of		代わり|代表
on earth		一体|一体全体|自体
on foot		徒歩|歩く
on hand		手元
on one's own		一人|自分|自身
on purpose		わざと|故意
on the contrary		それどころか
on the house		サービス
on the one hand		一方
on the other hand		その反面|他方
on the rocks		ロック
on the safe side		念のために
on the same wavelength		波長が合う
on the way		途中
on the whole		概して
on time		時間通り
on your mark, get set, go		せえの|位置について、用意、ドン!
on your marks		位置について
onaga	noun	尾長|尾長鯛|浜鯛
onanism	noun	オナニー
once	adverb	一度|一回|一遍|一時|一時期|かつて
once again	adverb	もう一回|もう一度|又もや
once and for all	adverb	きっぱり|今度限り
once bitten, twice shy		羮に懲りて膾を吹く
once in a blue moon	adverb	ごくまれ
once or twice		一、二回|一、二度
once upon a time	adverb	今は昔|昔昔
oncilla	noun	ジャガーネコ
oncology	noun	腫瘍学
ondol	noun	オンドル
one	noun	ただ1つの|たった一つの|一|ワン|一ドル札|一ドル紙幣|自
one after another	adverb	次々|相次いで|続々
one and only	adjective	唯一無二
one another		お互い
one at a time	adverb	一個ずつ
one by one	adverb	一つずつ
one country, two systems		一国二制度
one day	adverb	いつか|ある日
one fell swoop	noun	一挙|一撃|一気
one for all, all for one		一人は皆の為に、皆は一人の為に
one for the road	noun	最後の一杯
one hundred million		一億|億
one hundred percent	adjective	100%|百パーセント
one may as well hang for a sheep as a lamb		毒を喰らわば皿まで
one moment, please		ちょっと待ってください|少々お待ちください
one o'clock	noun	一時
one step at a time	adverb	一歩ずつ
one's		自分
one's bark is worse than one's bite		弱い犬ほどよく吠る
one's days are numbered		余命いくばくもない
one-child policy	noun	一人っ子政策
one-dimensional	adjective	一次元
one-eyed	adjective	一つ目
one-hit wonder	noun	一発屋
one-night stand	noun	一夜の情事|一夜限りの関係
one-shot	noun	読み切り
one-way	adjective	一方通行|片道
one-way street	noun	一方通行
one-way ticket	noun	片道|片道切符
oneiric	adjective	夢の
oneirology	noun	オニーロロジー|夢学
oneiromancy	noun	夢占い
oneirophrenia	noun	夢幻精神病
oneness	noun	一体性
oneself		自分|自己|自身|自分自身
onigiri	noun	お握り
onion	noun	玉葱|タマネギ|オニオン|ネギ属
onion ring	noun	オニオンリング
onium	noun	オニウム
online	adjective	オンライン|起動
only	adjective	唯一|ただひとつ|のみ|だけ|しか
only child	noun	一人っ子|一粒種
only-begotten	adjective	ひとりっこ
onomastics	noun	固有名詞学
onomatopoeia	noun	擬音語|擬声語|オノマトペ|擬声|擬態語|擬音
onsen	noun	温泉
ontology	noun	存在論|オントロジー|本体論
onus	noun	責任|義務
onward	adverb	前
onychophoran	noun	有爪動物
onyx	noun	オニキス|オニックス
oocyte	noun	卵母細胞
ook		ウキー|キーキー
oology	noun	鳥卵学
oolong tea	noun	ウーロン茶|烏龍茶|烏竜茶
oomycete	noun	卵菌
oopart	noun	オーパーツ
oops		おっと|しまった|あら|あらら|おや|はあ
ooze	verb	滲む
op art	noun	オプ・アート
op-amp	noun	オペアンプ|演算増幅器
opal	noun	オパール
opaque	adjective	不透明
open	adjective	営業中|開いた|開ける|開く
open cluster	noun	散開星団
open day	noun	公開日
open letter	noun	公開状|公開書簡
open relationship	noun	オープンリレイションシップ
open sandwich	noun	オープンサンド|オープン・サンドイッチ
open sea	noun	外海|沖
open secret	noun	公然の秘密
open sesame		開けゴマ|開け胡麻
open set	noun	開集合
open source	noun	オープンソース|オープンソースソフトウェア
open world	noun	オープンワールド
open-air museum	noun	野外博物館
open-plan kitchen	noun	オープンキッチン
opener	noun	オープナー
opening	noun	隙間
opening ceremony	noun	開会式|開幕式|開會式
opening credits	noun	オープニングクレジット
opening goal	noun	先制点
opening hours	noun	営業時間
opera	noun	オペラ|歌劇|歌劇団
opera buffa	noun	オペラブッファ
opera house	noun	オペラ|オペラハウス|歌劇場
operand	noun	被演算子
operate	verb	運営する|操作
operating room	noun	手術室
operating system	noun	オペレーティングシステム
operation	noun	作業|操作|手術|オペレーション|オペ|演算
operator	noun	交換手|オペレーター|操作者|演算子|作用素
operetta	noun	オペレッタ|喜歌劇|軽歌劇
ophiophobe	noun	蛇嫌い
ophiophobia	noun	蛇嫌い|蛇恐怖症
ophthalmalgia	noun	眼痛
ophthalmologist	noun	眼科医|目医者
ophthalmology	noun	眼科学|眼科
opiate	noun	オピエート
opine	verb	思う
opinion	noun	意見|見解|オピニオン
opinion poll	noun	世論調査
opium	noun	阿片|オピウム|鴉片
opossum	noun	オポッサム|袋鼠|フクロネズミ
oppa	noun	オッパ
opponent	noun	敵|相手
opportune	adjective	適切
opportunism	noun	便乗|御都合主義|日和見主義
opportunist	noun	日和見主義者|カメレオン|蝙蝠
opportunistic	adjective	日和る
opportunity	noun	機会|チャンス
oppose	verb	反対|対抗|阻む|阻止
opposed	adjective	対置された|逆の
opposite	adjective	向かい|向こう|あべこべ|向かい側
opposite sex	noun	異性
opposition	noun	対抗|反対|衝|野党|在野党
oppositionist	noun	反対者
oppression	noun	圧制|圧迫
oppressor	noun	圧制者
oprichnina	noun	オプリーチニナ
opt out	verb	オプトアウトする
optic chiasm	noun	視交叉
optic nerve	noun	視神経
optical double	noun	見かけの二重星
optical fibre	noun	光ファイバー|光ファイバ
optical illusion	noun	目の錯覚|錯視
optician	noun	眼鏡屋
optics	noun	光学
optimal	adjective	最適
optimism	noun	楽観主義|楽天主義
optimist	noun	楽観主義者
optimistic	adjective	楽観的
optimization	noun	最適化
option	noun	オプション|選択|選択肢|選択権
optometrist	noun	検眼士
optometry	noun	検眼
or	noun	か|あるいは|それとも|又は|または|オーア
or else		さもないと|そうでなければ|もしくは|或いは
or something		でも
oracle	noun	オラクル|神託|託宣|賢人
oracle bone	noun	甲骨
oracle bone script	noun	甲骨文字|亀甲獣骨文字
oral	adjective	口頭
oral candidiasis	noun	口腔カンジダ症
oral history	noun	オーラル・ヒストリー
oral sex	noun	オーラルセックス|口内性交
oral test	noun	口試
orange	adjective	オレンジ色|橙色|オレンジ|橘|橙|蜜柑
orange blossom	noun	オレンジの花
orange chicken	noun	オレンジチキン|陳皮鶏
orange juice	noun	オレンジジュース
orange tip	noun	クモマツマキチョウ|雲間褄黄蝶
orangeade	noun	オレンジエード
orangutan	noun	オランウータン|猩猩
orator	noun	演説家|能弁家|雄弁家
orb	noun	球体
orbit	noun	軌道|公転|周回
orbital	noun	軌道
orc	noun	オーク
orca	noun	鯱|さかまた
orchard	noun	果樹園|果樹
orchestra	noun	オーケストラ
orchid	noun	蘭|蘭の花
orda	noun	オルド
ordeal	noun	苦杯
order	noun	秩序|目|順序|命令|注文|修道会|命じる
order of magnitude	noun	桁
ordered pair	noun	順序対
orderly	adjective	整然
ordinal number	noun	序数|序数詞|順序数
ordinance	noun	条令|条例
ordinary	adjective	普通|通常|平凡
ordinary differential equation	noun	常微分方程式
ordinate	noun	縦座標|縦軸
ordnance	noun	軍用品|大砲
ordoliberalism	noun	オルド自由主義
ore	noun	鉱石
oread	noun	オレイアス
orecchiette	noun	オレッキエッテ
oregano	noun	オレガノ|ハナハッカ|花薄荷
organ	noun	器官|機関|オルガン|風琴
organ donation	noun	臓器提供
organ donor	noun	ドナー
organ gun	noun	オルガン砲
organdy	noun	オーガンジー
organelle	noun	細胞小器官
organic	adjective	有機
organic chemist	noun	有機化学者
organic chemistry	noun	有機化学
organic compound	noun	有機化合物
organic matter	noun	有機物
organism	noun	生物|生き物|有機体
organist	noun	オルガニスト
organization	noun	組織|団体|機構
organize	verb	組織
organized crime	noun	組織犯罪
organizer	noun	オルガナイザー|組織者|電子手帳
organogenesis	noun	器官形成
organonitrate	noun	硝酸エステル
orgasm	noun	オーガズム|オルガスムス|アクメ|イき|いく
orgulous	adjective	誇り高き|派手な
orgy	noun	オージー|乱交|乱交パーティー
orientability	noun	向き付け可能性
oriental dance	noun	オリエンタルダンス
oriental plane	noun	鈴懸の木
oriental pratincole	noun	燕千鳥
oriental turtle dove	noun	雉鳩
orientalism	noun	オリエンタリズム
orientation	noun	方位|オリエンテーション|指導
orifice	noun	口|孔|開口部
origami	noun	折り紙|折紙
origin	noun	起源|原因|原初|原点
original	adjective	元|本来|独創的な|原文|原作|原物
original character	noun	オリジナルキャラクター
original sin	noun	原罪
originally	adverb	元々|元来|本来
oriole	noun	高麗鶯
orisha	noun	オリシャ
ornament	noun	装飾|装飾音
ornamental	noun	装飾用
ornery	adjective	気難しい
ornithine	noun	オルニチン
ornithologist	noun	鳥類学者
ornithology	noun	鳥類学
ornithomimus	noun	オルニトミムス
ornithophile	noun	愛鳥家
orogenesis	noun	造山運動
orogeny	noun	造山運動
orphan	noun	孤児|こじ
orphan drug	noun	希少疾病用医薬品
orphanage	noun	孤児院
orpine	noun	紫弁慶
orrery	noun	太陽系儀
orthocenter	noun	垂心
orthoclase	noun	正長石
orthoepy	noun	正音学
orthogonal matrix	noun	直交行列
orthography	noun	正字法|綴り|正書法|スペル|オーソグラフィー|スペリング
orthopedics	noun	整形外科
orujo	noun	オルホ
orzo	noun	オルゾー|リゾーニ
osazone	noun	オサゾン
oscillate	verb	振動
oscillation	noun	振動
oscillator	noun	発振器
oscilloscope	noun	オシロスコープ
oshinko	noun	お新香
osmanthus	noun	モクセイ|木犀
osmium	noun	オスミウム
osmosis	noun	浸透
osmotic pressure	noun	浸透圧
osprey	noun	鶚
osseointegration	noun	骨結合
ossification	noun	骨化
osso buco	noun	オッソブーコ|オッソ・ブーコ
ossuary	noun	納骨堂|骨壷
osteitis	noun	骨炎
ostensible	adjective	表面上
ostensibly	adverb	うわべは|表向きは
ostentatious	adjective	けばけばしい|派手|派手な|看板倒れ|麗々しい
osteoarthritis	noun	変形性関節症
osteogenesis	noun	骨形成
osteogenesis imperfecta	noun	骨形成不全症
osteologist	noun	骨学者
osteology	noun	骨学
osteopenia	noun	骨減少症|オステオペニア
osteoporosis	noun	骨粗鬆症
osteosarcoma	noun	骨肉腫
osteospermum	noun	オステオスペルマム
ostracism	noun	陶片追放|村八分
ostracod	noun	カイムシ|貝虫
ostrich	noun	ダチョウ|駝鳥
otaku	noun	おたく|オタク|ヲタク
other	adjective	別|他|他の|別の
other than		他|別
otherkin	noun	アザーキン
otherwise	adverb	そうではないと|その他|その他に|違う様に|然も無くば|他の点では
otherworld	noun	あの世
otiose	adjective	むだな|余計な|無用な
otitis	noun	耳炎
otolaryngology	noun	耳鼻咽喉科
otolith	noun	耳石
otome game	noun	乙女ゲーム
otorhinolaryngologist	noun	耳鼻咽喉科医|耳鼻咽喉専門医
otorrhea	noun	耳漏
ottava rima	noun	オッターヴァ・リーマ|八行詩体
otter	noun	カワウソ|川獺|獺|ラッコ|海獺|熊
oubliette	noun	地下牢
ouch		いて|いてて|痛い
oud	noun	ウード
ouguiya	noun	ウギア
ounce	noun	オンス
our		我々|我ら|私たち
ouroboros	noun	ウロボロス
ours		我々|我ら|私たち|私等
ourselves		我々自身
oust	verb	取り上げる|取り除く|追い払う
out	adjective	カミングアウトししまった|カムアウトししまった|アウト|外|留主|終い|外へ
out loud	adverb	声に出す
out of breath		息を切らす
out of date		すたれた|旧式|時代遅れ|流行遅れで
out of place		場違い
out of print		絶版
out of sight, out of mind		去る者は日々に疎し
out of the blue		出し抜け|藪から棒
out of the frying pan, into the fire		一難去ってまた一難
out of the loop		蚊帳の外
out of the question	adjective	問題にならない|問題外
out-of-body experience	noun	体外離脱|幽体離脱
outback	noun	アウトバック|奥地
outbox	noun	送信箱
outbuilding	noun	離れ家
outcast	noun	のけ者
outcome	noun	結果
outdated	adjective	古臭い
outdegree	noun	出次数
outdo	verb	凌ぐ|打ち勝つ
outdoor	adjective	室外|屋外|戸外|露天|青空
outdoors	adverb	室外|屋外
outer core	noun	外核
outer ear	noun	外耳
outer space	noun	宇宙|宇宙空間
outfielder	noun	外野手
outflow	noun	流出
outhouse	noun	屋外トイレ
outing	noun	アウティング
outlaw	noun	逃亡犯|逃亡者|逃走犯|逃走者
outlay	noun	支出|費用
outlet	noun	出口|捌け口|流出河川|アウトレット|直販店
outline	noun	輪郭描写|中抜き|外形|輪郭|概略|概要
output	noun	出力
outrage	noun	乱暴|暴行|非道|憤怒|憤慨|激怒
outrageous	adjective	怪しからん|法外|無法
outright	adverb	きっぱり|明白
outside	adverb	外
outside the box		箱の外
outside world	noun	外界
outsider	noun	部外者|アウトサイダー|局外者
outskirts	noun	町外れ|郊外
outsourcing	noun	アウトソーシング
outstanding	adjective	傑出|顕著
outward	adverb	外
outweigh	verb	上回る
ouzo	noun	ウーゾ
oval	noun	卵形|楕円形
ovary	noun	卵巣|子房
ovation	noun	喝采
oven	noun	オーブン
oven glove	noun	オーブングローブ|オーブンミトン
ovenbird	noun	カマドムシクイ|竈鳥
over		どうぞ|上|割る
over here	adverb	ここ
over my dead body		そんなことは絶対させない
over there	adverb	あそこ
over time		やがて
over-the-counter	adjective	一般用医薬品
overage	noun	余剰|過剰|余分
overall	noun	オーバーオール
overblouse	noun	オーバーブラウス
overcast	adjective	どんより
overcharge	verb	ふっかける
overcoat	noun	オーバーコート|外套
overcome	verb	乗り越える|克服|征服
overdo	verb	やり過ぎる
overdose	noun	オーバードース|過剰摂取
overdraft	noun	超過引き出し
overeat	verb	暴食|過食|食べ過ぎる
overestimate	verb	買い被る|過大評価
overestimation	noun	過大評価
overexert	verb	無理する
overflow	verb	溢れる
overhead	noun	オーバーヘッド|間接費
overhead kick	noun	オーバーヘッドキック
overhead projector	noun	オーバーヘッドプロジェクタ
overking	noun	大王
overlay	verb	乗せる|被せる|覆う
overload	noun	過積載|過負荷
overlook	noun	高所|見下ろす|見落とす|見逃す
overlord	noun	覇王
overly	adverb	あまり|とっても|とても|過度
overnight	adverb	一夜
overnutrition	noun	栄養過多
overpass	noun	跨線橋|陸橋
overpay	verb	余分に払う
overpopulation	noun	人口過剰
overpower	verb	圧倒
overprotective	adjective	過保護
overrate	verb	買い被る|過大評価
overrated	adjective	過大評価
overreact	verb	過剰反応する
overreaction	noun	過剰反応|オーバーリアクション
override	noun	オーバーライド|優先|優待|覆す|酷使
overrule	verb	却下する
overseas	adjective	海外|国外
overseas chinese	noun	華僑
overseas territory	noun	海外領土
overshoe	noun	雨靴
oversleep	verb	寝過ごす|寝坊
overt	adjective	あからさまな
overtake	verb	追い越す
overthrow	verb	滅ぼす|転覆
overtime	noun	残業|オーバータイム|延長戦
overtone	noun	倍音
overture	noun	序曲
overview	noun	概要
overweight	adjective	メタボな
overwhelm	verb	圧倒
overwinter	verb	冬越しさせる|冬越しする
overwork	noun	過労
overwrite	verb	上書き
oviduct	noun	卵管|輸卵管
oviparous	adjective	卵生
ovoid	noun	卵形
ovotestis	noun	卵精巣
ovulation	noun	排卵
ovule	noun	胚珠
ovum	noun	卵|卵子
owe	verb	借りがある|負う
owl	noun	梟|フクロウ
owlet moth	noun	夜蛾
own	adjective	自身|所有
own goal	noun	オウンゴール|自殺点
owner	noun	持ち主|所有者|オーナー|主人
ownership	noun	所有権
ox	noun	去勢雄牛|牛
oxalic acid	noun	シュウ酸
oxazole	noun	オキサゾール
oxbow lake	noun	三日月湖
oxeye daisy	noun	フランス菊
oxidant	noun	オキシダント
oxidation	noun	酸化|酸化反応
oxide	noun	酸化物
oxidizing agent	noun	酸化剤
oxime	noun	オキシム
oxonium	noun	オキソニウム
oxpecker	noun	ウシツツキ
oxtail	noun	オックステール
oxyacid	noun	オキソ酸
oxychloride	noun	塩化酸化物
oxygen	noun	酸素
oxygen mask	noun	酸素マスク
oxygenate	verb	酸素を送り込む
oxymoron	noun	撞着語法|矛盾語法
oxyphenol	noun	オキシフェノール
oxytocin	noun	オキシトシン
oyster	noun	カキ|牡蠣|真珠貝
oyster sauce	noun	オイスターソース|牡蠣油
oystercatcher	noun	ミヤコドリ|都鳥
ozone	noun	オゾン
ozone layer	noun	オゾン層
p.m.	adverb	午後
pacarana	noun	パカラナ
pace	noun	速度|ペース|歩調|歩幅|だく足|アンブル|速度を保つ
pacemaker	noun	ペースメーカー
pachinko	noun	パチンコ
pacific	adjective	平和|平静|穏やか|平和主義|穏和|非暴力
pacification	noun	鎮静
pacifier	noun	おしゃぶり
pacifism	noun	平和主義
pacifist	noun	平和主義者|鳩派|穏健派
pacify	verb	鎮める
pack	noun	パック|群れ|包む|包装|詰める
pack up	verb	荷造り
package	noun	パケット|包み|パッケージ|包装|梱包|包む
package holiday	noun	パック旅行
packed like sardines	adjective	鮨詰め
packed lunch	noun	弁当
packet	noun	小包|パケット|包み
pact	noun	条約|協定
paczki	noun	ポンチキ
pad	noun	パッド|肉球
pad thai	noun	パッタイ
padawan	noun	パダワン
paddle	noun	かい|扉|櫂|パドル|ラケット|羽根板|漕ぐ
paddle steamer	noun	外輪船
paddlefish	noun	ヘラチョウザメ
paddy	noun	稲|水田|田|田んぼ
paddyfield warbler	noun	稲田葦切
padlock	noun	南京錠|パッドロック|パドロック|蝦錠
paean	noun	ピーアン|讃歌|賛歌
paella	noun	パエリア
pagan	noun	異教徒
paganism	noun	ペイガニズム|異教
page	noun	ページ|頁|面|ペイジ
pageant	noun	野外劇
pageboy	noun	ペイジ
pager	noun	ページャ|ポケットベル|ポケベル|無線呼び出し
pagoda	noun	仏塔|パゴダ|塔|三重塔|五輪の塔|五重の塔
pahoehoe	noun	パホイホイ溶岩
pain	noun	痛み|苦痛|頭痛の種|傷付ける|悲しませる
painful	adjective	痛い|痛みの伴う|困難|苦しい|骨の折れる
painkiller	noun	痛み止め|鎮静剤
painless	adjective	無痛
painstaking	adjective	綿密
paint	noun	ペンキ|塗料|ペイント|塗る|描く|画く
paint thinner	noun	シンナー
paintball	noun	ペイントボール
paintbrush	noun	絵筆|筆
painted bunting	noun	五色野路子
painter	noun	画家|絵描き|舫綱
painting	verb	絵画|絵
pair	noun	一対|一組|ペア|対|対偶
pair of compasses	noun	コンパス
paisley	noun	ペーズリー
paiza	noun	パイザ
pajamas	noun	パジャマ|寝間着
pajeon	noun	パジョン
palace	noun	宮殿|宮闕
palaeoclimatology	noun	古気候学
palaeogeography	noun	古地理学
palanquin	noun	輿|駕籠
palatalization	noun	口蓋音化
palate	noun	口蓋|上顎
pale	adjective	青ざめた|ペイル
pale thrush	noun	白腹
paleo-		旧
paleoanthropology	noun	古人類学
paleobiology	noun	古生物学
paleobotany	noun	古植物学
paleoconservative	adjective	旧保守
paleography	noun	古文書学|古書体学
paleologism	noun	廃語|死語
paleontology	noun	古生物学
palette	noun	パレット
palette knife	noun	パレットナイフ
palfrey	noun	ポールフリ
palindrome	noun	回文
paling	noun	柵
palinode	noun	パリノード
palladium	noun	パラジウム
pallbearer	noun	死人担
pallet	noun	パレット
palliative	adjective	一時的に緩和する
palliative care	noun	姑息的治療
palm	noun	手のひら|掌|肉球|手のひらに隠す|握る|持つ
palm fat	noun	パーム油
palm oil	noun	パーム油
palm sugar	noun	椰子糖
palm tree	noun	椰子
palm wine	noun	椰子酒
palmist	noun	手相見
palmistry	noun	手相
palmitic acid	noun	パルミチン酸
palmyra	noun	ウチワヤシ|オウギヤシ
palpate	verb	触診
palpitation	noun	動悸
paltry	adjective	僅かばかりの|取るに足らぬ
pamper	verb	甘やかす
pamphlet	noun	パンフレット|小冊|小冊子
pan and scan	noun	パンアンドスキャン
pan-		汎
pan-arabism	noun	パンアラブ主義|汎アラブ主義
panacea	noun	万能薬
panarchism	noun	パナーキズム
pancake	noun	パンケーキ|ブリヌイ|プリンゼン|ホットケーキ
pancreas	noun	膵臓
pancreatic cancer	noun	膵癌
panda	noun	パンダ|イロワケグマ|シロクログマ|熊猫
pandeiro	noun	パンデイロ
pandeism	noun	汎理神論
pandemic	noun	パンデミック
pandoro	noun	パンドーロ
paneer	noun	パニール
panegyric	noun	賛辞
panel	noun	パネル
panettone	noun	パネットーネ
panforte	noun	パンフォルテ
pangolin	noun	センザンコウ|穿山甲
pangram	noun	パングラム
panic	noun	パニック|恐慌|パニックになる
panic attack	noun	パニック発作
panicky	adjective	パニック状態
panini	noun	パニーニ
panipuri	noun	パーニープーリー
panna cotta	noun	パンナコッタ
pannier	noun	籠|パニエ
panopticon	noun	パノプティコン
panorama	noun	パノラマ|全景
panpipes	noun	パンパイプ|パンフルート
panpsychism	noun	汎心論
pansexuality	noun	全性愛
pansy	noun	三色菫|パンジー
pant	noun	息切れ|喘ぐ
pantheism	noun	汎神論
panther	noun	パンサー|豹|ヒョウ
panther cap	noun	天狗茸
panties	noun	パンツ|パンティー
pantograph	noun	パンタグラフ
pantomime	noun	パントマイム
pantry	noun	パントリー
pants	noun	ズボン|パンツ|下穿き
panty raid	noun	パンティー狩り
pantyhose	noun	パンティストッキング|タイツ
papakha	noun	パパーハ
paparazzo	noun	パパラッチ
papaya	noun	パパイヤ
paper	adjective	製紙|紙|パー|論文
paper airplane	noun	紙飛行機
paper anniversary	noun	かみこんしき|紙婚式
paper bag	noun	紙袋
paper clay	noun	紙粘土
paper clip	noun	クリップ|紙挟み
paper crane	noun	折鶴
paper cup	noun	紙コップ
paper diaper	noun	紙おむつ
paper driver	noun	ペーパードライバー
paper kite butterfly	noun	大胡麻斑
paper machine	noun	抄紙機
paper mill	noun	製紙工場
paper money	noun	紙幣
paper mulberry	noun	梶|梶の木|構
paper tiger	noun	張り子の虎
paper towel	noun	キッチンペーパー|ペーパータオル
paperboy	noun	新聞配達
paperweight	noun	卦算|文鎮
paperwork	noun	事務処理|文書業務
papier-mâché	noun	パピエ・マシェ|張り子|張子
pappardelle	noun	パッパルデッレ
paprika	adjective	パプリカ色の|パプリカ|パプリカ色
papule	noun	丘疹
papyrology	noun	パピルス学
papyrus	noun	カミガヤツリ|パピルス
para-		超
parable	noun	寓話|比喩|譬え話
parabola	noun	放物線
parachute	noun	落下傘|パラシュート
parachuting	noun	落下傘降下
parade	noun	行進|パレード|行列
paradichlorobenzene	noun	パラジクロロベンゼン
paradigm	noun	模範|語形変化表
paradigm shift	noun	パラダイムシフト
paradox	noun	逆説|パラドックス|矛盾
paradoxical	adjective	逆説的|逆説
paraffin	noun	パラフィン
paraffin wax	noun	パラフィン|石蝋
paraglider	noun	パラグライダー
paragliding	noun	パラグライダー
paragraph	noun	段落
parahippocampal gyrus	noun	海馬傍回
parakeet	noun	インコ|鸚哥
parallax	noun	視差
parallel	adjective	平行|緯線|並列
parallel parking	noun	縦列駐車
parallel universe	noun	平行宇宙
parallelepiped	noun	平行六面体
parallelogram	noun	平行四辺形
paralysis	noun	まひ状態|麻痺
paralyze	verb	麻痺する
paramecium	noun	草履虫
paramedic	noun	コメディカル|コ・メディカル|医療補助者
parameter	noun	パラメーター|仮引数|媒介変数|引数
paramita	noun	パラミツ|波羅蜜
paramour	noun	情婦|愛人|男妾
paranoia	noun	パラノイア|偏執病
paranoid	adjective	偏執病的な|偏執病の
paranoid personality disorder	noun	妄想性パーソナリティ障害
paranoid schizophrenia	noun	妄想型統合失調症
paraphilia	noun	性嗜好異常|性的倒錯|性的嗜好障害
paraphimosis	noun	嵌頓包茎
paraphrase	verb	引用|言い換える
paraplegia	noun	対まひ
parapsychology	noun	超心理学
parasite	noun	寄生虫|寄生物
parasitology	noun	寄生虫学
parasol	noun	日傘|パラソル
parasympathetic nervous system	noun	副交感神経系
parasynonym	noun	類義語
paratha	noun	パラーター
parathyroid gland	noun	副甲状腺
paratransit	noun	パラトランジット
paratrooper	noun	空挺兵
parcel	noun	包み|小包み|荷物|地割
parchment	noun	羊皮紙
parchment paper	noun	クッキングシート
pardon	noun	え?|はい?|何?|勘弁|恩赦|赦免|容赦
pardon me		御免なさい
pardon my french	verb	下品な言い方で恐縮だけど
parent	noun	保護者|養父母|親|父母
parental leave	noun	育児休業
parenthesis	noun	括弧
pareo	noun	パレオ
parfait	noun	パフェ
parietal lobe	noun	頭頂葉
parinirvana	noun	般涅槃
parish	noun	小教区
park	noun	公園|競技場|停まる|駐車
parka	noun	アノラック|パーカ
parking	noun	駐車|パーキング|駐車場
parking brake	noun	パーキングブレーキ|サイドブレーキ|駐車ブレーキ
parking lot	noun	駐車場|カーパーク|パーキング
parking meter	noun	パーキングメーター|駐車メーター
parkour	noun	パルクール
parkway	noun	こうえんどうろ|公園道路
parliament	noun	議会|国会|議院
parliamentarian	noun	国会議員
parlor	noun	客室|客間
parmesan	noun	パルミジャーノ|パルメザン
parochial	adjective	偏狭
parody	noun	パロディ
parole	noun	仮釈放
paronym	noun	同根語|類音語
parosmia	noun	刺激性異嗅症
parotid gland	noun	耳下腺
parquet	noun	寄せ木張りの床|寄せ木細工の床
parrot	noun	オウム|インコ|鸚鵡|鸚哥
parrot crossbill	noun	ハシブトイスカ
parry	verb	かわす|受け流す
parse	noun	パーズ|解析
parsec	noun	パーセク
parseltongue	noun	パーセルマウス
parser	noun	パーサー|構文解析器
parsimony	noun	出し惜しみ|吝嗇
parsley	noun	パセリ
parsnip	noun	パースニップ
part	noun	パート|其の|章|節|部|一部|別れる
part of speech	noun	品詞|語類
part-time	adjective	パートタイム
partake	verb	参加
parthenogenesis	noun	単為生殖
partial	adjective	部分的|一方的|不公平|偏る
partial differential equation	noun	偏微分方程式
partial order	noun	半順序
partially	adverb	部分的
partially ordered set	noun	半順序集合
participant	noun	参加者|関与者
participate	verb	参加
participation	noun	参加
participle	noun	分詞
particle	noun	粒子|助詞|素粒子|助辞|てにをは
particle accelerator	noun	粒子加速器|加速器
particle physics	noun	素粒子物理学
particular	adjective	特別|特有|独特
particulate matter	noun	粒子状物質
parting	noun	別れ
partition	noun	分割|パーティション|間仕切り
partly	adverb	一部|部分的に
partner	noun	パートナー|伴侶|恋人|相棒|仲間
partnership	noun	パートナーシップ|協力関係
partridge	noun	ヤマウズラ|山鶉
parturition	noun	出産|分娩|分身
party	noun	会|会合|懇親会|懇談会|社交場
party animal	noun	パリピ
party dress	noun	パーティードレス
party game	noun	山手線ゲーム
party political broadcast	noun	政見放送
parvenu	noun	出来星|成り上がり者|成り金
pasha	noun	パシャ|州知事
paskha	noun	パスカ|パスハ
paso doble	noun	パソドブレ
pass	noun	小道|山道|細道|突き|許可証|通行証|経つ
pass away	verb	亡くなる|逝く|逝去
pass on	verb	伝える
pass the buck	verb	盥回しにする|蜥蜴の尻尾切りにする
passacaglia	noun	パッサカリア
passage	noun	一節|通過
passageway	noun	通路
passed ball	noun	パスボール|捕逸
passenger	noun	乗客|旅客
passenger car	noun	乗用車
passenger pigeon	noun	旅行鳩
passenger ship	noun	客船|旅客船
passer-by	noun	通行人
passim	adjective	あっちこっち
passion	noun	激情|受難
passion fruit	noun	パッションフルーツ
passionate	adjective	熱烈
passive	adjective	受動的|受け身|受動態
passive matrix	noun	パッシブマトリクス
passive participle	noun	受動分詞
passive smoking	noun	受動喫煙
passive voice	noun	受身|受動態|所相
passport	noun	パスポート|旅券
password	noun	パスワード|合言葉
past	noun	過去|過去形|過去時制
past continuous	noun	過去進行形
past historic tense	noun	単純過去|遠過去
past life	noun	前世
past participle	noun	過去分詞
past tense	noun	過去形|過去時制
pasta	noun	パスタ
pasta e fagioli	noun	パスタ・エ・ファジョーリ
pasta salad	noun	パスタサラダ
pastel	noun	パステルカラー|パステル
pasteurisation	noun	パスチャライゼーション|低温殺菌
pasteurize	verb	低温殺菌
pastiche	noun	パスティーシュ
pastie	noun	ニップレス|ニプレス
pastiera	noun	パスティエラ|パスティエーラ
pastille	noun	トローチ
pastime	noun	娯楽
pastor	noun	牧師
pastrami	noun	パストラミ
pastry	noun	菓子|ペースト|ペーストリー
pastry bag	noun	絞り袋
pastry chef	noun	パティシェ|パティシエ
pasture	noun	牧草地|牧草|放牧する
pat	verb	摩する|撫でる
pataca	noun	マカオ・パタカ
patch	noun	パッチ
patchouli	noun	パチョリ|パチュリ|パチュリー
patent	adjective	明らかな|権利証|特許|専売特許|特許取得
patent troll	noun	パテント・トロール|特許ゴロ
paternal	adjective	父性|父方
paternal aunt	noun	おば
paternal grandfather	noun	父方のお爺さん|父方の祖父
paternal grandmother	noun	内祖母|父方の祖母
paternal uncle	noun	伯父|伯父さん|伯父貴|叔父|叔父さん|叔父貴
paternoster	noun	主の祈り
path	noun	小道|畦道|通路|道|方針|軌道
path length	noun	パス長
pathetic	adjective	かわいそう|哀れ|痛ましい|情けない
pathogen	noun	病原体|病原菌
pathology	noun	病理学|病理
pathophysiology	noun	病態生理学
pathos	noun	パトス|悲愴
patience	noun	辛抱|我慢|忍耐|ソリティア
patient	adjective	忍耐強い|気が長い|我慢強い|辛抱強い|患者|病人
patina	noun	緑青
patriarch	noun	総主教|総大司教|家長
patriarchy	noun	家父長制|父権|父権制
patriot	noun	愛国者
patriotic	adjective	愛国
patriotism	noun	愛国心|愛国主義
patrol	noun	パトロール|警邏|警邏隊
patrol car	noun	パトカー|トロールカー|警邏車
patron	noun	守護者|パトロン|恩人
patron saint	noun	守護聖人
patronize	verb	愛顧する|取り付ける
patronymic	noun	父称
pattern	noun	亀鑑|手本|模範|鑑|パターン|型
patty	noun	パティ
pauper	noun	貧困者|貧民|貧者
pause	noun	休止|休憩|中断|一時停止|途切れる
pave	verb	敷く|舗装
pavilion	noun	仮設テント|亭|東屋|パビリオン|ブリリアント|収容
pavlova	noun	パブロワ
paw	noun	足|足の裏|足で押す
pawa	noun	パウア貝|鮑
pawl	noun	歯止め
pawn	noun	ポーン|駒
pawnbroker	noun	質屋
pawnshop	noun	質屋
pawpaw	noun	ポーポー
pay	verb	払う|支払う
pay tv	noun	ペイテレビ|有料テレビ
pay attention	verb	注意を払う
pay back	verb	払い戻す
pay off	verb	報われる
pay the bills	verb	勘定を支払う
payee	noun	受取人
payer	noun	支払人
payment	noun	支払い|入金
payphone	noun	公衆電話
pea	noun	豌豆|エンドウ|エンドウ豆
pea coat	noun	ピーコート
pea green	noun	黄緑色
peace	noun	平和|平安|平静|和平|和睦
peace of mind	noun	安心
peace talks	noun	和平交渉|和平会談
peace treaty	noun	和約|平和条約|講和条約
peaceful	adjective	平和|穏和|平穏|平静
peaceful coexistence	noun	平和共存
peacekeeping	noun	平和維持
peacemaker	noun	ピースメーカー|仲裁人
peacetime	noun	平和時代|平時
peach	noun	桃|もも|桃色|すてきな人|すてきもの
peach blossom	noun	桃の花|桃花
peach fuzz	noun	桃の毛
peach palm	noun	チョンタドゥーロ
peacock	noun	孔雀|ピーコック
peacock butterfly	noun	クジャクチョウ|孔雀蝶
peahen	noun	雌孔雀
peak	noun	ピーク|尖頭|尖頭値|最大値|頂点|山頂
peal	noun	雷鳴
peanut	noun	ピーナツ|落花生
peanut butter	noun	ピーナッツバター
peanuts	noun	雀の涙
pear	noun	梨
pear tree	noun	梨の木
pearl	noun	真珠
pearl grey	noun	真珠色
pearl millet	noun	唐人稗
pearl necklace	noun	真珠のネックレス|真珠の首飾り
pearls before swine	noun	猫に小判|豚に真珠
pearly	noun	真珠色
pearly antshrike	noun	シンジュアリモズ
peasant	noun	農夫|小作人|小百姓|百姓|農民|田舎者
peasantry	noun	農民
peashooter	noun	豆鉄砲
peat	noun	泥炭
pebble	noun	小石
pebibit	noun	ペビビット
pebibyte	noun	ペビバイト
pecan	noun	ピーカンナッツ|ペカンナッツ|ペカン
pecan pie	noun	ピーカンパイ|ペカンパイ
peccary	noun	臍猪
peck	verb	ついばむ
pectin	noun	ペクチン
pectoral fin	noun	胸鰭
pectoral sandpiper	noun	アメリカウズラシギ
peculiar	adjective	奇異|風変わり|特有
pecuniary	adjective	貨幣|金銭的
pedagogy	noun	教育学
pedal	noun	ペダル
pedalo	noun	水上自転車
pedant	noun	衒学者
pedantic	adjective	杓子定規|学者ぶった
peddler	noun	鬻人|鬻女
pedelec	noun	電動アシスト自転車
pederast	noun	男色者
pederasty	noun	少年愛|少年愛嗜好
pedestal	noun	台座
pedestrian	noun	歩行者
pedestrian crossing	noun	横断歩道
pediatrician	noun	小児科医
pediatrics	noun	小児科
pedicab	noun	自転車タクシー|輪タク
pedicure	noun	ペディキュア
pedigree	noun	血統|系図|系譜
pedipalp	noun	触肢
pedometer	noun	万歩計|歩数計|ペドメーター|計歩器
pedophile	noun	ロリコン|小児性愛者|小児愛者|幼児性愛者
pedophilia	noun	ペドフィリア|児童性愛|小児性愛|幼児好き
pee	noun	おしっこ|ちっち|しーしー|小便|ピー|おしっこをする
peek	verb	覗く
peekaboo	noun	いないいないばあ
peel	noun	皮|果皮|むく
peeler	noun	ピーラー
peephole	noun	覗き穴
peeping tom	noun	出歯亀|覗き魔
peepshow	noun	ピープショー
peer	noun	同輩|タメ|同い年|華族|貴族
peer pressure	noun	同調圧力
peer review	noun	査読
peg	noun	杭|ペグ|掛け釘|釘|洗濯挟み
peignoir	noun	ペニョワール
pejorative	adjective	軽蔑的|侮蔑的|侮辱的|侮蔑|侮辱|軽蔑
pelagic	adjective	外洋性の
pelican	noun	ペリカン|伽藍鳥
pelican eel	noun	袋鰻
pelmanism	noun	神経衰弱
pelmeni	noun	ペリメニ
pelt	noun	ファー|毛皮|毛革|革
pelvic fin	noun	腹鰭
pelvic inflammatory disease	noun	骨盤腹膜炎
pelvis	noun	骨盤
pemphigus	noun	天疱瘡
pen	noun	ペン|ボールペン|万年筆
pen name	noun	ペンネーム|筆名
pen pal	noun	ペンパル|ペンフレンド|文通仲間
pen spinning	noun	ペンスピニング|ペン回し|浪人回し
penal	adjective	刑事上|刑罰
penalty	noun	刑|刑罰|罰|仕置き|懲らしめ|懲罰
penalty kick	noun	ペナルティーキック|PK|ペナルティー
penance	noun	苦行|難行|難行苦行
penchant	noun	傾向
pencil	noun	鉛筆|えんぴつ
pencil case	noun	筆箱|筆入れ|ペンケース
pencil lead	noun	芯
pencil pusher	noun	サラリーマン
pencil sharpener	noun	鉛筆削り
pendant	noun	ペンダント|垂れ飾り
pending	adjective	差し掛かった
penduline tit	noun	ツリスガラ科
pendulum	noun	振り子
pendulum clock	noun	振り子時計
penetrate	verb	突き通る|貫通
penetration	noun	浸透|貫通
penguin	noun	ペンギン|人鳥|企鵝
penholder	noun	ペンホルダー
penicillin	noun	ペニシリン
peninsula	noun	半島
penis	noun	陰茎|ペニス|男根|ちんちん|ちんぽ|玩具
penis envy	noun	ペニス羨望
penitentiary	noun	監獄
penknife	noun	ポケットナイフ
pennant	noun	錦旗
penne	noun	ペンネ
penniless	adjective	一文無し|文無し|無一文
penny	noun	ペニー
penny wise and pound foolish	adjective	安物買いの銭失い
penology	noun	行刑学
pension	noun	ペンション|下宿屋|寄宿舎|年金
pension fund	noun	年金基金
pensioner	noun	年金受給者
pentachoron	noun	正五胞体
pentacontagon	noun	五十角形
pentadecagon	noun	十五角形
pentaerythritol tetranitrate	noun	ペンスリット
pentagram	noun	五芒星
pentahedron	noun	五面体
pentalogy	noun	五部作
pentane	noun	ペンタン
pentaquark	noun	ペンタクォーク
pentathlon	noun	ペンタスロン|五種競技
pentazole	noun	ペンタゾール
penthouse	noun	ペントハウス
pentode	noun	五極管
pentose	noun	ペントース
penultimate	adjective	次末|最後から二番目
penumbra	noun	半影
peon	noun	農奴
peony	noun	牡丹|ボタン
people	noun	人々|人達|人|国民|民族|人民
people who live in glass houses shouldn't throw stones		猿の尻笑い
people's republic	noun	人民共和国
peopleless	adjective	無人
pep talk	noun	朝礼|激励演説
pepino melon	noun	ペピーノ
pepper	noun	胡椒
pepper shaker	noun	コショウ入れ
pepper spray	noun	トウガラシスプレー
peppermint	noun	ペパーミント|ミント|薄荷
pepperoni	noun	ペパロニ
pepsin	noun	ペプシン
peptic ulcer	noun	消化性潰瘍
peptide	noun	ペプチド
peptide bond	noun	ペプチド結合
per		毎
per capita	adverb	一人当たり
per se	adverb	それ自体
perceive	verb	感知|気付く|知覚|認める
percent	noun	パーセント
percentage	noun	パーセンテージ|百分率|百分比
percentage point	noun	パーセントポイント|ポイント
perceptible	adjective	知覚
perception	noun	知覚
perch	noun	ペルカ
percolation	noun	濾過
percussion instrument	noun	パーカッション|打楽器
perdition	noun	劫罰|地獄|衰滅
peregrine falcon	noun	隼|ハヤブサ
perennial	adjective	永続|多年生
perestroika	noun	ペレストロイカ
perfect	adjective	正確|全い|完全|完璧|完了
perfect fifth	noun	完全五度
perfect game	noun	パーフェクトゲーム
perfect number	noun	完全数
perfect tense	noun	完了形
perfection	noun	完全|万全|完璧
perfectionism	noun	完全主義|完璧主義
perfectionist	noun	完全主義者|完璧主義者
perfective	adjective	完了
perfective aspect	noun	完了相
perfectoid	adjective	パーフェクトイド
perform	verb	実行|演奏
performance	noun	公演|演奏
performance art	noun	パフォーマンスアート
performer	noun	パフォーマー
perfume	noun	香水|香気|香り
perfumer	noun	パフューマー|調香師
perfunctory	adjective	御座成
pergola	noun	パーゴラ
perhaps	adverb	若しや|多分|かもしれない|恐らく|でしょう|ひょっとして
perianth	noun	花被
pericapsid	noun	エンベロープ
pericardium	noun	心嚢
pericarp	noun	果皮
peridotite	noun	カンラン岩|橄欖岩
perigee	noun	近地点
perihelion	noun	近日点
peril	noun	危険|冒険
perilla	noun	シソ|紫蘇
perilous	adjective	危ない
perimeter	noun	周囲|周囲長
perineum	noun	会陰
period	noun	時代|句点|ピリオド|。|終止符|期間
period drama	noun	大河ドラマ|時代劇
periodic	adjective	周期的
periodic table	noun	周期表
periodical	noun	定期刊行物
periodicity	noun	周期性
periodontitis	noun	歯周炎|歯周病
peripheral device	noun	周辺機器
peripheral nervous system	noun	末梢神経系
periphery	noun	周辺
periscope	noun	潜望鏡
perish	verb	滅びる|亡びる|死ぬ|滅亡
perishable	noun	腐りやすい
peristalsis	noun	蠕動
peritoneum	noun	腹膜
peritonitis	noun	腹膜炎
periwinkle	noun	タマキビガイ|ツルニチニチソウ|ニチニチソウ
perjury	noun	偽証|偽証罪|偽誓
perlèche	noun	口角炎
permafrost	noun	永久凍土
permanence	noun	永久|永続
permanent	adjective	永久|パーマ
permanent marker	noun	マーカー
permanent residency	noun	永住権
permanently	adverb	ずっと|久しい|永久|永続的
permeate	verb	染み込む
permille	noun	パーミル
permission	noun	許可|認可
permit	noun	許可|許す
pernicious	adjective	有害な|致命的な
peroneus brevis	noun	短腓骨筋
peroral	adjective	経口
perovskite	noun	ペロブスカイト
peroxide	noun	過酸化物
perpendicular	adjective	垂直|直立|縦
perpetrator	noun	加害者
perpetual motion machine	noun	永久機関
perpetuity	noun	恒久|永世
perplexed	adjective	困った|当惑した
perplexedly	adverb	慌てる
perplexity	noun	困惑|当惑
persecute	verb	迫害
persecution	noun	迫害
perseverance	noun	忍耐
perseverance of the saints	noun	聖徒の永遠堅持
persimmon	noun	柿の木|柿|パーシモン
persist	verb	固執する|尾を引く|持続する|残存する|言い張る|貫く
persistence	noun	固執
persistent	adjective	しつこい|不屈|固執|頑固|執拗|いつまでも続く
person	noun	人|人物|方|者|人間|個人
person-year	noun	人年
persona	noun	ペルソナ
persona non grata	noun	ペルソナ・ノン・グラータ
personage	noun	人物
personal	adjective	個人の
personal computer	noun	パソコン|PC|パーソナルコンピューター
personal digital assistant	noun	携帯情報端末
personal lubricant	noun	ラブローション
personal pronoun	noun	人称代名詞
personal space	noun	パーソナルスペース
personal union	noun	同君連合
personality	noun	性格|人格
personality disorder	noun	パーソナリティ障害|人格障害|性格障害
personification	noun	擬人化
perspicacious	adjective	明察|明敏|明達|明視
perspicaciously	adverb	明敏に
perspicacity	noun	洞察
perspiration	noun	汗
persuade	verb	説く|説得
persuasion	noun	説得力|説得
pertain	verb	関する|関係
pertinent	adjective	当てはまる
perturbation	noun	摂動
perverse	adjective	天邪鬼|意地悪|旋毛曲がり
perversion	noun	変態
pervert	noun	変質者|痴漢|変態|性的倒錯者
peryton	noun	ペリュトン
peseta	noun	ペセタ
peso	noun	ペソ
pessimism	noun	悲観|悲観主義|厭世主義|厭世観
pessimist	noun	悲観主義者|ペシミスト|厭世家
pessimistic	adjective	悲観的
pester	verb	せがむ|悩ます
pesticide	noun	農薬|殺虫剤
pestilence	noun	疫病
pestle	noun	擂粉木
pesto	noun	ペスト|ペスト・ジェノヴェーゼ
pet	noun	ペット|愛玩動物|撫でる|愛撫
pet door	noun	ペットドア
pet name	noun	ペットネーム|愛称
pet shop	noun	ペットショップ
peta-		ペタ
petabit	noun	ペタビット
petabyte	noun	ペタバイト
petal	noun	花びら|花弁
petite	adjective	幼い
petite bourgeoisie	noun	小ブルジョア|プチブル|プチ・ブルジョア
petition	noun	請願
petrichor	noun	ペトリコール
petrify	verb	石化
petrochemical	adjective	石油化学の
petrochemistry	noun	石油化学
petroglyph	noun	ペトログリフ
petrography	noun	岩石記載学|記載岩石学|記述岩石学
petroleum ether	noun	石油エーテル
petroleum jelly	noun	ワセリン
petrology	noun	岩石学
petticoat	noun	ペチコート
petting	noun	ペッティング
petting zoo	noun	ふれあい動物園
petty	adjective	凡庸|小さい|微小|狭量
petty theft	noun	こそ泥
petunia	noun	ペチュニア|暗紫色
pew		げ
pewter	noun	しろめ|ピューター|白目
pewterware	noun	しろめ製品
peyote	noun	ペヨーテ
pfennig	noun	ペニヒ
phagocyte	noun	食細胞
phagocytosis	noun	食作用
phalanx	noun	ファランクス|指骨|趾骨
phallic	adjective	陰茎の|男根の
phallicism	noun	男根崇拝
phallus	noun	ファルス
phalsa	noun	インドウオトリギ
phantasmagoria	noun	幻灯|影絵|走馬灯|幻
phantom	noun	幻
phantom limb	noun	幻影肢|幻肢
phantom pain	noun	幻肢痛
pharaoh	noun	ファラオ
pharmacist	noun	薬剤師|薬屋
pharmacologist	noun	薬理学者
pharmacology	noun	薬理学
pharmacotherapy	noun	薬物治療
pharmacy	noun	薬屋|薬局|薬学|薬剤学|薬剤師|薬理学
pharyngeal	adjective	咽頭音|咽頭
pharyngealization	noun	咽頭化
pharyngitis	noun	咽頭炎
pharynx	noun	咽頭
phase	noun	段階
phase contrast microscopy	noun	位相差顕微鏡
phase modulation	noun	位相変調
phase space	noun	位相空間
phase transition	noun	相転移
phase velocity	noun	位相速度
pheasant	noun	雉子|キジ|雉
pheasant-tailed jacana	noun	蓮角
phenanthrene	noun	フェナントレン
phenanthridine	noun	フェナントリジン
phenazine	noun	フェナジン
phenol	noun	フェノール|石炭酸
phenolphthalein	noun	フェノールフタレイン
phenomenal	adjective	驚異的
phenomenology	noun	現象学
phenomenon	noun	現象
phenomime	noun	擬態語
phenotype	noun	表現型
phenyl	noun	フェニル基
phenylalanine	noun	フェニルアラニン
phenylketonuria	noun	フェニルケトン尿症
pheromone	noun	フェロモン
phew		ふぅ
phi	noun	ファイ|ピー|フィ
philanderer	noun	漁色家
philanthropic	adjective	博愛の|情け深い|慈善の
philanthropy	noun	人間好き|慈善活動
philatelist	noun	切手収集家
philately	noun	切手収集
philippic	noun	ピリッピカ
philologist	noun	言語学者
philology	noun	文献学
philosopher	noun	哲学者
philosopher king	noun	哲人王
philosopher's stone	noun	賢者の石
philosophy	noun	哲学|主義|方向|方針|悟り
philosophy of science	noun	科学哲学
philtrum	noun	人中|人中穴
phimosis	noun	包茎
phishing	noun	フィッシング|フィッシング詐欺
phlegm	noun	痰|冷静さ
phlegmatic	adjective	粘液質の
phlegmon	noun	蜂窩織炎
phloem	noun	師部
phlogiston	noun	フロギストン|燃素
phlox	noun	フロックス
pho	noun	フォー
phon	noun	ホン|ホーン
phone sex	noun	サイバーセックス|オナ電
phonecard	noun	テレホンカード
phoneme	noun	音素
phonemic	adjective	音韻論
phonemic merger	noun	音素合流
phonemic split	noun	音素分裂
phonetic	noun	音符
phonetic alphabet	noun	発音記号|音声記号
phonetic symbol	noun	発音記号|音声記号
phonetics	noun	音声学
phonics	noun	フォニックス
phonk	noun	フォンク
phono-semantic compound	noun	形声文字
phonograph	noun	蓄音機
phonolite	noun	響岩
phonology	noun	音韻論
phonon	noun	フォノン|音子|音響量子
phonosemantic	adjective	形声
phonotactics	noun	音素配列論
phony	adjective	偽|偽物|贋|詐欺師
phosphate	noun	燐酸塩
phosphide	noun	リン化物
phosphine	noun	ホスフィン
phosphite	noun	亜燐酸塩
phospholipid	noun	リン脂質|燐脂質
phosphorescence	noun	燐光
phosphoric acid	noun	燐酸
phosphorous acid	noun	亜燐酸
phosphorus	noun	リン|燐
phosphorylation	noun	リン酸化|燐酸化
photo album	noun	アルバム|フォトアルバム|写真帖
photo shoot	noun	写真撮影
photobiology	noun	光生物学
photobook	noun	写真集
photocarrier	noun	光キャリア
photoconductivity	noun	光導電性
photocopier	noun	コピー機|複写機
photocopy	noun	ゼロックス|フォトコピー|複写|複写する
photodermatosis	noun	光線過敏症
photodiode	noun	フォトダイオード
photoelectric effect	noun	光電効果
photoelectricity	noun	光電
photoelectron	noun	光電子
photogenic	adjective	写真写りがいい
photograph	noun	写真|写す|写真を撮る|撮影する
photographer	noun	写真家|写真師|撮影者
photography	noun	写真術|写真撮影|撮影
photomask	noun	フォトマスク
photometer	noun	光度計
photon	noun	光子
photopaper	noun	印画紙
photophobia	noun	羞明
photoresist	noun	フォトレジスト
photoshop	verb	フォトショ
photosphere	noun	光球
photosynthesis	noun	光合成
phototherapy	noun	光線療法
phrasal verb	noun	不変化詞動詞|句動詞
phrase	noun	句|フレーズ|語句|楽句
phrasebook	adjective	フレーズブック|会話帳|熟語集
phraseology	noun	口回し|用語|表現法|言い回し|言葉遣い
phreatic	adjective	水蒸気爆発
phrenology	noun	骨相学
phthalazine	noun	フタラジン
phthalein	noun	フタレイン
phugoid	noun	フゴイド運動
phycology	noun	藻類学
phyllo	noun	フィロ ペストリー
phylloquinone	noun	フィロキノン
phylogenetics	noun	系統学
phylum	noun	門
physic nut	noun	ナンヨウアブラギリ
physical	adjective	肉体|物理的
physical chemistry	noun	物理化学
physical education	noun	体育
physical quantity	noun	物理量
physician	noun	医者|医師|先生
physician, heal thyself		医者の不養生
physicist	noun	物理学者
physics	noun	物理学
physiology	noun	生理学|生理
physiotherapy	noun	理学療法
phytic acid	noun	フィチン酸
phytopathology	noun	植物病理学
pianissimo	adverb	ピアニッシモ
pianississimo	adverb	ピアニッシッシモ
pianist	noun	ピアニスト
piano	adverb	ピアノ|鋼琴
piano roll	noun	ピアノロール
pianoforte	noun	ピアノフォルテ
piastre	noun	ピアストル
picanha	noun	イチボ
picaresque	noun	悪漢小説
piccolo	noun	ピッコロ
picene	noun	ピセン
pici	noun	ピチ
pick	noun	つるはし|摘む
pick on	verb	いじめる
pick one's nose	verb	鼻をほじくる|鼻を穿る
pick up	verb	拾う|乗せる|拾い上げる|迎えに行く|ナンパする
pick up the phone	verb	受話器を取る|電話に出る
pickaxe	noun	つるはし|鶴嘴
picket	noun	杭|ピケット
pickle	noun	ピクルス|漬け物|漬物|酢漬け|塩水|漬ける
pickled	adjective	漬けた
pickpocket	noun	掏摸|掏る
pickup	noun	ナンパ
pickup truck	noun	ピックアップ|ピックアップトラック
picky eater	noun	偏食|好き嫌いが多い
picnic	noun	ピクニック
pico-		ピコ
pictogram	noun	ピクトグラム|象形
pictorial	noun	画報
picture	noun	絵|絵画|写真|映画
picture book	noun	絵本
picture frame	noun	額縁
picul	noun	ピクル
pidgin	noun	ピジン言語
pie	noun	パイ
pie chart	noun	円グラフ
pie iron	noun	ホットサンドメーカー
pie-in-the-sky	adjective	絵に描いた餅
piece	noun	部分|一切れ|一片|切り身|ピース|駒
piece of cake	noun	お茶の子|朝飯前
piece of shit	noun	糞垂れ
piecewise	adverb	区分的に
pied currawong	noun	笛烏
pied kingfisher	noun	姫山翡翠
pied wheatear	noun	背黒砂漠鶲
pieing	noun	パイ投げ
piemontite	noun	紅簾石
piepowder	noun	パイ・パウダー・コート
pier	noun	波止場|埠頭|桟橋|橋脚|柱
pierce	verb	刺す
piercing	noun	ピアス|ピアスホール
pierogi	noun	ピエロギ
piety	noun	篤信|敬愛
piezoelectric	adjective	圧電|圧電の
piezoelectric effect	noun	圧電効果
piezoelectricity	noun	圧電気
pig	noun	豚|ブタ
pig bed	noun	鋳床
pig in a poke	noun	衝動買い
pig iron	noun	銑鉄
pigeon	noun	鳩
pigeonhole	verb	決めつける
piggy bank	noun	貯金箱
piggyback	adverb	肩車|おんぶ|負ぶう
piglet	noun	子豚|豚児
pigment	noun	色素|顔料
pigmentation	noun	色素沈着
pigpen	noun	豚小屋
pigsty	noun	豚小屋|豚舎
pigtail	noun	ピグテール|ツインテール|御下げ|御下げ髪
pike	noun	カワカマス|パイク
pilaf	noun	ピラフ
pilcrow	noun	段落記号
pile	noun	積み重ね|山
pile driver	noun	杭打ち機
pile-up	noun	玉突き
pileus	noun	頭巾雲|傘
pilgrim	noun	巡礼者
pilgrimage	noun	巡礼
pill	noun	丸薬|錠剤|ピル|避妊薬
pill bug	noun	団子虫
pillage	noun	略奪品|略奪
pillar	noun	柱
pillbox	noun	トーチカ
pillory	noun	さらし台
pillow	noun	枕
pillow fight	noun	枕投げ
pillow talk	noun	寝物語
pillow word	noun	枕詞
pillowcase	noun	枕カバー
pilot	noun	操縦士|飛行士|水先人|水先案内人|パイロット
pilot light	noun	種火
piloti	noun	ピロティ
pimp	noun	ポン引き|女衒
pimple	noun	丘疹|面皰
pin-up	noun	グラビア|ピンナップ|ピンアップ|ピンアップガール
pinball	noun	ピンボール
pinball machine	noun	ピンボール
pince-nez	noun	鼻メガネ|鼻眼鏡
pincer attack	noun	挟み撃ち|挟撃
pincers	noun	ペンチ|やっとこ|矢床
pinch	noun	ピンチ|抓る
pine	noun	松|ゴヨウ|思い焦がれる|想い焦がれる|憧れる|虐めをする
pine bunting	noun	白髪頬白
pine needle	noun	松葉
pine torch	noun	松明
pineal gland	noun	松果体|松果腺
pineapple	noun	パイナップル|鳳梨
pineapple bun	noun	菠蘿包
pineapple juice	noun	パイナップルジュース
pinecone	noun	松笠
pinene	noun	ピネン
ping pong ball	noun	ピンポンだま
pink	adjective	ピンク|桃色|淡紅色|薄紅梅|撫子
pink jersey	noun	マリア・ローザ
pink-footed goose	noun	コザクラバシガン
pinky promise	noun	指切り|指切りげんまん
pinky swear	verb	指切り
pinna	noun	耳介|外耳
pinnacle	noun	頂上|頂点
pinniped	noun	鰭脚類
pint	noun	パイント
pintle	noun	軸棒
pinwheel	noun	風車
pinworm	noun	蟯虫
pion	noun	パイ粒子
pioneer	noun	パイオニア|先駆者|開拓者|ピオネール
pious	adjective	敬虔|信心深い|信心の名を借りた|偽善的な|宗教にかこつけた
pip	noun	種
pip-squeak	noun	ちび
pipa	noun	ピーパー|琵琶
pipe	noun	パイプ|笛
pipe cutter	noun	チューブカッタ|パイプカッタ
pipe dream	noun	夢物語|絵空事
pipe organ	noun	オルガン|パイプオルガン
pipeline	noun	パイプライン
piperazine	noun	ピペラジン
piperidine	noun	ピペリジン
pipette	noun	ピペット
piquant	adjective	辛い
piracy	noun	パイレーシ|海賊|偽版|海賊版|著作権侵害
piranha	noun	ピラニア
piranha solution	noun	ピラニア溶液
pirate	noun	海賊|海賊船
pirate ship	noun	海賊船
piriformis	noun	梨状筋
pirozhki	noun	ピロシキ
piscatory	adjective	釣り
pisco	noun	ピスコ
pisiform bone	noun	豆状骨
piss	noun	おしっこ|小便|小便をする
piss off	verb	失せろ|失せる|いらいら
pissaladière	noun	ピサラディエール
pistachio	noun	ピスタチオ
pistil	noun	雌蕊
pistol	noun	ピストル|拳銃|弾き|手筒
pistol shrimp	noun	鉄砲蝦
piston	noun	ピストン|喞子|活塞
piston engine	noun	ピストンエンジン
pit	noun	落とし穴|穴
pit bull terrier	noun	ピットブル
pit viper	noun	蝮
pita	noun	ピタ
pitch	noun	投球|傾斜
pitch a tent	verb	テントを張る
pitch accent	noun	高低アクセント|ピッチアクセント|音声高さアクセント|高さアクセント
pitch-black	adjective	漆黒
pitch-dark	adjective	真っ暗
pitcher	noun	ピッチャー|水差し|投手
pitchfork	noun	ピッチフォーク
pitchstone	noun	松脂岩
pitfall	noun	落し穴|落とし穴|落穴
pith	noun	髄
pitiful	adjective	可憐
pitter-patter	noun	しとしと|ぱたぱたと
pituitary gland	noun	下垂体|脳下垂体
pity	noun	同情|憐れみ|残念|気の毒に思う
pityriasis	noun	粃糠疹
pivot	noun	ピボット|枢
pixel	noun	ピクセル|画素|絵素
pixel art	noun	ドット絵
pixie	noun	ピクシー
pixiu	noun	豼貅|貔貅
pizza	noun	ピザ|ピッツァ|ピザパイ
pizza pie	noun	ピザパイ
pizza saver	noun	ピザセーバー
pizzeria	noun	ピッツェリア|ピザ屋
pizzicato	adverb	ピッツィカート|ピチカート|ピッチカート
piñata	noun	ピニャタ|ピニャータ
pla ra	noun	プラーラー
placard	noun	プラカード
placate	verb	なだめる
place	noun	団地|寝場所|置き場所|場|広場|市場|置く
place mat	noun	プレイスマット
place value	noun	位取り|位数
placebo	noun	偽薬|プラセボ
placename	noun	地名
placenta	noun	胎盤|後産|胞衣
placental	noun	有胎盤類
placid	adjective	静か|平静
plagiarism	noun	盗作|パクリ|剽窃
plagioclase	noun	斜長石
plague	noun	ペスト|黒死病|疫病|伝染病|感染症|疫癘|悩ます
plague doctor	noun	ペスト医師
plaice	noun	プレイス
plain	adjective	平|質素|平易|普段|普通|平野
plain jane	noun	地味子
plain-winged antshrike	noun	ズグロアリモズ
plaintiff	noun	原告
plan	noun	図解|設計図|計画|プラン|平面図|設計
planarian	noun	プラナリア
plane	noun	平面|鉋|飛行機|削る
plane angle	noun	平面角
planer	noun	鉋
planet	noun	惑星|星|プラネット|迷い星
planetarium	noun	プラネタリウム|天象儀
planetary	adjective	惑星
planetary nebula	noun	惑星状星雲
planetary science	noun	惑星科学
planetary system	noun	惑星系
planetoid	noun	小惑星
planetology	noun	惑星科学
plangent	adjective	哀調を帯びる
plank	noun	板|厚板|プランク
planktology	noun	浮游生物学
plankton	noun	プランクトン|浮遊生物
planned obsolescence	noun	計画的陳腐化
planning	noun	立案
planning permission	noun	開発許可制度
plant	noun	植物|草|草木|草花|植える
plantain	noun	車前草|バショウ属
plantar fascia	noun	足底筋膜
plantar fasciitis	noun	足底筋膜炎
plantation	noun	プランテーション|栽培所|農園
plantigrade	adjective	蹠行|蹠行動物
plasma	noun	プラズマ|血漿
plasma acceleration	noun	プラズマ加速
plasma accelerator	noun	プラズマ加速器
plasma cell	noun	形質細胞
plasma wakefield acceleration	noun	プラズマ航跡場加速
plasma wakefield accelerator	noun	プラズマ航跡場加速器
plasmon	noun	プラズモン
plasterer	noun	左官
plastic	noun	プラスチック|プラ
plastic bag	noun	ビニール袋|ポリ袋|ビニ袋|プラスチック袋|袋
plastic surgery	noun	形成外科|整形外科
plasticity	noun	可塑性
plasticizer	noun	可塑剤
plastron	noun	胸当て
plat du jour	noun	日替わり|日替わり料理
plate	noun	皿
plate tectonics	noun	プレートテクトニクス
plateau	noun	高原
platelet	noun	血小板
platform	noun	プラットホーム|ホーム|乗り場|歩廊|演壇|政党の綱領
platform game	noun	プラットフォームゲーム
platform screen door	noun	スクリーンドア|ホームドア
plating	noun	鍍金
platinum	noun	白金|プラチナ
platinum jubilee	noun	プラチナ·ジュビリ
platitude	noun	在り来りの発言|陳腐な言葉
platonic love	noun	プラトニック・ラブ
platoon	noun	小隊
platter	noun	大皿|盆
platypus	noun	カモノハシ|鴨嘴|かものはし
play	noun	遊び|戯曲|演劇|プレイ|遊ぶ|演ずる
play god	verb	神を演じる
play ball	verb	プレイボール
play house	verb	ままごとをする
play possum	verb	狸寝入りをする
play stupid games, win stupid prizes		自業自得
play the fool	verb	ばかを見る|とぼける
play truant	verb	学校をサボる
play with fire	verb	火遊び
playback	noun	プレーバック|再生
playback singer	noun	プレイバックシンガー
playdate	noun	プレイデート
player	noun	遊び人|ギャンブラー|博徒|プレーヤー|俳優|芸人
playful	adjective	遊戯的
playground	noun	遊び場
playing card	noun	トランプ|カルタ|カード|トランプ・カルタ|札
playlist	noun	プレイリスト|再生リスト
playoff	noun	プレーオフ
playpen	noun	ベビーサークル
playwright	noun	劇作家|脚本家
plaza	noun	広場
plea	noun	嘆願|弁解
plead	verb	嘆願する
pleasant	adjective	愉快|楽しい
please	verb	ください|お願いします|どうぞ|喜ぶ
please help me		助けて|助けてください
please pass the salt		塩 とおるください
please repeat after me		私について繰りかえしてください
please say that again		もう一度言ってください
please sit down		座ってください|座る
please speak more slowly		もっとゆっくり話してください
please turn left		左に曲がってください
please turn right		右に曲がってください
pleased	adjective	嬉しい
pleased to meet you		初めまして|お初にお目にかかります|お初にお目に掛かります|宜しくお願いします
pleasing	adjective	楽しい
pleasurable	adjective	愉快|楽しい
pleasure	noun	喜び|快感
pleasure principle	noun	快楽原則
pleasure trip	noun	行楽
pleat	noun	襞
plebeian	adjective	下賎な|平民の|庶民の|賎しい|下下|平民
plebiscite	noun	国民投票
plebs	noun	庶民
plectrum	noun	ピック
pledge	noun	保証|抵当|質権|公約
plenty	noun	沢山|豊富
plenum	noun	充実|全体会議|総会|プレナム
pleochroism	noun	多色性
pleonasm	noun	冗語
pleroma	noun	プレーローマ
plesiosaur	noun	首長竜
pleura	noun	胸膜
pleural cavity	noun	胸膜腔
pleurisy	noun	胸膜炎
plexiglass	noun	プレキシガラス
pliable	adjective	しなやか|曲げやすい
pliers	noun	ペンチ|プライヤー
plinth	noun	台座|柱礎|根石
ploidy	noun	倍数性
ploonet	noun	プルーネット
plosive	noun	破裂音
plot	noun	プロット|筋|陰謀|企み
plot twist	noun	プロットの再方向付け|プロットの捻れ
plotter	noun	プロッター
plough	noun	鋤|鍬|耕す
ploughshare	noun	刃先
plover	noun	千鳥
pluck	verb	もぐ|摘む
plug	noun	プラグ|栓
plug-in	noun	プラグイン
plum	adjective	暗紫色|セイヨウスモモ|プラム
plum blossom	noun	梅花
plum rains	noun	梅雨|黴雨
plumage	noun	羽毛
plumber	noun	配管工|鉛管工
plumbing	noun	配管|上下水道設備|配管工|配管業
plumbism	noun	鉛中毒
plumpness	noun	肥満|肥胖
plunder	verb	略奪
plunger	noun	スッポン|ラバーカップ
pluperfect tense	noun	大過去
plural	adjective	複数|複数形
plurale tantum	noun	絶対複数
pluralism	noun	多元主義
pluripotent	adjective	多能性の
plus	adjective	プラス|正|以上|足す
plus sign	noun	プラス|プラス記号
plush	noun	フラシ天|フラシテン
plush toy	noun	縫い包み
plutocracy	noun	金権政治
plutocrat	noun	財閥
plutonism	noun	火成説|火成論
plutonium	noun	プルトニウム
plywood	noun	プライウッド|ベニヤ板|合板
pneumoconiosis	noun	肺塵症|塵肺
pneumonia	noun	肺炎
pneumonoultramicroscopicsilicovolcanoconiosis	noun	ニューモノウルトラマイクロスコーピックシリコヴォルケーノコニオシス|塵肺
pneumothorax	noun	気胸
poach	verb	密漁|密猟|横取りする
poached egg	noun	ポーチドエッグ
poacher	noun	密漁者|密猟者
poaching	noun	密猟
pocket	noun	ポケット|懐中
pocket money	noun	小遣い
pocket square	noun	ポケットチーフ
pocket watch	noun	懐中時計
pocketbook	noun	小型版|袖珍本
pocketknife	noun	ポケットナイフ
pockmark	noun	痘痕
pod	noun	さや
podcast	noun	ポッドキャスト
podiatrist	noun	足治療医
podium	noun	表彰台
podstakannik	noun	ポトスタカーンニク
poem	noun	詩|詩歌|詩的表現
poet	noun	詩人
poetess	noun	女流詩人
poetic justice	noun	勧善懲悪
poetry	noun	韻文|詩|詩歌
pogo stick	noun	ポゴスティック
pogrom	noun	ポグロム
poignant	adjective	鋭い|痛烈|痛烈な|辛辣な
poikilotherm	adjective	変温動物
point	noun	点|ポイント|分|コンマ|得点|分岐器|指す
point blank	adverb	単刀直入
point of inflection	noun	変曲点
point of no return	noun	帰還不能点
point of tangency	noun	接点
point of view	noun	観点
point out	verb	指し示す|指す|示す
point-to-point	adjective	ポイント・ツー・ポイント
pointer	noun	ポインタ|指針|指し棒|教鞭|文字さし
pointing stick	noun	トラックポイント|ポインティング・スティック
poison	noun	毒|毒害|毒殺
poison gas	noun	毒ガス
poisoning	noun	中毒|毒殺|毒害
poke	verb	突く
poker	noun	火かき棒|ポーカー
polar bear	noun	北極熊|ホッキョクグマ|白熊|シロクマ
polar cap	noun	極冠
polar coordinates	noun	極座標
polar night	noun	極夜
polarity	noun	極性
polarization	noun	分極化
pole dance	noun	ポールダンス
pole star	noun	極星
pole vault	noun	棒高跳び|棒高跳
pole vaulter	noun	棒高跳び選手
polemic	noun	論争
polemologist	noun	戦争学者
polemology	noun	戦争学
police	noun	警察
police box	noun	ポリスボックス|交番|派出所|駐在所
police brutality	noun	警察の暴力
police car	noun	パトカー|パトロールカー
police dog	noun	警察犬
police officer	noun	警察官|警官|お巡り|お巡りさん
police state	noun	警察国家
police station	noun	警察署|交番
policewoman	noun	女性警官|婦警
policy	noun	ポリシー|政策|施策|契約内容|規約|方針
poliomyelitis	noun	ポリオ|急性灰白髄炎
polis	noun	ポリス|都市
politburo	noun	政治局
polite	adjective	礼儀正しい|丁寧
politeness	noun	丁寧|礼儀正しい
political	adjective	政治的
political asylum	noun	政治亡命
political correctness	noun	ポリティカル・コレクトネス|ポリコレ|政治的正しさ
political party	noun	政党|党
political prisoner	noun	政治犯|思想犯
political science	noun	政治学
political scientist	noun	政治学者
politically	adverb	政治的
politically correct	adjective	ポリコレ|ポリティカリー・コレクト|政治的に正しい
politician	noun	政治家|政客
politicization	noun	政治化
politicize	verb	政治化
politics	noun	政治
polity	noun	政体
polka	noun	ポルカ
polka dot	noun	水玉|水玉模様
pollakiuria	noun	頻尿
pollen	noun	花粉
pollination	noun	受粉|授精
polling station	noun	投票所
pollutant	noun	汚染物質
pollution	noun	汚染|公害|汚染物質
polo	noun	ポロ
polo shirt	noun	ポロシャツ
polonaise	noun	ポロネーズ
polonium	noun	ポロニウム
polpettine	noun	ポルペッティーネ
poltergeist	noun	ポルターガイスト|ポルターガイスト現象
poly-		多|重
polyamide	noun	ポリアミド
polyamory	noun	ポリアモリー
polyandry	noun	一妻多夫制|ポリアンドリー
polyarchy	noun	多頭政治
polybutadiene	noun	ポリブタジエン
polycarbonate	noun	ポリカーボネート
polycentrism	noun	ポリセントリズム
polychoron	noun	多胞体
polyene	noun	ポリエン
polyester	noun	ポリエステル
polyethylene	noun	ポリエチレン
polyethylene terephthalate	noun	PET|ポリエチレンテレフタラート
polyfill	noun	ポリフィル
polygamy	noun	複婚|ポリガミー|多婚性
polyglot	adjective	多言語|多言語話者|ポリグロット
polygon	noun	多角形
polygraph	noun	ポリグラフ|嘘発見器
polygyny	noun	一夫多妻
polyhedral	adjective	多面体
polyhedron	noun	多面体
polymath	noun	博識者
polymer	noun	重合体|高分子
polymerase chain reaction	noun	ポリメラーゼ連鎖反応
polymerization	noun	重合
polymethyl methyacrylate	noun	プレキシガラス
polymorphism	noun	多形|多態|多形性|多態性|多相性|同質異像
polymyxin	noun	ポリミキシン
polynomial	noun	多項式
polynomial equation	noun	多項方程式
polynosic	adjective	ポリノジック
polynya	noun	ポリニヤ|氷湖
polyoxymethylene	noun	ポリオキシメチレン
polyp	noun	ポリプ|ポリープ
polypeptide	noun	ポリペプチド
polypharmacy	noun	多剤併用
polyphenol	noun	ポリフェノール
polyphone	noun	多音語
polyphony	noun	ポリフォニー
polypropylene	noun	ポリプロピレン
polysaccharide	noun	多糖
polyseme	noun	多義語
polysemy	noun	多義性|多義語
polystyrene	noun	ポリスチレン
polysyllabic	adjective	多音節
polytetrafluoroethylene	noun	ポリテトラフルオロエチレン
polytheism	noun	多神教
polytope	noun	ポリトープ|超多面体
polyurethane	noun	ポリウレタン
polyvinyl	noun	ポリビニル
polywater	noun	ポリウォーター
polyyne	noun	ポリイン
pomace	noun	ポマース
pomade	noun	ポマード
pome	noun	梨果
pomegranate	noun	石榴|柘榴
pomelo	noun	ザボン|ブンタン
pommel horse	noun	鞍馬
pomology	noun	果実学|果樹園芸学
pompom	noun	ポンポン
pompon	noun	ポンポン
pon	noun	ポン|碰
pond	noun	池
ponder	verb	熟考
pondi	noun	マーレーコッド
pondweed	noun	蛭蓆
pongee	noun	紬
pontiff	noun	教皇
pontificate	noun	司教の職|説教
pontoon	noun	ポンツーン
pontoon bridge	noun	浮き橋|舟橋
pony	noun	小馬|ポニー|仔馬|子馬
ponytail	noun	ポニーテール
poo	noun	うんこ|うんち|うんちをする
pooch	noun	わんこ|犬|雑種犬
pood	noun	プード
poodle	noun	プードル
pool	noun	プール|ポケットビリヤード
poop deck	noun	船尾楼甲板
poor	adjective	貧しい|貧乏|かわいそう|哀れ|下手|劣る
poor as a church mouse	adjective	教会のネズミのように貧しい|非常に貧しい
poor thing	noun	かわいそう
poot		おなら|屁
pop	noun	ポップ|ポップス
pop art	noun	ポップアート
pop group	noun	ポップグループ|ポップ・グループ
pop music	noun	ポップ|ポップ・ミュージック
pop quiz	noun	抜き打ちテスト
pop song	noun	ポップス|ポップソング
pop star	noun	ポップスター|人気歌手
pop-up	noun	ポップアップ
popcorn	noun	ポップコーン
pope	noun	教皇|ローマ教皇|法王
pope's nose	noun	ぼんぼち
poplar	noun	ポプラ
poplit	noun	膝窩
popliteal	adjective	膝窩
popliteus	noun	膝窩筋
poppy	noun	芥子|罌粟|ケシ|ポピー|ケシ色
poppyseed	noun	ケシの実
popsicle	noun	アイスキャンディー
populace	noun	大衆|庶民|民衆
popular	adjective	人気|受けのよい
popular culture	noun	ポップカルチャー|大衆文化
popular music	noun	ポピュラー・ミュージック|ポピュラー音楽
popular science	noun	俗学
popularise	verb	大衆化
popularity	noun	人気
popularization	noun	大衆化
population	noun	人口|個体群|母集団
population density	noun	人口密度
population pyramid	noun	人口ピラミッド
populism	noun	ポピュリズム|人民主義|大衆主義
populous	adjective	人口の多い
porbeagle	noun	ニシネズミザメ
porcelain	noun	磁器|ポースレン|焼き物|陶磁|陶磁器
porch	noun	ポーチ|玄関
porciculture	noun	養豚
porcine	adjective	ブタ
porcini	noun	ポルチーニ|山鳥茸
porcupine	noun	ヤマアラシ|山荒
pore	noun	孔|小孔|毛穴|気孔|皮脂腺|線|熟慮する
pork	noun	豚肉|ポーク
pork rind	noun	ポーククラックリング|ポークスクラッチング|ポークラインズ
porn	noun	ポルノ|AV|アダルトビデオ|エーブイ
porn star	noun	ポルノスター
pornocracy	noun	娼婦政治|ポルノクラシー
pornographer	noun	官能小説家
pornography	noun	ポルノ|ポルノグラフィ|猥本|猥褻
porosity	noun	気孔
porous	adjective	多孔質|多孔
porphin	noun	ポルフィン
porphyrin	noun	ポルフィリン
porphyrite	noun	玢岩
porphyry	noun	斑岩
porpoise	noun	ネズミイルカ
porridge	noun	ポリッジ|粥|雑炊
port	adjective	港|ポート|左舷|移植|ポートワイン|ポート・ワイン
port wine	noun	ポートワイン
portable toilet	noun	仮設トイレ|仮設便所|簡易トイレ
portal	noun	ポータル|正門
portal vein	noun	門脈
porte cochère	noun	車寄せ
portentous	adjective	前兆的な
portfolio	noun	ポートフォリオ|作品集
porthole	noun	舷窓
portico	noun	ポルチコ
portion	noun	部分
portmanteau word	noun	混成語|鞄語
portrait	noun	肖像|画像
pose	noun	ポーズ|置く|ポーズをつくる
position	noun	位置|位置付ける|配置
positive	adjective	明確|正|ポジティブ|ポジフィルム|陽画
positive degree	noun	原級
positive number	noun	正の数|正数
positivism	noun	実証主義
positron	noun	陽電子|ポジトロン
possess	verb	占有|所持|所有|取り憑く|支配
possession	noun	保有物|所有物|所有|保持|保有|所持
possessive adjective	noun	所有形容詞
possessive case	noun	所有格
possessive determiner	noun	所有限定詞
possessive pronoun	noun	所有代名詞
possessor	noun	所有者
possibility	noun	可能性
possible	adjective	ありうる|起こり得る|可能
possum	noun	ポッサム
post	noun	カキコ|書き込み|柱|郵便|書き込む
post mortem	noun	検視|解剖|反省会
post office	noun	郵便局
post office box	noun	私書箱
post-it note	noun	ポストイット|付箋|付箋紙|附箋
post-nut clarity	noun	オナニー三昧|賢者タイム|賢者モード
post-production	noun	ポストプロダクション
post-traumatic stress disorder	noun	心的外傷後ストレス障害
post-war	adjective	戦後の
postage stamp	noun	切手|郵便切手
postbellum	adjective	戦後の
postcard	noun	葉書|ポストカード
postcode	noun	郵便番号
postdoc	noun	ポスドク|博士研究員
postdoctoral	adjective	博士課程修了後の|学位取得後の
poste restante	noun	局留め
poster	noun	ポスター
poster child	noun	看板娘
poster paint	noun	ポスターカラー
posterior	adjective	後|後方|劣後|後れる
postfix notation	noun	後置記法
postgraduate	noun	大学院生|研究生|院生
posthardcore	noun	ポスト・ハードコア
posthistory	noun	後史
posthumous name	noun	諡|諡号
posthumously	adverb	死後
postmark	noun	消印
postmodern	adjective	ポストモダン
postmodernism	noun	ポストモダニズム
postpartum depression	noun	産後うつ病
postpone	verb	延期
postponement	noun	延期
postposition	noun	後置詞
postscriptum	noun	追伸
postseason	noun	ポストシーズン
poststructuralism	noun	ポスト構造主義
postulate	noun	公準
posture	noun	姿勢
pot	noun	鍋
pot calling the kettle black	noun	五十歩百歩|目糞鼻糞|目糞鼻糞を笑う
pot marigold	noun	金盞花
pot-au-feu	noun	ポトフ
potassium	noun	カリウム
potassium cyanide	noun	シアン化カリウム|青酸カリ
potassium dichromate	noun	二クロム酸カリウム
potassium hydroxide	noun	水酸化カリウム|苛性カリ
potassium nitrate	noun	硝石|硝酸カリウム
potato	noun	じゃがいも|馬鈴薯|ポテト
potato crisp	noun	ポテトチップ
potato masher	noun	マッシャー
potato salad	noun	ポテトサラダ|ポテサラ|ポテト・サラダ
potato starch	noun	片栗粉
potbelly	noun	太鼓腹
potential	adjective	潜在的|ポテンシャル|可能性|潜在力|潜在能力|位置エネルギー
potential difference	noun	電位差
potential energy	noun	ポテンシャルエネルギー|位置エネルギー
potentilla	noun	雉蓆
potentiometer	noun	ポテンショメータ|電位差計
pothole	noun	甌穴
potlatch	noun	ポトラッチ
potter's clay	noun	陶土
potter's wheel	noun	轆轤
pottery	noun	陶器|窯元|陶芸
potty	noun	おまる
pouch	noun	袋
poultice	noun	罨法
poultry	noun	家禽|家禽類
pound	noun	ポンド
pound cake	noun	パウンドケーキ
pound sterling	noun	ポンド
pound-for-pound	adverb	パウンド・フォー・パウンド
pour	noun	注入|流出|注ぐ|吐露する|殺到する|流れ出る
pour out	verb	注ぎ出す
pout	noun	膨れっ面|口を尖らす|唇を尖らす|やさぐれる|拗ねる
poutine	noun	プーチン|プーティン
poverty	noun	貧困|欠乏|貧乏
powder	noun	粉
powder flask	noun	火薬入れ
powder snow	noun	粉雪
powdered sugar	noun	粉砂糖
power	noun	列強|勢力|強国|権力|力|倍率|供給する
power broker	noun	黒幕
power level	noun	戦闘力
power line	noun	送電線|電線
power of attorney	noun	委任状
power play	noun	パワープレー
power rack	noun	パワーラック
power set	noun	冪集合
power station	noun	発電所
power steering	noun	パワーステアリング
power strip	noun	テーブルタップ
power structure	noun	権力構造
power struggle	noun	権力闘争
power supply	noun	電源|電源回路
powerbank	noun	モバイルバッテリー
powerful	adjective	強い|強力
powerless	adjective	弱い|無力|脆い
powerlessness	noun	無力
powerlifting	noun	パワーリフティング
pox	noun	痘瘡
pp.	noun	pp.
practical	adjective	実践的な|実用的な|実務経験のある|経験豊かな
practical joke	noun	悪戯
practice	noun	練習|業務|儀式|ならわし|慣習|慣行
practice makes perfect		習うより慣れろ|鏡は重磨によって輝く
practise	verb	練習
pragmatic	adjective	実利的な|実用主義の
pragmatism	noun	プラグマティズム|実用主義
pragmatist	noun	現実主義者
prairie	noun	プレーリー|草原
prairie dog	noun	プレーリードッグ
praise	noun	賞賛|礼讃|礼賛|褒める|称える|讃える
prajna	noun	般若
prajnaparamita	noun	般若波羅蜜多
praline	noun	プラリネ
pram	noun	ベビーカー|乳母車
pramana	noun	量
prank	noun	どっきり|悪ふざけ|悪戯
prank call	noun	悪戯電話
prankster	noun	悪戯者
praseodymium	noun	プラセオジム
pratītyasamutpāda	noun	縁起
prawn	noun	海老|エビ
pray	verb	祈る|祈祷する|祈願する|祭る|嘆願する|請う
prayer	noun	祈り|祈祷
prayer beads	noun	念珠|数珠
prayer book	noun	祈祷書
prayer wheel	noun	マニ車
praying mantis	noun	蟷螂|螳螂
pre-ejaculate	noun	尿道球腺液
preach to deaf ears	verb	馬の耳に念仏
preach to the choir	verb	釈迦に説法
preacher	noun	説教者
precaution	noun	予防|用心
precede	verb	先んずる
precedent	noun	先例|前例|判例
precession	noun	歳差|歳差運動|首振り運動
precious	adjective	大切
precious metal	noun	貴金属
precious stone	noun	宝石
precipice	noun	断崖|絶壁
precipitate	verb	促進する
precipitation	noun	降水|降水量|沈殿
precipitously	adverb	急
precise	adjective	厳密|正確|精密|厳密な|正確な
precision	adjective	精度|正確性
precocity	noun	早熟
precognition	noun	予言
preconception	noun	予想
precondition	noun	前提|前提条件
precum	noun	我慢汁
precuneus	noun	楔前部
precursor	noun	先駆者|前兆|前駆体|前駆物質
predation	noun	捕食
predator	noun	天敵
predecessor	noun	前任者|前機種
predicament	noun	窮地
predicate	noun	述語
predicative	noun	叙述語|述詞
predicative adjective	noun	叙述形容詞
predict	verb	予言
predictability	noun	予測可能性|予見可能性|予見性
predictable	adjective	予測|先が見える|起こりうる
prediction	noun	予言|予測
predisposition	noun	傾向
preeminent	adjective	ピカイチ|卓抜な|卓越な|擢んでる
prefab	noun	プレハブ
preface	noun	前書き|序文
prefecture	noun	県|都道府県|府
prefecture-level city	noun	地級市
prefer	verb	…の方が好きである|…の方を好む
preferable	adjective	まし|好ましい
preferans	noun	プレフェランス
preference	noun	選択|優先|好み|依怙贔屓
preferences	noun	初期設定
preferred	adjective	好きな
preferred stock	noun	優先株式
prefix	noun	接頭辞|接頭語
prefix notation	noun	前置記法
pregnancy	noun	妊娠
pregnancy test	noun	妊娠検査薬
pregnant	adjective	おめでた|妊娠
pregnant woman	noun	妊婦
preheat	verb	予熱
prehistoric	adjective	先史時代の|先史
prehistory	noun	先史時代|先史学|前史
prehnite	noun	葡萄石
prejudice	noun	偏見|僻見|先入観
preliminary	adjective	予備的|予選
prelude	noun	プレリュード
premature ejaculation	noun	早漏
premiere	noun	初演|封切り
premise	noun	前提|構内|邸内
premises	noun	構内|邸内
premolar	noun	小臼歯
premonition	noun	予感
prenuptial agreement	noun	婚前契約
preparation	noun	準備|支度
prepare	verb	準備
prepayment	noun	元払い
preponderance	noun	優位|優勢|優越
preposition	noun	前置詞
prepositional article	noun	冠詞前置詞|縮約冠詞
prepositional case	noun	前置格
prepositional phrase	noun	前置詞句
prequel	noun	前編
prerequisite	noun	前提|前提条件
presbyopia	noun	老視
prescribe	verb	処方|規定
prescription	noun	処方箋|処方
prescriptive	adjective	規範的な
prescriptivism	noun	規範主義
preseason	noun	プレシーズン
presence	noun	存在|気配
present	adjective	現在|出席|贈る|贈呈|進呈
present continuous	noun	現在進行形
present participle	noun	現在分詞
present perfect	noun	現在完了
present tense	noun	現在時制|現在形
present-day	adjective	現代
presentation	noun	プレゼンテーション|プレゼン|贈呈
presentiment	noun	予感
preservation	noun	保存
preservative	noun	防腐剤
preserve	noun	ジャム|プレザーブ
presidency	noun	大統領職|社長職|大統領就任期間|社長在任期間
president	noun	大統領|総統|社長|議長
president-elect	noun	大統領当選者
presidium	noun	幹部会
press	noun	ズボンプレス|ズボンプレッサー|パンツプレス|パンツプレッサー|圧搾機|押し花器|押す
press conference	noun	記者会見
press release	noun	プレスリリース|記者発表
pressure	noun	圧力|プレッシャー|重圧
pressure cooker	noun	圧力鍋
pressure point	noun	急所|点穴|穴位
prestidigitation	noun	手品
prestige	noun	威信|名誉
presumably	adverb	おそらく|思う|推定
presume	verb	推定|推測
presumption of innocence	noun	推定無罪
presumptuous	adjective	厚かましい|図々しい
preta	noun	餓鬼
pretend	verb	装う|振り|見せ掛ける
preterite	adjective	点過去|過去|過去時制
pretext	noun	口実
pretrial	noun	予審
pretty	adjective	可愛い|きれい|プリティ
pretty much	adverb	多分
pretzel	noun	プレッツェル
prevalent	adjective	繁栄
prevent	verb	予防
preventable	adjective	防ぐ
prevention	noun	予防
prevention is better than cure		転ばぬ先の杖|予防は治療に勝る
preventive	adjective	抑止力となる
preview	noun	試写会|前もって見る
previous	adjective	前
previously	adverb	予め|予て|以前|先に
prey	noun	獲物
priapism	noun	持続勃起症
price	noun	価格|値段|報酬|手間賃|費用
price index	noun	物価
price list	noun	価格表|定価表
price tag	noun	値札|正札
priceless	adjective	プライスレス
pricing	noun	プライシング|値付け|値決め
prick	noun	ちんこ|ちんぽ|ちんぽこ|おちんちん|ちんちん|ぽこちん
prickle	noun	とげ
prickly pear	noun	うちわさぼてん
pride comes before a fall		驕れる者久しからず
pride parade	noun	プライド・パレード
prideful	adjective	傲慢|傲然|自信過剰|自慢|高慢
priest	noun	司祭|僧|牧師|法師|神父|祭司
priestess	noun	女教士|女祭司
prima donna	noun	プリマドンナ
primary	adjective	最初
primary color	noun	原色
primary colour	noun	原色
primary industry	noun	第一次産業
primary key	noun	主キー
primary school	noun	小学校
primary school student	noun	小学生
primary sector	noun	第一次産業
primate	noun	霊長類|大主教
prime	adjective	最良|最適|最高|最重要|第一級|最初|最盛期|下塗
prime factor	noun	素因数
prime minister	noun	総理大臣|首相|内閣総理大臣
prime number	noun	素数
prime time	noun	ゴールデンタイム|プライムタイム
primer	noun	点火剤|起爆剤|雷管|下塗|下塗り|地塗|入門書
primeval	adjective	原生|原始
primeval forest	noun	原生林
primitive	adjective	原始的|原始
primordial	adjective	原初の
primrose	noun	桜草
prince	noun	王子|候|公|大公|皇子
prince consort	noun	王配
prince regent	noun	摂政皇太子
princess	noun	姫|王女|公主|王妃|皇女
princess tree	noun	桐
principal	adjective	主要|元金|校長|学校長
principality	noun	侯国|公国|権天使
principle	noun	信念|行動指針|原理|原則|主義
print	verb	印刷
printed circuit board	noun	プリント基板
printer	noun	印刷者|印刷工|プリンター|印刷機
printing	noun	印刷
printing house	noun	印刷所|印刷会社
printing press	noun	印刷機
prion	noun	プリオン
prior	adjective	優先|先|先んずる|事前
prioritize	verb	優先
priority	noun	優先|優先権
priority seat	noun	シルバーシート|優先席
prism	noun	プリズム|三稜鏡|角柱
prismatic colors	noun	七色
prison	noun	刑務所|監獄|牢屋|牢
prison camp	noun	捕虜収容所
prison guard	noun	看守
prisoner	noun	囚人|捕虜|とりこ
prisoner of conscience	noun	良心の囚人
prisoner of war	noun	捕虜
privacy	noun	プライバシー|プライヴァシー
privacy policy	noun	プライバシーポリシー
private	adjective	私有|プライベート|私立|二等兵|兵卒
private detective	noun	探偵
private enterprise	noun	民業
private first class	noun	一等兵
private message	noun	ダイレクト・メッセージ|パーソナル・メッセージ|プライベート・メッセージ
private parts	noun	恥部|陰部
private property	noun	私有財産
private school	noun	私立学校
private sector	noun	民間セクター
privateer	noun	私掠船
privation	noun	凍餒 (とうだい, tōdai)
privatization	noun	民営化|私営化
privatize	verb	民営化|私営化
privet	noun	イボタノキ
privilege	noun	特権
privileged	adjective	特権を持つ|特権的
privy council	noun	枢密院
prize	noun	捕獲物|戦利品|賞|珠玉|てこ|梃|重んじる
prize money	noun	賞金
pro forma	adjective	形式的な
pro rata	adverb	比例
pro tem	adjective	一時的な|仮の|一時的に|仮に
pro-verb	noun	代動詞
proactive	adjective	先取りした
probability	noun	確率|可能性|蓋然性
probability density	noun	確率密度関数
probability distribution	noun	確率分布
probability measure	noun	確率測度
probability space	noun	確率空間
probability theory	noun	確率論
probable	adjective	起こる|高確率
probably	adverb	恐らく|十中八九|多分
probation	noun	保護観察
probation officer	noun	保護司
probe	noun	調査|探査機|探針|調査する
problem	noun	問題|課題
problem child	noun	問題児
proboscis	noun	吻
procedural law	noun	手続法|訴訟法
procedure	noun	やり方|手段|方法|手続き|手順|段取り
proceed	verb	前進
proceeds	noun	収益
process	noun	過程|工程|プロセス|会得
procession	noun	行列
processor	noun	プロセッサ|演算機
proclaim	verb	宣言
proclitic	noun	後接語
procrastinate	verb	先延ばしにする
procrastination	noun	先延ばし|遅滞
procreate	verb	生む|生殖
procreation	noun	生殖|出産
procyonid	noun	アライグマ科
prod	verb	突き刺す|突く
prodigal	adjective	放蕩
prodigal son	noun	放蕩息子
prodigious	adjective	途方もない
prodigy	noun	驚異|神童|前兆
prodrome	noun	前駆症状|徴候
prodrug	noun	プロドラッグ
produce	verb	生産|製造する
producer	noun	生産者|製作者|プロデューサー
producer price index	noun	生産者物価指数
producible	adjective	作る
product	noun	生成物|積|結果|製品|商品
product placement	noun	プロダクトプレイスメント
production	noun	生産|製造
production line	noun	生産ライン|製造ライン
productive	adjective	生産的|建設的
productivity	noun	生産性
profane	adjective	世俗|卑賎|汚らわしい|冒涜|汚す|蔑む
profanity	noun	冒涜|冒瀆|卑語|雑言
profession	noun	職業
professional	noun	プロ|プロフェッショナル|専門家
professional wrestling	noun	プロレス|プロフェッショナルレスリング|プロレスリング|職業レスリング|興行レスリング|西洋相撲
professor	noun	教授|先生
proficiency	noun	上達|熟練|熟練度|習熟|習熟度
proficient	adjective	上手|熟練
profile	noun	輪郭|横顔|プロフィール|注目度|プロファイル
profiling	noun	プロファイリング
profit	noun	利益|利潤
profit margin	noun	利鞘
profitable	adjective	利益|有益
progeny	noun	子孫|子種
progeria	noun	早老症
progesterone	noun	プロゲステロン
program	noun	予定|算譜|プログラム|計画|演目|番組|プログラムを作る
programmer	noun	プログラマー|番組製作者
programming	noun	プログラミング
programming language	noun	プログラミング言語|プログラム言語
progress	noun	進歩|進行
progress bar	noun	プログレスバー
progressive house	noun	プログレッシブ・ハウス
progressive rock	noun	プログレッシヴ・ロック
progressive tax	noun	累進課税
progressivism	noun	革新主義
prohibit	verb	禁じる|禁止
project	noun	団地|プロジェクト|計画|事業
project management	noun	プロジェクトマネジメント
project manager	noun	プロジェクトマネージャ
projectile	noun	発射体|発射物
projection	noun	突起
projective geometry	noun	射影幾何学
projective space	noun	射影空間
projector	noun	プロジェクター|投影機|映写機
prokaryote	noun	原核生物
prolapse	noun	脱出|子宮脱|脱垂
proletarian	noun	プロレタリア
proletariat	noun	プロレタリアート|無産階級
proliferation	noun	増殖
proline	noun	プロリン
prolix	adjective	くどい|諄々しい
prolixity	noun	くどさ|冗漫|冗長
prologue	noun	プロローグ|序幕|序章
prom	noun	プロム|プロムナード|舞踏会
promethium	noun	プロメチウム
prominence	noun	プロミネンス
prominent	adjective	著しい|著名
promise	noun	約束|約束する
promising	adjective	有望|有為
promissory note	noun	約手|約束手形
promo	noun	プロモ
promontory	noun	岬
promote	verb	増進させる
promotion	noun	昇進|進級|プロモーション|宣伝
promotional	adjective	プロモーショナル
prompt	noun	プロンプト
pronoia	noun	プロノイア
pronoun	noun	代名詞|だいめいし
pronounce	verb	発音
pronunciation	noun	発音
proofread	verb	校正
proofreading	noun	校正
prop	noun	持ち道具
propaedeutic	adjective	調製用
propaganda	noun	プロパガンダ|宣伝
propaganda of the deed	noun	行為によるプロパガンダ
propagate	verb	伝播する
propane	noun	プロパン
propargyl	noun	プロパルギル基
propeller	noun	プロペラ|推進器
propensity	noun	傾向|性向
proper	adjective	きちんとした|上品|品の良い|ふさわしい|妥当|適した
proper fraction	noun	真分数
proper noun	noun	固有名詞
proper time	noun	固有時
properly	adverb	適切
property	noun	財産|資産|所有物|所有地|所有権|特徴
prophecy	noun	予言
prophet	noun	預言者|予言者
prophetess	noun	女預言者
prophylaxis	noun	予防
propiska	noun	プロピスカ
propolis	noun	プロポリス
proportion	noun	割合|比例
proportional representation	noun	比例代表制
proposal	noun	プロポーズ|企画書|提案書|求婚|提案
propose	verb	申し込む|プロポーズ|求婚|結婚を申し込む
proposition	noun	提案|提議|命題
propranolol	noun	プロプラノロール
proprietor	noun	所有者|経営者|所有者団体
propulsion	noun	推力
propylene	noun	プロピレン
prorate	verb	日割りする
pros and cons	noun	メリットとデメリット|賛否|長短
prosaic	adjective	散文的な|単調な|退屈な
prosciutto	noun	プロシュット
prose	noun	散文
prosecute	verb	起訴する
prosecution	noun	起訴|検察
prosecutor	noun	検事|検察官|検察
proselytize	verb	改宗
proso millet	noun	黍
prosody	noun	韻律論
prosopagnosia	noun	相貌失認症
prosopography	noun	プロソポグラフィ
prospect	noun	見通し
prospector	noun	探鉱者
prosper	verb	栄える|賑わう
prosperity	noun	繁栄
prosperous	adjective	繁栄|順調
prostaglandin	noun	プロスタグランジン
prostate	noun	前立腺
prostate cancer	noun	前立腺癌
prostatitis	noun	前立腺炎
prosthesis	noun	義肢
prosthetist	noun	義肢装具士
prosthodontics	noun	歯科補綴学
prostitute	noun	売春婦|娼婦|街娼
prostitution	noun	売春|淫売|切り売り主義|買春
prostrate	verb	平伏す
protactinium	noun	プロトアクチニウム
protagonist	noun	主人公
protanopia	noun	1型色覚
protease	noun	プロテアーゼ|蛋白質分解酵素
protect	verb	守る|保護
protected area	noun	鳥獣保護区
protection	noun	保護|防護
protectionism	noun	保護主義|保護貿易
protectorate	noun	保護者による政府|保護国
protein	noun	蛋白質|プロテイン
proteomics	noun	プロテオミクス
protest	noun	プロテスト|抗議
protester	noun	抗議者
prothorax	noun	前胸
protist	noun	原生生物
protium	noun	プロチウム|軽水素
proto-language	noun	祖語
protocol	noun	議定書|プロトコル
proton	noun	陽子
protoplanetary disk	noun	原始惑星系円盤
protoplasm	noun	原形質
protostar	noun	原始星
protostome	noun	先口動物|前口動物|原口動物|旧口動物
prototype	noun	プロトタイプ|原型
protozoan	noun	原生動物
protractor	noun	分度器
protrude	verb	出っ張る|出張る|突き出る
protégé	noun	プロテジェ|メンティー|子飼い|門徒
proud	adjective	自慢|誇らしい|嬉しい|盛り上がる
prove	verb	証明する
proverb	noun	諺|格言
provide	verb	供給
province	noun	省|地方|県|州
provincial capital	noun	省都|県庁所在地|県都|道都
provision	noun	支給|配給|準備高|支給する
provisional	adjective	臨時
proviso	noun	但書
provitamin	noun	プロビタミン
provocation	noun	挑発
provoke	verb	怒らせる|憤慨|立腹
provolone	noun	プロヴォローネ
provost	noun	学寮長|学長|教務部長|司祭|市長|教区長
prowess	noun	技量|武勇
proxy	noun	代理|プロキシ|プロクシ
proxy server	noun	プロキシサーバ|串鯖
proxy war	noun	代理戦争
prudence	noun	分別|思慮|慎重|慮|才略|自重
prudent	adjective	慎重
prune	noun	プルーン|西洋李
pry	verb	詮索|首を突っ込む
précis	noun	要約
psalm	noun	詩篇
psalter	noun	聖詠|サルター|ソルター|詩篇
psaltery	noun	プサルタリー
pseudepigrapha	noun	偽典
pseudo-		擬|疑似
pseudo-anglicism	noun	和製英語
pseudocereal	noun	擬似穀類|擬穀類
pseudocide	noun	狂言自殺
pseudocode	noun	擬似コード
pseudofolliculitis	noun	仮性毛包炎|仮性毛嚢炎
pseudomalachite	noun	擬孔雀石
pseudonym	noun	偽名|ペンネーム|筆名|芸名|仮名|変名
pseudopod	noun	仮足
pseudorandom number generator	noun	擬似乱数列生成器
pseudoscience	noun	疑似科学
pseudoscientific	adjective	疑似科学的
pseudoscorpion	noun	蟹虫
pseudoword	noun	擬似語
pshaw		げ
psi	noun	プシー|プサイ|プスィ
psittacosis	noun	オウム病
psoriasis	noun	乾癬
psychiatrist	noun	精神科医
psychiatry	noun	精神医学
psychic	adjective	霊媒
psycho	noun	狂人
psychoanalysis	noun	精神分析
psychogenic	adjective	心因性
psychokinesis	noun	念力
psycholinguistics	noun	心理言語学
psychological warfare	noun	心理戦
psychologist	noun	心理学者
psychology	noun	心理学|サイコロジー|心理
psychometry	noun	サイコメトリー
psychopath	noun	サイコパス|人格障害者|精神病質者
psychopathy	noun	精神病
psychopharmacologist	noun	精神薬理学者
psychopharmacology	noun	精神薬理学
psychopomp	noun	お迎え現象
psychosis	noun	精神病
psychosomatic	adjective	心身
psychrometer	noun	乾湿計
ptarmigan	noun	雷鳥
pteranodon	noun	プテラノドン
pteridine	noun	プテリジン
pterin	noun	プテリン
pterodactyl	noun	プテロダクティルス|テロダクティル
pterosaur	noun	翼竜
ptooey		ぺっと
pu'er	noun	プーアル茶
pub	noun	パブ|居酒屋|バー
pub crawl	noun	はしご酒
puberty	noun	思春期
pubic hair	noun	陰毛
pubis	noun	恥骨
public	adjective	公共|公衆|大衆
public administration	noun	行政|行政学
public domain	noun	パブリックドメイン
public enemy	noun	公敵
public holiday	noun	祝日|祭日|休日|公休|公休日
public key	noun	公開鍵
public law	noun	公法
public limited company	noun	公開有限責任株式会社
public office	noun	公職
public opinion	noun	世論
public place	noun	公共の場|公共の場所
public relations	noun	パブリック・リレーションズ|PR|ピー・アール
public safety announcement	noun	公安発表
public sector	noun	公共セクター
public telephone	noun	公衆電話
public transport	noun	公共交通機関
public works	noun	土木
publication	noun	出版|刊行|発行|刊行物|出版物|発刊
publicity	noun	宣伝|広報
publish	verb	出版|出版する
publisher	noun	出版社|発行者
publishing house	noun	出版社
puce	noun	暗赤色
pudding	noun	プディング|プリン
puddle	noun	水たまり|水溜まり
pudendal cleft	noun	陰裂
puff	noun	シュー|パフ
puff pastry	noun	パイ生地|パフペストリー|折り込みパイ生地
puffbird	noun	大頭
pufferfish	noun	フグ|河豚|鰒
puffin	noun	角目鳥
pug	noun	パグ
pugilist	noun	ボクサー|拳闘家
puh-lease		どうか|もうマジでさ|頼むから
pulchritude	noun	肉体美
pulchritudinous	adjective	美しい
pull	verb	引く|引っ張る
pull an all-nighter	verb	徹夜
pull buoy	noun	プルブイ
pull down	verb	引き下げる
pull oneself together	verb	気を取り直す
pull over	verb	止めさせる|車を止める|車を路肩に寄せる|道の脇に寄せる|道の脇に寄る
pull up	verb	引き上げる
pull-up	noun	懸垂
pullet	noun	若いめんどり
pulley	noun	滑車
pullover	noun	プルオーバー|セーター
pulmonary	adjective	肺|肺性
pulmonary circulation	noun	肺循環
pulmonary edema	noun	肺水腫
pulmonary tuberculosis	noun	肺結核
pulmonology	noun	呼吸器学
pulp	noun	パルプ|果肉|歯髄
pulpit	noun	講壇
pulsar	noun	パルサー
pulse	noun	脈|脈搏
pulsejet	noun	パルスジェット
pulsology	noun	脈診
pumice	noun	軽石
pump	noun	ポンプ|喞筒|パンプス
pump and dump	noun	風説の流布
pumpkin	noun	南瓜|カボチャ
pumpkin pie	noun	パンプキンパイ
pun	noun	駄洒落|洒落|語呂合わせ
punch card	noun	パンチカード
punch line	noun	笑いどころ|落ち
punching bag	noun	サンドバッグ
punctual	adjective	時間を守る
punctuation	noun	約物|句読点|句読法
punctuation mark	noun	句読点
puncture	noun	パンク|刺す
pundit	noun	博学者|パンディット
pung	noun	刻子|ポン|碰
pungency	noun	悪臭
punish	verb	罰する|懲罰
punishable	adjective	罰する
punishment	noun	罰|処罰|刑罰|懲罰
punk	noun	パンク
punk rock	noun	パンクロック
puny	adjective	ちっぽけ|弱々しい|虚弱
pupa	noun	蛹
pupil	noun	学生|生徒|児童|学童|弟子|瞳
puppet	noun	人形|パペット|偶人|傀儡|操り人形
puppet army	noun	偽軍|傀儡軍
puppet show	noun	人形劇
puppy	noun	子犬
puppy dog eyes	noun	子犬の目
puppy love	noun	幼い恋
purblind	adjective	半盲|纈
purchase	noun	購入|購買
purchase funnel	noun	パーチェスファネル
purchasing power	noun	購買力
purchasing power parity	noun	購買力平価
purdah	noun	パルダ
pure	adjective	純粋|清らか|純粋な
pure mathematics	noun	純粋数学
purebred	adjective	純血
puree	noun	ピュレ|ピューレ
purge	noun	パージ|粛清
purification	noun	浄化
purine	noun	プリン
purism	noun	純粋主義|ピュリスム
purist	noun	純粋主義者
purity	noun	純粋
purple	adjective	パープル|紫色|紫
purple finch	noun	紫猿子
purple heron	noun	紫鷺
purple yam	noun	ウベ|大薯|紅芋
purpose	noun	目的|目標|意図|意向
purposely	adverb	わざと
purr	verb	ゴロゴロ|ごろごろ|鳴く
purse	noun	財布|パース|札入れ
purser	noun	パーサー
pursue	verb	追跡
pursuer	noun	追跡者
pursuit	noun	追求
pus	noun	膿
push	verb	押す
push one's luck	verb	付け上がる|図に乗る|調子に乗る
push-up	noun	腕立て伏せ
pushy	adjective	押し付けがましい
pussy	noun	にゃんこ|にゃんにゃん|ねこちゃん|小猫|怖がり|怖がり屋
pussy juice	noun	マン汁
pussy willow	noun	猫柳
pussywhipped	adjective	二本棒|女房天下|鼻下長
put	verb	置く|据える
put all one's eggs in one basket	verb	一つのことに全てを賭ける
put an end to	verb	打ち切る
put away	verb	しまう|片付ける
put back	verb	もどす
put down	verb	殺処分
put in	verb	入れる
put off	verb	延期
put on	verb	被る|履く|着る
put on airs	verb	体裁振る|見栄をはる
put on weight	verb	体重が増える|太る
put out	verb	消す|生産
put the cart before the horse	verb	本末転倒
put through	verb	繋ぐ
put to bed	verb	寝かせる
put to sleep	verb	眠らせる
putative	adjective	推定
putrescent	adjective	腐り掛かった
putrid	adjective	腐敗
putto	noun	プット
putty	noun	パテ
puukko	noun	プッコ|プーッコ
puzzle	noun	謎|難問|難題|パズル|謎々|判じ物
puzzle box	noun	秘密箱
puzzle game	noun	パズルゲーム
pygmy	noun	ピグミー|小人族|小人|無能
pygmy chimpanzee	noun	ピグミーチンパンジー
pygmy right whale	noun	コセミクジラ
pyinkado	noun	ピンカド
pylon	noun	塔門|鉄塔|パイロン
pylorus	noun	幽門
pyometra	noun	子宮蓄膿症
pyramid	noun	ピラミッド|金字塔|角錐
pyramid scheme	noun	ネズミ講|無限連鎖講
pyramidal tract	noun	錐体路
pyramidic	adjective	ピラミッド型の
pyran	noun	ピラン
pyrazine	noun	ピラジン
pyrazole	noun	ピラゾール
pyrethrum	noun	除虫菊
pyridazine	noun	ピリダジン
pyridine	noun	ピリジン
pyridoxine	noun	ピリドキシン
pyrimidine	noun	ピリミジン
pyrite	noun	黄鉄鉱
pyroclastic flow	noun	火砕流
pyrokinesis	noun	パイロキネシス
pyroligneous acid	noun	木酢液
pyrolysis	noun	熱分解
pyromania	noun	放火癖
pyromaniac	noun	放火魔
pyrope	noun	パイロープ|苦礬柘榴石
pyrophobia	noun	炎恐怖症
pyrophyllite	noun	葉蝋石
pyrosis	noun	胸焼け
pyrotechnics	noun	パイロテクニクス|火工術
pyroxene	noun	輝石
pyrrhuloxia	noun	ムネアカコウカンチョウ
pyrrole	noun	ピロール
pyruvate	noun	焦性葡萄酸塩
pyruvic acid	noun	焦性葡萄酸
pyuria	noun	膿尿
pyx	noun	聖餅容器
pâté	noun	パテ
pétanque	noun	ペタンク
qadi	noun	カーディー
qanun	noun	カーヌーン
qibla	noun	キブラ
qigong	noun	気功
qilin	noun	麒麟
qin	noun	琴
qipao	noun	チャイナドレス
quack	noun	ガー ガー|クェッ クェッ|クワッ クワッ|もぐりの医者|藪医者|ペテン師|ガヤガヤしゃべる
quackery	noun	偽医療
quadrant	noun	象限
quadratic	adjective	二次|二次式
quadratic equation	noun	二次方程式
quadrature	noun	下矩|矩|西方矩|西矩
quadrature amplitude modulation	noun	直交振幅変調
quadriceps femoris	noun	大腿四頭筋
quadrilateral	adjective	四辺形|四角形
quadrillion		千兆|一秭
quadruped	noun	四肢動物
quadruple	adjective	四倍|四重
quadruplet	noun	四つ組|四つ子
quaffle	noun	クアッフル
quagga	noun	クアッガ
quagmire	noun	沼地|泥沼|泥濘|湿地|窮地|苦境
quail	noun	鶉|ヨーロッパウズラ
qualification	noun	資格
qualified	adjective	合格|有資格
qualify	verb	勝ち上がる|勝ち進む
quality	adjective	上質|良質|高級|品質|質|性質
quality assurance	noun	品質保証
quality circle	noun	QCサークル
quality control	noun	品質管理
quality of life	noun	クオリティ・オブ・ライフ|生活の質
quantifier	noun	量化子
quantitative easing	noun	量的金融緩和政策
quantity	noun	量|分量|数量
quantization	noun	量子
quantize	verb	量子化する
quantum	adjective	量子|量
quantum chromodynamics	noun	量子色力学
quantum computer	noun	量子コンピューター
quantum dot	noun	量子ドット
quantum entanglement	noun	量子縺れ|量子もつれ
quantum field theory	noun	場の量子論
quantum mechanics	noun	量子力学
quantum number	noun	量子数
quantum physics	noun	量子力学
quantum state	noun	量子状態
quantum teleportation	noun	量子テレポーテーション
quaquaversal	adjective	あらゆる方向に伸びた|ドーム状の|全天の
quarantine	noun	検疫
quarantine flag	noun	検疫旗|検疫信号
quark	noun	クォークチーズ|クワルク|クォーク
quarrel	noun	口喧嘩|口論|言い争い|タイル|言い争う
quarry	noun	採石場|石切場
quarter	noun	クォーター|四分の一|四半|四半期|四半分|地区|四分
quarter-century	noun	四半世紀
quarterback	noun	クォーターバック
quarterfinal	noun	八強|準準決勝
quarterfinalist	noun	八強進出者|準準決勝進出者
quarterly	adverb	四半期毎|季刊|季刊誌
quarterstaff	noun	棒
quartet	noun	カルテット|四重唱|四重奏|四人組
quartz	noun	石英|クォーツ|水晶
quartzite	noun	珪岩
quasar	noun	クエーサー|準星
quasi-planet	noun	準惑星
quasiparticle	noun	準粒子
quaternion	noun	四元数
quatrain	noun	クウォートレイン|クワトレイン|四行連
quattuordecillion		十載
quaver	noun	八分音符
quay	noun	波止場|埠頭
qubit	noun	量子ビット
quecto-		クエクト
queef	noun	マン屁|膣ナラ
queen	noun	女王|クイーン|王|王妃|后|妃
queen bee	noun	女王蜂
queen consort	noun	王后|王妃
queen mother	noun	王太后|皇太后
queer	adjective	クィア
quell	verb	押さえる|鎮める
quenching	noun	焼入れ
quercetin	noun	ケルセチン
quern	noun	ひき臼|碾き臼
querulous	adjective	短気
query	noun	質問|クエリ|問い合わせ
query language	noun	問い合わせ言語
quesadilla	noun	ケサディージャ|ケサディーヤ
quest	noun	クエスト|探求|探索|捜索|検索
question	noun	質問|問い
question mark	noun	疑問符|？|ギモンフタテハ
questionable	adjective	疑わしい
questionnaire	noun	アンケート
quetta-		クエタ
queue	noun	列|行列|待ち行列|辮髪|並ぶ
queue up	verb	並ぶ
quiche	noun	キッシュ
quick	adjective	速い|早い
quick buck	noun	泡銭
quick-tempered	adjective	怒りっぽい|短気
quicklime	noun	石灰
quickly	adverb	どんどん|はやい
quickness	noun	速い
quicksand	noun	流砂
quiet	adjective	静か|閑散|閑静|沈黙|静寂|平静
quietly	adverb	静か
quill	noun	羽根ペン|羽ペン|棘
quillon	noun	クィリオン
quilt	noun	掛け布団|衾
quim	noun	マンコ
quinazoline	noun	キナゾリン
quince	noun	マルメロ
quinceañera	noun	キンセアニェーラ
quindecillion		極
quindim	noun	キンジン
quinine	noun	キニーネ
quinoa	noun	キヌア
quinoline	noun	キノリン
quinone	noun	キノン
quinoxaline	noun	キノキサリン
quintet	noun	クインテット|五重唱|五重奏
quintillion		百京|百穣
quintuplet	noun	五つ子
quipu	noun	キープ
quirk	noun	捩れ|歪み|癖
quishing	noun	クイッシング
quisling	noun	国賊|売国奴
quit	verb	止める|去る|辞める|辞任|辞職
quite	adverb	すっかり|丸で|かなり|結構
quite a few		かなり|少なからぬ
quiver	noun	矢筒|箙|揺らめく
quiz	noun	クイズ|小テスト
quiz show	noun	クイズ番組
quizmaster	noun	司会
quod erat demonstrandum		証明終わり
quoll	noun	袋猫
quorum	noun	定足数|定数
quota	noun	クォータ|割り当て|割当
quotation	noun	見積もり
quotation marks	noun	引用符|「|」|『|』
quote	noun	引用|「|」|『|』|二重引用符
quotidian	adjective	日課|毎日|日常|毎日熱
quotient	noun	商
rgyalrong	noun	ギャロン語
rabbi	noun	ラビ
rabbit	noun	兎|ウサギ
rabbit-ear iris	noun	かきつばた
rabble	noun	暴徒|群衆|有象無象|烏合の衆
rabies	noun	狂犬病
raccoon	noun	アライグマ|洗熊
raccoon dog	noun	狸
race	noun	地下茎|競走|レース|人種|種族|品種|競う
race car	noun	レーシングカー|レースカー
racecourse	noun	競馬場
racegoer	noun	競馬ファン
racehorse	noun	競走馬
raceme	noun	総状花序|花穂
racer	noun	レーサー
racetrack	noun	トラック|レーストラック|競走路|競馬場
racing	noun	競走
racism	noun	人種差別|レイシズム
racist	adjective	人種差別|レイシスト|人種差別主義者
rack one's brain	verb	脳漿を絞る
racket	noun	ラケット
rackett	noun	ランケット
raclette	noun	ラクレット
racquetball	noun	ラケットボール
ractopamine	noun	ラクトパミン
rada	noun	ラーダ
radar	noun	レーダー|電波探知機
radar gun	noun	スピードガン|スピード測定器|レーダーガン|レーダースピードガン
radian	noun	ラジアン
radiance	noun	輝き
radiant	noun	放射点|輻射点
radiation	noun	放射|輻射
radiator	noun	ラジエーター
radical	adjective	抜本的|根本的|徹底的|急進派|根|累乗根
radicalism	noun	急進主義
radicalization	noun	先鋭化
radically	adverb	そもそも|根本
radicate	verb	定着|根付かせる
radication	noun	定着
radio	noun	ラジオ|無線
radio astronomy	noun	電波天文学
radio button	noun	ラジオボタン
radio cassette player	noun	ラジオカセット|ラジカセ
radio clock	noun	電波時計
radio control	noun	ラジオコントロール|ラジコン
radio drama	noun	ラジオドラマ
radio station	noun	ラジオ放送局|無線局
radio telescope	noun	電波望遠鏡
radio wave	noun	電波
radio-controlled	adjective	ラジコン|無線操縦
radio-controlled car	noun	RCカー|ラジコン模型自動車
radioactive	adjective	放射性(の)
radioactive waste	noun	放射性廃棄物
radioactivity	noun	放射能
radiograph	noun	レントゲン写真
radiography	noun	レントゲン写真術
radioisotope	noun	放射性同位体
radiologist	noun	放射線科医
radiology	noun	放射線学
radionuclide	noun	放射性核種
radiotelegram	noun	無線電報
radiothorium	noun	放射性トリウム
radish	noun	大根|ラディッシュ
radium	noun	ラジウム|ラディウム
radius	noun	橈骨|半径
radix	noun	原語|基数|底|進法
radon	noun	ラドン
raffle	noun	抽選
rafflesia	noun	ラフレシア
raft	noun	いかだ|ラフト
rafter	noun	垂木
rafting	noun	ラフティング
rag	noun	襤褸|布
rag doll	noun	ぬいぐるみ人形|縫いぐるみ人形
ragdoll	noun	ラグドール
rage	noun	激怒|暴れる|荒れ狂う
ragequit	verb	切断
ragout	noun	ラグー
rags to riches	noun	無一文から大金持ちに
ragtime	verb	ラグタイム
ragweed	noun	豚草
raid	noun	急襲|襲撃
rail	noun	手すり|手摺|水鶏|秧鶏|レール|線路|ゴネる
rail spike	noun	犬釘
railgun	noun	レールガン
railing	noun	手摺|手すり
railroad	verb	鉄道輸送する|鉄道を経営する|鉄道模型をする|強引に通過させる
railroad car	noun	客車|旅客車|貨車|鉄道車両
railroad tie	noun	枕木
railroad track	noun	軌道|鉄道線路
railway	noun	線路|鉄道
railway gun	noun	列車砲
railway station	noun	鉄道駅|駅
rain	noun	雨|あめ|雨下|雨が降る|雨下する
rain cats and dogs	verb	土砂降りになる
rain check	noun	お預け|延期
rain cloud	noun	雨雲
rain down	verb	雨下
rain gauge	noun	雨量計
rain on someone's parade	verb	水を差す
rain shadow	noun	雨陰
rain shower	noun	俄雨
rainbow	adjective	多彩|多色|虹|虹霓|色々
rainbow trout	noun	虹鱒|ニジマス
raincoat	noun	レインコート|合羽|雨衣
raindrop	noun	雨垂れ|雨滴|雨粒
raindrop cake	noun	水信玄餅
rainfall	noun	降雨量|雨量
rainforest	noun	雨林|多雨林
rainstorm	noun	暴風雨|荒れ
rainwater	noun	雨水
rainwear	noun	雨着
rainy	adjective	雨が降る|雨|雨の多い|雨降り
rainy season	noun	梅雨|雨季|雨期
raise	verb	上げる
raisin	noun	レーズン|干し葡萄
raison d'être	noun	存在理由|生き甲斐
rajah	noun	ラージャー
rake	noun	熊手
rakshasa	noun	羅刹|羅刹天
raksi	noun	ラキシー
rakugo	noun	落語
rale	noun	囉音
rally	noun	大会|集会|ラリー
rambunctious	adjective	始末に負えない|手に負えない
rambutan	noun	ランブータン
ramekin	noun	ラムカン|ラムキン
ramen	noun	ラーメン
ramie	noun	苧
ramjet	noun	ラムジェット
ramp	noun	ランプ|タラップ
rampage	noun	大暴れ|暴れる
rampant	adjective	手がつけられない
rampart	noun	ランパート
ramshackle	adjective	いやしい
ranch	noun	ランチ|牧場
ranch dressing	noun	ランチドレッシング
ranchu	noun	蘭鋳
rand	noun	ランド
random	adjective	任意|適当|ランダム|不可解|出任せ|勝手気まま|野次馬
random number	noun	乱数
random number generator	noun	乱数生成器|乱数発生器
random sample	noun	確率標本
random variable	noun	確率変数
range	noun	守備範囲|音域
rangefinder	noun	測距儀|距離計
ranger	noun	レンジャー|動物管理官
rank	adjective	臭い|ランク|階級
rank and file	noun	はしくれ
ranking	noun	ランキング|格付け|番付|順位
ransom	noun	身代金
ransomware	noun	ランサムウェア
rap music	noun	ラップ
rape	noun	強姦|レイプ|手込め|手込めにする|犯す|手篭にする
rapeseed	noun	菜の花|菜種
rapeseed oil	noun	菜種油
rapid	adjective	速い|急|迅速|急流|瀬
rapier	noun	レイピア
rapist	noun	強姦犯|レイパー|レイピスト|強姦者
rapper	noun	ラッパー
rapport	noun	交感
rapprochement	noun	和解
rare	adjective	珍しい|稀|レア
rare earth	noun	レア・アース|希土類
rare earth element	noun	希土類元素
rarely	adverb	滅多|稀
rasagiline	noun	ラサギリン
rascal	noun	野郎
rasgulla	noun	ラスグッラ
rash	noun	発疹|皮疹
rasp	noun	鑢
raspberry	noun	木苺|ラズベリー|木苺色
rassolnik	noun	ラッソリニク
rat	noun	ラット|鼠|クマネズミ|ネズミ|熊鼠
rate	noun	割合|比率|成長率|生産速度|利率|年収
rather	adverb	寧ろ|むしろ|一層|かなり
ratification	noun	批准
ratify	verb	批准
rating	noun	レイティング|格付け|等級|評価
ratio	noun	比
ration	verb	配給する
rational	adjective	合理的|有理
rational number	noun	有理数
rattle	noun	ガラガラ|ガタガタ音
rattlesnake	noun	ガラガラヘビ|ガラガラ蛇
rattlesnake fern	noun	夏の花蕨
rattlesnake grass	noun	小判草
rattrap	noun	ネズミ捕り|鼠落とし
rave	noun	レイブ|レイヴ
raven	noun	大鴉|渡り鴉|ワタリガラス
raven-haired	adjective	濡羽色の髪|烏の髪|烏羽玉藻|緑の髪|緑の黒髪|緑髪
ravine	noun	峡谷|渓谷
ravioli	noun	ラビオリ
raw	adjective	生
raw data	noun	ローデータ
raw material	noun	原料
rax	verb	伸ばす
ray	noun	鱝|エイ|鱏|光線
rayon	noun	レーヨン|人絹|人造絹糸
razor	noun	剃刀|レザー
razor blade	noun	カミソリの刃
razor clam	noun	蟶貝
razor wire	noun	レーザーワイヤー
re	noun	レ|は
re-		再|-直す|-返す
reach	noun	到達範囲|リーチ|達する|伸ばす|到着|到達
react	verb	反応
reactance	noun	誘導抵抗
reactant	noun	試剤|試薬
reaction	noun	反応|反動
reactionary	adjective	反動的|反動家
reactor	noun	原子炉
read	verb	読む|よむ|読み上げる
read between the lines	verb	行間を読む
read the room	verb	空気を読む
read-only	adjective	読み出し専用|読み取り専用|読み込み専用
read-only memory	noun	ROM|読み出し専用メモリ
reader	noun	読者|リーダー
reading	noun	リーディング|読む|読書|読み
reading material	noun	読み物
reading room	noun	閲覧室|読書室
ready	adjective	出来上がり|準備の出来た|用意の出来た
ready, set, go		せえの
reagent	noun	試薬
real	adjective	現実|真実|本物|実在|現存|実|レアル
real analysis	noun	実解析
real axis	noun	実軸
real estate	noun	不動産
real life	noun	実生活|実際の生活
real number	noun	実数
real part	noun	実部|実数部
real socialism	noun	現実社会主義
real time	noun	リアルタイム|実時間
real-time	adjective	リアルタイム|実時間
realgar	noun	鶏冠石
realism	noun	リアリズム|写実主義|現実主義
realistic	adjective	現実的
reality	noun	現実|実在
reality principle	noun	現実原則
reality show	noun	リアリティショー|リアリティ番組
reality television	noun	リアリティ番組|リアリティ・テレビ
realization	noun	実現
realize	verb	気付く|悟る|実現する
really	adverb	本当|まじ|まさか|へえ|ほんと|本真
realm	noun	王国|領域
realpolitik	noun	レアルポリティーク|現実政治
realtor	noun	不動産屋
reanimate	verb	いきかええｒ7|再活性化する|蘇生させる
reap	verb	刈る|刈り取る
reap what one sows	verb	業によりて果を引く|自業自得
rear	adjective	後ろ|後方|しんがり|そびえ立つ|育てる|後ろ足立ちする
rear gunner	noun	後部銃手
rear-end collision	noun	追突
rear-view mirror	noun	バックミラー
rearmament	noun	再軍備
reason	noun	理由|原因|思慮|理性|理致
reasonable person	noun	一般人|通常人
reasoning	noun	推論
reassuring	adjective	心強い
rebar	noun	鉄筋
rebbe	noun	ラビ|祭司
rebel	noun	反逆者|反抗|反逆|抗う|背く
rebellion	noun	反乱|暴動|蜂起|謀叛|反抗|反発
rebellious	adjective	反抗的
rebirth	noun	生まれ変わり|輪廻転生|再生
reboot	noun	リブート|再起動
reborn	adjective	生まれ変わった
rebound	noun	リバウンド
rebracketing	noun	異分析
rebroadcast	noun	再放送
rebuild	verb	再建|建て直す
rebuke	verb	叱る|叱責|非難
rebus	noun	判じ物
rebut	verb	反証|反駁
rebuttal	noun	反論
recall	verb	思い出す|思い起す|想起|呼び返す
recapitulate	verb	要約
recapitulation	noun	要約
recede	verb	あそびをとる
receipt	noun	受け取り|領収書|レシート|受領書
receive	verb	頂く|受け取る|受ける|貰う
receiver	noun	受取人|受信機|受話器
receivership	noun	管財
recent	adjective	最近
recently	adverb	最近|この間|先頃
receptacle	noun	入れ物|花托|コンセント|ソケット
reception	noun	入会|加入|収容|受付|受理|受信
receptionist	noun	受付係|秘書
recess	noun	あそび|ゆとり|休み時間|休憩時間|休暇|休業|休憩をとる
recession	noun	不況|衰退|退去
recessive	adjective	潜性
recidivism	noun	再犯
recipe	noun	レシピ|調理手順|作り方|調理法
recipient	noun	受取人|レシピエント
reciprocal	noun	逆数
reciprocate	verb	交換する|返す
recital	noun	リサイタル|発表会
recitation	noun	暗唱
recite	verb	吟ずる|暗唱
reckless	adjective	無知|無謀
recognition	noun	承認
recognize	verb	認める|認識する|認識|表彰
recoil	noun	反動|後座|跳ね返る
recoilless rifle	noun	無反動砲
recollect	verb	思い出す|思い起す|想起
recollection	noun	思い出|記憶|回想
recommend	verb	勧める|推薦
recommendation	noun	勧告|推薦|薦め|薦挙
reconcilable	adjective	和解
reconcile	verb	仲直り|和解
reconciliation	noun	和解
recondite	adjective	幽玄
reconnaissance	noun	偵察
reconnect	verb	再会
reconnoiter	verb	偵察する
reconsider	verb	再考
reconstitute	verb	再構成
reconstruct	verb	再構成
record	noun	記録|レコード|音盤|成績|最高記録|記す
record label	noun	レコードレーベル|レーベル|音楽レーベル
record player	noun	レコードプレーヤー|蓄音機
recordable	adjective	収録|録る
recorder	noun	レコーダー|リコーダー|ブロックフレーテ|竪笛|縦笛
recording	noun	録音
recount	noun	再集計|物語る|詳述
recover	verb	回復|治る
recovery	noun	回収|回復
recreation	noun	再創造|娯楽
recreational vehicle	noun	キャンピングカー
recruit	noun	徴集兵|新兵|募集
recruitment	noun	募集|求人
rectangle	noun	長方形|矩形
rectangular	adjective	直角
rectify	verb	正す
rectum	noun	直腸
recur	verb	ぶり返す|再発
recurrence	noun	回帰|復帰|再現|再発
recurrent	adjective	再発性
recursive descent	noun	再帰下降
recurve bow	noun	リカーブボウ
recycle	verb	リサイクル|再生|再利用
recycle bin	noun	ごみ箱
recycling	noun	リサイクル|再利用|リユース|再使用
red	adjective	赤い|赤|アカ
red admiral	noun	アタランタアカタテハ
red blood cell	noun	赤血球
red cabbage	noun	赤キャベツ
red card	noun	レッドカード
red carpet	noun	レッドカーペット
red cent	noun	びた一文
red clover	noun	紫詰草|赤詰草
red crossbill	noun	交喙
red deer	noun	赤鹿
red dwarf	noun	赤色矮星
red flag	noun	赤旗
red fox	noun	赤狐
red giant	noun	赤色巨星
red guard	noun	紅衛兵
red kite	noun	赤鳶
red knot	noun	コオバシギ
red light	noun	赤信号
red line	noun	レッドライン|赤い線|赤線
red link	noun	赤リンク
red meat	noun	赤肉
red mite	noun	鶏蜱
red panda	noun	レッサーパンダ
red pepper	noun	ピーマン
red phalarope	noun	ハイイロヒレアシシギ
red porgy	noun	真鯛
red rail	noun	モーリシャスクイナ
red river hog	noun	アカカワイノシシ
red scare	noun	赤狩り
red scarf	noun	赤いスカーフ
red spider lily	noun	彼岸花
red state	noun	赤い州
red tape	noun	繁文縟礼|お役所さんの仕事|レッドテープ
red terror	noun	赤色テロ
red tide	noun	赤潮
red wine	noun	赤ワイン|赤葡萄酒
red-bellied piranha	noun	ピラニア・ナッテリー
red-crowned crane	noun	丹頂鶴
red-eared slider	noun	ミシシッピアカミミガメ
red-eye	noun	ラッド
red-flanked bluetail	noun	瑠璃鶲
red-footed falcon	noun	西赤足長元坊|ニシアカアシチョウゲンボウ
red-handed	adjective	現行犯
red-light district	noun	風俗街|歓楽街|遊郭
red-necked phalarope	noun	アカエリヒレアシシギ
red-necked stint	noun	トウネン
red-tailed hawk	noun	赤尾鵟
red-throated diver	noun	阿比
red-throated tit	noun	カオアカガラ
red-winged blackbird	noun	羽衣烏
redback	noun	背赤後家蜘蛛
redcap	noun	赤帽
redeem	verb	買い戻す|あがなう|回復する
redemption	noun	償還
redhead	noun	赤毛
redheaded	adjective	紅毛|赤毛|赤髪
rediscovery	noun	再認識
redo	verb	やり直す|再びやる
redox	noun	酸化還元反応
redshift	noun	赤方偏移
reduce	verb	切り詰める|減る|減らす|下げる|削減|強いる
reducible	adjective	減らせる|可約
reducing agent	noun	還元剤
reductase	noun	還元酵素
reduction	noun	還元|簡約
redundancy	noun	冗長|冗長性
redundant	adjective	冗長
redwood	noun	セコイア
reed	noun	葦|蘆|筬
reed bed	noun	葦原
reed bunting	noun	大寿林
reed warbler	noun	ヨーロッパ葦切|大葦切
reef	noun	暗礁|礁|縮帆
reef knot	noun	本結び
reek	noun	悪臭|臭い|臭味|臭気
reel	noun	リール
reelect	verb	再選|改選
reelection	noun	再選|改選
refectory	noun	食堂
refer	verb	問い合わせる
referee	noun	レフェリー|審判
reference	noun	参考|照会|照会先|出典|参照|参照する
reference book	noun	参考書
reference work	noun	参考図書
referendum	noun	住民投票|国民投票
refill	noun	リフィル|代わり
refinement	noun	みやび
refinery	noun	精錬所|製油所
reflect	verb	反射|跳ね返す|跳ね返る|映す|反射する|映る
reflection	noun	反射|反映
reflector	noun	反射鏡
reflex	noun	反射
reflexive	adjective	再帰的|反射的
reflexive pronoun	noun	再帰代名詞
reflexive verb	noun	再帰動詞
reform	noun	改革
reformer	noun	リフォーマー|改革家
refraction	noun	屈折
refractive index	noun	屈折率
refrain	noun	リフレーン|繰り返し句|差し控える|慎む
refresh	noun	リフレッシュ|再読み込み|更新|爽やか
refreshing	adjective	爽快
refreshment	noun	気分転換
refrigeration	noun	冷凍|冷却
refrigerator	noun	冷蔵庫
refuel	verb	給油する
refuge	noun	避難|避難所
refugee	noun	難民
refugee camp	noun	難民キャンプ
refund	noun	払い戻し|返金|払い戻す|返金する
refurbish	verb	改装
refusal	noun	拒否|拒絶|断り
refuse	noun	ごみ|断る|否む|拒む
refutation	noun	反駁
refute	verb	反駁|言い返す|反証
regal	noun	レガール
regard	noun	尊重|見なす|留意
regarding		付く|対する|関する
regards	noun	よろしく|よろしくお願いします
regency	noun	摂政
regeneration	noun	再建|再生
regent	noun	摂政
reggae	noun	レゲエ
regicide	noun	弑逆|王殺し
regime	noun	制度|レジーム|体制|政権
regime change	noun	政体の変更
regiment	noun	連隊
region	noun	地方|区域|県
regional	adjective	地域的
regional lockout	noun	地方閉鎖
register	noun	音栓|登録
registered mail	noun	書留郵便
registered trademark	noun	登録商標
registrar	noun	記録係
registration	noun	登録|登記|フロント|受付
registry	noun	レジストリ
regolith	noun	レゴリス|表土
regress	verb	後退|退歩する
regression	noun	回帰
regret	noun	後悔|悔いる|残念
regular	adjective	規則|規則動詞|リピーター
regular expression	noun	正規表現
regular script	noun	楷書
regular verb	noun	規則動詞
regularity	noun	正則性|規則性
regulate	verb	調節
regulation	noun	規制|規則
rehabilitation	noun	リハビリテーション
rehearsal	noun	リハーサル|予行演習|リハ|予行
reheat	verb	再加熱|再熱|加熱
reign	noun	治世|統治|在位
reiki	noun	霊気
reimburse	verb	返済|返金
rein	noun	手綱
reincarnation	noun	転生|再来|生まれ変わり|輪廻
reindeer	noun	トナカイ|馴鹿
reinforce	verb	補強|加強
reinforced concrete	noun	鉄筋コンクリート
reinforcement	noun	援兵
reinstall	verb	再インストール
reinvent the wheel	verb	車輪の再発明
reject	verb	拒絶
rejection	noun	拒絶
rejoice	verb	喜ぶ|嬉しい|嬉しがる|快く
rejoiceful	adjective	喜ばしい
rejuvenate	verb	若返る
rejuvenation	noun	若返り
relapse	verb	ぶり返す
relate	verb	結び付ける|繋げる|関連付ける
relation	noun	関係|関連
relations of production	noun	生産関係
relationship	noun	関係|血族関係|血縁|親族
relative	adjective	相対的|親戚|身内
relative clause	noun	関係節|連体修飾節|関係詞節
relative complement	noun	差集合
relative humidity	noun	相対湿度
relative pronoun	noun	関係代名詞
relatively	adverb	比較的に
relativism	noun	相対主義
relativistic	adjective	相対論的
relativity	noun	相対|相対性
relativizer	noun	関係節化形式
relax	verb	くつろがせる|くつろぐ|ほっとする|リラックス|和らげる|緊張を解く
relaxation	noun	リラックス|休息|寛ぎ|息抜き
relaxed	adjective	くつろぐ|リラックス
relay	noun	リレー
release	noun	釈放|リリース|放す|解放|発売
relegate	verb	格下げ|追い払う|降格
relevance	noun	関連性
relevant	adjective	適切|関連
reliable	adjective	頼もしい
reliably	adverb	しっかり|頼もしい
relic	noun	遺物|遺跡|聖遺物
relief	noun	リリーフ|レリーフ|浮き彫り|安心|安心感|浮彫的効果
relief pitcher	noun	救援投手
relieve	verb	用を足す
religion	noun	宗教
religious	adjective	信仰的|宗教的
relinquish	verb	放棄する
relish	noun	風味
reload	verb	リロード|再読み込み|入れ直す
relocation	noun	引っ越し|移動|移転
reluctant	adjective	嫌|嫌がる
reluctantly	adverb	しぶしぶ|否々乍ら
rely	verb	あてにする|頼む|頼る
remain	verb	残る|とどまる|居残る|留まる
remainder	noun	残り|剰余|売れ残り
remake	noun	リメイク
remark	noun	注意|但書き|注意書き|発言|注目|言及
remdesivir	noun	レムデシビル
remedy	noun	療法
remember	verb	思い出す|覚える|記憶|確認|よろしく伝える
remembrance	noun	回想|思い出|形見|記念品|記念碑|記憶
remind	verb	思い出させる
reminder	noun	リマインダー|備忘|念押し
remission	noun	緩解
remit	verb	送金する
remix	noun	リミックス
remora	noun	コバンザメ
remorse	noun	悔悟|良心の呵責
remote	adjective	辺鄙|遠い|遠隔|遥か
remote control	noun	リモコン|リモートコントロール|遠隔操作
remote viewing	noun	遠隔視|遠隔透視
removal	noun	排除|除去|告別式|左遷|更迭|異動
remove	verb	取り去る|移す|退ける|除く
remuneration	noun	報酬|給料|サラリー
renal pelvis	noun	腎盂
rename	verb	改名|改称
renaming	noun	改名|改称
renanthera	noun	レナンテラ
rendaku	noun	連濁
render unto caesar	verb	皇帝のものは皇帝に
rendezvous	verb	待ち合わせる
renegade	noun	変節者
renew	verb	再創造
renewable	adjective	再生可能な
renewable energy	noun	再生可能エネルギー
renewal	noun	更新
renminbi	noun	人民元
rennet	noun	レンネット
renovate	verb	修築|改装|更改
renovation	noun	修築|改装|更改
rent	noun	家賃|借り賃|賃借|借りる|貸し借り|貸す
rental	noun	レンタル|賃貸し|賃貸料
rental car	noun	レンタカー
rentier	noun	ランティエ|金利生活者
renunciation	noun	放棄|棄却
reorganize	verb	改変
repair	noun	修理
repairer	noun	修理工|修繕工
reparation	noun	償い|補償|賠償|修復|修理|回復
repatriation	noun	帰還|送還
repdigit	noun	ぞろ目
repeat	verb	繰り返す|リピート
repeatedly	adverb	繰り返して
repeating decimal	noun	循環小数
repent	verb	悔い改める
repentance	noun	懺悔|後悔|悔悟
repertoire	noun	レパートリー
repetition	noun	繰り返し|反復
repetitive strain injury	noun	反復運動過多損傷
rephrase	verb	言い換える
replace	verb	取り換える
replacement	noun	代替|交換
replay	noun	リプレイ
replica	noun	レプリカ|写し|模造品|複製
reply	noun	答え|リプ|リプライ|レス|回答|返事|答える
report	noun	報告|レポート|答申|報告書|銃声|報ずる
report card	noun	成績表|通知表
reported speech	noun	間接話法
reporter	noun	ジャーナリスト|リポーター|報告者|記者
repository	noun	倉庫
repost	noun	再掲示
represent	verb	代表|代表する
representation	noun	表象
representative	noun	代表|衆議院議員
repression	noun	鎮圧|弾圧|抑圧
reprimand	noun	叱責|難詰|面詰
reprint	noun	再版|増し刷り|増刷|重版
reprisal	noun	報復
reproach	noun	非難|恥辱|責める
reproduction	noun	生殖|複製
reptile	noun	爬虫類|爬虫
republic	noun	共和国|民国
republicanism	noun	共和
repudiation	noun	否認|拒否
reputation	noun	評判|名声
repute	noun	評判
requel	noun	再編
request	noun	依頼|要望|要求|願い|頼む|求める
requiem	noun	引導|死者のためのミサ|鎮魂歌
requiescat in pace		安らかに眠れ
require	verb	要求|必要|要する
requirement	noun	要求
requisition	noun	徴発
reread	verb	再読
rereading	noun	再読
rerun	noun	再放送
resale	noun	転売
rescript	noun	勅語
rescue	noun	救出|助ける|救う|救い出す|救助
rescuer	noun	救助者
research	noun	研究|調査
researcher	noun	研究者|研究員
resell	verb	転売
resemble	verb	似る
resent	verb	憤慨
resentful	adjective	憤慨
resentment	noun	恨み|憤り|憤慨|憤懣
reservation	noun	保留|居留地|予約
reserve	noun	予備地|保留地|予約|控え|補欠|控えめ|残す
reserved	adjective	引っ込み思案
reserved word	noun	予約語
reservist	noun	予備兵
reservoir	noun	貯水池
resettle	verb	移住
reshuffle	verb	改造|異動
reside	verb	住む|居住
residence	noun	住宅|滞在
residence permit	noun	居留許可|永住権
resident	noun	住民|居住者
resign	verb	辞める|辞任|辞職
resignation	noun	辞任|辞職|辞表
resist	verb	耐える|反抗|抗う|抵抗
resistance	noun	抵抗|反抗|抵抗力
resistor	noun	抵抗器
resit	noun	再試験
resolution	noun	決断|決心|表明|解決|解像度|画素数
resolve	noun	決意|決定|決心|分解|解く
resort	noun	リゾート
resound	verb	鳴り響く|響く
resource	noun	資源|供給源|資産|資質
respect	noun	尊敬|尊重|崇敬|重視|点|尊敬する
respectable	adjective	尊ぶ
respectful	adjective	恭しい
respectively	adverb	それぞれ|各々
respiration	noun	呼吸
respirator	noun	人工呼吸器
respiratory system	noun	呼吸器系
response	noun	答え|回答|解答
responsibility	noun	責任
responsible	adjective	責任
responsive web design	noun	レスポンシブウェブデザイン
ressentiment	noun	怨念|恨み
rest	noun	休み|残り|余り|休憩|休符|休む
rest area	noun	サービスエリア|休憩所
rest in peace	verb	安らかに眠れ|ご冥福をお祈りします|安らかに休んでください|安らかに眠る
rest on one's laurels	verb	胡坐をかく|胡座をかく
restaurant	noun	レストラン|食堂|料理屋|料理店
restless legs syndrome	noun	むずむず脚症候群
restlessness	noun	不安心
restoration	noun	回復|復旧|復辟
restore	verb	再建|取り戻す|復旧|立て直す
restraining order	noun	接近禁止命令
restraint	noun	我慢
restrict	verb	制限
restriction	noun	制限
restrictive	adjective	限定的
restroom	noun	お手洗い|トイレ
result	noun	結果|成果
resume	verb	再開
resurgence	noun	復活
resurrect	verb	蘇らせる
resuscitate	verb	蘇生させる|蘇生する
retail	noun	小売|小売り|小売価格
retailer	noun	小売商人
retainer	noun	家来|臣下
retaining wall	noun	擁壁
retaliate	verb	仕返し
retaliation	noun	復讐|仕返し
retard	noun	知恵遅れ
retell	verb	再び語る
rethink	verb	再考
reticence	noun	寡黙
reticent	adjective	寡黙
reticle	noun	十字線
reticulated python	noun	アミメニシキヘビ
reticulum	noun	ハチノス
retina	noun	網膜
retinol	noun	レチノール
retire	verb	引退|退職
retiree	noun	退職者
retirement	noun	幽居|退職|停年退職
retort	noun	口答え|レトルト|口答えする
retort food	noun	レトルト食品
retort pouch	noun	レトルトパウチ
retreat	noun	後退|撤退|退却
retribution	noun	復讐|報復
retrieve	verb	取り戻す
retriever	noun	レトリバー
retrofit	noun	あとづけ|後付け|あとづけする|後付けする
retroflex	noun	そり舌音|反り舌音
retrograde ejaculation	noun	逆行性射精
retrogression	noun	退化|逆行
retronym	noun	レトロニム|再命名
retrospect	noun	回顧|遡上
retrospection	noun	懐古
retrovirus	noun	レトロウイルス科
return	noun	復帰|返却|帰還|返品|利益|還付|帰る
return gift	noun	お返し|返礼
return on investment	noun	投資収益率
return ticket	noun	復路の切符|往復切符|往復券
retweet	noun	リツイート
reunification	noun	統一
reunion	noun	再会|再結成|再結集|大会
reunite	verb	再会した
reuse	noun	リユース|再使用|再利用
revamp	noun	改造|リニューアルする|改造する
revanchism	noun	報復主義
revanchist	noun	報復主義者
reveal	verb	現す|表す|表わす
reveille	noun	朝礼|起床らっぱ|起床太鼓
revenge	noun	報復|復讐|復讐する
revenge is a dish best served cold		復讐は最高の寒い料理です
revenge porn	noun	リベンジポルノ|復讐ポルノ
revenue	noun	収入|収益|歳入
revenue stamp	noun	印紙
reverberation	noun	残響
revere	verb	尊敬|崇敬|敬う
reverence	noun	崇敬
reverse	adjective	あべこべ|逆|逆進|裏|裏返す|覆す
reverse polish notation	noun	逆ポーランド記法
reverse bunny suit	noun	逆バニー
reverse contrast	adjective	ファンテール体
reverse cowgirl position	noun	背面騎乗位
reverse engineering	noun	リバースエンジニアリング
reverse image search	noun	逆画像検索
reverse transcriptase	noun	逆転写酵素
reversi	noun	オセロ|リバーシ
review	noun	復習|レビュー|感想文
reviewer	noun	評論家
revise	verb	修正|改める|改正|復習
revision	noun	復習
revisionism	noun	修正主義
revisionist	noun	リビジョニスト|歴史修正主義者
revitalise	verb	活性化
revivable	adjective	復活
revival	noun	復活
revive	verb	復活|甦らせる|甦る
revocation	noun	撤回
revoke	verb	取り消す
revolt	noun	反乱
revolution	noun	革命|改革|回転|公転
revolutionary	adjective	革命的|革命家
revolutionize	verb	革命を起こす
revolve	verb	回る|回転
revolver	noun	リボルバー
revolving door	noun	回転ドア|回転扉
revue	noun	レヴュー
reward	noun	報酬|賞|謝礼|謝礼金|報い|報いる
rewatch	verb	見返す
rewind	verb	巻き直す
rewrite	verb	書き直す
rhapsody	noun	狂詩曲|ラプソディ
rhenium	noun	レニウム
rhesus macaque	noun	アカゲザル|赤毛猿
rhetoric	noun	修辞学
rhetorical question	noun	反語|修辞疑問
rheum	noun	目脂
rheumatism	noun	リウマチ|リューマチ
rheumatoid arthritis	noun	関節リウマチ
rheumatology	noun	リウマチ学
rhinestone	noun	ラインストーン
rhinitis	noun	鼻炎
rhinoceros	noun	犀|サイ
rhinoceros beetle	noun	カブトムシ
rhinoplasty	noun	鼻形成術
rhinovirus	noun	ライノウイルス
rhizoid	noun	仮根
rhizome	noun	根茎
rhizosphere	noun	根圏
rho	noun	ロー
rhodium	noun	ロジウム
rhodochrosite	noun	菱マンガン鉱
rhododendron	noun	躑躅|ツツジ
rhombicosidodecahedron	noun	切頂菱形三十面体|小菱形二十・十二面体|斜方二十・十二面体|菱形二十・十二面体
rhombicuboctahedron	noun	斜方立方八面体|菱形立方八面体
rhombus	noun	菱形|斜方形
rhomphaia	noun	ロンパイア
rhubarb	noun	大黄|ルバーブ
rhyme	noun	詩|韻|押韻|韻を踏む
rhyme dictionary	noun	韻書
rhyming dictionary	noun	韻書
rhythm	noun	リズム
rhythm and blues	noun	リズム・アンド・ブルース
rhythm game	noun	音ゲー|音楽ゲーム
rial	noun	リヤル
rib	noun	肋骨|肋肉|あばら骨
rib cage	noun	胸郭
ribbit		ケロ|ケロケロ
ribbon	noun	リボン
ribbon seal	noun	クラカケアザラシ
ribitol	noun	アドニトール|リビトール
riboflavin	noun	リボフラビン
ribonucleic acid	noun	リボ核酸
ribose	noun	リボース
ribosome	noun	リボソーム
ribwort	noun	ヘラオオバコ
rice	noun	ご飯|ライス|米|飯|稲
rice cake	noun	もち|餅
rice cooker	noun	炊飯器|炊飯ジャー|電気炊飯器|電気釜
rice flour	noun	米粉
rice growing	noun	稲作
rice malt	noun	酒粕
rice milk	noun	ライスミルク
rice paper	noun	ライスペーパー
rice vinegar	noun	米酢
rice wine	noun	日本酒|清酒|ライスワイン
riceburger	noun	ライスバーガー
rich	adjective	豊か|金持ち|裕福|富有
rich kid	noun	お坊ちゃん|ぼんぼん
rich man	noun	財産家|金持ち
ricin	noun	リシン
rickets	noun	佝僂病|くる病
rickettsia	noun	リケッチア|リケッチャ|リケッツィア|リッケットシア
rickshaw	noun	人力車|力車|人力
ricochet	noun	跳弾|跳ね返す
ricotta	noun	リコッタ
riddle	noun	なぞなぞ|謎々
ride	noun	乗せること|車に乗せてやること|乗る
rider	noun	ライダー|乗り手|騎手
ridership	noun	乗降人員
ridge	noun	大棟
ridicule	verb	嘲笑|嘲笑う
ridiculous	adjective	馬鹿らしい
riel	noun	リエル
rife	adjective	満ちた
riff	noun	リフ
riffraff	noun	下層民|下層階級|有象無象
rifle	noun	小銃|ライフル|ライフル銃
rig	noun	リグ
rigatoni	noun	リガトーニ
right	adjective	まっすぐ|正しい|垂直|直|右|右翼|そう|権利|訂正
right angle	noun	直角
right ascension	noun	赤経
right away	adverb	すぐ
right bank	noun	右岸
right brain	noun	右脳
right fielder	noun	ライト|右翼手
right hand	noun	右手
right now	adverb	今すぐ
right to life	noun	生存権
right to work	noun	働く権利
right triangle	noun	直角三角形
right wing	noun	右翼
right-angled	adjective	直角の
right-hand man	noun	右腕
right-handed	adjective	右利き
right-hander	noun	右利き
right-wing	adjective	右派|右翼
rightsholder	noun	権利保持者
rigid	adjective	硬い|固定された|堅い|固い
rigor mortis	noun	死後硬直
riichi	noun	リーチ|立直
riichi mahjong	noun	リーチ麻雀|日本式麻雀|日本麻雀|立直麻雀
rime	noun	霜
ring	noun	一味|指輪|輪|響き|環|集合環|囲む
ring finger	noun	薬指|くすりゆび|無名指
ring light	noun	リングライト
ring road	noun	環状道路
ring theory	noun	環論
ring-billed gull	noun	クロワカモメ
ring-necked duck	noun	クビワキンクロ
ring-tailed lemur	noun	ワオキツネザル
ringgit	noun	リンギ|リンギット
ringleader	noun	首謀者
ringlet	noun	巻き毛
ringtail	noun	カコミスル
ringtone	noun	着信音|着メロ|着信メロディ
ringworm	noun	白癬
rinse	verb	濯ぐ
riot	noun	騒乱|動乱|暴動|狼藉
riot police	noun	機動隊
rip current	noun	離岸流
rip off	verb	請求|ぼったくる|パクる
rip-off	noun	ぼったくり|ぱくり
ripe	adjective	熟す|熟した
ripen	verb	成熟|熟す
ripening	noun	熟成
ripple	noun	漣|漣漪|砂紋
ripple mark	noun	漣痕
rise	noun	上昇|あがる|登る|昇る|復活
risk	noun	リスク|危険
risky	adjective	危険
risotto	noun	リゾット
risqué	adjective	きわどい
rite	noun	儀式
rite of passage	noun	通過儀礼
ritual	adjective	儀式的|儀式|祭祀
rival	noun	ライバル|好敵手|宿敵
rivalry	noun	ライバル|争い|拮抗|競争
river	noun	川|流
river god	noun	河神
river red gum	noun	セキザイユーカリ|リバーレッドガム|ロストラタユーカリ
river snail	noun	田螺
riverbed	noun	川底|河床
riverside	noun	河岸|リバーサイド|河畔
rivet	noun	リベット
rivulet	noun	小川|細流
riyal	noun	リヤル
roach	noun	ローチ
road	noun	道|道路
road map	noun	道路地図
road rage	verb	ロード・レージ
road roller	noun	ロードローラー|締固め用機械
road sign	noun	道路標識
roadblock	noun	道路封鎖
roadrunner	noun	ミチバシリ|ロードランナー|道走
roadshow	noun	ロードショー
roadside	noun	道端
roam	verb	うろつく|さ迷う|歩き回る
roaming	noun	ローミング
roar	noun	咆哮|怒鳴る|吠える
roast	adjective	あぶった|あぶり焼き|ロースト|炒った|焙焼|焼いた|焼く
roast beef	noun	ローストビーフ
roast pork	noun	ローストポーク|焼き豚
rob	verb	盗む|奪う|略奪する|強奪する|奪い取る
robber	noun	盗賊|強盗
robbery	noun	強盗
robe decollete	noun	ローブデコルテ
robe montante	noun	ローブモンタント
robot	noun	ロボット|人造人間
robotics	noun	ロボット工学|ロボティックス
robotization	noun	ロボット化
robustness	noun	ロバストネス|頑健性|頑強性
rock	noun	岩|岩石|石|ロック
rock and roll	noun	ロックンロール
rock bottom	noun	どん底
rock bunting	noun	ヒゲホオジロ|髭頬白
rock candy	noun	氷砂糖
rock climbing	noun	ロッククライミング|岩登り
rock dove	noun	カワラバト
rock face	noun	岩壁
rock group	noun	ロックグループ|ロックバンド|ロック・グループ|ロック・バンド
rock music	noun	ロック|ロック音楽
rock paper scissors	noun	じゃんけん|じゃんけんぽん|じゃん拳|じゃん拳ぽん
rock pipit	noun	ヨーロッパ田雲雀
rock ptarmigan	noun	雷鳥
rock sugar	noun	氷砂糖
rocker panel	noun	ロッカーパネル
rockery	noun	ロック ガーデン|石庭
rocket	noun	ロケット|ロケット弾|噴進弾|打ち上げ花火
rocket artillery	noun	ロケット砲
rocket launcher	noun	ロケットランチャー|ロケット発射器|ロケラン
rockfall	noun	崖崩れ
rockhopper penguin	noun	イワトビペンギン
rocking chair	noun	ロッキングチェア|揺り椅子
rocking horse	noun	木馬
rockstar	noun	ロックスター
rocky road	noun	ロッキーロード|ロッキー・ロード
rod	noun	鞭|杆菌|桿菌|竿|杆体|桿体
rod cell	noun	杆体細胞|桿体細胞
rodent	noun	齧歯類|齧歯動物
rodenticide	noun	殺鼠剤
rodeo	noun	ロデオ
roe	noun	卵|魚卵
roe deer	noun	麕|麕鹿
roentgenium	noun	レントゲニウム
rogation	noun	祈祷|祈願
rogue state	noun	ならずもの国家|ならず者国家
rogue wave	noun	巨大波
rohu	noun	ラベオ・ロヒータ|ロフー
roil	verb	濁る
role	noun	役|役割|役柄
role model	noun	お手本
roleplaying game	noun	ロールプレイ|役割演技
roll	noun	巻子本|転がす|転がる|丸める|巻く
roll one's eyes	verb	ぐりぐり|白目を向く
roll up one's sleeves	verb	腕まくり
roll-top desk	noun	ロールトップデスク
rollator	noun	歩行器
rollback	noun	巻き返し|引き出し|ロールバック
rolled ice cream	noun	ロールアイス
roller	noun	ローラー|ブッポウソウ|ブッポウソウ科|仏法僧
roller shutter	noun	シャッター
roller skate	noun	ローラースケート|ローラースケートをする
roller sport	noun	ローラースポーツ
rollerblade	noun	ローラーブレード
rollercoaster	noun	ジェットコースター|ローラーコースター
rolling pin	noun	麺棒
roly-poly	noun	起き上がり小法師
romaja	noun	ローマ字
romaji	noun	ローマ字
romanize	verb	ラテン文字化|ローマ字化
romantic	adjective	ロマンチック|浪漫的
romantic comedy	noun	ラブコメディー
romantic orientation	noun	恋愛的指向
romanticist	noun	ロマンチスト|ロマンティスト
romp	noun	大はしゃぎ|はしゃぎ回る
ronin	noun	浪人
ronna-		ロナ
roof	noun	屋根
roof tile	noun	瓦|甍
rooftop	noun	屋上
rooibos	noun	ルイボス茶|ルイボス
rook	noun	深山烏|深山鴉|ルーク|城塞
rookie	noun	ルーキー|新人
room	noun	空間|間|部屋
room service	noun	ルームサービス
room temperature	noun	室温|常温
roommate	noun	ハウスメイト|ルームメイト|同居人|部屋っ子
roomy	adjective	広々|広々とした|広い
roost	noun	塒|就塒
rooster	noun	雄鳥
root	noun	根|ね|歯根|元|根源|起源
root beer	noun	ルートビア
root vegetable	noun	根菜
roots	noun	ルーツ|起源
rope	noun	縄|綱|ロープ
rope bridge	noun	ロープの橋
rosary	noun	ロザリオ|念珠|数珠
rosasite	noun	亜鉛孔雀石
rose apple	noun	フトモモ
rose chafer	noun	バラコガネムシ
rose garden	noun	薔薇園
rose myrtle	noun	テンニンカ|天人花
rose quartz	noun	ローズクォーツ|紅水晶
rose-colored glasses	noun	色眼鏡
roseate spoonbill	noun	紅篦鷺
rosehip	noun	ハマナスの実|バラの実|浜梨の実
roselle	noun	ローゼル
rosemary	noun	ローズマリー|迷迭香
rosewater	noun	バラ水
rosin	noun	ロジン
roster	noun	ロスター|名簿
rostral bone	noun	嘴骨
rostrum	noun	上段
rosy	adjective	薔薇色
rosé	noun	ロゼワイン|ロゼ
rosé wine	noun	ロゼワイン
rot	verb	腐る
rotate	verb	回る
rotation	noun	自転|回転
rotavirus	noun	ロタウイルス
rote	noun	暗記学習
roti	noun	ロティ
rotifer	noun	輪形動物
rotor	noun	ローター|回転子
rotoscope	noun	ロトスコープ
rotten	adjective	腐る|腐朽
rotten borough	noun	腐敗選挙区
rough	adjective	粗い|凸凹|粗野
rough horsetail	noun	木賊
roulette	noun	ルーレット
rouleur	noun	ルーラー
round	adjective	丸い|丸|円|ラウンド
round angle	noun	周角
round bracket	noun	括弧
round of 16	noun	十六強
round of 32	noun	三十二強
round off	verb	四捨五入
round robin	noun	傘連判状
round table	noun	円卓会議
round trip	noun	往復
roundabout	noun	ラウンドアバウト|環状交差点
roundhead	noun	ナベ
roundhouse	noun	円形機関車庫
roundhouse kick	noun	まわしげり|回し蹴り
rounding	noun	丸め|四捨五入|端数処理
rousong	noun	田麩
rout	verb	潰走させる
route	noun	ルート|路線|通路|道筋|手段
router	noun	ルーター|ルータ
routine	adjective	規則的|ルーティン|日課
roux	noun	ルー
rove beetle	noun	羽隠し
rover	noun	ローバー
row	noun	列|行|漕ぐ
row vector	noun	行ベクトル
rowan	noun	セイヨウナナカマド|ナナカマド|ナナカマド属
rowboat	noun	ローボート|手漕ぎ舟|漕ぎ舟
rowdy	noun	あばれんぼう
rowing	noun	ボートこぎ|ローイング|漕艇|船こぎ
royal	adjective	王|王室
royal blue	noun	花紺青
royal burgh	noun	勅許自治都市
royal family	noun	王室|王家|皇室
royal flush	noun	ロイヤルフラッシュ
royal jelly	noun	ロイヤルゼリー|ローヤルゼリー
royal road	noun	王道
royal we	noun	我々|朕
royalism	noun	尊皇論
royalty	noun	ロイヤリティ|ロイヤリティー|印税|特許使用料
rub	verb	擦る
rub salt in the wound	verb	傷口に塩を塗る
rubber	noun	ゴム|合成ゴム
rubber plant	noun	インドゴムノキ
rubber stamp	noun	ゴム印
rubbernecker	noun	弥次馬|野次馬
rubbing	noun	拓本
rubbish	adjective	ゴミ|屑|クズ|くだらない|ばかばかしい|こき下ろす
rubble	noun	瓦礫
rubella	noun	風疹|三日はしか|三日ばしか
rubidium	noun	ルビジウム
ruble	noun	ルーブル
rucksack	noun	リュックサック|リュック|背嚢
rudder	noun	舵|方向舵
ruddy shelduck	noun	アカツクシガモ
ruddy turnstone	noun	キョウジョシギ
rude	adjective	無礼|失礼
rudeness	noun	無礼|失礼
rudiment	noun	基本原理
rue	noun	ヘンルーダ|芸香
ruff	noun	襞襟|エリマキシギ
ruffle	noun	ラッフル
rufous-bellied tit	noun	チャムネガラ
rufous-winged antshrike	noun	クリバネアリモズ
rug	noun	絨毯|ラグ
rugby	noun	ラグビー|闘球
rugby player	noun	ラグビー選手|ラガーマン
ruin	noun	廃墟|遺跡|崩壊|潰滅|打倒|滅ぼす
ruination	noun	潰滅|破産|破綻|打ち壊し|打倒|破壊
rule	noun	規則|掟|決まり|規|ルール|規律|支配
rule of law	noun	法の支配
rule of thumb	noun	大体の目安|目の子算
rule out	verb	排除|除外
ruleless	adjective	無規則|野放図
ruler	noun	定規|ルーラー|物差し|支配者|知事|統治者
ruling pen	noun	カラス口|烏口
rum	noun	ラム酒|ラム
rumba	noun	ルンバ
rumble	verb	怒る
rumble strip	noun	ランブルストリップス
rumen	noun	ミノ
ruminant	noun	反芻動物
rummage	verb	引っ掻き回す|漁る
rummy	noun	ラミー
rumor	noun	噂|伝聞
rumour has it		…といううわさだ
rump	noun	ランプ|尻|尻肉
rump state	noun	残存国
rumple	verb	くしゃくしゃ
run	noun	区間|時間|期間|道程|走る|ルート
run away	verb	逃げる|逃走する|家出する
run over	verb	轢く
rune	noun	ルーン文字|北欧古詩|北欧神話
runner	noun	走者|ランナー|スニーカー
runner-up	noun	二番|次点|次点者
running	noun	ランニング|走り|走る
running board	noun	ステップ|踏み板|踏み段
running dog	noun	走狗
runny nose	noun	鼻水
runt	noun	ちび
runway	noun	ランウエー|滑走路
rupee	noun	ルピー
rupture	noun	破裂
rural	adjective	農村|ルーラル|田舎
rusalka	noun	ルサールカ
ruse	noun	計略
rush	noun	イグサ|急ぐ|駆け付ける
rush hour	noun	ラッシュ時|ラッシュアワー|通勤ラッシュ
russet	noun	あずき色
russet sparrow	noun	入内雀
rust	noun	錆|さび病|錆びる
rust fungus	noun	錆菌
rustproof	adjective	防銹
rusty	adjective	さびる
rut	noun	発情|轍|盛りがつく
rutabaga	noun	ルタバガ|カブカンラン|カブハボタン
ruthenium	noun	ルテニウム
rutherfordium	noun	ラザホージウム
ruthless	adjective	無慈悲|残酷|無情
rutile	noun	金紅石
ryazhanka	noun	リャジェンカ
rye	noun	ライムギ|黒麦
rye bread	noun	ライ麦パン
ryokan	noun	旅館
röntgen	noun	レントゲン
rösti	noun	レシュティ|ロスティ
s'more	noun	スモア
s*x	noun	セッ○ス|セッ◯ス|セッ・ス
sabermetrics	noun	セイバーメトリクス
sable	adjective	黒色|クロテン|クロテンの毛皮
sablefish	noun	銀鱈
sabotage	noun	サボタージュ|破壊活動|サボタージ
saboteur	noun	サボタージ員|妨害工作員|妨業員|破壊者
sabre	noun	サーベル|サーブル
sabre-rattling	noun	威嚇的な武力
sabre-toothed tiger	noun	剣歯虎|サーベルタイガー
sac spider	noun	袋蜘蛛
saccade	noun	突然のジャーク
saccharide	noun	糖質
saccharification	noun	糖化
saccharify	verb	糖化
saccharin	noun	サッカリン|甘精
sachet	noun	サシェ|匂い袋|香り袋
sack	noun	袋|サック
sacral vertebra	noun	仙椎
sacrament	noun	サクラメント|秘跡
sacred	adjective	神聖|聖
sacred fig	noun	印度菩提樹|天竺菩提樹|菩提樹
sacred lotus	noun	蓮
sacrifice	noun	犠牲|生贄|捧げる
sacrilege	noun	冒涜
sacrosanct	adjective	不可侵|批判を許さない|神聖
sacrum	noun	仙骨|薦骨
sad	adjective	悲しい
saddle	noun	サドル|鞍|鞍を付ける|鞍を置く
sadism	noun	サディズム
sadist	noun	サディズム
sadness	noun	悲しみ
sadomasochism	noun	エス・エム
safari	noun	サファリ
safari park	noun	サファリパーク
safe	adjective	安全|セーフ|金庫
safe and sound	adjective	無事
safe mode	noun	セーフモード
safe sex	noun	セーファーセックス
safe-deposit box	noun	貸金庫
safety	noun	安全|安全性|安全装置
safety pin	noun	ピン|安全ピン
safety valve	noun	安全弁
safeword	noun	セーフワード
safflower	noun	紅花
saffron	adjective	サフラン色の|サフラン|サフラン色
saganaki	noun	サガナキ
sage	adjective	大人しい|賢い|賢明|哲人|聖賢|賢人
sagemono	noun	提げ物
sago	noun	サゴ澱粉|サゴヤシ
saiga	noun	サイガ
sail	noun	帆|帆走|航海
sailboat	noun	帆船
sailcloth	noun	帆布
sailfin sandfish	noun	雷魚|鰰
sailfish	noun	バショウカジキ
sailing	noun	帆走
sailing ship	noun	帆船
sailor	noun	船員|水夫|海員|水兵|セーラー|船乗り
saintess	noun	聖女
sake	noun	-のために
sakura	noun	桜|サクラ|さくら
sakuraiite	noun	櫻井鉱
saké	noun	日本酒|酒|清酒
sal	noun	沙羅
salaam		サラーム
salaam alaikum		アッサラーム・アライクム|アッサラーム・アレイクム
salad	noun	サラダ
salad dressing	noun	サラダドレッシング
salak	noun	サラク
salamander	noun	蠑螈|山椒魚|井守|サラマンダー
salami	noun	サラミ
salami tactics	noun	サラミ戦術
salary	noun	給料|サラリー
salaryman	noun	サラリーマン
salat	noun	サラート|ナマーズ
salbutamol	noun	サルブタモール
sale	noun	販売|セール|安売り|廉売|特売
salesman	noun	店員|売り手|セールスマン|販売員
salesperson	noun	店員|売り手|販売者
salicylic acid	noun	サリチル酸
saliva	noun	唾|唾液
salivary gland	noun	唾液腺
salmon	noun	鮭|サーモン
salmon shark	noun	カドザメ|ネズミザメ|モウカザメ
salmonella	noun	サルモネラ
salo	noun	サーロ
salon	noun	サロン
salsa	noun	サルサ
salsa verde	noun	サルサ・ヴェルデ
salt	noun	塩|しお|ソルト|塩漬けにする
salt and pepper	adjective	胡麻塩
salt cellar	noun	塩入れ
salt flat	noun	塩田
salt lake	noun	塩湖
salt marsh	noun	塩沼
salt of the earth	noun	地の塩
salt shaker	noun	塩入れ
salt water	noun	塩水
saltwater crocodile	noun	イリエワニ
salty	adjective	塩辛い|塩っぱい
salute	noun	敬礼
salvation	noun	救い|救済
salve	noun	軟膏
salvo	noun	斉射
samana	noun	沙門
samarium	noun	サマリウム
samba	noun	サンバ
sambadrome	noun	サンバドローム|サンボードロモ
sambo	noun	サンボ
sambuca	noun	サンブカ|サンブーカ
same	adjective	同じ|同じこと|同じひと|同じもの
same old story	noun	相変わらず
same sex	noun	同性
same-sex	adjective	同性
samgyetang	noun	サムゲタン|参鶏湯
samizdat	noun	サミズダート
samosa	noun	サモサ
samovar	noun	サモワール
sampan	noun	三板|舢板
samphire	noun	厚岸草|谷地珊瑚
sample	noun	見本|サンプル|試す
sample space	noun	標本空間
sampling	noun	サンプリング
samsara	noun	輪廻
samurai	noun	侍|武士
sanatorium	noun	サナトリウム|保養院|療養所
sanctify	verb	浄化する
sanctimony	noun	聖人ぶる
sanction	noun	承認|認可|許可|制裁|刑罰|拘束
sanctuary	noun	避難所|聖域
sanctum sanctorum	noun	至聖所
sand	adjective	砂色の|砂|ビーチ|砂浜|砂色|磨く
sand dune	noun	砂丘
sandal	noun	サンダル|草鞋
sandalwood	noun	香木
sandbag	noun	土嚢|土のう
sandbank	noun	砂州
sandbeach	noun	すなはま
sandbox	noun	砂場|砂箱|サンドボックス
sandcastle	noun	砂の城|砂上の楼閣
sandhi	noun	連音
sandpaper	noun	サンドペーパー|研磨紙|紙鑢
sandpiper	noun	しぎ
sandstone	noun	砂岩
sandstorm	noun	砂嵐
sandwich	noun	サンドイッチ|サンド|挟む
sandy soil	noun	砂地
sangha	noun	僧伽
sangria	noun	サングリア
sanguivorous	adjective	吸血|吸血性
sanidine	noun	玻璃長石
sanitation	noun	衛生設備|公衆衛生|衛生
sanitize	verb	除菌|サニタイズ
sanity	noun	正気
sans serif	adjective	サンセリフ
sansho	noun	三賞
sanxian	noun	三弦
saola	noun	サオラ
sap	noun	樹液|汁
sapan	noun	蘇芳
sapling	noun	若木|若者
sapodilla	noun	サポジラ
saponification	noun	鹼化
sapper	noun	工兵
sapphire	adjective	サファイア色|サファイア
sapphism	noun	サッフィズム
sapwood	noun	辺材
sarafan	noun	サラファン
sarcasm	noun	皮肉|諷刺
sarcolemma	noun	筋鞘
sarcoma	noun	肉腫
sarcophagus	noun	石棺|サルコファガス
sardine	noun	鰯|イワシ|サーディン|マイワシ
sardonyx	noun	サードニクス|サードニックス
sari	noun	サリー
sarin	noun	サリン
sarong	noun	サロン
sasaeng	noun	サセン
sasanqua	noun	山茶花
sashimi	noun	刺身
sasquatch	noun	サスカッチ
satay	noun	サテ
satchel	noun	学生鞄|通学鞄
sateen	noun	毛繻子|綿繻子
satellite	noun	衛星|サテライト|人工衛星|従者|衛星放送
satellite town	noun	衛星都市
satiate	verb	満たす
satiated	adjective	一杯
satin	noun	サティン|サテン|本繻子|朱子|繻子
satin bowerbird	noun	青東鳥
satire	noun	風刺|皮肉
satirical	adjective	風刺的
satisfaction	noun	満足|充実|充足|満悦|償い|補償
satisfactory	adjective	満足
satisfied	adjective	満足
satisfy	verb	満たす
sativa	noun	サティバ
satori	noun	悟り|覚
satoyama	noun	里山
satrap	noun	サトラップ|太守|総督
satsuma	noun	温州蜜柑|みかん|ミカン|温州みかん|温州ミカン|蜜柑
saturated	adjective	飽和した
saturated fatty acid	noun	飽和脂肪酸
saturation	noun	飽和
saturation vapor pressure	noun	飽和蒸気圧
satyr	noun	サテュロス
sauce	noun	ソース
saucepan	noun	片手鍋|ソースパン|鍋
saucer	noun	受け皿|ソーサー
sauerkraut	noun	ザワークラウト|ザウアークラウト
sauna	noun	サウナ|サウナ風呂|サウナに入る
saunter	verb	徘徊
saury	noun	秋刀魚
sausage	noun	ソーセージ|カルパス|腸詰め
sausage roll	noun	ソーセージロール
sausage tree	noun	ソーセージノキ
sauté	verb	ソテー|炒める
savage	noun	野蛮人
savanna	noun	サバナ|サバンナ
save	verb	助ける|救出|救助|救う|節約する|保存する
save face	verb	面目を保つ|顔を立てる
saving	noun	節約|貯蓄|貯金
savings account	noun	貯蓄口座
savings bank	noun	貯蓄銀行|銀行
savory	adjective	美味しい|香ばしい|塩辛い|旨味|キダチハッカ|セイボリー
saw	noun	鋸|のこぎり|切る|挽く
sawdust	noun	大鋸屑|木屑
sawfish	noun	鋸鱏|鋸鱝
sawhorse	noun	馬
sawm	noun	サウム
sawmill	noun	製材所|製材
sawshark	noun	ノコギリザメ
sawtooth	noun	のこぎり歯
sawtooth wave	noun	のこぎり波
saxe blue	adjective	サックス|サックスブルー
saxophone	noun	サクソフォン
say	verb	言う|語る|おっしゃる|書かれている|そうだ|って
say cheese	verb	チーズ
say goodbye	verb	別れを告げる|いとまごいをする|告別
saying	noun	格言
sayonara		さようなら|さよなら
scab	noun	瘡蓋
scabbard	noun	鞘
scabies	noun	疥癬|皮癬
scaffold	noun	足場|処刑台|絞首台
scaffolding	noun	足場
scalability	noun	スケーラビリティ|伸縮性|拡張性
scalar	adjective	スカラー
scalar product	noun	スカラー積
scale	noun	音階|スケール|鱗|目盛り|強度|等級|登る
scale model	noun	スケールモデル
scale tree	noun	鱗木
scalene triangle	noun	不等辺三角形
scales	noun	秤|天秤
scaling ladder	noun	雲梯
scallop	noun	帆立貝|帆立
scalp	noun	頭皮
scalpel	noun	メス|円刃刀
scalper	noun	ダフ屋
scam	noun	詐欺
scamorza	noun	スカモルツァ
scamp	noun	悪党|悪漢|茶目
scan	verb	スキャンする
scandal	noun	スキャンダル|不祥事
scandium	noun	スカンジウム
scanlation	noun	スキャンレイション
scanner	noun	スキャナ|スキャナー|広帯域受信機|断層撮影装置|読み取り装置
scanning electron microscope	noun	走査型電子顕微鏡
scanning transmission electron microscope	noun	走査型透過電子顕微鏡
scanties	noun	スキャンティー
scapegoat	noun	贖罪の山羊|スケープゴート|生贄|身代わり
scar	noun	瘢痕|傷
scarab	noun	スカラベ
scarce	adjective	稀|珍しい
scare	noun	怯え|恐怖|脅威|威かす|驚かす
scarecrow	noun	案山子|スケアクロウ|僧都|鹿威し
scared	adjective	怖い|脅える
scarf	noun	襟巻き|スカーフ|マフラー|首巻き
scarlet	adjective	緋色|性的にみだらな|緋色の服
scarlet fever	noun	猩紅熱
scary	adverb	怖い|こわい
scat	noun	スカトロ
scatology	noun	スカトロジー
scatter	verb	散らかす|散らす|散らばる|散る|散乱|撒く
scatterbrain	noun	おっちょこちょい
scatterbrained	adjective	おっちょこちょい
scaup	noun	鈴鴨
scenario	noun	シナリオ|台本|脚本
scene	noun	シーン|現場|場面
scenery	noun	景色|風景
scenic	adjective	風光明媚
scent	noun	匂い|臭い|香り|嗅覚|手がかり|嗅ぎ付ける
sceptre	noun	王笏
schadenfreude	noun	シャーデンフロイデ|メシウマ|他人の不幸は蜜の味|幸災楽禍
schedule	noun	スケジュール|予定|日程
schema	noun	スキーマ
scheme	noun	企画|枠組み|案|計画|計略|陰謀
scherzo	noun	スケルツォ|諧謔曲
schilling	noun	シリング
schism	noun	シスマ
schist	noun	片岩|結晶片岩
schizoid	adjective	スキゾイド|分裂病質|統合失調質|スキゾイド患者
schizoid personality disorder	noun	スキゾイドパーソナリティ障害
schizophrenia	noun	統合失調症|精神分裂病
schizotypal	adjective	スキゾタイパル|統合失調型
schizotypal personality disorder	noun	統合失調型パーソナリティ障害
schnapps	noun	シュナップス
schnitzel	noun	シュニッツェル
scholar	noun	学生|学者|学識者|識者
scholarliness	noun	好学|学者らしさ
scholarship	noun	奨学金|学識|教養
scholasticism	noun	スコラ学
school	noun	学校|学び舎|群れ|魚群|大学|学派
school bus	noun	スクールバス
school counselor	noun	スクールカウンセラー|学校カウンセラー|学生相談員
school meal	noun	給食
school of thought	noun	学派|流派
school trip	noun	修学旅行
school uniform	noun	制服|学生服
school year	noun	学年
schoolbag	noun	ランドセル|通学鞄
schoolboy	noun	男子児童|男子学生|男子生徒|男生|男生徒
schoolchild	noun	生徒|児童|学生|学童|弟子
schoolgirl	noun	女子学生|女子児童|女子生徒|女学生|女生|女生徒
schoolie	noun	学卒者
schoolmaster	noun	先生|教員|教官|教師|教諭|講師
schooner	noun	スクーナー
schuss	noun	直滑降
schwa	verb	シュワー
schwannoma	noun	神経鞘腫
sciatic nerve	noun	坐骨神経
sciatica	noun	坐骨神経痛
science	noun	科学|技能|熟練|知識|サイエンス
science center	noun	科学博物館
science fiction	adjective	空想科学小説|SF|サイエンスフィクション
scientific	adjective	科学的
scientific method	noun	科学的方法
scientific name	noun	学名
scientist	noun	科学者
scimitar	noun	シミター|弯刀
scimitarbill	noun	鎌嘴
scion	noun	子孫|御曹司|接ぎ穂
scissor kick	noun	シザーズキック
scissors	noun	鋏|はさみ|チョキ
scold	verb	叱る|罵る
scone	noun	スコーン
scoop	noun	シャベル|スクープ|スコップ
scooter	noun	キックスケーター|キックボード|スクーター|シニアカー
scorched earth	noun	焦土
scorched rice	noun	お焦げ
score	noun	スコア|得点|楽譜
scoreboard	noun	スコアボード|得点板
scorecard	noun	スコアカード
scorn	noun	軽蔑|鄙薄|嘲う|嘲る|蔑む|見下す
scorpion	noun	蠍|サソリ|蝎
scorpionfish	noun	虎魚|鰧
scoter	noun	金黒|黒鴨
scotomatous	adjective	暗点
scoundrel	noun	悪党|悪漢|悪人
scour	verb	磨ぐ
scout	noun	偵察兵|斥候|スカウト
scouting	noun	スカウティング
scowl	noun	しかめる|にらむ|顰める
scramasax	noun	スクラマサクス
scramble	noun	スクランブル|緊急発進
scrambled egg	noun	スクランブルエッグ|スクランブルドエッグ
scrap	noun	断片|欠片|スクラップ|屑鉄|鉄屑
scrape	verb	削る|擦る
scraper	noun	スクレーパー
scrapie	noun	スクレイピー
scraps	noun	食べ残し
scrapyard	noun	ゴミ捨て場
scratch	verb	引っ掻く
scrawl	noun	落書き
scream	noun	悲鳴|キャーと叫ぶ|喚く|怒鳴り付ける|悲鳴を上げる
scream queen	noun	絶叫クイーン
screen	noun	ついたて|フェンス|柵|スクリーン|銀幕|画面|ふるい落とす
screen of death	noun	死のスクリーン
screen printing	noun	シルクスクリーン
screenname	noun	ハンドルネーム
screenplay	noun	脚本|シナリオ|スクリーンプレー|台本
screensaver	noun	スクリーンセーバー
screenshot	noun	スクリーンショット|スクショ
screenwriter	noun	脚本家
screw	noun	スクリュー|螺子|ねじ
screwball	noun	スクリュー
screwdriver	noun	スクリュードライバー|ドライバー|螺子回し
screwed	adjective	一巻の終わり
scribe	noun	スクライブ|筆記者|書く
scribing block	noun	トースカン
script	noun	文書|文章|文字|書体|脚本|台本
scriptorium	noun	写字室
scrofula	noun	瘰癧
scroll	noun	スクロール|巻物|掛け軸|掛物
scroll bar	noun	スクロールバー
scroll wheel	noun	スクロールホイール
scrotum	noun	陰嚢
scrubs	noun	スクラブ
scrum	noun	スクラム|報道陣
scrunchie	noun	シュシュ
scrutinize	verb	眇める|精査する
scrutiny	noun	精査
scry	verb	占術
scuba	noun	スキューバ
scuba diving	noun	スキューバ・ダイビング
scuffle	noun	取っ組み合い
sculptor	noun	彫刻家
sculpture	noun	彫刻
scurf	noun	かさぶた|ふけ
scurvy	noun	壊血病
scute	noun	稜鱗
scuttle	verb	自沈
scythe	noun	大鎌|鎌
se	noun	瑟
sea	noun	海
sea anchor	noun	海錨
sea anemone	noun	イソギンチャク|磯巾着
sea bass	noun	鱸|鮬
sea buckthorn	noun	サジー
sea cucumber	noun	ナマコ|海鼠
sea eagle	noun	海鷲
sea hare	noun	アメフラシ
sea holly	noun	ヒゴタイサイコ属|肥後体柴胡属
sea horse	noun	竜の落とし子
sea ice	noun	海氷
sea lettuce	noun	石蓴
sea level	noun	海面|海水面
sea lion	noun	海驢|葦鹿
sea monster	noun	海の怪物|海坊主
sea otter	noun	ラッコ|海獺
sea perch	noun	鮴
sea ruffe	noun	笠子
sea slug	noun	ウミウシ
sea snake	noun	海蛇
sea squirt	noun	ホヤ
sea stack	noun	海食柱
sea turtle	noun	ウミガメ|海亀
sea urchin	noun	海胆|雲丹
seabed	noun	海底
seabird	noun	海鳥
seaborgium	noun	シーボーギウム
seabream	noun	鯛
seadog	noun	老練な船乗り
seafarer	noun	船乗り
seafood	noun	シーフード|海産物|海産食品|海鮮|魚介類
seagrass	noun	海草
seal	noun	海豹|海狗|膃肭臍|印章|判|封印
seal script	noun	篆書
sealing wax	noun	封蝋
seam	noun	縫い目|縫合
seaman	noun	水兵
seamount	noun	海山
seamstress	noun	針子|裁縫師
seaplane	noun	水上機
seaquake	noun	海震
search	noun	検索|捜索|捜す|探す
search engine	noun	サーチエンジン|検索エンジン
search warrant	noun	捜索令状
seashell	noun	貝殻
seashore	noun	海岸|海浜
seasickness	noun	船酔い
seaside	noun	海岸|海浜|海辺
season	noun	季節|旬|シーズン|出盛り|折節|時期|味付け
season ticket	noun	定期券|定期乗車券
season's greetings	noun	季節のご挨拶
seasoning	noun	調味料
seat	noun	席|シート|座席|腰掛け|座部|中枢|設置
seat belt	noun	シートベルト
seawater	noun	海水
seaweed	noun	海藻
sebum	noun	皮脂
secant	noun	セカント|割線|正割
secede	verb	離脱
secession	noun	離脱|脱退
seckill	verb	秒殺
second	adjective	二番目|第二|セコンド|秒|Ｂ級品|二度
second base	noun	二塁|セカンド
second baseman	noun	セカンド|二塁手
second coming	noun	再臨
second cousin	noun	またいとこ|はとこ
second grade	noun	小二|小学二年
second half	noun	後半戦
second hand	noun	秒針
second helping	noun	代わり
second island chain	noun	第二列島線
second person	noun	二人称
second-hand smoke	noun	副流煙
second-person plural	noun	二人称複数
second-person singular	noun	二人称単数
second-rate	adjective	二流
secondary	adjective	二次的|二義的|副次的
secondary burial	noun	再葬
secondary legislation	noun	委任立法
secondary school	noun	中学校|高校
secondary sector	noun	第二次産業
secondhand	adjective	セカンドハンド|セコハン|中古
secondly	adverb	第二
secrecy	noun	秘密
secret	adjective	秘密|密か
secret agent	noun	諜報部員|軍事スパイ|間諜
secret ballot	noun	匿名投票|無記名投票|秘密投票
secret police	noun	秘密警察
secret service	noun	諜報機関
secret society	noun	秘密結社
secretariat	noun	事務局|官房
secretary	noun	秘書|書記|大臣|長官
secretary bird	noun	ヘビクイワシ
secrete	verb	分泌|秘密|隠す
secretion	noun	分泌物|分泌
secretly	adverb	ひそか
sect	noun	セクト|宗派|カルト|分派|教派
sectarianism	noun	セクト主義|分派主義
section	noun	部分|セクション
section sign	noun	節記号
sector	noun	セクタ
secular	adjective	世俗|非宗教的
secularism	noun	世俗主義
secularization	noun	世俗化
security	noun	安全|セキュリティー|保安|保護|防護|保証
security guard	noun	ガードマン|警備員
security procedure	noun	セキュリティー手続き
security service	noun	セキュリティー·サービス|保安部
sedan	noun	セダン|輿|駕篭
sedative	noun	鎮静剤
sedentism	noun	定住
sedge	noun	菅
sediment	noun	堆積物
sedimentary rock	noun	堆積岩
sedimentation	noun	堆積
sedition	noun	扇動|暴動
seduce	verb	誘惑
seduction	noun	誘惑
seductive	adjective	あだっぽい|悩ましい|艶めかしい|誘惑的な
seductress	noun	男たらし|誘惑する女
sedulous	adjective	せっせと働く|勤勉な
see	verb	見る|ご覧になる|拝見する|分かる|理解
see naples and die		ナポリを見てから死ね|ナポリを見て死ね
see off	verb	歓送|見送る
see the forest for the trees	verb	木を見て森を見ず
see through	verb	見通す|透視|見抜く|見破る|やり通す|やり遂げる
see you		じゃ、また|じゃあね|またね|ジャ|ジャね|バイバイ
see you later		いってらっしゃい|じゃ|じゃあまたね|では|ではまた|またね
see you soon		じゃあ|じゃあね|またね|バイバイ
see you tomorrow		（じゃあ）また明日ね|（では・じゃあ）また|（では・じゃあ）また明日|（では）また明日お会いしましょう|（では）また明日会いましょう
seed	noun	種|種子
seedbed	noun	苗圃|苗床
seedless	adjective	種なし|種無し
seedling	noun	実生
seeing is believing		百聞は一見に如かず
seek	verb	探す|探し回る
seem	verb	らしい|そう|ように見える
seeming	noun	上辺|見せ掛け
seep	noun	にじみ|にじみ出る
seesaw	noun	シーソー
seethe	verb	沸き返る
segment	noun	切片
segmentation	noun	セグメンテーション
segregant	noun	隔離者
sei whale	noun	鰯鯨
seiche	noun	静振
seirogan	noun	正露丸
seismic wave	noun	地震波
seismology	noun	地震学
seismometer	noun	地震計
seitan	noun	グルテンミート|セイタン
seize	verb	つかむ|捉える
seizure	noun	奪取|急病|発作|発病
seldom	adverb	滅多|稀
select	verb	選ぶ
selection	noun	選択
selenium	noun	セレン
self	noun	自己|自我|自身
self-		自|自己
self-assurance	noun	自信
self-awareness	noun	自己認識
self-censorship	noun	自己検閲|自主規制
self-confidence	noun	自信
self-confident	adjective	自信
self-conscious	adjective	自己意識
self-consciousness	noun	自己意識
self-contained	verb	自給
self-contradictory	adjective	自己撞着の|自己矛盾した
self-control	noun	セルフコントロール|自制|自粛
self-criticism	noun	自己批判
self-defense	noun	自己防衛|正当防衛
self-deprecating	verb	自虐的
self-destruction	noun	自滅
self-discipline	noun	克己
self-esteem	noun	自尊心|自尊
self-evident	adjective	自明
self-harm	noun	自傷
self-hatred	noun	自己嫌悪
self-immolate	verb	焼身する|焼身自殺する
self-immolation	noun	焼身|焼身自殺
self-learning	noun	独学|自己学習
self-love	noun	自愛
self-pollination	noun	自家受粉
self-preservation	noun	自己保存
self-proclaimed	adjective	自称
self-reference	verb	自己参照|自己言及
self-respect	noun	自尊|自尊心
self-sacrifice	noun	自己犠牲
self-satisfied	adjective	独り善がり|自己満足
self-service	noun	セルフサービス|セルフ
self-study	noun	独学|自己学習
self-sufficiency	noun	自給自足
self-sufficient	adjective	自給自足ができる
self-titled	adjective	セルフタイトル
selfie	noun	自撮り|セルフィー|自分撮り
selfie stick	noun	自撮り棒
selfish	adjective	勝手|自分勝手|自分本位|身勝手|わがまま|利己的な
selfless	adjective	無私無欲
selkie	noun	セルキー
sell	verb	売る|うる
sell like hot cakes	verb	飛ぶように売れる
sell off	verb	売り払う|売り飛ばす
sell-by date	noun	(包装食品などの)販売有効期限の日付
seller	noun	売り手|販売者
selling price	noun	売り値|売価
semantic	adjective	意味的|意符
semantic field	noun	いみりょういき|意味領域
semantic loan	noun	意味借用
semantically	adverb	意味的
semantics	noun	意味論
semaphore	noun	手旗信号|セマフォ
semasiology	noun	意味論
semelfactive	adjective	単一|単一の相
semelfactive aspect	noun	単一の相
semen	noun	精液|ザーメン
semester	noun	学期
semi-		半
semi-colony	noun	半植民地
semi-trailer truck	noun	貨物自動車
semiannual	adjective	半年ごと
semibreve	noun	全音符
semicircle	noun	半円
semicircular	adjective	半円形
semicolon	noun	セミコロン|；
semiconductor	noun	半導体
semifinal	noun	準決勝|四強
semifinalist	noun	準決勝進出者|四強進出者
semifreddo	noun	セミフレッド
semimajor axis	noun	半長軸
seminal vesicle	noun	精のう1
seminar	noun	セミナー|ゼミ|ゼミナール
seminary	noun	神学校
semiotics	noun	記号論|記号学
semipalmated sandpiper	noun	ヒレアシトウネン
semiquaver	noun	十六分音符
semitone	noun	半音
semitransparent	adjective	半透明
semivowel	noun	半母音
semla	noun	セムラ
semolina	noun	セモリナ
senary	noun	六進法
senator	noun	上院議員
send	verb	送る|送信
send someone packing	verb	解雇する|追い出す|追い払う|首にする
sender	noun	差出人
sengi	noun	跳地鼠
senile	adjective	老年
senility	noun	耄碌
senior	adjective	年上|先輩
senior citizen	noun	老人|年寄り|高齢者
senpai	noun	先輩
senryū	noun	川柳
sensation	noun	感覚|センセーション|感動
sense	noun	感覚|意味|意識|分別|才能|能力|感じる
sense of humour	noun	ユーモアのセンス
sense organ	noun	感覚器|感覚器官
sensei	noun	先生
sensibility	noun	センス|感覚
sensitive	adjective	敏感|繊細
sensitive plant	noun	お辞儀草
sensitization	noun	感作
sensor	noun	センサ|センサー
sensory overload	noun	感覚過負荷
sensual	adjective	官能的
sentence	noun	判決|宣告|文|文章|センテンス|判決を下す
sentient	adjective	意識|感覚力のある|敏感|知覚|感覚を持つ
sentiment	noun	感情
sentimental	adjective	センチメンタル|感傷的
sentinel	noun	歩哨|番兵
sentry	noun	歩哨
sentry-box	noun	哨舎|番屋
seotda	noun	ソッタ
sepak takraw	noun	セパタクロー
sepal	noun	萼片
separable	adjective	分離|切り離せる|可分
separable verb	noun	分離動詞|離合詞
separate	adjective	分れた|分離|切り離す|分かれる|別れる
separate the wheat from the chaff	verb	もみがらから麦をより分ける|良いものと悪いものを分ける
separated	adjective	別々の
separately	adverb	別々
separation	noun	分離|離縁
separation of powers	noun	三権分立
separatism	noun	分離主義
separatist	noun	分離主義者|分離独立
separator	noun	仕切り|分離器|分離者
sepia	noun	セピア|セピア色|セピア画
seppuku	noun	切腹|腹切り
sepsis	noun	敗血症
septendecillion		百恒河沙
septic tank	noun	浄化槽
septillion		一秭|百正
septuplet	noun	七つ子
sequel	noun	続き|続編
sequela	noun	後遺症
sequence	noun	順序|数列
sequencer	noun	シーケンサー
sequoia	noun	セコイア
seraglio	noun	後宮
seraph	noun	熾天使
serenade	noun	セレナーデ|セレナード|夜曲|小夜曲
serendipity	noun	セレンディピティ|偶察力
serene	adjective	平静|静か|晴れる
serenity	noun	平静|セレニティ
serf	noun	農奴|小作人
serfdom	noun	農奴制
sergeant	noun	軍曹
sergeant major	noun	曹長
serial killer	noun	シリアルキラー|連続殺人犯
sericulture	noun	養蚕業
series	noun	シリーズ|系列|テレビシリーズ|テレビドラマ|ドラマ|級数
series finale	noun	シリーズフィナーレ
serif	noun	セリフ
serine	noun	セリン
serious	adjective	本気|真剣|真面目|深刻
seriously	adverb	まじ|真剣|真面目
sermon	noun	説教
serology	noun	血清学
serotonin	noun	セロトニン
serous membrane	noun	漿膜
serow	noun	氈鹿
serpent	noun	蛇|セルパン
serpentine	noun	蛇紋石
serpentinite	noun	蛇紋岩
serrated	adjective	鋸歯状
sertraline	noun	セルトラリン
serum	noun	血清
serval	noun	サーバル
servant	noun	使用人|召使い
serve	noun	サーブ|出す|のぼせる|務める|勤務|服務
serve someone right	verb	様を見ろ
server	noun	サーバー|サーバ
service	noun	サービス|務め|奉公|服務|業務|用役
service area	noun	サービスエリア
service pack	noun	サービスパック
serviceberry	noun	ザイフリボク属
serviceman	noun	軍人
servile	adjective	卑屈|奴隷
servility	noun	卑屈|奴隷根性|隷従
servitude	noun	隷従
servomotor	noun	サーボモーター
sesame	noun	胡麻
sesame oil	noun	胡麻油
session	noun	会期|会議
sestertius	noun	セステルティウス
set about	verb	取り掛かる|始める|着手する
set free	verb	逃す|釈放
set in stone	verb	固定|石に置く|石に設定する
set on fire	verb	放火|火を付ける|点火|着火
set operation	noun	集合演算
set phrase	noun	慣用句|成句
set square	noun	三角定規
set theory	noun	集合論
setlist	noun	セットリスト|セトリ
setoka	noun	せとか
sett	noun	敷石|石畳
setter	noun	セッター
setting	verb	設定
settle	verb	居着く|落ち着く|取り付ける|据える|鎮める|決着
settle down	verb	身を固める|落ち着く
settlement	noun	解決|入植|前哨地|定住|植民地
settlement agreement	noun	けってい|わかい
settler	noun	入植者|開拓者
seven		七|七つ
seven deadly sins	noun	七つの大罪
seven hundred		七百
seven o'clock	noun	七時
seven seas	noun	七つの海
seven thousand		七千
seven virtues	noun	七つの美徳|七元徳
seventeen		十七
seventh	adjective	七番目|７番目|七度
seventh grade	noun	中一|中学一年
seventh heaven	noun	有頂天
seventies	noun	70年代|七十年代
seventieth	adjective	第七十
seventy		七十
seventy-eight		七十八
seventy-five		七十五
seventy-four		七十四
seventy-nine		七十九
seventy-one		七十一
seventy-seven		七十七
seventy-six		七十六
seventy-three		七十三
seventy-two		七十二
sever	verb	切断|断ち切る|断つ
several	noun	いくらかの|それぞれの|めいめいの|個別|別々|数人
severance	noun	切断|分離
severe	adjective	酷い|厳しい|渋い
severe acute respiratory syndrome	noun	重症急性呼吸器症候群
sevruga	noun	輝くチョウザメ
sew	verb	縫う|縫製
sewage	noun	汚水
sewer	noun	下水道
sewerage	noun	下水|下水道
sewing	noun	裁縫|縫い物
sewing machine	noun	ミシン|裁縫機械
sex	noun	性別|性|セックス|性交
sex appeal	noun	色気|セックスアピール
sex change	noun	性転換
sex drive	noun	性衝動
sex education	noun	性教育
sex hormone	noun	性ホルモン
sex life	noun	性生活
sex offender	noun	性犯罪者
sex organ	noun	性器|生殖器
sex partner	noun	セックスの相手
sex position	noun	体位|性交体位
sex ratio	noun	性比
sex scene	noun	セックスシーン|ベッドシーン|濡れ場
sex shop	noun	セックスショップ|ポルノショップ
sex slave	noun	性奴隷|性的奴隷
sex tourism	noun	売春ツアー
sex toy	noun	性具|大人のおもちゃ
sex worker	noun	セックスワーカー
sexagenarian	adjective	六十代
sexagesimal	adjective	六十進法
sexism	noun	性差別
sexist	adjective	性差別的
sexless	adjective	無性
sexology	noun	性科学
sextant	noun	六分儀
sextet	noun	セクステット|六重唱|六重奏
sextillion		十垓|一澗
sexting	verb	セクスティング
sextuplet	noun	六つ子
sexual	adjective	性的
sexual abuse	noun	性的虐待|性虐待
sexual appetite	noun	色欲
sexual assault	noun	性的暴行
sexual harassment	noun	セクシャルハラスメント|セクハラ
sexual intercourse	noun	性交
sexual minority	noun	セクシュアル・マイノリティ|性的少数派
sexual orientation	noun	性的指向|性指向|セクシュアルオリエンテーション
sexual reproduction	noun	有性生殖
sexual slavery	noun	性的奴隷
sexuality	noun	セクシュアリティ|性別|性欲
sexually transmitted disease	noun	性感染症|花柳病|STD|性病|性行為感染症
sexy	adjective	セクシー|色っぽい
sexy prime	noun	セクシー素数
señorita	noun	セニョリータ
shabby	adjective	ぼろぼろ
shabu-shabu	noun	しゃぶしゃぶ
shack	noun	仮小屋|小屋|掘っ立て小屋
shackle	noun	手錠
shadda	noun	シャッダ
shade	noun	影|ニュアンス|意味合い
shadow	noun	影|陰影|日陰|尾行者|影付き|尾行
shadow play	noun	影絵
shadowboxing	noun	シャドーボクシング
shadowing	noun	シャドウイング|シャドーイング
shaft	noun	羽軸|立て坑|縦坑
shag	verb	やる|エッチ|ファック|犯す
shah	noun	シャー
shahada	noun	シャハーダ
shake	noun	セーキ|ミルクセーキ|振る|揺する|揺らす|揺れる
shake hands	verb	ハンドシェーク|握手
shake one's head	verb	首を横に振る
shake up	verb	振る|動揺する
shakshuka	noun	シャクシューカ
shakuhachi	noun	尺八
shale	noun	泥板岩|頁岩
shale gas	noun	シェールガス
shall	verb	ものとする|ましょうか|ようか
shallot	noun	エシャロット
shallow	adjective	浅い|川瀬
shallowness	noun	軽薄
shalom		シャローム|シャーローム
sham	noun	真似事|紛い物|ごまかし|まやかし|詐欺
sham marriage	noun	偽装結婚
shaman	noun	シャーマン
shamanism	noun	シャーマニズム|巫術
shambles	noun	落花狼藉|大混乱|修羅の巷|屠所|畜殺場
shame	noun	恥|羞恥心|面汚し|侮辱
shame on you		恥を知れ
shameful	adjective	恥ずべき
shameless	adjective	厚かましい|恥知らず|破廉恥
shamelessness	noun	厚顔無恥
shamisen	noun	三味線
shampoo	noun	シャンプー
shamrock	noun	シャムロック
shanti	noun	シャンティ
shanzhai	noun	パチモノ|パチモン|偽物|山塞
shape	noun	形態|形状|ようす|様子|形|型|形作る
share	noun	分担|持分|部分|株|株式|分配
sharecropping	noun	寄生地主制
shared taxi	noun	ジープニー|乗合タクシー
shareholder	noun	株主
shareware	noun	シェアウェア
shari'a	noun	シャリーア
shark	noun	鮫|サメ
shark fin	noun	フカヒレ
shark fin soup	noun	フカヒレスープ|鱶鰭スープ
sharp	adjective	鋭い|犀利|鋭利|シャープ|嬰
sharp-shinned hawk	noun	アシボソハイタカ
sharp-tailed sandpiper	noun	ウズラシギ
sharpen	verb	研ぐ|削る
sharpener	noun	とぎ器
shashka	noun	シャシュカ
shashlik	noun	シャシリク
shave	verb	削る|そる|ひげをそる
shaved female genitalia	noun	白板
shaved ice	noun	かき氷
shaver	noun	シェーバー|剃刀|電動シェーバー|電動髭剃り|電気髭剃り|髭剃り
shaving cream	noun	シェービングクリーム
shawarma	noun	ギロピタ|シャワルマ
shawl	noun	ショール|肩巾
shazam	verb	シャザム！
shchi	noun	シチー
she		彼女|あの人|あの方|奴
she's unconscious		意識不明です
she-bear	noun	雌熊
she-cat	noun	雌猫
she-dog	noun	雌犬
she-goat	noun	山羊
shea	noun	シアーバターノキ
shea butter	noun	シアバター
sheaf	noun	束|層
shear	verb	刈る|切る|剪断
shears	noun	鋏
shearwater	noun	ミズナギドリ|水薙鳥
sheathe	verb	鞘に入れる|鞘に収める
shed	noun	仮小屋|小屋
shed a tear	verb	涙を流す
sheep	noun	羊|ヒツジ|綿羊
sheep liver fluke	noun	肝蛭
sheep milk	noun	羊乳
sheepdog	noun	牧羊犬
sheepfold	noun	羊小屋
sheepskin	noun	羊の毛皮
sheer	adjective	透明|純粋
sheet	noun	シート|枚
sheet metal	noun	板金
sheet music	noun	楽譜
sheik	noun	シャイフ|シェイフ
shekel	noun	シェケル
shelf	noun	棚
shelf life	noun	賞味期限
shell	noun	殻|卵殻|貝殻|甲|甲羅|鞘翅|剥く
shell company	noun	ペーパーカンパニー
shell ginger	noun	月桃
shell script	noun	シェルスクリプト
shell shock	noun	戦闘ストレス反応
shellac	noun	シェラック
shellfish	noun	貝|甲殻類
shelter	noun	避難所
shelterbelt	noun	防風林
shemale	noun	ニューハーフ
shenanigans	noun	悪ふざけ
sheng nu	noun	売れ残り
shepherd	noun	羊飼い|牧人
shepherd's purse	noun	薺
sherbet	noun	シャーベット
sheriff	noun	保安官|シェリフ|郡治安官
sherry	noun	シェリー|シェリー酒
shh		しーっ|叱
shiatsu	noun	指圧
shibari	noun	縛り
shield	noun	盾|保護
shield bug	noun	亀虫|椿象
shield volcano	noun	楯状火山
shift	noun	シフト|シフトキー|交代|入れ替え
shift key	noun	シフト|シフトキー
shiftwork	noun	シフト勤務|交代勤務
shii tree	noun	円椎
shiitake	noun	椎茸|シイタケ|ドンコ|冬子
shikimic acid	noun	シキミ酸
shill	noun	サクラ
shilling	noun	シリング
shimmer	verb	揺らめく
shin	noun	脛|臑
shinai	noun	竹刀
shinbone	noun	脛骨
shine muscat	noun	シャインマスカット
shingle	noun	杮|杮板
shingles	noun	帯状疱疹
shinigami	noun	死に神
shining tubeshoulder	noun	Haname-iwashi
shinjitai	noun	新字体
shintaido	noun	新体道
ship	noun	船舶|船|海上輸送する|カップリング|出荷する|発送する
ship of the desert	noun	砂漠の船
shipbuilding	noun	造船
shipgirl	noun	艦娘
shipowner	noun	船主
shipworm	noun	船喰虫|船虫|船食虫
shipwright	noun	船大工|船工
shipyard	noun	造船所|造船設備
shiranui-gata	noun	不知火型
shire	noun	シャイア|郡
shirt	noun	シャツ|ワイシャツ
shirtless	adjective	上半身裸
shish kebab	noun	焼き鳥
shit	adjective	クソッタレな|クソ|チェ|糞|うんこ|ふん|大便をする
shit-eating grin	noun	ドヤ顔
shithead	noun	糞垂れ
shitpost	noun	クソカキコ
shits	noun	げり|下痢
shitty	adjective	くだらない
shiver	noun	震え|震える
sho	noun	笙
shoal	noun	浅瀬
shock	noun	ショック|衝撃
shock absorber	noun	ショックアブソーバー|緩衝器
shock site	noun	ショックサイト
shock wave	noun	衝撃波
shoddy	adjective	劣等|見掛け倒し
shoe	noun	靴|シューズ|石突き
shoe polish	noun	靴クリーム|靴墨
shoebill	noun	ハシビロコウ
shoebox	noun	靴箱
shoehorn	noun	靴べら|靴箆
shoelace	noun	靴紐
shoemaker	noun	靴屋
shoemaking	noun	製靴
shoeshine	noun	靴磨き|つや
shoeshiner	noun	靴磨き
shogi	noun	将棋
shogun	noun	将軍
shogunate	noun	幕府
shojo	noun	少女|少女漫画
shoo	verb	シッシ|シーッシー|叱|叱する
shoo-in	noun	鉄板
shoot	noun	やばい|撮影|撃つ
shoot down	verb	撃ち落とす|撃墜
shoot one's mouth off	verb	べらべら
shoot oneself in the foot	verb	墓穴を掘る
shoot the breeze	verb	喋る|駄弁る
shooter	noun	射手
shooting	noun	射撃
shooting range	noun	射撃場
shooting star	noun	流れ星|流星
shop	noun	店|商店|売店|ショップ|ストア|店鋪|買い物をする
shop assistant	noun	店員
shop window	noun	ショーウィンドウ
shopkeeper	noun	商人|店主
shoplift	verb	万引き
shoplifter	noun	万引|万引き
shoplifting	noun	万引|万引き
shopper	noun	買い物客
shopping	noun	買い物|ショッピング
shopping bag	noun	ショッピングバッグ|買物袋
shopping cart	noun	ショッピングカート|トロリー
shopping centre	noun	ショッピングセンター|ショッピングモール|モール
shopping list	noun	買い物リスト
shore	noun	岸|河岸|湖岸|海岸|海浜
shoreline	noun	汀線|海岸線
shorinji kempo	noun	少林寺拳法
short	adjective	短い|低い|小柄|略語|短絡する
short circuit	noun	短絡|ショート
short film	noun	短編映画
short short story	noun	ショートショート
short story	noun	短編小説|ショートストーリー|短編
short ton	noun	米トン
short track	noun	ショートトラック
short twentieth century	noun	短い20世紀
short-billed dowitcher	noun	アメリカオオハシシギ
short-lived	adjective	儚い
short-toed snake eagle	noun	沢鵟鷲
short-track speed skating	noun	ショートトラックスピードスケート
shortage	noun	不足|欠損
shortbow	noun	ロングボウ|弓
shortbread	noun	サブレー|ショートブレッド
shortcake	noun	ショートケーキ
shortcoming	noun	欠点|短所
shortcut	noun	近道|ショートカット
shortcut key	noun	ショートカット|ショートカットキー
shorten	verb	短い|短縮|縮む|縮める
shortening	noun	短縮
shortness of breath	noun	呼吸困難|息切れ
shorts	noun	ショーツ|ショートパンツ
shortstop	noun	ショート|遊撃手
shortsword	noun	ショートソード
shortwave	adjective	短波
shot	noun	発射|砲丸|散弾|霰弾|ショット|注射
shot glass	noun	ショットグラス
shot in the dark	noun	闇夜に鉄砲
shot put	noun	砲丸投
shot-putter	noun	砲丸投の選手
shotel	noun	ショーテル
shotgun	noun	散弾銃|ショットガン|霰弾銃
shotgun wedding	noun	できちゃった結婚|でき婚
should	verb	べき
shoulder	noun	肩
shoulder blade	noun	肩甲骨|肩胛骨
shout	verb	叫ぶ
shove	verb	押し込む|押す
shovel	noun	シャベル|スコップ
show	noun	展示会|ショー|興行|番組|公演|誇示|見せる
show jumping	noun	障害飛越競技|障害馬術
show off	verb	ひけらかす|見えをはる|見せようとする
show up	verb	姿を見せる|現れる
showbusiness	noun	ショービジネス
showcase	noun	ショーケース|飾り棚
showdown	noun	決戦
shower	noun	俄雨|シャワー|雨下|シャワーを浴びる
shower cap	noun	シャワーキャップ
shower curtain	noun	シャワーカーテン
shower gel	noun	シャワージェル
showman	noun	ショーマン|芸人
showroom	noun	ショールーム
showy	adjective	けばけばしい|派手
shrapnel	noun	榴散弾|榴霰弾
shredder	noun	シュレッダー
shrew	noun	尖鼠
shrewd	adjective	賢い|賢明|抜け目|狡猾
shriek	noun	悲鳴
shrike	noun	モズ
shrill	adjective	甲高い
shrimp	noun	エビ|海老
shrine	noun	神社|聖堂|聖地
shrink	noun	精神科医|短縮する|縮める|縮小する|尻込みする|縮まる
shriveled	adjective	ひからびた
shrub	noun	低木
shrug	verb	肩を窄める|肩を竦める
shuffle	noun	シャッフル
shukun-sho	noun	殊勲賞
shumai	noun	焼売
shun	verb	忌む|忌避
shunt	noun	ポイント|待避する
shuriken	noun	手裏剣
shut	verb	閉じる|閉める|閉まる
shut down	verb	シャットダウン
shut up	verb	だまれ|うるさい|お静かに|お黙り|うそ|封鎖
shutdown	noun	シャットダウン
shutout	noun	シャットアウト|完封
shutter	noun	雨戸|シャッター
shutter chance	noun	シャッターチャンス
shutter speed	noun	シャッタースピード
shuttle	noun	下糸入れ|梭|シャトル
shuttle bus	noun	シャトルバス|リムジンバス
shuttlecock	noun	羽根|羽根つき
shy	adjective	弱気|人見知りする|内気|寡黙|引っ込み思案|恥ずかしがり屋
si	noun	シ
sibilant	noun	歯擦音|歯音
siblicide	noun	シブリサイド
sibling	noun	兄弟姉妹|同胞|兄弟
sic	adverb	ママ
sick	adjective	ヤバい
sick leave	noun	病休
sick man of europe	noun	ヨーロッパの病人
sickbed	noun	床|病床|病褥
sicken	verb	病む
sickle	noun	鎌
sickle-cell anemia	noun	鎌状赤血球症
sicklepod	noun	夷草
sickness	noun	病気|病|吐き気
sicko	noun	倒錯者|変質者
side	noun	辺|境界線|側面|側|方向|面
side by side	adverb	並ぶ
side cap	noun	ギャリソンキャップ|舟形帽
side dish	noun	副食|惣菜
side effect	noun	副作用
side mover	noun	横行
side street	noun	わき道|横通り
side-striped jackal	noun	ヨコスジジャッカル|横筋ジャッカル
sideburns	noun	揉み上げ|頬髭
sidecar	noun	サイドカー
sidekick	noun	サイドキック
sidereal	adjective	恒星の|星の
sidereal astrology	noun	こうせいせんせいじゅつ
sidereal day	noun	恒星日
sidereal time	noun	恒星時
sidereal year	noun	恒星年
sidewalk	noun	歩道|人道|舗装|舗道
sidewinder	noun	サイドワインダー
siege	noun	攻城戦|包囲
siege engine	noun	攻城兵器
siemens	noun	ジーメンス
sienna	noun	シエナ土|シエナ色
siesta	noun	昼寝|シエスタ|午睡
sieve	noun	篩|篩う
sifu	noun	先生
sigh	noun	やれやれ|ため息|吐息|嘆息|嘆く
sight	noun	情景|見物|サイト|照準具|照準器
sightsee	verb	見物
sightseeing	noun	サイトシーイング|見物|観光
sigma	noun	シグマ
sign	noun	看板|兆し|兆候|印|標識|符号|サイン
sign language	noun	手話
sign of the horns	noun	コルナ|メロイックサイン
signal	noun	合図|信号|シグナル|電波
signature	noun	署名|サイン
signature song	noun	代表曲
signboard	noun	プレート|看板
signed	adjective	符号付き
significance	noun	重要性|意味|意義
significant	adjective	著しい|重要
significant figure	noun	有効数字
significant other	noun	伴侶|恋人|配偶者
significantly	adverb	著しい
signified	noun	シニフィエ|所記
signifier	noun	シニフィアン|能記
signpost	noun	道標
siheyuan	noun	四合院
silage	noun	サイレージ|埋芻|埋草
silence	noun	沈黙|静けさ|静寂|黙秘
silence is golden		沈黙は金雄弁は銀|言わぬが花
silencer	noun	サイレンサー|マフラー|消音器
silent	adjective	静かな|無音の|無言の|黙る
silent fart	noun	透かしっ屁|透かし屁
silent film	noun	サイレント映画
silhouette	noun	シルエット
silica	noun	シリカ
silica gel	noun	シリカゲル
silicate	noun	珪酸塩
silicic acid	noun	珪酸
silicon	noun	ケイ素|珪素|シリコン
silicon dioxide	noun	二酸化ケイ素|二酸化珪素
silicon steel	noun	珪素鋼
silicone	noun	シリコーン|シリコン
silicosis	noun	珪肺
silk	noun	絹|絹布|絹地|絹糸
silkie	noun	烏骨鶏
silkworm	noun	カイコ|蚕|家蚕|野蚕
silky oak	noun	羽衣の木
silly	adjective	馬鹿げた|馬鹿|他愛ない|つまらない|愚鈍|阿呆
silo	noun	サイロ
silovik	noun	シロヴィキ|シロヴィク
silt	noun	シルト|沈泥
silver	adjective	銀色の|銀|銀貨|白銀|銀器|銀製品
silver anniversary	noun	銀婚式
silver bullet	noun	銀の弾丸|特効薬
silver carp	noun	白鰱
silver fox	noun	ギンギツネ
silver general	noun	銀将
silver goal	noun	シルバーゴール
silver gull	noun	銀鴎
silver medal	noun	銀メダル
silver medalist	noun	銀メダリスト
silver nitrate	noun	硝酸銀
silver sulfide	noun	硫化銀
silver-grey	noun	銀白色
silver-haired	adjective	銀髪
silver-studded blue	noun	姫小灰蝶
silverfish	noun	西洋紙魚
silverware	noun	銀器
silvery-cheeked antshrike	noun	ギンホオエボシアリモズ
silviculture	noun	林学
simian	adjective	サル
similar	adjective	似る|相似
similarity	noun	類似|類似性|相似
similarly	adverb	同様
simile	noun	シミレ|比喩|直喩
simmer	verb	とろ火で煮る
simoom	noun	シムーン
simple	adjective	簡単|単純|易い
simple interest	noun	単利
simple leaf	noun	単葉
simple machine	noun	単純機械
simple sentence	noun	単文
simpleton	noun	鈍間
simplex	noun	単体
simplification	noun	単純化
simplify	verb	単純化
simulate	verb	シミュレートする
simulation	noun	模擬|真似
simultaneous	adjective	同時
simultaneous interpreting	noun	同時通訳
simultaneously	adverb	同時に|一斉に
sin	noun	罪|つみ|罪を犯す
since		から|より|ため|によって|により|ので
sincere	adjective	誠実
sincerity	noun	誠実|誠意
sine	noun	サイン|正弦
sine qua non	noun	必要条件|必須条件|要件
sine wave	noun	正弦波
sinecure	noun	閑職
sinfonietta	noun	シンフォニエッタ
sing	verb	歌う|鳴く
sing along	noun	シンガロング
singani	noun	シンガニ
singe	verb	焦がす
singer	noun	歌手
singer-songwriter	noun	シンガーソングライター
singing	noun	歌唱
single	adjective	一倍|一重|単独|独身|未婚|独り|シングル
single currency	noun	単一通貨
single eyelid	noun	一重まぶた
single father	noun	シングルファザー|シングルファーザー
single mother	noun	シングルマザー
single room	noun	シングルルーム
single track	noun	単線
single transferable vote	noun	単記移譲式投票
single-click	noun	シングルクリック
single-lens reflex	noun	一眼レフ
single-point urban interchange	noun	一点都市型インターチェンジ
singles	noun	シングルス
singlet	noun	アンダーシャツ|タンクトップ|ランニングシャツ|襦袢|ベスト|ランニング
singleton	noun	シングルトン
singly even	adjective	単偶数
singular	adjective	唯一|無二|単一|希有|非凡|単数の|単数形
singularity	noun	単一性|単独性|奇妙|希有|特異性|非凡
sinicization	noun	中国化|漢化
sinister	adjective	左前|奸|悪い|左
sink	noun	洗面台|洗面器|キッチンシンク|シンク|流し|沈む
sinker	noun	オモリ|重り|シンカー
sinkhole	noun	シンクホール
sinking	noun	沈没
sinner	noun	罪人
sinoatrial node	noun	洞房結節
sinologist	noun	中国学者|中国通
sinter	verb	焼結
sintering	noun	焼結
sinus	noun	副鼻腔
sinusitis	noun	副鼻腔炎
sinusoid	noun	正弦曲線|類洞
sip	verb	すする
siphon	noun	サイフォン|水管
siphonophore	noun	管クラゲ
siphovirus	noun	サイフォウイルス
sire	noun	主|陛下|オス|雄
siren	noun	セイレーン|サイレン|妖女|妖婦|号笛|警報器/警報機
sirloin	noun	サーロイン|ロース肉
sirocco	noun	シロッコ
sirtaki	noun	シルタキ
sis	noun	姉|姉ちゃん
sissy	noun	シスターボーイ|いくじなし|弱虫
sister	noun	シスター|修道女|妹|姉妹|お姉さん|あね
sister city	noun	姉妹都市
sister ship	noun	姉妹船|姉妹艦
sister-in-law	noun	兄嫁|弟嫁|義妹|義姉|義理の妹|義理の姉
sit	verb	座る|腰掛ける|ある|いる|受け入れる
sit down	verb	座る|腰掛ける
sit on the fence	verb	日和る
sit-in	noun	シット・イン|シット・ダウン|座り込み
sit-up	noun	シットアップ|腹筋
sitar	noun	シタール
sitcom	noun	シットコム
site map	noun	サイトマップ
sitting	noun	座
sitting duck	noun	いい鴨
sitting toilet	noun	洋式トイレ
situation	noun	状況|情勢|状態|境遇|情況|場所
situation comedy	noun	シチュエーションコメディ|ホームコメディ
six	noun	六|シックス|六つ|６
six hundred		六百
six o'clock	noun	六時
six of one, half a dozen of the other		似たり寄ったり
six perfections	noun	六波羅蜜
six thousand		六千
six-pack	noun	6缶パック|シックスパック
sixteen		十六
sixth	adjective	六番目|六度
sixth grade	noun	小六|小学六年
sixth sense	noun	第六感
sixties	noun	60年代|六十年代
sixtieth	adjective	第六十|六十番目
sixty		六十
sixty-eight		六十八
sixty-five		六十五
sixty-four		六十四
sixty-nine	noun	シックスナイン|六十九
sixty-one		六十一
sixty-seven		六十七
sixty-six		六十六
sixty-three		六十三
sixty-two		六十二
size	noun	大きさ|サイズ|大小|寸尺|寸法|規模|合わせる
sizzle	noun	シューシュー
ska	noun	スカ
skandha	noun	蘊
skate	noun	鱝|エイ|スケート|スケートをする
skateboard	noun	スケートボード
skater	noun	スケーター|スケートをする人
skating	noun	スケート|スケーティング
skeleton	noun	骨格|骸骨|スケルトン
skepticism	noun	懐疑主義|スケプチシズム|懐疑論
sketch	noun	スケッチ|素描
skewer	noun	串|串に刺す|串刺しにする
ski	noun	スキー|スキーをする
ski jumping	noun	スキージャンプ
ski lift	noun	スキーリフト
ski resort	noun	スキー場
ski track	noun	シュプール
skier	noun	スキーヤー
skiing	noun	スキー
skilfish	noun	油坊主
skill	noun	スキル|技|技巧|技能|技術|腕
skill tester	noun	クレーンゲーム
skilled	adjective	上手
skillful	adjective	うまい|上手|得意|熟練
skim	verb	飛びはねる|ざっと読む|読み流す|読み飛ばす
skim milk	noun	スキムミルク|脱脂粉乳
skimmer	noun	あみじゃくし|網杓子|ハサミアジサシ
skin	noun	皮膚|肌|皮革|革|膜
skin and bones	noun	痩せこけた
skin cancer	noun	皮膚癌
skin color	noun	肌の色|肌色
skin effect	noun	表皮効果
skinhead	noun	スキン|スキンヘッド
skink	noun	スキンク|蜥蜴
skinny	adjective	やせこける|やせる|骨と皮ばかりの
skinny dipping	noun	全裸水泳
skinny jeans	noun	スキニージーンズ
skinship	noun	スキンシップ
skip	verb	はね回る|飛ばす
skipjack tuna	noun	鰹
skipping rope	noun	跳び縄
skirmish	noun	小競り合い
skirt	noun	スカート
skirting board	noun	幅木
skit	noun	スキット|スケッチ|寸劇
skort	noun	キュロット|スカパン
skull	noun	頭蓋骨|頭骨|髑髏
skull and crossbones	noun	髑髏と骨
skullcap	noun	キッパ|キッパー
skunk	noun	スカンク
sky	noun	空|天空|大空|あめ|天|天上
sky blue	adjective	空色|みずいろ
sky burial	noun	鳥葬
sky lantern	noun	天灯
skydiving	noun	スカイダイビング
skylark	noun	雲雀
skylight	noun	天窓
skyline	noun	スカイライン|地平線
skyquake	noun	海鳴り
skyrocket	noun	ロケット花火|狼煙|急騰|暴騰
skyscraper	noun	摩天楼|超高層ビル
skywriting	noun	空中文字
slab	noun	スラブ|平板
slack off	verb	弛む|緩む
slag heap	noun	ボタ山
slalom	noun	スラローム
slam	verb	ばたんと閉める
slander	noun	中傷|誹謗|讒言
slang	noun	俗語|俚言
slap	noun	平手打ち|ビンタ|する|ひっぱたく
slapped cheek syndrome	noun	林檎病
slapstick	noun	スラップスティック
slash	noun	斬撃|スラッシュ|斜線|スラント|切り裂く
slash and burn	noun	焼畑農業
slasher	noun	スラッシャ映画
slate	noun	粘板岩|石板
slaty-backed gull	noun	オオセグロカモメ
slaughter	noun	屠殺|殺生|惨殺|殺戮|虐殺|ばらす
slaughterhouse	noun	修羅場
slave	noun	奴隷|スレーブ
slave trade	noun	人身売買
slaveowner	noun	奴隷所有者
slaver	verb	涎が出る
slavery	noun	奴隷制度
slay	verb	殺す
sled dog	noun	橇犬
sledding	noun	そり遊び
sledge	noun	橇|そり
sledgehammer	noun	スレッジハンマー|大ハンマー|大型ハンマー
sleep	noun	眠り|睡眠|仮眠|目垢|目糞|目脂|寝る
sleep apnea	noun	睡眠時無呼吸
sleep debt	noun	睡眠負債
sleep in	verb	寝坊|寝過ごす
sleep mode	noun	スリープモード|節電モード
sleep paralysis	noun	金縛り
sleep with	verb	寝る
sleepiness	noun	眠気
sleeping	noun	眠り|睡眠
sleeping bag	noun	寝袋|シュラフ|シュラフザック|スリーピングバッグ
sleeping car	noun	寝台車
sleeping pill	noun	睡眠薬
sleepless	adjective	寝不足
sleepwalking	noun	睡眠時遊行症|夢遊病
sleepy	adjective	眠い|眠たい
sleepyhead	noun	寝坊助
sleet	noun	氷雨|霙
sleeve	noun	袖|スリーブ
slender	adjective	ほっそり|細い|細長い
slender-billed gull	noun	ハシボソカモメ
slice	noun	切れ|スライス|一片
slice of life	noun	スライス・オブ・ライフ|日常系
slicer	noun	スライサー
slick	adjective	つるつるな|ギトギトな|つるつるする|ギトギトする
slide	noun	滑り台|地滑り|スライド|スライドガラス|スライディング|滑る
slide projector	noun	スライド映写機
slide rule	noun	計算尺
slider	noun	スライダー
slideshow	noun	スライドショー
sliding door	noun	引き戸
slight	adjective	つまらない|些細|僅|末梢的|軽微|軽視|賎しめる
slightly	adverb	少し
slim	adjective	スリム|ほっそり|細い
slime	noun	ヘドロ|ぬめり|スライム|滑り
slingshot	noun	スリングショット|パチンコ
slip	verb	滑る
slip of the tongue	noun	失言|舌禍|言い損ない|言い違い
slip-up	noun	落ち度
slipped disc	noun	椎間板ヘルニア
slipper	noun	スリッパ
slippery	adjective	滑りやすい
slit	verb	切る
slivovitz	noun	スリヴォヴィッツ
slob	noun	怠け者|無精者
slobber	verb	涎
sloboda	noun	スロボダ
slogan	noun	スローガン|標語
sloop	noun	スループ
slope	noun	坂|スロープ|傾斜|勾配|坂道|傾斜角
sloppy	adjective	ぐちゃぐちゃ|ずさん|だらしない
slot machine	noun	スロットマシン
sloth	noun	怠惰|ナマケモノ|樹懶
slow	adjective	遅い|ゆっくり|鈍足|とろい
slow and steady wins the race		継続は力なり
slow cooker	noun	スロークッカー
slow down	verb	遅らせる
slow motion	noun	スローモーション
slowly	adverb	ゆっくり|そろそろ
slowness	noun	緩慢|遅さ|遅慢
sludge	noun	泥|泥土
slug	noun	蛞蝓|ナメクジ
sluice	noun	水門
slum	noun	スラム|貧民窟|貧民街
slumber party	noun	パジャマパーティー
slur	noun	卑罵語|蔑称|軽蔑語|舌がもつれる
slurry	noun	スラリー|泥漿
slush	noun	泥濘|スラッシュ
slush fund	noun	裏金
slut	noun	やりまん|浮気女|痴女|お転婆|雌犬
sly	adjective	狡い|狡猾
small	adjective	小さい|狭い|若い
small arms	noun	小火器
small breasts	noun	ナイチチ|ペチャパイ|貧乳
small carpetgrass	noun	子鮒草
small change	noun	お釣り|小銭|釣り銭
small fry	noun	雑魚
small intestine	noun	小腸
small talk	noun	世間話|雑談
small white	noun	紋白蝶
small wonder	adverb	…は少しも不思議ではない
small-scale	adjective	小型|小規模
smallpox	noun	天然痘|疱瘡|痘瘡
smallsword	noun	スモールソード
smarmy	adjective	ごますりの
smart	adjective	頭がいい|利口|賢い|敏い|機敏|上品|痛める
smart card	noun	ICカード
smart city	noun	スマートシティ
smartass	noun	うぬぼれ屋|自惚れ屋
smartphone	noun	スマートフォン|スマホ|スマートホン
smartwatch	noun	スマートウォッチ
smarty pants	noun	インテリ|物知り|知識人
smash	verb	打ち砕く
smattering	noun	少し|生噛じり|少数|少量
smear	verb	塗り付ける|塗る
smegger	noun	ちんかす
smegma	noun	恥垢|チンカス
smell	noun	嗅覚|匂い|匂いを感じる|嗅ぐ|匂う
smell-brain	noun	嗅脳
smelly	adjective	臭い
smelt	noun	胡瓜魚
smelter	noun	溶鉱炉|精錬所
smerd	noun	スメルド
smetana	noun	スメタナ
smidgen	noun	ちょっぴり|少量
smile	noun	微笑み|笑顔|笑み|微笑|スマイル|微笑む
smiley	noun	スマイリー
smishing	noun	スミッシング
smithereens	noun	木っ端微塵|欠片
smithsonite	noun	菱亜鉛鉱
smitten	adjective	恋(こい)
smock	noun	下着|スモック|仕事着
smog	noun	スモッグ
smoke detector	noun	煙探知機
smoke grenade	noun	発煙弾
smoked	adjective	燻製
smoked salmon	noun	スモークサーモン
smoker	noun	喫煙者
smokescreen	noun	煙幕
smoking	noun	喫煙
smoking room	noun	喫煙室
smooth	adjective	滑らか|スムース
smooth sailing	noun	順風満帆
smoothie	noun	スムージー
smorgasbord	noun	スモーガスボード|バイキング|バイキング料理
smug	adjective	独り善がり|調子に乗る
smuggle	verb	密輸
smuggler	noun	密輸業者|密輸船
smuggling	noun	密輸|密航
smurf	noun	シュトロンフ|スマーフ
snack	noun	軽食|スナック|おやつ|間食|間食する
snack bar	noun	スナックバー
snag	noun	些細なトラブル|ほつれ|ほつれる|破ける|裂ける|さっかける
snail	noun	カタツムリ|蝸牛|でんでん虫
snail's pace	noun	牛歩
snailfish	noun	クサウオ
snake	noun	蛇|ヘビ|蛇行
snake charmer	noun	蛇使い|ヘビ使い
snake charming	noun	蛇使い
snake eyes	noun	ピンぞろ
snake gourd	noun	烏瓜
snake wine	noun	蛇酒
snakehead	noun	雷魚|ライギョ
snakeskin	noun	蛇皮
snap fastener	noun	スナップボタン
snap one's fingers	verb	指を鳴らす
snapshot	noun	スナップショット
snare	noun	罠
snare drum	noun	スネアドラム
snatch	noun	スナッチ|奪う
snath	noun	柄
sneak	noun	詐欺師
sneak in	verb	忍び込む
sneaker	noun	スニーカー|運動靴
sneakernet	noun	スニーカーネット
sneer	noun	冷笑|嘲笑|嘲る
sneeze	noun	くしゃみ|しゃみ
sniff	verb	嗅ぐ
sniff out	verb	嗅ぎ付ける
sniffer dog	noun	探知犬
snifter	noun	スニフター|スニフターグラス|テイスティンググラス|ブランデーグラス
snipe	noun	たしぎ|狙撃
sniper	noun	狙撃手|スナイパー
sniper rifle	noun	狙撃銃
snob	noun	スノッブ
snood	noun	スヌード
snooker	noun	スヌーカー
snooze	noun	うたた寝|居眠り
snore	noun	鼾|鼾声|鼾をかく|鼾を立てる
snoring	noun	鼾|鼾声
snorkel	noun	シュノーケル|スノーケル
snorkeling	noun	シュノーケリング|スノーケリング
snort	verb	鳴らす
snot	noun	鼻水|洟|鼻糞
snout	noun	鼻面
snout moth	noun	螟蛾
snow	noun	雪|降雪|雪が降る|降雪する
snow bunting	noun	雪頬白|ユキホオジロ
snow cone	noun	かき氷
snow fungus	noun	白木耳
snow globe	noun	スノーグローブ
snow goose	noun	白雁
snow leopard	noun	ユキヒョウ|雪豹
snow monster	noun	juhyō|樹氷
snow petrel	noun	雪鳥
snow scoop	noun	スノーダンプ|ママさんダンプ
snow shed	noun	覆道
snow-on-the-mountain	noun	初雪草
snow-white	adjective	純白|雪白
snowball	noun	雪玉|雪だるま|雪つぶて|スノーボール|雪だるま式|雪合戦
snowball fight	noun	雪合戦
snowblower	noun	除雪機
snowboard	noun	スノーボード
snowboot	noun	スノーブーツ
snowcat	noun	雪上車
snowclone	noun	もじり|スノークローン
snowcock	noun	雪鶏
snowcone	noun	かき氷
snowfall	noun	降雪|降雪量
snowflake	noun	雪の結晶|雪片|雪花
snowlight	noun	雪明かり
snowman	noun	雪だるま|雪達磨
snowmobile	noun	スノーモービル
snowplow	noun	除雪車|スノープラウ|除雪機
snowshoe	noun	スノーシュー|かんじき
snowstorm	noun	吹雪|暴風雪
snowy owl	noun	白梟|シロフクロウ
snub	verb	鼻であしらわれた
snuff	noun	かぎタバコ|スナッフ
snuffbox	noun	かぎタバコ入れ|タバコ入れ
snus	noun	スヌース
so	adjective	そう|とても|だから|このように|こんな|じゃ
so far	adverb	これまで|これまでのところ|今まで
so much	adjective	それほど|そんなに
so that		ため
so to speak	adverb	言わば|まるで|丸で
so what		だから|だから何ですか|だから何|だから何だ|で？
so-and-so	noun	何々
so-called	adjective	所謂
so-so	adjective	まあまあ
soak	verb	濡れる|染みる|浸る|浸す|濡らす
soap	noun	石鹸|シャボン
soap bubble	noun	シャボン玉
soap dish	noun	ソープディッシュ|石鹸入れ
soap opera	noun	昼ドラマ|昼メロ|ソープオペラ|昼ドラ|シリーズ|ドラマ
soapbox car	noun	ソープボックス
soapwort	noun	サポナリア
soar	verb	翔る|舞う|滑空|聳える|舞い上がる
sob	noun	すすり泣き|啜り泣く
soba	noun	蕎麦
sober	adjective	シラフ|真面目|酔いを醒ます
sober up	verb	酔いが覚める
sobriety	noun	しらふ
soca	noun	ソカ
soccer	noun	サッカー|蹴球|フットボール
sociable	adjective	社交的
sociable lapwing	noun	マミジロゲリ
social	adjective	社会的
social class	noun	階級
social contract	noun	社会契約
social democracy	noun	社会民主主義
social democrat	noun	社会民主主義者
social distancing	noun	ソーシャルディスタンス|社会距離拡大戦略
social housing	noun	公営住宅
social insurance	noun	社会保険
social justice	noun	社会正義
social justice warrior	noun	ソーシャル・ジャスティス・ウォリアー|ポリコレヤクザ
social life	noun	ソーシャルライフ|社会生活
social media	noun	SNS|ソーシャルメディア
social movement	noun	市民活動
social network	noun	ソーシャルネットワーク|社会ネットワーク|社会的ネットワーク
social project management	noun	ソーシャルプロジェクトマネジメント
social science	noun	社会科学
social security	noun	社会保障
social security number	noun	社会保障番号
social status	noun	社会的地位
social studies	noun	社会科
social work	noun	ソーシャルワーク
social worker	noun	ソーシャルワーカー
socialism	noun	社会主義
socialist	adjective	社会主義の|社会主義者
socialization	noun	社会化
socialize	verb	交際|付き合う|応対|社交的
society	noun	社会|協会|組織
sociolinguistics	noun	社会言語学
sociological	adjective	社会学的
sociologist	noun	社会学者
sociology	noun	社会学
sociopath	noun	ソシオパス|反社会性パーソナリティ障害
sock	noun	靴下|ソックス
sock puppet	noun	靴下人形|ソックパペット
socket	noun	コンセント|ソケット
sockeye salmon	noun	紅鮭
soda	noun	炭酸飲料|ソーダ|ソーダ水|炭酸ナトリウム
soda ash	noun	ソーダ灰
soda bread	noun	ソーダブレッド
soda water	noun	ソーダ|ソーダ水|炭酸水
sodium	noun	ナトリウム
sodium benzoate	noun	安息香酸ナトリウム
sodium bicarbonate	noun	炭酸水素ナトリウム|重炭酸ソーダ|重炭酸曹達|重曹
sodium carbonate	noun	炭酸ソーダ|炭酸ナトリウム
sodium chloride	noun	塩化ナトリウム|食塩
sodium hydroxide	noun	水酸化ナトリウム
sodium nitrate	noun	チリ硝石
sodomite	noun	男色者
sodomy	noun	ソドミー|男色|肛門性交
sofa	noun	ソファー|ソファ|カウチ|長椅子
sofa-bed	noun	ソファーベッド
soft	adjective	柔らかい|軟らかい
soft drink	noun	ソフトドリンク|清涼飲料|清涼飲料水
soft palate	noun	軟口蓋
soft power	noun	ソフト・パワー
soft rush	noun	藺草
soft serve	noun	ソフトクリーム
soft spot	noun	弱点|弱み
soft tennis	noun	ソフテニ|ソフトテニス|軟式テニス|軟式庭球
soft toy	noun	縫い包み
soft water	noun	軟水
soft-boiled	adjective	半熟
softball	noun	ソフトボール|塁球
soften	verb	柔らかくなる|軟らかくなる
software	noun	ソフトウェア|ソフト
software engineer	noun	ソフトウェアエンジニア
software engineering	noun	ソフトウェア工学
soi	noun	ソイ
soil	noun	土|土壌|地|汚す
soil pollution	noun	土壌汚染
soil science	noun	土壌学
soiree	noun	夜会
sojourn	noun	滞在|滞留|滞在する
soju	noun	ソジュ
sol	noun	ソ|ソル|ゾル
solar	adjective	太陽|日
solar calendar	noun	太陽暦|陽暦
solar cell	noun	太陽電池
solar day	noun	太陽日
solar eclipse	noun	日食
solar energy	noun	太陽エネルギー
solar flare	noun	太陽フレア
solar mass	noun	太陽質量
solar panel	noun	ソーラーパネル
solar plexus	noun	みぞおち|太陽神経叢|鳩尾
solar prominence	noun	プロミネンス
solar wind	noun	太陽風
solatium	noun	慰謝料|見舞い金
sold out	adjective	売り切れ
solder	noun	半田|はんだづけ
soldering	noun	ハンダ付け
soldering iron	noun	半田鏝
soldier	noun	兵士|軍人|兵隊|警備員|従軍する
soldier fly	noun	水虻
sole	adjective	唯一|未婚|独身|靴底|足の裏|足裏
solecism	noun	文法違反
solicit	verb	強請る
solicitor	noun	事務弁護士|勧誘員
solid	adjective	堅実な|確実な|中実|ソリッドな|詰まった|続け書き|固体
solid phase	noun	固相
solid-state drive	noun	ソリッドステートドライブ
solidarity	noun	連帯
soliloquy	noun	独り言|独白|独話
solitary	adjective	独居の|単独の|孤立した|無人の|単一の|独居者
solitary confinement	noun	独房監禁
solitary sandpiper	noun	コシグロクサシギ
solitary wave	noun	孤立波
soliton	noun	ソリトン
solitude	noun	孤独
solo	noun	ソロ|独唱|独奏
soloist	noun	ソリスト|独唱者
solstice	noun	冬至|夏至
soluble	adjective	解ける|溶かす|溶ける
solution	noun	溶液|解決|解法|解答|答案
solvable	adjective	溶かす|割り切れる|解ける|解決
solve	verb	解決
solvency	noun	支払能力
solvent	noun	溶剤|溶媒
solyanka	noun	ソリャンカ
som tam	noun	ソムタム
somatic cell	noun	体細胞
sombre	adjective	重苦しい|薄暗い
sombrero	noun	ソンブレロ
some	adverb	約|幾つか|幾らか|或る|か|ある|いくつか
somebody		誰か|或る人
someday	adverb	いつか
somehow	adverb	なぜか|なぜなのか|何とか
someone		誰か|或る人
someone's		誰か
somersault	noun	宙返り
something		何か|最高
something or other	noun	なんとかかんとか
sometime	adverb	いつか
sometimes	adverb	時々|時時|まま
somewhat	adverb	ある程度|やや|多少
somewhere	adverb	どこか
somewhere else	adverb	ほかの場所で|ほかの場所へ
sommelier	noun	ソムリエ
somnambulism	noun	睡眠時遊行症
somnolence	noun	眠気
son	noun	息子|せがれ|坊っちゃん
son of a bitch	noun	畜生目|糞っ垂れ|糞野郎
son-in-law	noun	婿
sonar	noun	ソナー|音波水中探知機
sonata	noun	ソナタ|奏鳴曲
sonata form	noun	ソナタ形式
sonatina	noun	ソナチネ
song sparrow	noun	ウタスズメ
song thrush	noun	歌鶇
songbird	noun	鳴き鳥
songbook	noun	唱歌集|歌集|ソングブック
songbun	noun	出身成分
songster	noun	歌手
songstress	noun	歌姫|女性歌手
sonic	adjective	音|音響
sonic boom	noun	ソニックブーム
sonic hedgehog	noun	ソニック・ヘッジホッグ
sonless	adjective	息子がいない
sonnet	noun	ソネット
sonorant	noun	共鳴音
soon	adverb	もうすぐ|近々|すぐに
soondae	noun	スンデ
sooner or later	adverb	早晩|遅かれ早かれ
soot	noun	煤
sooth	noun	真実
soothsayer	noun	占い師
sophism	noun	詭弁
sophistry	noun	詭弁
sophomore	noun	二年生
soprano	noun	ソプラノ
soramimi	noun	空耳
sorbet	noun	シャーベット|ソルベ
sorbitol	noun	ソルビトール
sorcerer	noun	魔法使い|魔術師
sorceress	noun	女魔術師|魔女
sorcery	noun	魔法|巫術|魔術
sore	adjective	痛い|痛ましい|爛れ|瘡|腫れ物|腫物
sore throat	noun	咽頭痛
sorghum	noun	蜀黍|コーリャン|ソルガム
sororal	adjective	姉妹
sorrel	noun	蓚|酸い葉|薄赤褐色
sorrow	noun	悲しみ|悲哀
sorrowful	adjective	悲しい|痛ましい
sorry	adjective	すみません|申し訳|恐縮|残念|遺憾|かわいそう
sorry i'm late		遅くなって、すみません|遅れてすみません
sort	noun	種類|類い|人|ソート|並べ替え|ソートアルゴリズム
sortie	noun	出撃|出撃する
sorting	noun	選別
sot	noun	飲んべえ
soteriology	noun	救済論
sotolon	noun	ソトロン
sotto voce	adverb	小さな声で
soufflé	noun	スフレ
soul	noun	魂|霊|魂魄|精神|ソウル
soul food	noun	ソウルフード
soul music	noun	ソウル
soul patch	noun	ソウルパッチ
soulmate	noun	赤い糸で結ばれた相手|運命の人
sound card	noun	サウンドカード
sound effect	noun	サウンドエフェクト|効果音|音響効果
sound post	noun	魂柱
sound wave	noun	音波
soundproof	adjective	防音
soundtrack	noun	サウンドトラック
soup	noun	スープ|汁|露
soup bowl	noun	スープボウル|汁椀
soupspoon	noun	スープスプーン|散蓮華
souq	noun	スーク
sour	adjective	酸っぱい|すっぱい
sour cherry	noun	スミミザクラ
sour cream	noun	サワークリーム
sour grapes	noun	負け惜しみ
sour milk	noun	サワーミルク|プロストクワーシャ|酸乳
source	noun	源|起源|泉|本源|根源|源泉
source code	noun	ソースコード
source language	noun	起点言語
soursop	noun	サワーソップ
sousaphone	noun	スーザフォン
south	noun	南|南方
south by east	noun	南微東
south by west	noun	南微西
south wind	noun	南風
south-southeast	noun	南南東
south-southwest	noun	南南西
southeast	noun	南東|東南|巽|辰巳
southeast by east	noun	南東微東
southeast by south	noun	南東微南
southeastern	adjective	南東
southerly	noun	南風
southern	adjective	南
southern black tit	noun	ミナミクロガラ
southern cassowary	noun	火食い鳥
southern pig-tailed macaque	noun	豚尾猿
southern tigrina	noun	ミナミジャガーネコ
southerner	noun	南国人
southernize	verb	南方化
southernwood	noun	サザンウッド|木立蓬|翁蓬|西洋河原人参
southpaw	noun	サウスポー|左利き
southwest	noun	南西|西南|坤
southwest by south	noun	南西微南
southwest by west	noun	南西微西
southwestern	adjective	南西
souvenir	noun	土産|記念品|記念物
sovereign	adjective	独立|自主的|自立|卓越|君主
sovereignty	noun	主権
sovkhoz	noun	ソフホーズ
sow	noun	雌豚|種をまく|散らす|間隙を生じる
sow the wind, reap the whirlwind		業によりて果を引く
soy	noun	大豆
soy milk	noun	豆乳
soy sauce	noun	醤油|しょうゆ|醬油
soybean	noun	大豆|ダイズ
soybean oil	noun	豆油
spa	noun	スパ|温泉
space	noun	宇宙|空間|スペース|間隔|空白|余白
space age	noun	宇宙時代
space agency	noun	宇宙局
space alien	noun	宇宙人|異星人
space bar	noun	スペース|スペースバー
space capsule	noun	スペースカプセル|宇宙カプセル
space complexity	noun	空間計算量
space debris	noun	宇宙ごみ
space flight	noun	宇宙飛行
space probe	noun	宇宙探査機
space race	noun	スペースレース|宇宙開発レース|宇宙開発競争
space science	noun	宇宙科学
space station	noun	宇宙ステーション
space suit	noun	宇宙服
space tourism	noun	宇宙観光旅行
space travel	noun	スペーストラベル|宇宙旅行
spaceport	noun	宇宙基地|宇宙船基地|射場
spaceship	noun	宇宙船|宇宙旅行船|宇宙機
spacetime	noun	時空
spacewalk	noun	宇宙遊泳
spacious	adjective	広い|広々
spade	noun	鋤|スペード
spades	noun	スペード
spaghetti	noun	スパゲッティ
spaghetti western	noun	マカロニ・ウェスタン
spaghettification	noun	スパゲッティ化現象
spam	noun	スパム|ジャンクメール|スパムメール|バルクメール|迷惑メール
spam musubi	noun	スパム結び
spandex	noun	スパンデックス
spangle	noun	スパングル|スパンコール
spaniel	noun	スパニエル
spank	verb	尻を叩く
spanking	noun	尻叩き
spanner	noun	スパナ|レンチ
spare part	noun	スペアパーツ|予備パーツ
spare the rod and spoil the child		可愛い子には旅をさせよ|獅子の子落とし
spare tyre	noun	スペアタイヤ|贅肉
sparerib	noun	スペアリブ
spark	noun	火花|火の粉|スパーク
spark plug	noun	点火プラグ|スパークプラグ
sparkle	noun	閃爍|閃耀|光輝
sparkless	adjective	閃烈
sparkling wine	noun	スパークリング・ワイン|発泡ワイン
sparring	noun	手合わせ
sparrow	noun	雀|スズメ
spasm	noun	痙攣
spasticity	noun	痙縮
spat	noun	スパッツ
spate	noun	洪水|ほとばしり|大水|続発
spatial	adjective	空間的|空間
spatial computing	noun	空間コンピューティング
spatter	verb	はねかける
spatula	noun	箆|スパーテル|フライ返し
spaz	noun	阿呆|馬鹿|馬鹿野郎
spazzy	adjective	鈍くさい
speak	verb	話す|言う|語る|しゃべる|会話|談話
speak in tongues	verb	異言を語る
speak of the devil		噂をすれば|噂をすれば影|噂をすれば影がさす
speak one's mind	verb	心のうちを明かす
speakeasy	noun	スピークイージー
speaker	noun	話し手|話者|スピーカー|拡音器|議長|演説家
speaking	noun	スピーキング|言葉|話す
spear	noun	槍|鑓|簎|銛
spear side	noun	父方
spearhead	noun	急先鋒
spearmint	noun	スペアミント
special	adjective	特別|特殊|スペシャル
special drawing right	noun	特別引出権
special economic zone	noun	経済特区
special effect	noun	特殊撮影
special forces	noun	特殊部隊
special military operation	noun	特別軍事作戦
special relativity	noun	特殊相対性理論
specialist	noun	専門家|熟練者|専門医
specially	adverb	わざわざ
specialness	noun	特殊性
specialty	noun	専門
specialty store	noun	専門店
species	noun	種|種類|類
specific	adjective	特殊|特定|具体的
specific epithet	noun	種小名
specific gravity	noun	比重
specifically	adverb	具体的に
specification	noun	スペック|仕様
specimen	noun	見本|標本
specious	adjective	まことしやかな|似て非なる
speck	noun	斑点
spectacle	noun	スペクタクル|光景|壮観
spectacle case	noun	眼鏡ケース|眼鏡入れ
spectacled bear	noun	メガネグマ|眼鏡熊
spectacles	noun	眼鏡
spectacular	adjective	壮大|壮観|華華しい
spectator	noun	観客|見物人|傍観者
specter	noun	亡霊|幽霊
spectrometer	noun	分光計
spectropolarimeter	noun	偏光分光計
spectroscope	noun	分光器
spectroscopy	noun	分光学|分光法
spectrum	noun	スペクトル|分光
speculation	noun	投機
speculative fiction	noun	スペキュレイティブ・フィクション|思弁小説
speculator	noun	投機家
speculoos	noun	スペキュラース|スペキュロス|スペキュロース
speculum	noun	翼鏡
speech	noun	演説|スピーチ|話
speech bubble	noun	吹き出し
speech is silver, silence is golden		雄弁は銀、沈黙は金
speed	noun	速さ|速度|速力|速い
speed bump	noun	スピードバンプ|ハンプ|段差舗装
speed camera	noun	オービス
speed limit	noun	制限速度
speed of light	noun	光速
speed of sound	noun	音速
speed reading	noun	速読|速読術
speed skating	noun	スピードスケート
speed up	verb	スピードを出す
speeding	noun	スピード違反
speedometer	noun	スピードメーター|速度計
speedread	verb	速読
speedrun	noun	タイムアタック|スピードラン
speedy	adjective	高速
speedy delete	verb	即時削除
speleology	noun	洞穴学
speleothem	noun	二次生成物
spell	noun	呪文|綴る
spell checker	noun	スペルチェッカー|スペルチェッカ
spellbook	noun	魔導書
spelling	noun	綴り|スペル|スペリング|綴り字|文字綴り|正字法
spelling alphabet	noun	通話表
spelt	noun	スペルトコムギ
spend	verb	かかる|使う|要する|消費|過ごす|暮らす
spendthrift	noun	使い手|極道|浪費家
sperm	noun	精子|精液
sperm bank	noun	精子バンク
sperm whale	noun	マッコウクジラ|抹香鯨
spermatozoon	noun	精子
sphenoid bone	noun	蝶形骨
sphere	noun	球|球体|分野|範囲|領域
sphere of influence	noun	勢力圏
spherical angle	noun	球面角
spherical geometry	noun	球面幾何学
sphincter	noun	括約筋
sphygmomanometer	noun	血圧計
spice	noun	香辛料|スパイス
spicy	adjective	辛い|スパイシー|とげのある|辛口|刺激的
spider	noun	蜘蛛|クモ|スパイダー
spider lily	noun	彼岸花
spiderhunter	noun	蜘蛛狩鳥
spiderweb	noun	クモの巣|蛛網|蜘網
spiffy	adjective	お洒落
spike	noun	スパイク靴|針|穂|穂状花序|スパイク|牡鹿
spikenard	noun	ナルド|カンショウ
spill	verb	零す|零れる
spillikins	noun	竹ひご|竹籤
spin	noun	スピン|回転|きりもみ|紡ぐ
spin-off	noun	スピンオフ|外伝
spina bifida	noun	二分脊椎症|脊椎披裂|脊椎破裂
spinach	noun	菠薐草
spinal cord	noun	脊髄
spindle	noun	紡錘|錘
spine	noun	気骨|背骨|脊椎|脊柱|本の背|背表紙
spinel	noun	スピネル|尖晶石
spinning	noun	紡績
spinning top	noun	独楽|貝独楽
spinning wheel	noun	糸車
spinon	noun	スピノン
spinor	noun	スピノール
spinosaurus	noun	スピノサウルス
spinster	noun	オールドミス|売れ残り|ハイミス
spiral	noun	スパイラル|渦巻|渦巻線|螺旋
spiral galaxy	noun	渦巻銀河
spiral staircase	noun	螺旋階段
spire	noun	尖塔
spirit	noun	精神|精霊|妖怪|アルコール|酒
spirit away	verb	神隠す
spirit lamp	noun	アルコールランプ
spirit level	noun	水準器
spirit photography	noun	心霊写真
spiritual	adjective	精神的
spiritualism	noun	唯心|スピリチュアリズム|心霊主義
spiritualist	noun	神媒|霊媒
spirituality	noun	霊性
spirogyra	noun	水綿
spit	noun	串|唾|つばを吐く|吐く
spiteful	adjective	悪意のある|意地の悪い|意地悪|意地悪い
spitting image	noun	そっくり|クリソツ
spittle	noun	唾
spittoon	noun	たんつぼ|唾壺|痰壷|痰壺
spitz	noun	スピッツ
splash	verb	し吹く|はね散らす
spleen	noun	脾臓|ひぞう
spleenwort	noun	チャセンシダ
splendid	adjective	素敵|見事|華麗|豪華|立派|輝かしい
splenectomy	noun	脾臓摘出術
splenomegaly	noun	脾腫
splint	noun	添木
splinter	noun	刺|破片
split end	noun	枝毛
split hairs	verb	枝葉末節にとらわれる|重箱の隅を楊枝でほじくる|難癖を付ける
split-second	noun	刹那
splits	noun	股割り|開脚
spoil	noun	利権|略奪品|廃棄物|こわす|だめ|傷つける
spoiler	noun	ネタバレ|スポイラー
spoils of war	noun	戦利品
spoilt	adjective	腐った
spoke	noun	スポーク|輻
spokesperson	noun	代弁者
spondee	noun	スポンデー|長長格
sponge	noun	海綿|スポンジ
sponge cake	noun	スポンジケーキ|スポンジ生地
sponsor	noun	スポンサー
spontaneity	noun	自発性
spool	noun	スプール
spoon	noun	スプーン|匙
spoon lure	noun	スプーンルアー
spoonbill	noun	箆鷺
spoonerism	noun	語音転換
spoonful	noun	スプーン一杯
spoons position	noun	側位
spoor	noun	臭跡
sporadic	adjective	散発的
sporangium	noun	胞子嚢
spore	noun	胞子
spork	noun	先割れスプーン
sport	noun	スポーツ|運動
sport climbing	noun	スポーツクライミング
sport stacking	noun	スポーツスタッキング
sports betting	noun	スポーツベッティング|スポーツ賭博
sports bra	noun	スポブラ|スポーツブラ
sports car	noun	スポーツカー
sports club	noun	スポーツクラブ
sports drink	noun	イオン飲料|スポーツドリンク
sports ground	noun	グラウンド|競技場|運動場
sportsman	noun	スポーツマン|運動選手|スポーツ選手|選手
sportsmanship	noun	スポーツマンシップ
sportsperson	noun	運動選手
sportswear	noun	スポーツウェア
sportswoman	noun	スポーツウーマン
spot	noun	斑|斑点|染み|ちょっと|場所
spot the difference	noun	間違い探し
spot-backed antshrike	noun	セボシアリモズ
spot-winged antshrike	noun	タンビアリモズ
spotlight	noun	スポットライト
spotted flycatcher	noun	ムナフヒタキ
spotted nutcracker	noun	星鴉
spotted redshank	noun	ツルシギ
spotted whistling duck	noun	シラボシリュウキュウガモ
spouse	noun	配偶者|伴侶
spout	noun	噴出口|噴射|噴き出す|噴く
sprachbund	noun	言語連合
sprain	noun	捻挫|挫く|捻挫する
spray	noun	スプレー|小枝
spread	noun	展開|拡散|掛け|見開き|伸ばす|広げる
spread like wildfire	verb	瞬く間に広まる
spread spectrum communication	noun	スペクトル拡散通信
spreadsheet	noun	スプレッドシート|表計算ソフト|集計用紙
spree	noun	はめをはずす
spring	noun	春|春季|春期|泉|温泉|発条
spring break	noun	春休み
spring cleaning	noun	スプリングクリーニング|大掃除
spring constant	noun	ばね定数
spring onion	noun	ネギ|葱
spring roll	noun	春巻き
spring to life	verb	跳ねる|跳ね上がる
springboard	noun	スプリングボード|飛び板
springbok	noun	スプリングボック
springwater	noun	清水
sprinkle	noun	振り掛け|小雨|播く|蒔く|振り掛ける
sprinkler	noun	スプリンクラー
sprinkles	noun	スプリンクル
sprint	noun	スプリント|短距離走
spritzer	noun	スプリッツァー
sprout	noun	もやし|芽|芽立ち|発芽|スプラウト
spruce	noun	唐檜|蝦夷松
spruce grouse	noun	針樅雷鳥
spruce up	verb	しゃれる
spur	noun	拍車|刺激|拍車をかける|突く|行動
spurge	noun	灯台草|ユーフォルビア
spurious	adjective	にせ物|疑似
spurt	noun	噴射|噴き出す|噴く|噴出|迸る
sputnik	noun	スプートニク
spy	noun	スパイ|間諜|密偵|回し者|密使|忍び
spyware	noun	スパイウェア
squacco	noun	カンムリサギ
squad	noun	戦隊|分隊
squadron	noun	戦隊
squalene	noun	スクアレン
squander	verb	乱費|使い尽くす|浪費
square	adjective	四角い|正方形|平方|マス|広場|平方形|二乗する
square bracket	noun	角括弧
square centimeter	noun	平方センチメートル
square degree	noun	平方度
square kilometre	noun	平方キロメートル
square matrix	noun	正方行列
square metre	noun	平方メートル|平米
square peg in a round hole	noun	重箱に鍋蓋
square root	noun	平方根
squared	adjective	自乗
squash	noun	スカッシュ|南瓜
squash player	noun	スカッシュ選手
squat	noun	スクワット|不法占拠|しゃがむ|不法占拠する|蹲る
squat toilet	noun	和式トイレ|和式便所
squeak	noun	チューチュー
squeegee	noun	スキージー|スクイージー
squeeze	noun	板挟み|ギュッとする|抱きしめ|スクイズ|拓本|押す
squeeze out	verb	絞り出す
squid	noun	イカ|烏賊|柔魚|鰞
squint	noun	斜視|藪睨み|一瞥|目を細めて見る
squirm	verb	蠢く
squirrel	noun	栗鼠|リス
squirt	noun	潮吹き
squirt gun	noun	水鉄砲
stab	verb	刺す
stability	noun	安定|スタビリティー|安定性
stabilization	noun	安定化
stable	adjective	安定|馬小屋|厩舎
stable fly	noun	サシバエ
stableman	noun	別当
staccato	noun	スタッカート
stack	noun	塚|スタック
stack up	verb	溜まる|積もる|重なる
stadium	noun	競技場|スタジアム
stadtholder	noun	総督
staff	noun	杖|棒|五線|譜表|職員|スタッフ
stag	noun	牡鹿
stag beetle	noun	クワガタ|クワガタムシ
stage	noun	段階|舞台|ステージ|段|上演
stage fright	noun	舞台負け
stage gay	noun	百合営業
stage left	noun	上手
stage name	noun	芸名
stage right	noun	下手
stage-coach	noun	駅馬車
stagflation	noun	スタグフレーション
stagger	verb	よろめく
staggered shelves	noun	違い棚
stagnation	noun	不振|沈滞
stain	noun	染み
stained glass	noun	ステンドグラス
stainless steel	noun	SUS|ステンレス|ステンレス鋼|ステンレススチール|ステンレス・スティール|不銹鋼
stair	noun	段|石段|階段
staircase	noun	階段|階
stairs	noun	階段
stairway	noun	階段
stairwell	noun	階段の吹き抜け
stake	noun	杭|棒
stakeholder	noun	ステークホルダー|利害関係者|競合権利者
stalactite	noun	鍾乳石
stalagmite	noun	石筍
stale	adjective	古い|陳腐な
stalemate	noun	ステイルメイト|行き詰り
stalk	noun	茎|忍び寄る|付きまとう
stalker	noun	ストーカー
stalking	noun	ストーキング
stall	noun	厩舎|馬小屋|ストール|失速|屋台|屋台店
stallion	noun	種馬
stamen	noun	雄蕊
stammer	noun	吃り|吃る
stamp	noun	印章|印鑑|判子
stamp duty	noun	印紙税
stampede	noun	群集事故
stamping ground	noun	たまり場
stance	noun	立場|姿勢|態度
stanchion	noun	スタンション|スタンチョン
stand	noun	立場|スタンド|証言台|木立ち|屋台|売店|立たす
stand corrected	verb	誤りを認める|謹んで御訂正を受く|間違いを認める
stand on ceremony	verb	形式張る|遠慮する
stand out	verb	目立つ
stand to reason	verb	然もありなん|道理に適う
stand up	verb	立ち上がる|すっぽかす
stand-in	noun	代理|影武者
stand-up	noun	スタンダップコメディ|スタンドアップ
stand-up comedy	noun	スタンダップコメディ|スタンドアップ
standard	adjective	標準の|標準的な|基準|規|規準|標準
standard deviation	noun	標準偏差
standard gauge	noun	標準軌
standard language	noun	標準語
standard of living	noun	生活水準
standard time	noun	標準時|標準時間
standard-definition television	noun	標準解像度テレビ|標準解像度テレビジョン
standardise	verb	標準化
standardization	noun	標準化
standing ovation	noun	スタンディングオベーション
standing wave	noun	定常波
standpoint	noun	観点
standstill	noun	停止|停頓
stannane	noun	スタンナン
stapedius	noun	鐙骨筋
stapes	noun	鐙骨
staphylococcus	noun	葡萄球菌
stapler	noun	ホッチキス|ステープラー|紙綴器
star	noun	アスタリスク|星印|恒星|星|スター|お星様|主演
star anise	noun	八角茴香|唐樒|大茴香|スターアニス|八角
star chart	noun	星図
star cluster	noun	星団
star duckweed	noun	品字藻
star finch	noun	小紋鳥
star fruit	noun	スターフルーツ
star system	noun	恒星系
star-crossed	adjective	薄幸|薄運
starboard	noun	右舷
starch	noun	デンプン|澱粉
stardust	noun	スターダスト|星屑|宇宙塵
stare	verb	見詰める|じろじろ見る
starfish	noun	海星|ヒトデ|人手|海盤車
staring contest	noun	にらめっこ
stark naked	adjective	全裸|真っ裸|素っ裸
starkers	adjective	すっぽんぽん
starlet	noun	スターレット
starlight	noun	星の光|星明かり
starling	noun	椋鳥|ホシムクドリ
starring	verb	主演
starry flounder	noun	沼鰈
start	noun	開始|スタート|出だし|初め|スタート地点|始点|始まる
start codon	noun	開始コドン
starter	noun	スターター
starting pitcher	noun	先発投手
startle	verb	脅かす
startup	noun	スタートアップ|ベンチャー
starvation	noun	飢餓
starve	verb	飢える|餓死|飢えさせる
state	noun	状態|ステート|国|国家|州|合衆国|述べる
state funeral	noun	国葬
state of affairs	noun	事態|事体
state of emergency	noun	非常事態|緊急事態宣言|非常事態宣言
state of mind	noun	精神状態|心境
state religion	noun	国教
state secret	noun	国家機密
state-owned enterprise	noun	公企業
statement	noun	声明|陳述|報告書|文
statesman	noun	政治家
static	adjective	静的|スノーノイズ|砂嵐
static electricity	noun	静電気
statics	noun	静力学
station	noun	部署|チャンネル|放送局|基地|軍事基地|駐屯地
station wagon	noun	ステーションワゴン|ワゴン
stationary	adjective	止まっている|静止した|固定された|変わらない
stationary front	noun	停滞前線
stationer	noun	文房具屋|文房具店
stationery	noun	文具|文房具
stationmaster	noun	駅長
statistical inference	noun	統計的推論
statistical mechanics	noun	統計力学
statistician	noun	統計学者
statistics	noun	統計学|統計
statue	noun	像|塑像|彫像
statues	noun	坊さんが屁をこいた|達磨さんが転んだ
statuette	noun	スタチュート
status	noun	地位|身分|状態|有様|様子
status bar	noun	ステータスバー
status quo	noun	現状
status symbol	noun	ステータスシンボル
statute	noun	律令
statute law	noun	成文法
statute of limitations	noun	時効
stave	noun	五線
stay	noun	滞在|滞留|留まる|とどまる|とまる|宿泊
stay up late	verb	更かす
steady	adjective	安定|着実
steak	noun	ステーキ
steakhouse	noun	ステーキハウス
steal	noun	盗み|掘り出し物|盗塁|盗む|忍び足をする
stealth	noun	ステルス|掩蔽|隠密|隱形|隱身
stealth fighter	noun	ステルス機
steam	noun	蒸気|水蒸気|湯気|蒸す|湯気が立つ|頭に血が上る
steam engine	noun	蒸気機関
steam locomotive	noun	汽車|蒸気機関車
steam turbine	noun	蒸気タービン
steamboat	noun	汽船|蒸気船
steamed	adjective	蒸し
steamer	noun	蒸し器|蒸気船
steaming	noun	蒸す
steampunk	noun	スチームパンク
steamroller	noun	蒸気ローラー
steamship	noun	蒸気船|汽船
stearic acid	noun	ステアリン酸|オクタデカン酸
stearin	noun	ステアリン
steatosis	noun	脂肪変性
steel	noun	鋼鉄|はがね|鋼
steel square	noun	指矩|曲尺
steelmaking	noun	製鋼
steelworks	noun	製鋼所
steelyard	noun	竿秤
steep	adjective	険しい|急|浸す|潤かす|注ぎ込む|煎じる
steeple	noun	尖塔
steeplechase	noun	障害物競馬
steer	noun	助言|去勢雄牛|操縦する|操舵する|舵を取る|運転する
steering	noun	ステアリング
steering wheel	noun	ハンドル|ステアリング・ホイール|操舵輪
stegosaur	noun	ステゴサウルス
stele	noun	石碑|碑
stellar wind	noun	恒星風
stem	noun	語幹|茎|幹|軸|柄|堰止める
stem cell	noun	幹細胞
stench	noun	悪臭|臭い|臭味|臭気
stent	noun	ステント
step	noun	段|歩|足取り|ひとまたぎ|ステップ|足跡|踏む
step by step	adverb	一歩一歩|少しずつ
step ladder	noun	脚立
step pyramid	noun	階段ピラミッド
stepbrother	noun	義兄弟
stepchild	noun	継子|連れ子
stepdaughter	noun	継娘
stepfather	noun	継父
stepmother	noun	継母
steppe	noun	ステップ|草原
stepping stone	noun	飛び石
stepsister	noun	まゝ姉妹|義理の姉妹
stepson	noun	継息子
steradian	noun	ステラジアン
stereo	adjective	ステレオ
stereotype	noun	ステレオタイプ
sterile	adjective	不毛|不妊|荒瘠|無菌
sterilizable	adjective	滅菌可能
sterilization	noun	殺菌|断種
sterilize	verb	殺菌
sterlet	noun	コチョウザメ
sterling	noun	英貨|法定純度|スターリングシルバー|純銀
stern	adjective	厳格|荘厳|船尾|艫
sternpost	noun	船尾材
steroid	noun	ステロイド
stethoscope	noun	聴診器
stevedore	noun	港湾労働者
stevia	noun	アマハステビア|ステビア
stew	noun	シチュー
stewardess	noun	スチュワーデス|キャビンアテンダント
stibnite	noun	輝安鉱
stick	noun	小枝|枝|杖|シフトレバー|ステッキ|マニュアル|味方
stick figure	noun	棒人間
stick insect	noun	ナナフシ
stick one's tongue out	verb	舌を出す
stick out	verb	突き出る
sticker	noun	ステッカー|ラベル|シール
stickiness	noun	粘粘
sticky	adjective	ベタベタする
stiff	adjective	硬い|固い|堅い|凝る|オッサン|カモ|払い忘れる
stiffly	adverb	こりこり|ごつごつ|ごわごわ
stifle	verb	もみ消す|抑圧|消す|窒息|静める|噛み殺す
stigma	noun	恥辱|汚名|汚点|スティグマ|傷|紅斑
stigmatic	noun	聖痕
stigmatism	noun	無非点収差|正視|紅斑出現
stigmatize	verb	呼ばわり|非難
stiletto	noun	スティレット|小剣|短剣
stiletto heel	noun	スティレットヒール
still	adjective	止まる|静止した|まだ|依然として|もっと|より|凪|静まる
still life	noun	静物画
still waters run deep		能ある鷹は爪を隠す
stillbirth	noun	死産
stillborn	adjective	死産
stilt	noun	竹馬
stilt sandpiper	noun	アシナガシギ
stimulant	noun	覚醒剤|覚醒
stimulate	verb	刺激
stimulation	noun	刺激
stimulus	noun	刺激
sting	noun	刺し傷|刺傷|虫さされ|虫刺され|囮捜査|刺す
stinger	noun	毒針|針|いやみ
stingray	noun	赤鱏|赤鱝
stingy	adjective	けち|けちくさい|吝嗇|刺す
stink	noun	悪臭|悪臭を放つ|臭う|くだらない|臭い
stinkbug	noun	カメムシ
stinky	adjective	臭い
stinky tofu	noun	臭豆腐
stir	noun	撹拌|騒動|掻き混ぜる|攪拌|かき立てる|扇動
stir-fry	noun	炒め物|炒める
stirrup	noun	鐙
stochastic	adjective	推測|確率論的な
stochastic process	noun	確率過程
stock	noun	備蓄|在庫|株|株式
stock character	noun	ストックキャラクター
stock exchange	noun	株式取引所|証券取引所|証取
stock market	noun	株式市場
stockfish	noun	乾物|干し魚|干物|干魚
stockinet	noun	メリヤス編み
stocking	noun	ストッキング
stockpile	noun	在庫
stoichiometry	noun	化学量論
stoker	noun	火夫|火手
stolen	adjective	盗まれた
stollen	noun	シュトレン
stolon	noun	匍匐枝|匍匐茎
stomach	noun	胃|お腹|腹|胃腸|胃袋
stomach cancer	noun	胃癌
stomach lining	noun	胃壁
stomachache	noun	腹痛
stomatitis	noun	口内炎
stomatology	noun	口腔病学
stone	adjective	石製|石|宝石|ストーン|結石|小石
stone loach	noun	福泥鰌
stone wall	noun	石垣|石塀
stoned	adjective	ぼうっと|酔っ払う
stonefish	noun	鬼達磨虎魚|鬼達磨鰧
stonemason	noun	石工
stonen	adjective	石製
stoner rock	noun	ストーナーロック
stoneware	noun	せっ器|炻器
stooge	noun	引き立て役|手先|操り人形
stool	noun	糞便|スツール|ストゥール
stoop	verb	屈む
stop	noun	停留所|バス停|止まる|止める|留まる
stop codon	noun	終止コドン
stop sign	noun	一時停止標識
stop-motion	noun	ストップモーション|齣撮り
stopcock	noun	元栓
stopgap	adjective	姑息|対症療法|對症療法
stopover	noun	ストップ|途中下車
stopwatch	noun	ストップウォッチ|ストップウオッチ|秒時計
storage	noun	保管|貯蔵
store	noun	倉庫|備蓄|蓄える|貯める
store manager	noun	店長
storehouse	noun	倉庫
storeroom	noun	物置
storey	noun	階
storge	noun	ストルゲー
stork	noun	鸛|コウノトリ
storm	noun	嵐|暴風|強襲|猛攻撃
storm door	noun	雨戸
storm petrel	noun	海燕
stormy	adjective	荒れる
story	noun	物語|話|ストーリー|小説
story arc	noun	アーク|編
storyboard	noun	絵コンテ
storyteller	noun	ストーリーテラー|語り手|語り部
storytime	noun	お話の時間
stove	noun	焜炉|ストーブ|暖炉
stowaway	noun	密航者
strabismus	noun	斜視
stracciatella	noun	ストラッチャテッラ
straddle	verb	跨がる
straight	adjective	まっすぐ|ストレート|率直|直列|ノンケ|真っ直ぐ
straight ahead	adverb	真っ直ぐ
straight angle	noun	平角
straight flush	noun	ストレートフラッシュ
straight line	noun	直線
straight man	noun	ツッコミ
straight pride	noun	ストレート・プライド
straightforward	adjective	まっすぐ|率直|簡単
strain	verb	濾す
strainer	noun	ストレーナー|濾過器
strait	noun	海峡|困難|苦境|難局
straitjacket	noun	拘束衣
strange	adjective	変|奇妙
strange quark	noun	ストレンジクォーク
stranger	noun	知らない人|見ず知らず|外国人|外人
strangle	verb	絞め殺す
strap	noun	肩章
stratagem	noun	策略|計略|謀略
strategic	adjective	戦略的
strategist	noun	戦略家
strategy	noun	戦略|兵法|機略|策略|計略|戦術
strategy game	noun	戦略ゲーム|ストラテジーゲーム
stratocumulus	noun	層積雲
stratopause	noun	成層圏界面
stratosphere	noun	成層圏
stratospheric	adjective	成層圏の
stratovolcano	noun	成層火山
stratum	noun	層|地層|階級
stratum granulosum	noun	顆粒層
stratus	noun	層雲
straw	noun	藁|ワラ|わら色|藁色
straw hat	noun	麦藁帽子
straw mushroom	noun	袋茸
strawberry	adjective	苺味の|苺色の|苺|イチゴ|ストロベリー|苺色
strawberry saxifrage	noun	雪の下
stray bullet	noun	ながれだま
stray dog	noun	野良犬
streak	noun	条痕
streak-backed antshrike	noun	ベネズエラアリモズ
streaker	noun	ストリーカー
stream	noun	流れ|小川|ストリーム
streamer	noun	ストリーマー
streaming	noun	ストリーミング
streamlet	noun	小川
street	noun	道|道路|通り|街路|ストリート
street art	noun	ストリートアート
street corner	noun	街角
street food	noun	ストリートフード|屋台の食べ物
street racing	noun	ストリートレース|走り屋
street sweeper	noun	街路清掃人|街路清掃車
streetlight	noun	街灯
streetwalker	noun	街娼
strength	noun	力
strengthen	verb	強い|強める
streptococcus	noun	レンサ球菌
stress	noun	応力|ストレス|力説|重き
stress ball	noun	ストレスボール
stressed	adjective	緊張|強勢のある
stretch	noun	ストレッチ|伸ばす|伸びる
stretcher	noun	担架|ストレッチャー
stretching	noun	ストレッチ|ストレッチング|ストレッチ体操
strew	verb	ばら撒く|散らす
strict	adjective	厳しい
strident	adjective	耳障り
strife	noun	争い
strike	noun	ストライク|ストライキ|スト|同盟罷業|罷工|打つ
strike while the iron is hot	verb	善は急げ|鉄は熱いうちに打て|膳は急げ
strike zone	noun	ストライクゾーン
strikebreaker	noun	スト破り
strikeout	noun	三振
strikethrough	noun	取り消し線
string	noun	紐|弓弦|弦|文字列|ストリング|列
string cheese	noun	さけるチーズ|ストリングチーズ
string theory	noun	ひも理論|弦理論
stringed instrument	noun	弦楽器
strip	noun	切れ|脱ぐ|奪い取る
strip club	noun	ストリップクラブ
stripe	noun	縞|筋
stripe-breasted tit	noun	ムナグロガラ
striped	adjective	縞模様
striped field mouse	noun	セスジネズミ
striped threadfin	noun	燕鰶
stripper	noun	ストリッパー
striptease	noun	ストリップ|ストリップショー
strive	verb	努める|努力|奮闘|闘う
stroboscope	noun	ストロボスコープ
stroganoff	noun	ビーフストロガノフ
stroke	noun	劃|画|筆画|脳卒中|なでる|撫でる
stroke order	noun	筆順
stroll	noun	散歩
stroller	noun	乳母車|ベビーカー
strong	adjective	強い|強力|断固とした|強烈|激しく
strong flour	noun	強力粉
strong nuclear force	noun	強い核力|強い相互作用|残留相互作用
strontium	noun	ストロンチウム
stroopwafel	noun	ストロープワッフル
struct	noun	構造体
structuralism	noun	構造主義
structure	noun	構造|構成|構造体
strudel	noun	シュトルーデル
struggle	noun	奮闘|戦い|闘争
strychnine	noun	ストリキニーネ|ストリキニン
stubble	noun	無精ひげ|刈り株
stubborn	adjective	頑固
stubbornness	noun	頑固
stubby	adjective	ずんぐり
stucco	noun	化粧しっくい
student	noun	学生|大学生
student council	noun	生徒会
studio	noun	スタジオ|工房|画室|アトリエ|撮影所|録音室
study	noun	学習|勉強|書斎|勉強する|学ぶ
studying	noun	勉強|学習|研究
stuff	noun	原料|材料|素材|もの|壊れる|満たす
stuffed animal	noun	縫い包み
stuffing	noun	ファルシ|ファルス
stumble	verb	躓く
stumbling block	noun	つまずきの石|妨げ
stump	noun	切り株
stun	verb	気絶|呆然
stun gun	noun	スタンガン
stunning	adjective	異常に美しい
stunt	noun	無茶
stunt double	noun	スタントダブル
stuntman	noun	スタントマン
stupa	noun	卒塔婆
stupefy	verb	呆然
stupendous	adjective	途轍もない
stupid	adjective	馬鹿|愚か|間抜け|阿呆|馬鹿げた|イカす
sturdy	adjective	丈夫|頑丈
sturgeon	noun	チョウザメ
stutter	noun	吃り
stuttering	noun	吃音|吃音症|吃り
sty	noun	豚小屋|豚舎
stye	noun	麦粒腫|ものもらい
style	noun	花柱|様式|やり方|スタイル
stylesheet	noun	スタイルシート
stylistics	noun	文体論
styloid process	noun	茎状突起
stylophone	noun	スタイロフォン
stylus	noun	スタイラス
stymie	verb	追い詰める
styrene	noun	スチレン
styrofoam	noun	発泡スチロール
sub-		亜
sub-saharan africa	noun	ブラックアフリカ
sub-brown dwarf	noun	準褐色矮星
sub-system	noun	サブシステム
sub-zero	adjective	氷点下|零下
subacute	adjective	亜急性の
subatomic	adjective	素粒子
subclass	noun	亜綱|サブクラス
subconsciousness	noun	潜在意識
subcontinent	noun	亜大陸
subculture	noun	サブカルチャー|下位文化
subcutaneous	adjective	皮下
subdirectory	noun	サブディレクトリ|サブフォルダ
subdue	verb	平げる|征服
subdued	adjective	地味
subfolder	noun	サブディレクトリ|サブフォルダ
subfossil	noun	半化石
subgenus	noun	亜属
subgiant	noun	準巨星
subglacial	adjective	氷底
subgroup	noun	亜群|部分群
subimago	noun	亜成虫
subject	noun	主語|主題|学科|科目|臣民|被検体
subject complement	noun	主格保護
subjective	adjective	主観的|主観的な
subjectivity	noun	主観性
subjugation	noun	征服
subjunctive mood	noun	仮定法|接続法
sublet	verb	又貸しする
subligaculum	noun	スブリガークルム
sublimate	verb	昇華
sublimation	noun	昇華
sublime	adjective	崇高|高邁
subliminal	adjective	閾下
subliminal message	noun	サブリミナル効果
subliminally	adverb	無意識
submachine gun	noun	サブマシンガン|短機関銃
submarine	noun	潜水艦|サブマリン
submenu	noun	サブメニュー
submerge	verb	沈む|沈める
submission	noun	屈服|平伏|恭順|服従|サブミッション
submissive	adjective	M|服従的
submit	verb	提出する
subordinate	adjective	劣後|付属|従属|部下|配下
subordinate clause	noun	従属節|付属節
subpage	noun	下位ページ
subphylum	noun	亜門
subpixel	noun	サブピクセル|副画素
subpoena	noun	召喚|召喚状
subprefecture	noun	支庁
subrogation	noun	代位
subroutine	noun	サブルーチン|関数
subscribe	verb	購読
subscriber	noun	加入者|購読者
subscript	noun	下付き
subscription	noun	定期購読|購読|サブスク|サブスクリプション
subsection	noun	項
subsequent	adjective	結果として起こる
subservience	noun	屈従
subset	noun	部分集合
subsidiary	noun	子会社
subsidy	noun	援助|補助
subspecies	noun	亜種
substance	noun	物質|骨子
substance abuse	noun	薬物乱用
substantia nigra	noun	黒質
substantial	adjective	物質的|現実|実際|堅固|頑丈|裕福
substantially	adverb	少なからず
substation	noun	変電所
substitute	noun	代替|予備|控え|補欠|代える|代用
substitution	noun	代入|置換
substitution reaction	noun	置換反応
subterranean	adjective	地下
subtitle	noun	字幕
subtle	adjective	捕らえ難い
subtlety	noun	微妙
subtotal	noun	小計
subtract	verb	引く|減らす
subtraction	noun	減法|引き算|減算
subtrahend	noun	引く数|減数
subtropics	noun	亜熱帯
suburb	noun	郊外|近郊|区|地区
suburban	adjective	郊外
subversion	noun	転覆|倒す|破壊
subway	noun	地下鉄|メトロ|地下道
subwoofer	noun	サブウーファー
succeed	verb	成功する|継ぐ|継承する|続く|相続する
success	noun	成功
successful	adjective	成功
succession	noun	相続
successism	noun	成功主義
successively	adverb	連続
successor	noun	後任|後継者|継承者|相続人
succinate	noun	琥珀酸塩
succinct	adjective	簡潔
succinic acid	noun	コハク酸|琥珀酸
succubus	noun	サキュバス|夢魔
succulent	noun	多肉植物
such		そのような|このような|こんな|そんな
such is life		しょうがない|それが人生|人生はそういうものだ|人生はそういうものです|仕方がない
such that		する程
such-and-such	noun	何々
suchness	noun	実性|真如
suck	verb	吸う|しゃぶる|クソ|サック
suck off	verb	フェラ|フェラチオ
sucker	noun	吸盤
suckle	verb	授乳
sucralose	noun	スクラロース
sucrose	noun	スクロース|蔗糖
suction cup	noun	吸盤
sudden	adjective	突然
sudden death	noun	突然死|サドンデス
sudden infant death syndrome	noun	乳幼児突然死症候群
suddenly	adverb	突然|急に
sudoite	noun	須藤石
sudoku	noun	数独|ナンバープレース|ナンプレ
suds	noun	泡
suede	noun	スエード
suet	noun	スエット
suffer	verb	我慢|被る|苦しむ
suffer from	verb	掛かる|罹患する
suffering	noun	苦しみ|苦痛
suffice	verb	足りる|足る
sufficient	adjective	充分|足りる|最小限
sufficient unto the day is the evil thereof		一日の労苦は一日にて足れり。|明日は明日の風が吹く
sufficiently	adverb	十分|十分に
suffix	noun	接尾辞|接尾語
suffocate	verb	窒息
suffrage	noun	選挙権
sugar	noun	砂糖|糖|糖類|糖質
sugar apple	noun	蕃茘枝
sugar beet	noun	テンサイ|サトウダイコン|甜菜|砂糖大根
sugar cane	noun	サトウキビ|砂糖黍
sugar cube	noun	角砂糖
sugar daddy	noun	パパカツ|パパ活
sugar glider	noun	フクロモモンガ
sugar mama	noun	シュガーママ|ママ活
sugar maple	noun	satō kaede|サトウカエデ
sugar substitute	noun	甘味料
sugar-free	adjective	シュガーレス|ノンシュガー|無糖|砂糖なし
sugar-loaf	noun	棒砂糖
sugarcoat	verb	オブラートに包む
sugary	adjective	甘い
suggest	verb	勧める|提案する|提案
suggestion	noun	提案
suggestion box	noun	ご意見箱|投書箱
suhur	noun	サフール|スフール
suicide	noun	自殺|自害|自決|自殺者|自爆
suicide attack	noun	特攻
suicide bomber	noun	自爆テロ
suicide bombing	noun	自爆
suicide note	noun	遺書
suit	noun	スーツ|スート|洋服|相応しい|適合|似合う
suit of armour	noun	具足
suitable	adjective	相応|相応しい|適切
suitcase	noun	スーツケース|トランク
suite	noun	スイート|組曲
sukiyaki	noun	鋤焼き
sukun	noun	スクーン
sulfate	noun	硫酸
sulfhydryl	noun	水硫基
sulfone	noun	スルホン
sulfonyl	noun	スルホニル基
sulfoxide	noun	スルホキシド
sulfur	adjective	硫黄色|硫黄|いおうしょく
sulfur dioxide	noun	二酸化硫黄
sulfur tuft	noun	ニガクリタケ
sulfuric acid	noun	硫酸
sulfurous acid	noun	亜硫酸
sulk	verb	拗ねる|やさぐれる
sulky	adjective	すねる|不機嫌
sulphur shelf	noun	鱒茸
sultan	noun	スルタン
sultana	noun	スルタナ
sultry	adjective	蒸し暑い
sum	noun	総額|金額
sumac	noun	ウルシノキ|漆の木|スーマック
summarize	verb	要約
summary	adjective	概略的な|要約|概要|大要
summer	noun	夏|夏季
summer camp	noun	サマーキャンプ
summer roll	noun	生春巻
summer school	noun	サマースクール|夏期学校
summer solstice	noun	夏至
summertime	noun	夏時
summit	noun	山頂|最高点|頂|頂上|首脳会談|サミット
summon	verb	召集する|出頭を命ずる|召喚する|呼び出す
summons	noun	呼び出し|召喚|召喚状
sumo	noun	相撲|力士
sumptuous	adjective	贅沢な
sun bear	noun	マレーグマ
sun dog	noun	幻日
sun shower	noun	天気雨|日照り雨|狐の嫁入り
sun spurge	noun	灯台草
sunbae	noun	ソンベ
sunbath	noun	日光浴
sunbathe	verb	日光浴をする
sunbeam	noun	日光
sunburn	noun	日焼け|日に焼ける
sundae	noun	サンデー|パフェ
sunder tree	noun	スンドリ
sundew	noun	サンデュー|毛氈苔
sundial	noun	日時計
sundowning	noun	日暮れ時兆候
sundress	noun	サンドレス
sunfish	noun	マンボウ|翻車魚
sunflower	noun	向日葵|ヒマワリ
sunflower oil	noun	ひまわり油
sunglasses	noun	サングラス
sunk cost	noun	埋没費用
sunlight	noun	日光|太陽光|光
sunlounger	noun	サマーベッド
sunnah	noun	スンナ
sunny	adjective	晴れる
sunny side up	adjective	目玉焼き
sunrise	noun	日の出|日出|朝焼け
sunroof	noun	サンルーフ
sunscreen	noun	サンスクリーン剤|日焼け止め剤
sunset	noun	夕焼け|黄昏|日没|日の入り
sunset moth	noun	錦大燕蛾
sunshade	noun	日傘|サンシェード|日除け
sunshine	noun	日光|太陽の光
sunstroke	noun	日射病|暑気|霍乱
suntan	noun	日焼け
suntan oil	noun	サンオイル
sunyata	noun	空
suona	noun	チャルメラ
super	adjective	すばらしい|超
super pac	noun	特別政治活動委員会
super-		超
superacid	noun	超強酸|超酸
superatom	noun	超原子
superb lyrebird	noun	琴鳥
supercar	noun	スーパーカー
superclass	noun	スーパークラス
supercluster	noun	超銀河団
supercomputer	noun	スパコン|スーパーコンピューター
superconductivity	noun	超伝導
superconductor	noun	超伝導体|超電導体
supercontinent	noun	超大陸
supercooling	noun	過冷|過冷却
superego	noun	超自我
superfluidity	noun	超流動
superfluous	adjective	冗長
supergiant	noun	超巨星
supergravity	noun	超重力
superheating	noun	過熱
superhero	noun	スーパーヒーロー
superheroine	noun	スーパーヒロイン
superhuman	adjective	超人|人間離れ|神ってる|超人的
superintendent	noun	局長|管理者|警視
superior	adjective	上級|偉い|貴い|高貴|目上|貴人
superiority	noun	上級|優位|高級|高貴
superjet	noun	スーパージェット
superlative	noun	最上級
superlative degree	noun	最上級
supermarket	noun	スーパーマーケット|スーパー
supermodel	noun	スーパーモデル
supermoon	noun	スーパームーン
supernatural	adjective	超自然の
supernova	noun	超新星
superorder	noun	上目
superposition principle	noun	重ね合わせの原理
superpower	noun	超大国|スーパーパワー
superrich	noun	超富裕層
supersaturated	adjective	過飽和
supersaturation	noun	過飽和
superscript	noun	上つき
superset	noun	上位集合
supersonic	adjective	超音速
superstar	noun	スーパースター
superstition	noun	迷信
superstitious	adjective	迷信
superstring	noun	超ひも|超弦
superstructure	noun	上部構造
supersymmetry	noun	超対称性
supervillain	noun	スーパーヴィラン
supervision	noun	監督
supervisor	noun	スーパーバイザー|主管|監察|監督|管理人|管理者
superwoman	noun	スーパーウーマン
supper	noun	夕食|夜ご飯|夜食
supplementary	adjective	補足
supplementary angles	noun	補角
suppletion	noun	補充形
supplicate	verb	哀願する
supplier	noun	サプライヤー|仕入れ先|供給者
supply	noun	供給|補給|支給|配給|埋め合わせる|補填
supply and demand	noun	需給
supply chain	noun	サプライチェーン
support	noun	サポート|支持|支え|維持|援助|扶養|支える
suppose	verb	推測|仮定|想定
supposition	noun	想像|推測
suppository	noun	坐剤|坐薬
suppress	verb	抑える
suppurate	verb	化膿|爛れる
supraspinatus	noun	棘上筋
supremacy	noun	覇権
supreme	adjective	最高|至高
supreme court	noun	最高法院|最高裁判所
supremum	noun	上限
sura	noun	スーラ
surcharge	noun	サーチャージ
sure	adjective	確か|確信|もちろん
surely	adverb	確かに|きっと|必ず|てっきり|確か
surf	verb	サーフイン
surface	noun	表面
surface tension	noun	表面張力
surface-to-air	adjective	地対空
surface-to-air missile	noun	地対空ミサイル
surfactant	noun	界面活性剤|肺表面活性物質
surfboard	noun	サーフボード
surfing	noun	サーフィン|波乗り
surge	noun	サージ
surgeon	noun	外科医|執刀医
surgeon's knot	noun	外科結び
surgery	noun	手術|外科|外科学|手術室
surgical mask	noun	マスク|衛生マスク
surimi	noun	すり身
surjection	noun	全射
surjective	adjective	全射の
surmise	verb	推測する
surmount	verb	乗り越える
surname	noun	姓|名字|苗字
surpass	verb	勝る|超える
surplus	noun	余り|余剰|剰余金
surprise	noun	驚き|驚愕|驚かす
surprised	adjective	びっくりした
surprisingly	adverb	なんと|思いの外|意外|驚くほど
surreal	adjective	シュール|超現実的
surrealism	noun	シュルレアリスム
surrender	noun	降服|投降|放棄|自首|譲渡|投降する
surrogate mother	noun	代理母
surround	verb	囲む|取り巻く|包囲
surroundings	noun	周囲
surströmming	noun	シュールストレミング
surveillance	noun	監視|サーベイランス
surveillance camera	noun	監視カメラ
survey	noun	調査|測量|見回す|見廻す|見渡す
surveyor	noun	測量家
survival	noun	生存|サバイバル|残存|遺物
survival horror	noun	サバイバルホラー
survival knife	noun	サバイバルナイフ
survival of the fittest	noun	適者生存
survive	verb	生き残る|生き抜く|残存
survivor	noun	生存者|生き残り
sushi	noun	寿司|鮨|鮓|すし
sushi pizza	noun	寿司ピザ
suslik	noun	ジリス|ハタリス|ヨーロッパハタリス
suspect	noun	被疑者|疑う
suspend	verb	保留|停止|ぶら下げる|下げる|吊るす|掛ける
suspended animation	noun	仮死状態
suspended congress	noun	立位|駅弁
suspender	noun	サスペンダー
suspension bridge	noun	吊橋|吊り橋
suspension of disbelief	noun	不信の停止
suspicion	noun	疑い|嫌疑|容疑|疑心|疑惑
suspicious	adjective	怪しい|不審|怪しむよう|疑い
sustainability	noun	持続可能性|サステイナビリティ
sustainable	adjective	持続可能
sustainable development	noun	持続可能な開発
susuki grass	noun	尾花|薄
sutegana	noun	捨て仮名|捨仮名
sutra	noun	スートラ|経典
suture	noun	縫い目|縫合
suzerain	noun	宗主国
suzerainty	noun	宗主権
swallow	noun	燕|ツバメ|嚥下|飲み込む
swallow-wort	noun	鴎蔓
swallowtail	noun	燕尾|燕尾服|揚羽蝶
swamp	noun	沼地|沼|湿地|沼沢
swan	noun	白鳥|ハクチョウ|鵠
swan boat	noun	あひるさんボート|あひるボート|スワンボート
swan goose	noun	酒面雁
swan song	noun	絶唱
swap	noun	交換|スワップ|取り替え|取り替える
swarm	noun	群れ|雲霞|群衆
swastika	noun	鉤十字|ハーケンクロイツ|卍|スワスティカ|卐
sway	verb	揺れる
swear	verb	誓う|契る|怒鳴る|悪態をつく|罵る
swear word	noun	罵り言葉|卑語
sweat	noun	汗|汗をかく
sweat gland	noun	汗腺
sweater	noun	セーター|プルオーバー|あせっかき
sweating	noun	汗
sweatpants	noun	トレーニングパンツ
sweatshirt	noun	トレーナー|スウェットシャツ
sweatshop	noun	ブラック企業|ブラック会社
sweatsuit	noun	スウェットスーツ
sweaty	adjective	汗だく
sweep	verb	掃く|掃除|掃引
sweep something under the rug	verb	猫糞
sweet	adjective	甘い|甘口|しょっぱくない|塩気|芳しい|香しい|快く|糖菓
sweet alyssum	noun	庭薺
sweet basil	noun	バジリコ
sweet dreams		良い夢を
sweet flag	noun	菖蒲
sweet gum	noun	フウ
sweet osmanthus	noun	桂花|樨
sweet pea	noun	スイートピー|香豌豆|麝香豌豆|麝香連理草
sweet potato	noun	サツマイモ|薩摩芋|甘藷
sweet spot	noun	スイートスポット
sweet tooth	noun	甘党
sweet woodruff	noun	クルマバソウ
sweetbread	noun	シビレ
sweetener	noun	甘味料
sweetfish	noun	年魚|香魚|鮎
sweetheart	noun	カノジョ|カレシ|スイートハート|ダーリン|ハニー|君
sweetness	noun	甘さ
sweets	noun	お菓子
sweetshop	noun	菓子屋
swell	adjective	素晴らしい|うねり|起伏|腫れる|膨れる|隆起する
swelling	noun	はれ|ふくれ|はれもの
swelter	verb	茹だる
swift moth	noun	蝙蝠蛾
swim	noun	水泳|泳ぎ|泳ぐ|およぐ
swim bladder	noun	鰾
swim cap	noun	水泳帽
swimmer	noun	泳ぎ手|スイマー|水泳選手|泳ぐ人
swimming	noun	水泳|泳ぎ
swimming bell	noun	傘
swimming pool	noun	プール|スイミングプール
swimming trunks	noun	水泳パンツ|海水パンツ
swimsuit	noun	水泳着|海水着|水着
swindle	noun	詐欺|欺く|騙す|騙る|騙取
swindler	noun	詐欺師
swine	noun	下劣
swine fever	noun	豚コレラ|豚熱
swine flu	noun	豚インフルエンザ
swing	noun	ブランコ|鞦韆|スイング|振れる|揺さぶる|揺れる
swing and a miss	noun	空振り
swing door	noun	スイングドア
swing state	noun	スイング・ステート
swing vote	noun	浮動票
swinger	noun	スインガー
swinging	noun	スインギング|スワッピング
swirl	noun	渦|渦巻き|巻く|渦巻く
switch	noun	スイッチ|開閉器|電源|分岐器|交換|取り換える
switch off	verb	切る|消す
switch on	verb	付ける
switchboard	noun	交換台|交換器|配電盤
switcheroo	noun	ころころとかえること
swivel	noun	スイベル
swollen	adjective	盛り上がる|腫れる
swoon	noun	失神|気絶
sword	noun	剣|刀
sword and sorcery	noun	剣と魔法
sword of damocles	noun	ダモクレスの剣
swordfish	noun	目梶木|メカジキ
swordplay	noun	フェンシング|剣術
swordsman	noun	剣客|剣士
swordsmanship	noun	剣術
swordsmith	noun	刀工
swot	noun	がり勉|我利勉|がり勉する
sycamore	noun	スズカケノキ|プラタナス|イチジクグワ|エジプトイチジク
syconium	noun	無花果果
sycophancy	noun	おべっか
sycophant	noun	ごますり
syllabary	noun	音節文字
syllable	noun	音節
syllabus	noun	シラバス|教案
syllogism	noun	三段論法
sym-		共|同
symbiogenesis	noun	シンビオジェネシス
symbiosis	noun	共生
symbol	noun	記号|符号|シンボル|象徴
symbolism	noun	象徴主義
symbolize	verb	象徴
symmetric difference	noun	対称差集合
symmetrical	adjective	対称
symmetry	noun	対称性|シンメトリー|対称
sympathetic detonation	noun	誘爆
sympathetic nervous system	noun	交感神経系
sympathize	verb	同情
sympathy	noun	交感|共感|共鳴|同情
symphony	noun	交響曲
symphony orchestra	noun	交響楽団
symposium	noun	シンポジウム
symptom	noun	症状|症候|兆候|記号
synaesthesia	noun	共感覚
synagogue	noun	シナゴーグ
synapse	noun	シナプス
synchronic	adjective	共時的
synchronicity	noun	共時性|シンクロニシティ
synchronization	noun	同期
synchronize	verb	シンクロナイズ|同期|同調
synchronized swimming	noun	シンクロ|シンクロナイズドスイミング
synchrotron	noun	シンクロトロン
synclinal	noun	向斜
syncopation	noun	シンコペーション
syncope	noun	語中音消失|気絶
syncytiotrophoblast	noun	合胞体性栄養膜
syndicalism	noun	サンディカリスム|労働組合主義
syndicate	noun	シンジケート|企業組合
syndrome	noun	シンドローム|症候群
synecdoche	noun	提喩|提喩法
synergy	noun	相乗効果|シナジー
synod	noun	教会会議
synonym	noun	シノニム|異名|同義語|類義語
synopsis	noun	あらすじ|大意|梗概|概要
synovial membrane	noun	滑膜
syntactic	adjective	統語的な|構文的
syntactic sugar	noun	糖衣構文|シンタックス・シュガー|構文糖|構文糖衣
syntax	noun	統語論|シンタックス|構文論|統辞論|文法|構文
synthesis	noun	統合|総合|合成|総合判断
synthesize	verb	総合する
synthesizer	noun	シンセサイザー|音源
synthetic	adjective	合成
syphilis	noun	梅毒|ジフィリス|唐瘡
syringe	noun	注射器
syrinx	noun	鳴管
syrup	noun	シロップ|糖蜜
syrupy	adjective	甘ったるい
sysadmin	noun	システムアドミニストレータ
sysop	noun	シスオペ|システムオペレーター
system	noun	制度|体系|系統|系|器系|システム
system of equations	noun	連立方程式
systematize	verb	体系化
systemic circulation	noun	体循環
systems analyst	noun	システムアナリスト
systems engineering	noun	システム工学
syzygy	noun	惑星直列|朔望
séance	noun	神降ろし
sōgana	noun	草仮名
ta-da		ジャジャーン|ジャン|ジャーン
tab	noun	タブ
tabbouleh	noun	タッブーラ
tabby	noun	トラネコ|トラ猫|虎猫
tabernacle	noun	幕屋|仮庵
tabes dorsalis	noun	脊髄癆
tabla	noun	タブラ
tablature	noun	タブラチュア|TAB譜|タブ譜
table	noun	テーブル|机|卓|卓袱台|台|配列|作表する
table lamp	noun	テーブルランプ
table of contents	noun	目次
table salt	noun	食塩
table tennis	noun	卓球|ピンポン
table tennis player	noun	卓球選手
tablecloth	noun	テーブルクロス|テーブル掛け
tableland	noun	台地
tablespoon	noun	さじ|スプーン|テーブルスプーン|大さじ
tablet computer	noun	タブレット|タブレットコンピュータ
tableware	noun	食器
tabloid	noun	タブロイド|小型新聞
taboo	adjective	禁忌|禁制|タブー|禁止|排斥
tabula rasa	noun	白紙状態
tachimochi	noun	太刀持ち
tachometer	noun	タコメーター|回転速度計
tachycardia	noun	頻脈
tachyon	noun	タキオン|陰子
taciturn	adjective	寡黙|無口
tack	noun	馬具
tackifier	noun	粘着付与剤
taco	noun	タコ|タコス
tact	noun	タクト|如才ない|愛想|礼儀
tactic	noun	戦術|戦法
tactics	noun	戦術|策略
tad	noun	多少
tadalafil	noun	タダラフィル
tadpole	noun	おたまじゃくし|蝌蚪|オタマジャクシ|お玉杓子
taekwondo	noun	テコンドー|跆拳道
tael	noun	両
taffeta	noun	タフタ
tafsir	noun	タフシール|タフスィール
tag	noun	タグ|鬼ごっこ|おにごっこ|鬼事|鬼遊び
tag question	noun	付加疑問文
tag team	noun	タッグチーム
tagliatelle	noun	タッギャテッレ|タッリャテッレ|タリアテッレ
taglierini	noun	タリエリーニ
tahini	noun	芝麻醤
tai chi	noun	太極|太極拳
taiga	noun	タイガ
taikonaut	noun	タイコノート
tail call	noun	末尾呼び出し
tail gunner	noun	尾部銃手
tail recursion	noun	末尾再帰
tailcoat	noun	燕尾服|テールコート
tailfin	noun	尾鰭|垂直尾翼
tailings	noun	尾鉱
taillight	noun	尾灯
tailor	noun	仕立て屋|テーラー
tailored	adjective	特注
tails	noun	裏
tailspin	noun	錐揉み
tailwheel	noun	尾輪
tailwind	noun	追い風
taimen	noun	アムールイトウ
taipan	noun	タイパン
tajine	noun	タジン鍋
taka	noun	タカ
takbir	noun	タクビール
take	noun	取得|利益|獲得|見解|テイク|取る
take a picture	verb	撮る
take a turn for the better	verb	好転する
take back	verb	戻す|返す
take care	verb	お大事に|大切にしてください|気をつけて下さい|気を付ける|世話をする
take care of the pennies and the pounds will take care of themselves		一銭を笑う者は一銭に泣く
take for granted	verb	当たり前のことと思う
take heart	verb	頑張って|頑張れ|頑張る
take in	verb	騙す
take into account	verb	考慮|鑑みる
take it easy	verb	あわてる|落ち着く
take it out on	verb	八つ当たりする
take its toll	verb	損失をもたらす
take off	verb	脱ぐ|飛び立つ
take one's leave	verb	告別
take out	verb	取り出す
take over	verb	引き受ける
take part	verb	加わる|参加
take place	verb	行われる|起こる
take revenge	verb	復讐
take root	verb	根付く
take shape	verb	形をとる
take-home pay	noun	手取り給料
takeoff	noun	離陸
takeout	noun	お持ち帰り|テイクアウト|テークアウト
takeover	noun	乗っ取り|買収
takin	noun	ターキン
takoyaki	noun	蛸焼き
takuan	noun	沢庵|沢庵漬け
talaria	noun	タラリア
talc	noun	滑石|タルク
tale	noun	物語|コント|説話
talent	noun	才能|天賦
talented	adjective	才能のある|多才
talisman	noun	タリスマン|縁起物|護符
talk	noun	会話|話し|講義|噂|交渉|会商|話す
talk is cheap		口では大阪の城も建つ
talk page	noun	トークページ
talk shit	verb	戯言を言う
talk show	noun	トークショー|トーク番組
talkative	adjective	おしゃべり好き|おしゃべり
talking point	noun	論点
talkloid	noun	トークロイド
tall	adjective	高い|背が高い|背の高い
tall tale	noun	ほら話|駄法螺
tallow	noun	ヘット|牛脂|獣脂
talon	noun	爪
tamandua	noun	コアリクイ
tamarillo	noun	タマリロ
tamarin	noun	タマリン
tamarind	noun	タマリンド
tambourine	noun	タンバリン|鈴鼓
tame	adjective	飼いならす
tamer	noun	猛獣使い|調教師
tamper	verb	弄くる|弄る
tampon	noun	タンポン
tan	noun	日に焼ける|日焼けする|鞣す|なめす
tanager	noun	風琴鳥
tandem bicycle	noun	タンデム自転車
tang	noun	茎
tangent	noun	タンジェント|接線|正接
tangent space	noun	接空間
tangerine	noun	タンジェリン
tangle	noun	縺れ|縺れる
tango	noun	タンゴ
tangyuan	noun	湯円
tank	noun	タンク|ドラム缶|缶|油槽|貯水槽|戦車
tankard	noun	タンカード
tanker	noun	タンカー
tankette	noun	豆戦車
tankini	noun	タンキニ
tankobon	noun	単行本
tanned	adjective	日焼け
tanner	noun	皮鞣し
tanning bed	noun	タンニングマシン|日焼けマシーン
tanning salon	noun	サンルーム|ソラリアム|日光浴室
tantalite	noun	タンタル石
tantalum	noun	タンタル
tanto	noun	短刀
tantra	noun	タントラ
tantrum	noun	ぎゃんなき|癇癪
tanzaku	noun	短冊|5点札|短|短冊札
tanzanite	noun	タンザナイト
taotie	noun	饕餮
tap	verb	かざす
tap water	noun	水道水|生水
tapas	noun	タパス|苦行
tape	noun	テープ
tape gag	noun	テープギャグ
tape measure	noun	メジャー|巻き尺
tape recorder	noun	テープレコーダー
taper off	verb	細る
tapestry	noun	タペストリー
tapeworm	noun	サナダムシ|真田虫
tapioca	noun	タピオカ
tapioca pearl	noun	タピオカパール
tapir	noun	バク
tar	noun	タール|乾留液|脂
tarantara		プップープップー
tarantula	noun	大土蜘蛛|タランチュラ|子守蜘蛛
tardy	adjective	遅い|鈍い|遅刻
tardyon	noun	ターディオン
tare	noun	風袋
target	noun	的|標的|ターゲット|目標|目的
target language	noun	目標言語|目的言語
tariff	noun	関税
tarmac	noun	アスファルト舗装路|ターマック
tarn	noun	凹溜まり
taro	noun	サトイモ|里芋
tarot	noun	タロット|タロットカード
tarpaper	noun	アスファルトルーフィング
tarpaulin	noun	タープ|ターポリン
tarragon	noun	タラゴン|エストラゴン
tarsier	noun	メガネザル|眼鏡猿
tart	noun	タルト
tartare sauce	noun	タルタルソース
tartaric acid	noun	酒石酸
tarte tatin	noun	タルト・タタン
taser	noun	スタンガン
task	noun	仕事|課題|任務|問題|タスク|課す
task force	noun	タスクフォース
taskbar	noun	タスクバー
taste	noun	味|味覚|趣味|味わう|嘗める|味がする
tastebud	noun	味蕾
tasteless	adjective	不味い|味
tasting	noun	試食|賞味
tasty	adjective	風味のよい|おいしそう
tatami	noun	畳|たたみ
tategyoji	noun	立行司
tathagata	noun	如来
tathata	noun	真如
tattie scone	noun	タティー•スコーン
tattle	verb	告げ口
tattoo	noun	入れ墨|刺青|文身|タトゥー
tau	noun	タウ
taunt	noun	嘲笑|楯突く
tauon	noun	タウ粒子
taurine	noun	タウリン
taut	adjective	張る|緊張
tautology	noun	トートロジー|同語反復|恒真式
tautomerism	noun	互変異性
tavern	noun	タバーン|居酒屋|酒場
tawny	noun	茶褐色
tax	noun	税金|税|租税
tax collector	noun	収税人|収税吏
tax evader	noun	脱税者
tax evasion	noun	脱税
tax haven	noun	タックスヘイブン|租税回避地
tax office	noun	税務署
tax rate	noun	税率
tax return	noun	税金申告
tax revenue	noun	税収
tax-free	adjective	無税|非課税
taxation	noun	課税|税制
taxi	noun	タクシー|辻自動車
taxi driver	noun	タクシー運転手
taxi stand	noun	タクシースタンド|タクシー乗り場
taxidermy	noun	剥製|剥製術
taximeter	noun	タクシーメーター
taxiway	noun	誘導路
taxon	noun	分類群
taxonomy	noun	分類|分類法|分類学
taxpayer	noun	納税者
tayra	noun	タイラ
tea	noun	茶|お茶|ティー|上がり|上がり花|出花
tea ceremony	noun	茶の儀式|茶道|お茶|茶の湯
tea leaf	noun	お茶っ葉|茶葉
tea party	noun	ティーパーティー|茗宴|茗醼|茶会
tea plant	noun	茶の木
tea strainer	noun	茶こし
tea whisk	noun	茶筅
teabag	noun	ティーバッグ
teach	verb	教える
teach grandma how to suck eggs	verb	釈迦に経|釈迦に説法
teach someone a lesson	verb	思い知らせる|目に物見せる
teacher	noun	先生|教師
teacher's desk	noun	教卓
teacher's pet	noun	先生のひいき
teaching	noun	教え|教訓|教える|教授|教職
teacup	noun	湯呑み|湯飲み|茶碗
teahouse	noun	茶室|ティーハウス|喫茶店|茶屋|茶店|茶房
teak	adjective	チーク色の|チーク|チーク色
teakettle	noun	湯わかし|薬缶
teal	noun	小鴨|鴨の羽色
team	noun	チーム|隊
team sport	noun	チームスポーツ|団体競技
teammate	noun	チームメイト
teamwork	noun	チームワーク
teapot	noun	急須|ティーポット
tear	noun	涙|引き裂く|破る
tear gas	noun	催涙ガス|催涙剤
teardrop	noun	涙|涙の雫|涙滴型
tearful	adjective	涙ぐむ
tearjerker	noun	お涙頂戴
tease	verb	誘う|からかう|ちょっかいを出す
teaser	noun	ティーザー
teaspoon	noun	ティースプーン|小さじ
teat	noun	乳首|ニップル|乳頭|おしゃぶり
teaware	noun	茗器|茶器
tebibit	noun	テビビット
tebibyte	noun	テビバイト
tech house	noun	テックハウス
technetium	noun	テクネチウム
technical debt	noun	技術的負債
technical term	noun	術語|専門用語
technically	adverb	厳密|デ・ジュリ|法律上
technician	noun	テクニシャン|技術者
technique	noun	技術
techno	noun	テクノ
technological	adjective	技術
technology	noun	技術|テクノロジー
tectonic plate	noun	地殻プレート
tectonics	noun	テクトニクス
teddy bear	noun	テディベア|縫い包み
tedious	adjective	退屈
tediousness	noun	退屈
tee	noun	ティー
teem	verb	富む
teenager	noun	ティーンエイジャー|少年|ティーネージャー|十代
teepee	noun	ティピー
teetotaler	noun	下戸
tel	noun	tel|電番
telamon	noun	テラモーン
telco	noun	電話会社
telecommunication	noun	電気通信
telecommuting	noun	テレワーク|リモートワーク|在宅ワーク|在宅勤務
telega	noun	テレガ
telegram	noun	電報|針金便り
telegraph	noun	電報|電信|打電する
telegraph code	noun	電報コード
telegraph post	noun	電柱
telekinesis	noun	テレキネシス|念力
telemark	noun	テレマークスキー
telemarketing	noun	テレマーケティング|電話勧誘販売
telepathy	noun	テレパシー
telephone	noun	電話|電話をかける
telephone booth	noun	電話ボックス|電話ブース
telephone call	noun	通話
telephone directory	noun	電話帳
telephone number	noun	電話番号
telephone pole	noun	電信柱
teleport	verb	テレポート|テレポートする
teleportation	noun	瞬間移動|テレポーテーション|テレポート
teleprompter	noun	テレプロンプター|プロンプター
telescope	noun	望遠鏡|テレスコープ
teletype	noun	テレタイプ|テレタイプライター
televise	verb	放映
television	noun	テレビ|受像機|テレビセット|テレビジョン|電視
television channel	noun	チャンネル|テレビジョン・チャンネル
television program	noun	テレビ番組|テレビプログラム
television show	noun	テレビ番組|テレビプログラム
television station	noun	テレビ局
televoting	noun	電話投票
telex	noun	テレックス|加入電信
tell	verb	言う|教える|申す|おっしゃる|申し上げる|述べる
tell me about it		分かる
teller	noun	出納係
tellurium	noun	テルル
telly	noun	テレビ
telomere	noun	テロメア|末端小粒
temp	noun	臨時雇い
tempeh	noun	テンペ
temper	verb	淬ぐ, 焠ぐ
temperament	noun	性格|気性|気質
temperance	noun	禁酒|節制
temperate zone	noun	温帯
temperature	noun	温度|気温|発熱|熱
tempest	noun	嵐|暴風雨|荒れ|風雨
tempest in a teapot	noun	コップの中の嵐
template	noun	テンプレート|型板|雛形
temple	noun	寺|神殿|寺院|堂塔|神社|顳顬
temple name	noun	廟号
tempo	noun	テンポ
temporal bone	noun	側頭骨|顳顬骨
temporal lobe	noun	側頭葉
temporalis	noun	側頭筋
temporarily	adverb	一時的|暫く
temporary	adjective	一時的|暫時|暫く
temporomandibular joint	noun	顎関節
temporomandibular joint dysfunction	noun	顎関節症
tempt	verb	誘惑する
temptation	noun	誘惑
temptress	noun	魔性の女
tempura	noun	天ぷら|天麩羅|テンプラ
ten	noun	十|とお|テン
ten a penny	adjective	二束三文
ten million		千万
ten o'clock	noun	十時
ten thousand		万|一万
tenacious	adjective	頑強
tenant	noun	借り主|借地人|小作人|賃借人|借りる|土地を借りる
tend	verb	めんどうをみる
tendency	noun	傾向|趨勢
tendentious	adjective	偏向した|偏向的な|傾向的な
tender	adjective	過敏|柔らかい|優しい|炭水車
tenderizer	noun	肉たたき
tenderness	noun	優しさ|優しみ
tendon	noun	腱|筋
tenet	noun	原理|原則
tenge	noun	テンゲ
tengu	noun	天狗
tennessine	noun	テネシン
tennis	noun	テニス|庭球
tennis ball	noun	テニスボール
tennis court	noun	テニスコート
tennis elbow	noun	テニス肘
tennis player	noun	テニス選手
tenon	noun	ほぞ
tenor	noun	テノール
tenosynovitis	noun	腱鞘炎
tense	adjective	緊張|時制
tensile	adjective	伸張の|引っ張り|張力の|引き伸ばせる
tension	noun	不安|緊張|張力|電圧
tensor product	noun	テンソル積
tent	noun	テント|天幕|幕屋
tent peg	noun	テント杭
tentacle	noun	触手
tenth	adjective	十番目|第十|十度
tenth grade	noun	高一|高校一年生
tenure	noun	保有|保有期間|終身在職権|世襲
tepal	noun	花被片
tepid	adjective	ぬるい|冷めた
tepidity	noun	微温
teppanyaki	noun	鉄板焼き
teppo snapping shrimp	noun	鉄砲蝦
teqball	noun	テックボール
tequila	noun	テキーラ
tera-		テラ-
terabit	noun	テラビット
terabyte	noun	テラバイト
teratogen	noun	催奇形性物質
teratogenesis	noun	催奇性
teratogenic	adjective	催奇形性
teratology	noun	奇形学
terbium	noun	テルビウム
teriyaki	noun	テリヤキ|照り焼き|テリヤキソース
term	noun	条件|用語|言葉|述語|人間関係|間柄
term of address	noun	呼びかけ方
term of endearment	noun	愛称
terminal	adjective	末期|エアターミナル|ターミナル|空港ターミナル|終着駅|駅
terminal velocity	noun	終端速度
terminate	verb	打ち切る|止める|消す|解約|解雇
termination	noun	中止|打ち切り|解約|解雇|語尾
terminator	noun	ターミネータ|終端器|ターミネーター
terminology	noun	用語|術語|専門語
terminus	noun	終点
termite	noun	シロアリ|白蟻
terms and conditions	noun	利用条件
terms of service	noun	利用規約
tern	noun	アジサシ
terpene	noun	テルペン
terra incognita	noun	未知の国
terracotta	adjective	テラコッタ色|テラコッタ
terraform	verb	テラフォーミングする
terraforming	noun	テラフォーミング|地球化
terrain	noun	地域|地形
terrapin	noun	キスイガメ
terrestrial	adjective	陸生
terrestrial planet	noun	地球型惑星
terrible	adjective	恐ろしい|酷い|極端|惨憺
territorial	adjective	領土
territorial waters	noun	領海
territory	noun	準州|領土
terror	noun	恐怖
terrorism	noun	テロリズム|テロ
terrorist	noun	テロリスト|テロ
terse	adjective	ぶっきらぼう|簡明
tertiary sector	noun	第三次産業
terza rima	noun	テルツァ・リーマ|三韻句法
tesla	noun	テスラ
tesseract	noun	正八胞体
test	noun	実験|試練|試験|テスト|検査|試す
test card	noun	テストカード
test pattern	noun	テストパターン
test tube	noun	試験管
testament	noun	遺言|遺書|聖書
testator	noun	遺言者
testicle	noun	睾丸|精巣|タマキン|ホーデン|金玉|陰核
testify	verb	証言
testimonial	noun	推薦状
testimony	noun	証言|証|物証|目撃|証拠|論証
testing, testing		テステス
testosterone	noun	テストステロン
tetanus	noun	破傷風
tetrachloroethylene	noun	テトラクロロエチレン
tetracontadigon	noun	四十二角形
tetracontagon	noun	四十角形
tetracontane	noun	テトラコンタン
tetradecagon	noun	十四角形
tetradecane	noun	テトラデカン
tetrahedron	noun	三角錐|四面体|正四面体
tetrahydrocannabinol	noun	テトラヒドロカンナビノール
tetrapod	noun	消波ブロック
tetrarchy	noun	四分統治
tetration	noun	テトレーション
tetrose	noun	テトロース
tex	noun	テックス
text	noun	メッセージ|伝言|短信|テキスト|本文|記事|メッセージを送る
text box	noun	テキストボックス
text editor	noun	テキストエディタ
text file	noun	テキストファイル
text message	noun	テキストメッセージ|メール|伝言
textbook	noun	教科書|テキストブック|テキスト
textile	noun	織物|テクスタイル
texture	noun	テクスチャ
texturizing shears	noun	すきばさみ
thalamus	noun	視床
thaler	noun	ターラー
thallium	noun	タリウム
than		より
thanakha	noun	タナカ
thanatology	noun	死生学
thanatophobia	noun	死恐怖症
thank	verb	おかげ|感謝
thank god		良かった|ありがたい
thank goodness		良かった|御蔭様で|有り難い
thank you		ありがとう|ありがとうございます|どうも|どうもありがとう|サンキュー|大きに
thank you all		みんなさんはありがとう
thank you card	noun	お礼用のカード|サンキューカード
thank you very much		どうもありがとうございます|どうもありがとうございました|どうもすみませんでした
thankful	adjective	有難い|感謝
thanks	noun	ありがとう|どうも|ありがとうございます|謝辞
thanks a lot		大変感謝
thanks for coming		来てくれてありがとう
thanks to		おかげ
that	adverb	あれ|それ|程|と|あの|その
that is	adverb	すなわち|つまり
that one		あれ
that said		とは言うものの|とは言え
that's all, folks		これでおしまい
that's it		以上|そうだ|そうです
thaumaturgy	noun	奇術|魔術
thaw	noun	解氷|雪解け|霜解け|溶ける|溶かす
the	adverb	adj.1 + れば + adj.1 程 + adj.2|その|ザ|正しく|正に
the apple does not fall far from the tree		蛙の子は蛙
the bill, please		お勘定お願いします|会計お願いします
the chickens come home to roost		人を呪わば穴二つ
the cowl does not make the monk		馬子にも衣装
the customer is always right		お客様は神様です
the darkest place is under the candlestick		灯台下暗し
the devil is in the details		悪魔は細部に宿る
the die is cast		賽は投げられた
the early bird gets the worm		早起きは三文の徳|早いもの勝ち|早起きの鳥は虫を捕らえる
the end		おしまい|完|終わり
the end justifies the means		目的のためには手段を選ばない|うそも方便|嘘も方便
the eyes are the window to the soul		目は心の窓|目は心の鏡
the fish rots from the head		魚は頭から腐る
the grass is always greener on the other side		隣の芝生は青い|隣の芝生は青く見える|隣の花は赤い
the king is dead, long live the king		国王崩御、国王万歳!
the line is busy		話し中|話中
the measure of a man	noun	人間の尺度
the more the merrier		多多益益弁ず|枯れ木も山の賑わい
the nail that sticks out gets hammered down		出る杭は打たれる
the one	noun	選ばれし者
the other day	adverb	この間|先日|先頃|最近
the other way around	adverb	逆
the pen is mightier than the sword		ペンは剣よりも強し
the proof of the pudding is in the eating		論より証拠
the quick brown fox jumps over the lazy dog		いろはにほへと ちりぬるを わかよたれそ つねならむ うゐのおくやま けふこえて あさきゆめみし ゑひもせす
the road to hell is paved with good intentions		地獄への道は善意で舗装されている
the shoemaker's children go barefoot		医者の不養生|紺屋の白袴
the spirit is willing, but the flesh is weak		心熱けれど肉体は弱し
the thing is		[[ただ#Adverb|ただ、…]]|問題|要
the world is someone's oyster		虎穴に入らずんば虎子を得ず|この世は思いのまま
theater	noun	劇場|シアター|戦域
theater of war	noun	戦域
theft	noun	窃盗|盗み|盗難
their		彼ら
theirs		彼ら
theism	noun	有神論
them		彼らを
thematic	adjective	主題
theme	noun	主題|テーマ|話題
theme park	noun	テーマパーク
theme song	noun	テーマソング|主題曲|主題歌
themselves		彼ら自身
then	adjective	そのとき|その時点|当時|その時|その後|そして
theocracy	noun	神権政治
theodolite	noun	セオドライト
theologian	noun	神学者
theology	noun	神学
theonym	noun	神名
theorbo	noun	テオルボ
theorem	noun	定理
theoretic	adjective	理論的|理論上の
theoretical	adjective	理論的
theoretical physics	noun	理論物理|理論物理学
theoretically	adverb	理論上
theory	noun	憶測|推測|推論|見解|理論|学説
theory of relativity	noun	相対性理論
therapeutic	adjective	治療|治療の
therapist	noun	セラピスト|治療士
therapy	noun	治療|療法|治癒|治癒力
there	adverb	そこ|あそこ|あそこへ|そこへ
there are		ある|いる
there be	verb	ある|いる
there but for the grace of god go i		明日は我が身
there is	verb	ある|いる
there is an exception to every rule		どの規則にも例外がある
there is nothing new under the sun		日の下に新しきものなし
there's been an accident		事故です
there's many a slip twixt cup and lip		油断大敵
there's no accounting for taste		十人十色|蓼食う虫も好き好き
there's no place like home		住めば都|我が家ほど良い場所はない
there's no such thing as a free lunch		只より高いものはない
there, there		よしよし
thereby	adverb	そのために|それによって
therefore	adverb	それ故に|ですから|従って|故に
theremin	noun	テルミン|テレミン
thereon	adverb	そこで直ちに|そのうえに|それに関して
therian	noun	シアリアン|セリアン
therianthrope	noun	獣人
thermal conductivity	noun	熱伝導率
thermal energy	noun	熱エネルギー
thermite	noun	テルミット
thermochemistry	noun	熱化学
thermocouple	noun	熱電対
thermodynamics	noun	熱力学
thermometer	noun	温度計|体温計
thermopause	noun	熱圏界面
thermos	noun	魔法瓶
thermosphere	noun	熱圏
thermostat	noun	サーモスタット
thesaurus	noun	シソーラス|類語辞典
these		この|これらの|これら
these days	adverb	このごろ|今時|年頃日頃|最近|近ごろ
thesis	noun	テーゼ|主張|定立|論題|論文
theta	noun	テータ|シータ
they		彼ら|あの人達|あの方々|それら|彼女ら|あいつら
thiamine	noun	チアミン
thiazine	noun	チアジン
thiazole	noun	チアゾール
thick	adjective	厚い|太い|厚さ|密集|濃い|混む|厚く
thick-billed murre	noun	ハシブトウミガラス
thicket	noun	茂み
thickness	noun	厚み|厚さ|とろみ|濃さ|濃度|鈍さ
thief	noun	泥棒|盗賊|窃盗者
thigh	noun	太股|腿|股
thigh gap	noun	サイギャップ
thighbone	noun	大腿骨
thiirane	noun	エチレンスルフィド
thimble	noun	指ぬき|指貫|シンブル
thin	adjective	薄い|細い|ほっそりした|稀な|シャンクした|削る
thine		汝の|お前
thing	noun	事|物|物件|生き物
thing-in-itself	noun	本体|物自体
thingy	noun	あれ|やつ
think	verb	考える|思索|思考|判断|意図|思う
think tank	noun	シンクタンク|頭脳集団
thinkable	adjective	考える
thinker	noun	思想家
thinner	noun	シンナー
thiophene	noun	チオフェン
third	adjective	三番目|三つ目|三分の一|三度
third base	noun	三塁|サード
third baseman	noun	サード|三塁手
third country	noun	第三國
third cousin	noun	サードカズン
third grade	noun	小三|小学三年生
third party	noun	第三者|第三党
third person	noun	三人称
third time's a charm		三度目の正直
third-person plural	noun	三人称複数
third-person shooter	noun	三人称シューティングゲーム
third-person singular	noun	三人称単数
third-wave coffee	noun	サードウェーブコーヒー
thirdly	adverb	第三
thirst	noun	喉の渇き|渇|口渇|渇き
thirsty	adjective	喉が渇いた
thirteen		十三|じゅうさん
thirteenth	noun	十三度
thirties	noun	30年代|三十年代|30代|三十代
thirtieth	adjective	第三十|三十番目
thirty		三十
thirty-eight		三十八
thirty-five		三十五
thirty-four		三十四
thirty-nine		三十九
thirty-one		三十一
thirty-seven		三十七
thirty-six		三十六
thirty-three		三十三
thirty-two		三十二
this		この|これ
this evening	adverb	今夜|今晩
this is a book		これは本だ|これは本です
this morning	noun	今朝
this one		これ
this way	noun	ここ|こちら|こっち
this week	adverb	今週
this year	adverb	今年|本年
thistle	noun	薊|アザミ
thither	adverb	あそこ|そこ
thong	noun	ビーチサンダル|フリップフロップ
thoracic outlet syndrome	noun	胸郭出口症候群
thoracic vertebra	noun	胸椎
thorax	noun	胸郭
thorite	noun	トール石
thorium	noun	トリウム|釷
thorn	noun	棘|刺|茨|荊
thorough	adjective	徹底的な
thoroughbred	adjective	サラブレッド
thoroughfare	noun	通り抜け|通路|大通り|目抜き通り
thorp	noun	郷
thou	verb	君|あなた|お前|汝|呼び捨て
though	adverb	それでも|にもかかわらず|だが|だけど|だけれども
thought	noun	思考|考え|意図|思索|意見|考慮
thought experiment	noun	思考実験
thought police	noun	思想警察
thought process	noun	考え方
thoughtography	noun	念写
thousand		千
thrash metal	noun	スラッシュメタル
thread	noun	スレッド|ライトウェイトプロセス|糸|スレ
threadfin	noun	燕鰶
threat	noun	脅迫|脅かし|脅威
threaten	verb	脅かす|脅す|脅迫|威嚇
threatmate	noun	詰めろ
three	noun	san|三|三つ|スリー
three rs	noun	読み書きそろばん
three days ago	adverb	さきおととい|一昨昨日
three hundred		三百
three marks of existence	noun	三法印
three o'clock	noun	三時
three of a kind	noun	スリーカード|スリー・オブ・ア・カインド
three poisons	noun	三毒
three thousand		三千
three-dimensional	adjective	三次元
three-fourths	noun	四分の三|４分の３
three-legged race	noun	二人三脚
three-lips	noun	鰣
three-quarters	noun	三四半|四分の三
three-wheeler	noun	三輪車
threesome	noun	三人組|3P
threnody	noun	エレジー|哀歌|悲歌
threonine	noun	トレオニン
thresh	verb	脱穀
thresher	noun	脱穀機
thresher shark	noun	尾長鮫
threshold	noun	敷居|閾値
thrice	adverb	三回|三倍|三度
thrift	noun	倹約|節倹|アルメリア|浜簪
thrift shop	noun	リサイクルショップ
thrifty	adjective	倹しい
thriller	noun	スリラー
thrive	verb	繁栄
throat	noun	喉
throb	verb	どきどき|ドキドキ|じんじん
thrombosis	noun	血栓症
thrombus	noun	血栓
throne	noun	王位|王座|玉座|トイレ|便器|便座
throttle	noun	アクセル|アクセレレーター|スロットル
through		から|を通して|...を通って|...を通り抜けて
through train	noun	直通列車）0
throughout	adverb	至る所|中
throw	noun	投げ|投げる|投じる|手を抜く
throw away	verb	捨てる|棄てる
throw in the towel	verb	お手上げ|匙を投げる
throw out	verb	捨てる
throw the baby out with the bathwater	verb	角を矯めて牛を殺す
throw-in	noun	スローイン
throwback	noun	先祖返り
thrush	noun	鶇
thrust	noun	突き|刺す|押す|突く
thug	noun	サグ|チンピラ|凶悪犯人|殺し屋
thukpa	noun	トゥクパ
thulium	noun	ツリウム
thumb	noun	親指
thumb war	noun	指相撲
thumbnail	noun	親指の爪|サムネイル
thumbprint	noun	拇印
thumbtack	noun	画鋲
thunder	noun	雷|雷鳴|轟音|雷が鳴る|轟音を立てる|怒鳴る
thunderbird	noun	雷神鳥
thunderbolt	noun	雷|落雷
thunderclap	noun	迅雷
thundersnow	noun	雷雪
thunderstorm	noun	雷雨
thus	adverb	こう|こうして|この様に|従って|それ故|なので
thwart	verb	排する|阻む|阻止
thy		汝が|汝の
thylacine	noun	袋狼
thyme	noun	タイム
thymine	noun	チミン
thymoma	noun	胸腺腫
thymus	noun	胸腺
thyroid cartilage	noun	甲状軟骨
thyroid gland	noun	甲状腺
tiara	noun	ティアラ
tic	noun	チック
tic-tac-toe	noun	三目並べ
tick	noun	だに|ごさらぎ|チェックマーク
tick-tock		チクタク
ticket	noun	切符|チケット|券|違反切符|サポートチケット|切符を切る
ticket inspection	noun	検札
ticket machine	noun	券売機|自動券売機
ticket office	noun	出札所|切符売り場
tickle	verb	擽る
ticklish	adjective	くすぐったい
tidal force	noun	潮汐力
tidal wave	noun	津波|大動揺|大変動|潮波
tiddlywinks	noun	弾き|彈き
tide	noun	潮|潮汐
tidology	noun	潮汐学
tidy	adjective	きちんとした|こざっぱり|片付ける
tidy up	verb	片付ける
tie	noun	引き分け|結ぶ|縛る
tie clip	noun	ネクタイピン
tie up	verb	括る
tie-in	noun	タイアップ
tiepin	noun	タイピン|ネクタイピン
tier	noun	列|層|階|階層
tiger	noun	虎|トラ
tiger beetle	noun	ハンミョウ|斑猫
tiger lily	noun	鬼百合
tiger mom	noun	教育ママ
tiger moth	noun	ヒトリガ
tiger salamander	noun	タイガーサラマンダー
tiger shark	noun	鼬鮫
tight	adjective	きつい
tight end	noun	タイトエンド
tightrope walker	noun	綱渡り師
tights	noun	タイツ|パンティストッキング
tigress	noun	雌虎
tikka masala	noun	ティッカマサラ
tilapia	noun	ティラピア
tilde	noun	チルダ
tile	noun	瓦|タイル
till	verb	...まで|まで|耕す
till death do us part	adverb	死が二人を分かつまで
timber	noun	木材|材木|梁
timbre	noun	音色
time	noun	時間|時|時期|時刻|時代|ひととき
time and tide wait for no man		歳月人を待たず
time bomb	noun	時限爆弾
time capsule	noun	タイムカプセル
time complexity	noun	時間計算量
time difference	noun	時差
time dilation	noun	時間の遅れ|浦島効果
time flies		光陰矢の如し
time heals all wounds		すべての傷を治癒する時間
time is money		時は金なり
time machine	noun	タイムマシン|タイムマシーン
time of arrival	noun	到着時刻
time of departure	noun	出発時刻
time period	noun	時期
time signal	noun	時報
time travel	noun	タイムスリップ|タイムトラベル|タイムトリップ|時間旅行
time will tell		時間がたてば分かる
time zone	noun	時間帯|タイムゾーン
time-consuming	adjective	時間のかかる
time-lapse	adjective	低速度撮影
time-out	noun	タイムアウト
time-traveller	noun	タイムトラベラー
timeline	noun	年表|年譜
timely	adjective	渡りに舟の|適時の
timer	noun	タイマー
times		掛ける
timeslot	noun	枠
timespan	noun	時間枠
timestamp	noun	タイムスタンプ
timetable	noun	予定表|時刻表|時間割|時間表
timid	adjective	憶病
timing	noun	タイミング
timpani	noun	ティンパニ
tin	noun	錫|スズ|罐詰|缶
tin can	noun	缶|罐|罐詰め
tin pest	noun	錫ペスト
tin plate	noun	ブリキ|鉄葉|錻力
tin soldier	noun	スズの兵隊|ブリキの兵隊
tincture	noun	丁幾
tinderbox	noun	火口箱
tinea versicolor	noun	癜風
tinfoil	noun	錫箔
tinker	noun	鋳掛屋|鋳掛師|鋳掛をする|弄繰り回す
tinnitus	noun	耳鳴り
tinsel	noun	ティンセル|金属糸
tinsmith	noun	ブリキ屋|板金工
tiny	adjective	ちっぽけ|小さい
tip	noun	先|先端|チップ|タバコ銭|心づけ|祝儀
tip of the iceberg	noun	氷山の一角
tipsy	adjective	ほろ酔い
tiptoe	noun	爪先
tiramisu	noun	ティラミス
tire	verb	疲れる
tire swing	noun	タイヤブランコ
tired	adjective	疲れる|疲れた
tiredness	noun	疲れ|疲労
tireless	adjective	疲れを知らない
tiring	adjective	疲れる
tissue	noun	織物|ティッシュ|ティッシュペーパー|塵紙|鼻紙|組織
tit	noun	おっぱい|ぱいおつ|ぱいぱい|馬鹿|乳|乳房
tit for tat	noun	竹箆返し
tit fuck	noun	パイズリ
titan arum	noun	ショクダイオオコンニャク|スマトラオオコンニャク
titanium	noun	チタン|チタニウム
tithi	noun	ティティ
titin	noun	チチン
titivate	verb	しゃれる
title	noun	題名|書名|標題|見出し|タイトル|題
title bar	noun	タイトルバー
title card	noun	タイトルカード
title page	noun	標題紙
tits and ass	noun	おっぱいとおケツ|おっぱいとお尻
tmesis	noun	切離
to		に|へ|まで
to and fro	adverb	行ったり来たり
to be continued		続く
to be honest		正直に言うと
to boot	adverb	お負けに
to do with		…と関係ある
to each his own		それぞれ自分自身に|十人十色
to err is human		誤るのが人間である
to go	adjective	持ち帰り
to one's heart's content	adverb	鱈腹
to one's knowledge		知る限り
to say nothing of		況して
to some extent		ある程度
to tell the truth	adverb	実を言えば
to the letter	adverb	細大を漏らさず
to the victor go the spoils		勝利者に略奪品を行きます
to thine own self be true		おのれに忠実であれ
to what do i owe the pleasure		何に喜びがあるのか。
to wit	adverb	つまり
to-do list	noun	やることリスト
to-infinitive	noun	to不定詞
toad	noun	ヒキガエル|蝦蟇|蟇蛙
toadhead agama	noun	蝦蟇蜥蜴
toadstool	noun	毒茸
toast	noun	トースト|祝杯|乾杯
toaster	noun	トースター
tobacco	noun	タバコ|煙草|たばこ
tobacco pipe	noun	パイプ
tobacconist's	noun	タバコ屋
toboggan	noun	トボガン|トボガンぞり
toccata	noun	トッカータ
toco toucan	noun	鬼大嘴
tocopherol	noun	トコフェロール
today	adverb	今日|本日
toddler	noun	子供|幼児
todorokite	noun	轟石
toe	noun	爪先|足指|趾|蹄|指|トー
toe bean	noun	肉球
toe ring	noun	トーリング
toenail	noun	爪
toffee	noun	タフィー|ファッジ
tofu	noun	豆腐
tofu skin	noun	湯葉
together	adverb	一緒に|一緒
toilet	noun	トイレ|便器|便所|お手洗い|化粧室|便室
toilet bowl	noun	便器
toilet paper	noun	トイレットペーパー|ちり紙
toilet seat	noun	便座
toilet training	noun	トイレットトレーニング
toise	noun	トワーズ
tokamak	noun	トカマク
token	noun	トークン
tokoyama	noun	床山
tolerance	noun	寛容
tolerate	verb	黙認
toll	noun	有料|通行料|通行料金|損失
toll booth	noun	料金所
tollgate	noun	料金所
toluene	noun	トルエン
tom	noun	雄猫
tom yam	noun	トムヤム
tomahawk	noun	トマホーク
toman	noun	トマン
tomato	noun	トマト
tomato juice	noun	トマトジュース
tomato paste	noun	トマトペースト
tomato sauce	noun	トマトソース
tomb	noun	墓|墳墓
tombola	noun	ガラガラ抽選
tomboy	noun	お転婆|おてんば
tombstone	noun	墓石|墓碑
tome	noun	大冊|大著
tomfoolery	noun	ばかなまね
tomoe	noun	巴
tomography	noun	トモグラフィー
tomorrow	adverb	明日|あす
tomorrow is another day		明日は明日の風が吹く|明日を夢見て
tomorrow night	adverb	明夜|明晩
ton	noun	トン
tonality	noun	調性
tone	noun	声調|トーン
tone mark	noun	声調記号
tone police	verb	トーン・ポリース
tone policing	noun	トーン・ポリーシング
tone sandhi	noun	声調変化|変調
tone-deaf	adjective	音痴
toneme	noun	音調素
toner	noun	トナー|トーナー
tong	noun	トング(tongu)
tongs	noun	挟み|箸|トング
tongue	noun	舌|べろ|タン|舌革
tongue depressor	noun	舌圧子
tongue-tied	adjective	口籠もる
tongue-twister	noun	早口言葉
tonic	noun	トニック|主音
tonic water	noun	トニックウォーター
tonight	adverb	今夜|今宵|今晩
tonkatsu	noun	豚カツ|とんかつ|トンカツ
tonkotsu	noun	豚骨
tonnage	noun	トン数
tonsil	noun	扁桃|扁桃腺
tonsillectomy	noun	扁桃摘出術|扁桃腺摘出術
tonsillitis	noun	扁桃炎|扁桃腺炎
tonsure	noun	剃度
too	adverb	も|さらに|にも|また|過ぎる|過ぎ
too bad		残念です
too good to be true		あの類の人は、信用できない。|それは話がうますぎる。
too many cooks spoil the broth		船頭多くして船山に登る
too much	adverb	すぎる
too much of a good thing		過ぎたるは猶及ばざるがごとし
tool	noun	道具|ツール|工具|使いっ走り|木偶の坊|玩具
tool steel	noun	工具鋼
toolbar	noun	ツールバー
toolbox	noun	工具箱|道具箱|ツールボックス
toolkit	noun	ツールキット
tooltip	noun	ツールチップ
toot one's own horn	verb	自画自賛
tooth	noun	歯|鋸歯
tooth fairy	noun	歯の妖精
toothache	noun	歯痛
toothbrush	noun	歯ブラシ
toothpaste	noun	歯磨剤|練り歯磨き|歯磨き粉
toothpick	noun	楊枝|爪楊枝|楊子
top	noun	トップス|上着|蓋|表|頂|頂上
top hat	noun	トップハット|シルク ハット
top quark	noun	トップクォーク
top secret	adjective	極秘
top surgery	noun	胸オペ
top-down	adjective	上意下達
top-level	adjective	最重要の|最高級の|トップレベルの|最高位の|最高部の|首脳の
topaz	noun	トパーズ|黄玉
topic	noun	主題|テーマ|話題|トピック
topicalization	noun	主題化|話題化
topless	adjective	トップレス
topography	noun	地勢|地形
topolect	noun	方言
topological space	noun	位相空間
topology	noun	トポロジー|位相幾何学|位相数学
toponym	noun	地名
toponymy	noun	地名学
topos	noun	トポス
topping	noun	トッピング
topping out	noun	棟上げ
torch	noun	松明
toreador pants	noun	トレアドールパンツ
torii	noun	鳥居
torikumi	noun	取組
torment	noun	苦痛|苛む|苦しめる
tornado	noun	竜巻|トルネード
torpedo	noun	魚雷|雷撃する
torpedo bomber	noun	雷撃機
torque	noun	トルク
torso	noun	胴体|胴
tort	noun	不法行為
torte	noun	トルテ
tortellini	noun	トルテリーニ
tortelloni	noun	トルテッローニ
torticollis	noun	斜頸
tortilla	noun	トルティーヤ
tortoise	noun	亀|カメ|陸亀
tortoise shell	noun	亀甲
tortoise shell bracket	noun	亀甲括弧
tortoiseshell	noun	べっ甲|鼈甲
tortoiseshell cat	noun	錆猫
tortuous	adjective	曲がりくねった
torture	noun	拷問
torus	noun	トーラス
toss	verb	混ぜ合わせる
total	adjective	全部|完全な|合計|和|総和|総計
total eclipse	noun	皆既食
total war	noun	国家総力戦|総力戦
totalitarian	adjective	全体主義的
totalitarianism	noun	全体主義
tote bag	noun	トートバッグ
totem	noun	トーテム
totemism	noun	トーテミズム
toucan	noun	大嘴|巨嘴鳥
touch	noun	触覚|タッチ|接触|触る|触れる|印象付ける
touch screen	noun	タッチパネル|タッチスクリーン|タッチ画面
touch typing	noun	タッチタイピング|ブラインドタッチ
touched in the head	adjective	気が触れた
touching	adjective	感動的
touchpad	noun	タッチパッド
touchstone	noun	試金石
touché		トウシュ|一本取られた
tough	adjective	硬い|きつい|たいへん|辛い
toupee	noun	鬘
tour	noun	ツアー|旅|旅行
tour guide	noun	ガイド|ツアーガイド|案内人
tour operator	noun	ツアーオペレーター
tourbillon	noun	トゥールビヨン
touring bicycle	noun	ランドナー
tourism	noun	観光|旅行
tourist	noun	観光客|ツーリスト|旅行者
tourist office	noun	観光案内所
tourmaline	noun	トルマリン|電気石
tournament	noun	馬上槍試合|トーナメント|大会
tourniquet	noun	止血帯
tovarish	noun	トバリシチ
tow truck	noun	レッカー車|レッカー
toward		向かう|方|に|対する|ため|近く
towel	noun	タオル
tower	noun	塔|タワー
tower defense	noun	TD|タワーディフェンス
tower mustard	noun	旗竿
tower of silence	noun	ダフマ|沈黙の塔
tower over	verb	そびえ立つ
town	noun	都市|町|街
town hall	noun	公会堂|役場|町役場
town twinning	noun	姉妹都市
townhouse	noun	町家
townlet	noun	小都市
townsman	noun	市民
townspeople	noun	市民
toxic	adjective	毒性
toxicology	noun	毒物学|毒性学
toxin	noun	毒素
toy	noun	玩具|トイ|遊び道具
trace	noun	痕跡|跡
trachea	noun	気管
trachoma	noun	トラコーマ
tracing paper	noun	トレーシングペーパー|透写紙
track	noun	跡|痕跡|トラック|追
track and field	noun	陸上競技
track down	verb	追い詰める|～を見つけ出す
trackball	noun	トラックボール
trackbed	noun	道床
tracker	noun	トラッカー|追跡者
tracksuit	noun	トラックスーツ
tractor	noun	トラクター|牽引式飛行機
trade	noun	商業|交易|商う|商売|貿易|貿易風
trade away	verb	(̈物）を売り払う|(権利）を手放す
trade barrier	noun	貿易障壁
trade deficit	noun	入超|貿易欠損|貿易赤字
trade fair	noun	交易会|見本市
trade name	noun	商品名|商標名|商号|屋号
trade route	noun	交易路
trade surplus	noun	貿易黒字
trade union	noun	労働組合|労組
trade war	noun	貿易戦争
trade wind	noun	貿易風
trade-off	noun	トレードオフ|妥協
trademark	noun	商標
trader	noun	トレーダー|商人
trading partner	noun	取引パートナー
tradition	noun	伝統
traditional	adjective	伝統的|伝統的な
traditional chinese medicine	noun	中医|中医学
traditionalist	noun	伝統主義者
traffic	noun	交通|取引|トラフィック|交信
traffic cone	noun	カラーコーン|パイロン|ロードコーン|三角コーン
traffic jam	noun	交通渋滞|渋滞|雑踏
traffic light	noun	信号機|信号|交通信号|ゴーストップ
traffic sign	noun	道路標識
tragedeigh	noun	キラキラネーム
tragedy	noun	悲劇|惨事
tragic	adjective	悲惨|悲劇
tragus	noun	耳珠
trail	noun	痕跡|足跡|跡|小道|トレイル|小路
trailblazer	noun	先駆者
trailer	noun	トレーラー|予告編
trailing edge	noun	後縁
train	noun	トレーン|尾|列車|電車|汽車|行列|練習
train wreck	noun	大惨事
trainee	noun	研修生|実習生
trainer	noun	トレーナー|コーチ|スニーカー|運動靴
training	noun	トレーニング|訓練
training wheel	noun	補助輪
trait	noun	特徴
traitor	noun	反逆者|国賊|売国奴|裏切り者|非国民|逆賊
trajectory	noun	弾道|軌道|戦歴
tram	noun	市内電車|路面電車|トラム|市電|電車
tram stop	noun	停留所|路面電車停留場|電停
tram-train	noun	トラムトレイン
trample	verb	踏みつける|踏み荒らす
trampoline	noun	トランポリン
trance	noun	トランス
trance music	noun	トランス|トランス音楽
tranche	verb	トランシェ
tranquilize	verb	鎮める
tranquilizer	noun	精神安定剤|鎮静薬
tranquillity	noun	晴朗
trans man	noun	FtM|トランス男性|体は女 心は男
trans woman	noun	MtF|トランス女性|ニューハーフ
trans-		トランス|超
transaction	noun	処理|取り引き|取引|売買|トランザクション|振り替え
transaminase	noun	トランスアミナーゼ|転移酵素
transavantgarde	noun	トランスアバンギャルド
transceiver	noun	トランシーバー
transcend	verb	越える。超越する|まさる、より優れている
transcendence	noun	超越
transcendental number	noun	超越数
transcendentalism	noun	超絶主義|超越主義
transclusion	noun	トランスクルージョン
transcribe	verb	転写
transcript	noun	トランスクリプト|写し
transcription	noun	転写|音写
transept	noun	翼廊|袖廊
transfer	noun	移動|転勤|乗り換える|移す|運ぶ
transfer student	noun	転入生|転校生
transform	noun	変換|変形|変質|変態|変化
transformation	noun	変態|変形|変換
transformational grammar	noun	変形文法
transformer	noun	変圧器|トランス|変流器
transfusion	noun	輸血
transgender	adjective	トランスジェンダー|性別越境者
transgenic	adjective	トランスジェニック|遺伝子組み換え
transhumanism	noun	トランスヒューマニズム
transidentity	noun	トランスアイデンティティ
transience	noun	一過性|短命
transient	adjective	儚い|一時的|一過性|瞬間的|過渡|精神の外部|一時的なもの
transiently	adverb	一時的|暫く
transistor	noun	トランジスタ
transistor radio	noun	トランジスタラジオ
transit	noun	通過
transition	noun	変化|推移|遷移
transitive	adjective	他動|他動詞|推移的
transitive verb	noun	他動詞
translate	verb	訳す|翻訳|翻訳する
translation	noun	伝達|平行移動|翻訳|訳|訳文
translation studies	noun	翻訳研究
translationese	noun	翻訳調
translative case	noun	変格
translator	noun	翻訳者
transliterate	verb	字訳|書き写す
transliteration	noun	翻字|字訳|音訳
translucent	adjective	半透明|澄んだ
transmigration	noun	転生
transmission	noun	伝送|転送|トランスミッション|変速機|変速装置
transmission line	noun	送電線
transmitter	noun	トランスミッター|送話器
transmodern	adjective	トランスモダン
transmute	verb	変移
transom window	noun	欄間 (らんま)
transparency	noun	透明性
transparent	adjective	透明|可視化|明らか
transphobia	noun	トランスフォビア
transpire	verb	発散する|明らかになる
transplant	noun	移植
transplantation	noun	移植|植え替え
transponder	noun	トランスポンダ
transport	noun	運送|輸送|乗り物|輸送機関|追放|追放する
transportation	noun	交通|輸送|乗り物|交通機関|輸送機関|島流し
transsexual	adjective	性転換|性別移行|性同一性障害|性別移行者|性同一性障害者|性転換者
transsexuality	noun	性転換|性転換症
transtemporal	adjective	超時間
transubstantiation	noun	聖変化
transuranic	adjective	超ウラン
transverse wave	noun	横波
transvestism	noun	トランスヴェスティズム|異性装
transvestite	noun	異性装者
trap	noun	罠
trapeze	noun	空中ブランコ
trapezium	noun	台形|梯形|不等辺四辺形|大菱形骨
trapezius	noun	僧帽筋
trapezohedron	noun	ねじれ双角錐
trash	noun	ごみ
trauma	noun	外傷|損傷|トラウマ|心の傷|心的外傷
traumatic	adjective	外傷体験
travel	noun	旅行|旅行する
travel agency	noun	旅行会社|旅行の代理店
traveller	noun	旅人|旅行者
traveller's cheque	noun	トラベラーズチェック
traveller's palm	noun	オウギバショウ|タビビトノキ
travelling salesman	noun	セールスマン|外交販売員
travelling wave	noun	進行波
travelogue	noun	旅行記
trawler	noun	トロール漁船|トロール船
tray	noun	盆|トレイ
treachery	noun	裏切り
treacle	noun	糖蜜
tread	noun	底|靴底|段|踏み面|溝|タイヤ溝|踏む
treadmill	noun	トレッドミル|ランニングマシン|踏み車
treason	noun	反逆|裏切り|反逆罪
treasure	noun	宝|宝物|珍重|重宝
treasure chest	noun	宝箱
treasure map	noun	宝の地図
treasure trail	noun	ギャランドゥ|ギャランドゥー
treasure trove	noun	埋蔵|掘り出し物
treasurer	noun	会計係|出納係
treasury	noun	金庫|国庫|宝庫
treasury department	noun	国庫
treat	noun	奢り|奢る|治療
treatise	noun	論文
treatment	noun	処理|治療
treaty	noun	条約|協定
treble clef	noun	ト音記号
trebuchet	noun	トレビュシェット|平衡錘投石機
tree	noun	木|樹木|靴型|ツリーリスト|ツリー構造
tree hollow	noun	樹洞
tree kangaroo	noun	キノボリカンガルー|木登カンガルー
tree line	noun	森林限界
tree of heaven	noun	庭漆|神樹
tree of knowledge	noun	知識の樹
tree ring	noun	年輪
tree sparrow	noun	雀
tree trunk	noun	幹
treebank	noun	ツリーバンク
treehouse	noun	ツリーハウス
treetop	noun	梢
trefoil	noun	クローバー
trematode	noun	吸虫
tremble	noun	震え|震える
tremendous	adjective	莫大
tremolo	noun	トレモロ|震音
tremor	noun	地震|振戦|振顫|震顫|揺れ|震え|震える
trench	noun	トレンチ|塹壕|溝
trench coat	noun	トレンチコート
trend	noun	トレンド|傾向|趨勢
trendsetter	noun	トレンドセッター
trenette	noun	トレネッテ
trepanation	noun	穿頭
trespass	noun	不法侵入|侵入|不法侵入する|侵害する
trespasser	noun	侵入者
trespassing	noun	不法侵入
tress	noun	髪の房
trestle	noun	馬|架台|脚立
trevally	noun	シマアジ
trey	noun	トレイ
triacontadigon	noun	三十二角形
triacontagon	noun	三十角形
triacontatetragon	noun	三十四角形
triad	noun	三合会
triage	noun	トリアージ
trial	adjective	三数|裁判|公判|試し|試験|試練
trial and error	noun	試行錯誤
trial balloon	noun	観測気球
trialogue	noun	鼎談
triangle	noun	三角形|三角|トライアングル
triangle inequality	noun	三角不等式
triangular number	noun	三角数
triangular prism	noun	三角柱
triangulation	noun	三角測量
triathlon	noun	トライアスロン
tribadism	noun	貝合わせ
tribe	noun	部族|民族
tribunal	noun	法廷
tribune	noun	トリビューン|演壇
tributary	noun	支流|属国
tribute	noun	オマージュ|貢ぎ物|朝貢|貢ぎ
triceps	noun	三頭筋
triceratops	noun	トリケラトプス
trichloromethane	noun	トリクロロメタン
trichotillomania	noun	抜毛症|抜毛癖
trichotomy	noun	三分法
trick	noun	欺き|企み|トリック|手品
trick of the trade	noun	職歴によって学んだ秘訣
trick or treat		トリックオアトリート
trickery	noun	細工
trickster	noun	トリックスター
tricky	adjective	狡猾
tricolour	adjective	三色|三色旗
tricot	noun	トリコット
tricycle	noun	トライク|三輪車
tridecagon	noun	十三角形
trident	noun	三叉槍|トライデント
tridymite	noun	鱗珪石|鱗石英
triennium	noun	三年
trifle	noun	トライフル
triforce	noun	トライフォース
trigeminal nerve	noun	三叉神経
trigeminal neuralgia	noun	三叉神経痛
trigger	noun	引き金|鉷|トリガ
trigger warning	noun	事前警告
trigonometric function	noun	三角関数
trigonometry	noun	三角法
trilemma	noun	三すくみ
trill	noun	トリル|顫音|震え音|顫動音
trillion		兆
trilobite	noun	三葉虫
trilogy	noun	三部作
trimester	noun	学期
trinitrotoluene	noun	トリニトロトルエン
trinket	noun	安ピカ|小物|些事|小事
trinomial	noun	三項式
trio	noun	三つ組|三人組|トリオ|三重唱|三重奏
triode	noun	三極管
triose	noun	トリオース
trip	noun	旅行|旅|踏み違え|躓き|トリップ|幻覚症状|躓く
tripe	noun	トライプ|臓腑
triphthong	noun	三重字|三重音字
triplane	noun	三葉機
triple	adjective	三重|三倍|三層の|三倍する
triple bond	noun	三重結合
triple burner	noun	三焦
triple harp	noun	バロック・ハープ
triple jump	noun	三段跳
triple jumper	noun	三段跳の選手
triple play	noun	トリプルプレイ|三重殺
triple point	noun	三重点
triplet	noun	三つ子|三つ組
tripod	noun	トライポッド|三脚架
tripolar	adjective	三極
triptych	noun	トリプティカ
tripwire	noun	トリップワイヤー
trisect	verb	三等分する
triskaidekaphobia	noun	十三恐怖症
trite	adjective	ありふれた|陳腐
tritium	noun	三重水素
tritocerebrum	noun	後大脳
triumph	noun	勝利|偉業|凱旋|勝ち誇る|意気揚々|偉業を成す
triumvirate	noun	三頭政治
trivet	noun	五徳
trivia	noun	豆知識
trivial	adjective	つまらない|些細|末梢的|枝葉|ありふれた|蛇足
trivialization	noun	矮小化
trivialize	verb	矮小化
troglodyte	noun	穴居人|隠者
troika	noun	トロイカ
troll	noun	トロール|荒らし|荒らす
trolley bus	noun	トロリーバス
trolling	noun	トローリング|荒らし
trombone	noun	トロンボーン
tromino	noun	トリオミノ|トロミノ
troop	noun	軍隊
troops	noun	軍隊
trope	noun	トロープ|約束|転義法|比喩
trophy	noun	トロフィー
tropic	noun	回帰線|熱帯
tropical	adjective	熱帯|回帰線
tropical geometry	noun	トロピカル幾何学
tropical rainforest	noun	熱帯雨林
tropical year	noun	回帰年|太陽年
tropics	noun	熱帯
tropism	noun	屈性
tropomyosin	noun	トロポミオシン
tropopause	noun	対流圏界面
troposphere	noun	対流圏
tropylium	noun	トロピリウム
trot	noun	速歩|トロット
troubadour	noun	トルバドゥール|吟遊詩人
trouble	noun	厄介事|揉め事|迷惑|厄介|骨折り|問題|手数を掛ける
troubled	adjective	心配
troublemaker	noun	トラブルメーカー
troubleshooting	noun	トラブルシューティング
troublesome	adjective	厄介|迷惑|面倒
trough	noun	かいばおけ
troupe	noun	団
trouser leg	noun	ズボンの脚
trout	noun	鱒|マス
trout lily	noun	カタクリ属
trowel	noun	こて|トロエル
trowel machine	noun	こて機
truancy	noun	不登校|登校拒否
truce	noun	休戦|停戦
truck	noun	トラック|貨物自動車
truck driver	noun	トラック運転手
trudge	verb	とぼとぼと歩く|重い足取りで歩く
true	adjective	本当|真実|真|忠実|忠誠|本物|正確
truffle	noun	西洋松露|トリュフ
truffle hog	noun	トリュフ豚
truism	noun	自明の理
truly	adverb	事実|真実|本当
trumpet	noun	トランペット|喇叭|吼える
trumpeter	noun	トランペッター|喇叭手
trumpeter swan	noun	鳴白鳥
truncation	noun	短縮
trunk	noun	鼻|トランク|行李|長持|中継回線|幹
truss	noun	トラス
trust	noun	信頼|信|信任|トラスト|信じる
trustee	noun	保管人|受託者|管財人
trusteeship	noun	信託統治
trustworthy	adjective	信頼|着実|頼もしい
truth	noun	真実|本当|真相|事実|実態|真理
truth is stranger than fiction		事実は小説より奇なり
truth or dare	noun	真実ゲーム
truth table	noun	真理値表
truth value	noun	真偽値|真理値
try	noun	試み|トライ|試みる|裁判に掛ける|試す|挑戦する
try on	verb	試着
try out	verb	試してみる|試す|試みる
trypanosomiasis	noun	トリパノソーマ症
trypophobia	noun	集合体恐怖症
tryptophan	noun	トリプトファン
tryst	noun	デート|逢い引き|約束|合う約束をする|逢い引きする
tryzub	noun	トルィズーブ|三叉戟|三叉槍
tsamba	noun	ツァンパ
tsar	noun	ツァーリ|ツァール|ツァー
tsardom	noun	ツァーリ国
tsarina	noun	ツァリーツァ
tsarism	noun	ツァーリズム
tsetse	noun	ツェツェバエ
tsunameter	noun	津波計
tsunami	noun	津波|津浪|海嘯
tsundere	noun	ツンデレ
tteok	noun	トック
tteokbokki	noun	トッポキ|トッポギ|トッポッキ
tuatara	noun	ムカシトカゲ
tub	noun	桶
tuba	noun	チューバ
tube top	noun	チューブトップ
tuber	noun	芋
tuberculin	noun	ツベルクリン
tuberculosis	noun	結核
tuberculous dactylitis	noun	風棘
tubular bells	noun	チューブラーベル
tuck in	verb	はさみ込む
tuff	noun	凝灰岩
tufted antshrike	noun	エボシオビロアリモズ
tufted duck	noun	キンクロハジロ
tufted puffin	noun	エトピリカ|花魁鳥
tufted titmouse	noun	烏帽子雀
tug of war	noun	綱引き
tugboat	noun	タグボート|曳船
tughra	noun	トゥグラ
tugrik	noun	トゥグルグ
tui	noun	エリマキミツスイ
tui na	noun	推拿
tuition	noun	教育|学費|授業料
tuk-tuk	noun	オート・リクシャー|トゥクトゥク|三輪タクシー
tularemia	noun	野兎病
tulip	noun	チューリップ|鬱金香
tulle	noun	チュール
tulou	noun	土楼
tulpa	noun	トゥルパ|タルパ
tulwar	noun	タルワール
tumble dryer	noun	乾燥機|衣類乾燥機
tumbler	noun	グラス|タンブラー
tumbleweed	noun	タンブルウィード
tummy	noun	ぽんぽん
tumor	noun	腫瘍
tumulus	noun	古墳|墳丘墓
tuna	noun	鮪|ツナ
tundra	noun	ツンドラ|凍原
tune	noun	旋律|チューン|曲|楽曲|調声|調教
tung tree	noun	シナアブラギリ
tungsten	noun	タングステン
tunic	noun	チュニック
tuning	noun	チューニング|調律
tuning fork	noun	音叉
tunnel	noun	トンネル|地下道|坑道|隧道
tunnel boring machine	noun	全断面トンネル掘進機
tuple	noun	組|タプル
tuplet	noun	連音符
turban	noun	ターバン|頭巾
turbellarian	noun	渦虫
turbidity	noun	混濁度
turbine	noun	タービン
turbojet	noun	ターボジェットエンジン
turboprop	noun	ターボプロップエンジン
turbot	noun	ターボット
turbulence	noun	乱流
turd	noun	屎|糞|大便
turducken	noun	ターダッキン
tureen	noun	深皿
turmeric	noun	ウコン|鬱金
turmoil	noun	混乱|騒動
turn	noun	番|順番|回転|工数|転機|転落|回る
turn a blind eye	verb	見て見ぬふりをする
turn a deaf ear	verb	聞く耳を持たぬ
turn against	verb	突っ掛かる
turn around	verb	振り向く
turn down	verb	断る
turn off	verb	消す|切る|オフ
turn on	verb	つく|つける|ともす|オンする|スイッチを入れる|突っ掛かる
turn over	verb	ひっくり返す|裏返す
turn over a new leaf	verb	心を入れ替える
turn the tables	verb	形勢逆転
turncoat	noun	裏切り者
turner	noun	旋盤工
turning point	noun	変わり目|転機
turnip	noun	蕪|菘|蕪菜
turnover	noun	取引高
turnpike	noun	有料道路
turnstile	noun	自動改札機
turntable	noun	ターンテーブル|転机
turpentine	noun	テレビン油|松脂油
turquoise	adjective	トルコ石の|ターコイズブルーの|トルコ石|ターコイズ|ターコイズブルー
turtle	noun	亀|カメ|海亀
turtle dove	noun	子雉鳩|山鳩
turtleneck	noun	タートルネック
tusk	noun	牙|象牙
tutelary	adjective	守護の|後見上の
tutelary deity	noun	ダイモーン|守護神
tutor	noun	家庭教師
tutorial	noun	チュートリアル|学習用
tutti-frutti	noun	トゥッティフルッティ
tutu	noun	チュチュ
tuxedo	noun	タキシード
tvorog	noun	クワルク
twat	noun	まんこ|おまんこ|馬鹿
tweet	noun	ツイート|つぶやき|さえずる|つぶやく
tweeter	noun	ツイッタラー
tweetup	noun	ツイッターオフ会
tweezers	noun	ピンセット
twelfth	adjective	第十二|十二度
twelfth grade	noun	高三|高校三年生
twelve		十二|じゅうに
twelve o'clock	noun	十二時
twelve-tone technique	noun	十二音技法
twenties	noun	20年代|二十年代
twentieth	adjective	第二十
twenty		二十|にじゅう
twenty two		にじゅうに
twenty-eight		二十八
twenty-five		二十五
twenty-four		二十四
twenty-nine		二十九
twenty-one		二十一
twenty-seven		二十七
twenty-six		二十六
twenty-three		二十三
twenty-two		二十二
twentysomething		二十代
twice	adverb	二倍|二回|二度
twig	noun	小枝|枝|気づく
twilight	noun	黄昏|夕暮れ|薄明かり|薄明
twill	noun	綾織
twin	noun	双子|ツイン
twin crystal	noun	双晶
twin prime	noun	双子素数
twink	noun	ジャニ系|トゥインク
twist	noun	どんでん返し|捻る
twist tie	noun	ツイストタイ
twitch	noun	引き攣り
twite	noun	黄嘴鶸
two	noun	二|ツー|二つ
two beers, please		ビールを二つください
two days after tomorrow	adverb	明明後日|弥の明後日
two heads are better than one		三人寄れば文珠の知恵
two hundred		二百
two o'clock	noun	二時
two pair	noun	ツーペア
two sides of the same coin	noun	同じコインの裏表|表裏一体
two thousand		二千
two-barred crossbill	noun	鳴交喙
two-dimensional	adjective	二次元
two-hand sword	noun	ツーハンデッドソード
two-stroke engine	noun	2ストローク機関
tycoon	noun	大立者|実力者|巨頭
type	noun	種類|タイプ|分類|類型|好み|性格型|打つ
type a	noun	A型
type b	noun	B型
type ii error	noun	β過誤|第二種過誤
typeface	noun	字体|書体
typeset	verb	植字
typesetting	noun	組版
typewriter	noun	タイピスト|タイプライター|印字機
typhoid fever	noun	腸チフス
typhoon	noun	台風|颱風
typhus	noun	チフス
typical	adjective	典型的|典型的な
typing	noun	タイピング|タイプ
typist	noun	タイピスト
typo	noun	誤字|誤植|タイプミス|ミスタイプ
typographical error	noun	誤字|誤植
typography	noun	タイポグラフィ|タイポグラフィー
tyrannical	adjective	横暴
tyrannosaur	noun	ティラノサウルス
tyrannosaurus	noun	ティラノサウルス
tyranny	noun	圧政|暴戻
tyranny of the majority	noun	数の暴力
tyrant	noun	僭主|暴君
tyrant flycatcher	noun	太蘭鳥
tyrosine	noun	チロシン
tzatziki	noun	ザジキ
tête-à-tête	noun	密談
u	noun	ユー
ubiquinone	noun	ユビキノン
ubiquitin	noun	ユビキチン
ubiquitous	adjective	遍在
udder	noun	乳房
udon	noun	うどん|饂飩
ugh		うっ|げ|げっ|わっ|ゲ|ゲッ
ugli	noun	アグリフルーツ
uglify	verb	醜い|醜化
ugliness	noun	醜
ugly	adjective	醜い|見苦しい|格好悪い
ugly duckling	noun	みにくいアヒルの子
uguisubari	noun	鶯張り
uh		ええと|あのう|うーん|え|えー
uh-huh		うん
uhlan	noun	ウーラン
uke-e	noun	有卦絵
ukha	noun	ウハー|魚のスープ
ukiyo-e	noun	浮世絵
ukulele	noun	ウクレレ
ulcer	noun	潰瘍
ulexite	noun	曹灰硼石
ulna	noun	尺骨
ulterior motive	noun	下心|他心|他意
ultima thule	noun	極北
ultimate	adjective	最後|終わり|究極
ultimately	adverb	最終的
ultimatum	noun	最後通牒|最後通告
ultra-		超
ultramarathon	noun	ウルトラマラソン
ultramarine	adjective	群青色の|ウルトラマリン|群青色|群青
ultramicroscope	noun	限外顕微鏡
ultranationalism	noun	ウルトラナショナリズム|超国家主義
ultraright	adjective	極右
ultrasonic	adjective	超音
ultrasound	noun	超音波
ultraviolet	adjective	紫外線の|紫外
umami	noun	旨味|うま味
umber	adjective	アンバー色|アンバー
umbilical cord	noun	臍帯|臍の緒
umbra	noun	本影
umbrella	noun	傘|蝙蝠傘
umbrella tree	noun	パラソリエ
ume	noun	うめ|梅
umeshu	noun	梅酒
umlaut	noun	ウムラウト
ummah	noun	ウンマ
umpire	verb	アンパイヤ|審判|審判員
un-		不-|反-|無-
unacceptable	adjective	容認できない
unalive	verb	56す|4ぬ|ﾀﾋ
unanimity	noun	満場一致
unanimous	adjective	全会一致
unary operation	noun	単項演算
unary operator	noun	単項演算子
unaspirated	adjective	無気
unattractiveness	noun	不細工
unavoidable	adjective	やむを得ない|不可避
unbelief	noun	不信心
unbelievable	adjective	信じる
unbelieving	adjective	不信心
unborn	adjective	まだ生まれていない
unbound	verb	とじていない
uncanny	adjective	不気味
uncanny valley	noun	不気味の谷
uncensored	adjective	無修正
uncle	noun	伯父|叔父|伯父貴|叔父貴|おじさん
unclear	adjective	不明
unclouded	adjective	晴れる|曇り
uncombinable	adjective	一緒|不可合|合わせる|合併
uncomfortable	adjective	心地よい
uncommon	adjective	珍しい|特異|非凡
unconditional	adjective	無条件
unconditional surrender	noun	無条件降伏
unconditionally	adverb	無条件に|絶対的に
unconscious	adjective	無意識|潜在意識
unconstitutional	adjective	違憲
unconstitutionality	noun	違憲
unconvincing	adjective	腑に落ちない
uncooked rice	noun	無蒸煮米
uncountable	adjective	数えきれないほどの|無数の|非可算|不可算
uncountable set	noun	非可算集合
unctuous	adjective	慇懃無礼
undamaged	adjective	完い|無傷
undamaging	adjective	無害
undead	noun	アンデッド
undecillion		澗
undeniable	adjective	否めない|明らか|明白
under	adverb	した|下
under one's thumb		二本棒|女房天下|鼻下長
under the impression		と感じて
under the sun		日の下
under-kimono	noun	長襦袢
underage	adjective	未成年
underboob	noun	下乳
underbrush	noun	下生え
underdevelopment	noun	開発中で
underdog	noun	敗残者|弱者
underestimate	verb	侮る|舐める|過小評価
underfloor heating	noun	床暖房
underfoot	adverb	足元
undergarment	noun	下着
underground	adjective	地下|アングラ|不法|秘密
undergrowth	noun	下生え
underhanded	adjective	卑怯な
underlie	verb	基礎となる
underline	noun	下線
underling	noun	下っ端
underpants	noun	パンツ|ズボン下
underpass	noun	地下道
underpay	verb	十分に払わない
underrate	verb	過小評価
underrated	adjective	過小評価
underscore	noun	アンダーバー|アンダースコア
undersecretary	noun	次官
understand	verb	分かる|信じる|理解
understandable	adjective	理解できる
understanding	adjective	納得|了解|分かり|理解
understate	verb	矮小化
understood	adjective	了解|分かった|理解された|分かりました
undertake	verb	取り掛かる
undertaker	noun	葬儀屋
underwater	adjective	水中の
underway	adverb	進行
underwear	noun	下着|肌着
underworld	noun	冥界|地獄|黄泉|下層|暗黒街
undesirable	adjective	望ましい|望む
undestroyable	adjective	丈夫|壊せない|壊れない
undine	noun	ウンディーネ
undirected graph	noun	無向グラフ
undo	verb	取り消す|戻す|はずす|ほどく|解く
undoubtedly	adverb	疑いもなく
undress	verb	脱ぐ|脱がす
undrinkable	adjective	飲める
undulated antshrike	noun	マダラカンムリアリモズ
unearned income	noun	不労所得
unemployed	adjective	失業者
unemployment	noun	失業
unenroll	verb	登録解除する
unenrolment	noun	登録解除
unequal treaty	noun	不平等条約
unequivocal	adjective	一義的|明確
unerasable	adjective	消す|消去
unexpected	adjective	意外|予想外|想定外
unexpectedly	adverb	おもいがけず|思いがけなく
unfair	adjective	不公平
unfairness	noun	不公平|不正
unfamiliar	adjective	知る
unfasten	verb	はずす|ほどく|解く
unfathomable	adjective	不可思議|不思議|幽玄|理解できないほど|計り知れない
unfinished	adjective	未完
unfinishedness	noun	未完
unfit	adjective	そぐわない|不向き|不相応|不適切
unfold	verb	広げる
unfollow	verb	リムる
unforgettable	adjective	忘れがたい|忘れる
unforgivable	adjective	許す
unfortunate	adjective	不幸
unfortunately	adverb	生憎|残念
unfounded	adjective	根拠
unfriendly	adjective	不親切
ungainly	adjective	不器用
ungrammatical	adjective	非文法的|破格
unhappiness	noun	不幸
unharmed	adjective	無事
unhusked rice	noun	籾
uni-		ユニ|一|単
uniboob	noun	単乳
unicameralism	noun	一院制
unicellular	adjective	単細胞
unicorn	noun	ユニコーン|一角獣|一角馬|麒麟
unicycle	noun	一輪車|ユニサイクル
unidentified	adjective	未確認
unidentified flying object	noun	UFO|未確認飛行物体|宇宙船|空飛ぶ円盤
unifiable	adjective	一つ|統一
unification	noun	統一
uniform	adjective	一定の|画一な|統一された|普遍な|制服|ユニフォーム
uniform antshrike	noun	ムジアリモズ
uniform continuity	noun	一様連続|一様連続性
uniform convergence	noun	一様収束
uniform distribution	noun	一様分布
uniform space	noun	一様空間
uniformity	noun	普遍性|画一性|統一性
unify	verb	一つ|統一
unimaginable	adjective	想像|考える
unimportant	adjective	重要
unincreasable	adjective	増やせない
uninhabited	adjective	無人
union	noun	聯盟|連邦|結合|同盟|和集合|合併集合
union territory	noun	連邦直轄領
unique	adjective	ユニーク|唯一|唯一無二
uniqueness	noun	一意性|唯一性|独自性
unisex	adjective	ユニセックス|男女両用|男女兼用
unisexual	adjective	単性
unison	noun	ユニゾン|同音|斉唱|斉奏|一致|和同
unit	noun	単位|一式|部門|部隊
unitary	adjective	ユニタリー|ユニタリ
unitary state	noun	単一国家
unite	verb	結合
united	adjective	連合
unity	noun	団結|統一
univalve	noun	一枚貝
universal	adjective	全世界の|宇宙の|普遍的|世界的|無限|万能
universal design	noun	UD|ユニバーサルデザイン
universal set	noun	普遍集合
universal value	noun	普遍的価値
universe	noun	宇宙|森羅万象
university	noun	大学|大学校
university student	noun	大学生
unjust	adjective	不正
unknown	adjective	未知|無名|不明|未知数|名無し
unleaded	adjective	無鉛
unleash	verb	束縛を解く
unleashed	adjective	解き放つ
unless		もし...でなければ
unlicensed	adjective	潜り|無免許
unlimited	adjective	果てしない|無制限|無限
unlimitedness	noun	無限
unload	verb	降ろす
unlock	verb	解く|解錠|解除|錠をあける|鍵をあける|開ける
unmanageable	adjective	手に負えない|煮ても焼いても食えない
unmanned	adjective	無人
unmarried	adjective	独身|未婚
unmergeable	adjective	不可合|併せる|合併
unnamed	adjective	無名
unnecessary	adjective	不要|余計
unneeded	adjective	不必要
unnie	noun	オンニ
unnie line	noun	オンニライン
unnoticed	adjective	気付く|認知
unobtainium	noun	アンオブタニウム
unofficial	adjective	裏向き|非公式|非公認
unpack	verb	解く
unpaid	adjective	未払い
unplanned	adjective	予定外|計画外
unplug	verb	プラグを抜く|栓を抜く
unpopular	adjective	不評
unprecedented	adjective	前例|空前
unpredictable	adjective	予測|先が見えない|一寸先は闇
unproductive	adjective	非生産的
unpublished	adjective	未出版
unqualified	adjective	失格|無資格
unravel	verb	ほぐす|解く
unread	adjective	未読
unreal	adjective	非現実的
unrealistic	adjective	非現実的
unrelated	adjective	関係がない|関係ない
unreliable narrator	noun	信頼できない語り手
unrepentant	adjective	心が頑固な|悔い改めない
unrequited love	noun	片思い
unrest	noun	動乱|動揺
unrestrained	adjective	抑制|自然
unryu-gata	noun	雲龍型
unsaturated	adjective	不飽和
unsaturated fatty acid	noun	不飽和脂肪酸
unsavory	adjective	不快|嫌
unscientific	adjective	非科学的
unselfish	adjective	利他的|献身的
unsightly	adjective	目障り
unsigned	adjective	符号無し
unsinkable	adjective	不沈
unskillful	adjective	下手
unsolvable	adjective	割り切れる|解ける|解決
unspeakable	adjective	口では言えない|言い知れぬ
unspoken	adjective	暗黙|無言
unspoken rule	noun	不文律
unstable	adjective	不安定
unsteady	adjective	ふらふら|グラグラ
unstoppable	adjective	止める|止め処ない
unstressed	adjective	強勢のない
unsubscribe	verb	サブスクを解約する|サブスクリプションを解約する|購読を解約する
unsubscription	noun	サブスクリプション解約|サブスク解約|購読解約
unsuccessful	adjective	不成功
unsuitable	adjective	そぐわない|不相応|不適切|不適当
unsung hero	noun	縁の下の力持ち
unsympathetic	adjective	つれない
untie	verb	解く
until		まで
untitled	adjective	無題
untouchable	noun	不可触民|パーリア|パーリヤ|部落民
untranslatable	adjective	翻訳不可能
ununbium	noun	ウンウンビウム
ununennium	noun	ウンウンエンニウム
ununhexium	noun	ウンウンヘキシウム
ununifiable	adjective	一つ|統一
unusual	adjective	珍しい
unverified	adjective	未検証の
unwavering	adjective	不動
unwinnable	adjective	得られない
unworthiness	noun	不肖
unwrap	verb	解く|開梱する
unwritten	adjective	書く|白紙
unwrittenness	noun	暗黙|無記載|白紙
up	adjective	上を向けて|上に|起きる|気が向いている|終わり|良い|上|上げる
up quark	noun	アップクォーク
up to		次第
upbeat	adjective	アップビート|明るい
upbringing	noun	教養
update	noun	アップデート|更新|沙汰
updo	noun	アップ
upgrade	noun	アップグレード|改善|改良
uphill	adverb	上り坂
uphold	verb	掲げる|保つ|支える|支持する
upland antshrike	noun	コウゲンアリモズ
upland sandpiper	noun	マキバシギ
upload	noun	アップロード
uploader	noun	うp主
upper	adjective	上
upper arm	noun	上腕|上膊|二の腕
upper case	noun	大文字
upper house	noun	上院
upper lip	noun	上唇
upper reaches	noun	上流|川上|水上
upperclassman	noun	先輩
uppercut	noun	アッパー|アッパーカット
uprising	noun	暴動|反乱
uproar	noun	騒動|騒音
ups and downs	noun	浮き沈み|起伏
upset	adjective	くよくよ|引っ繰り返す
upside down	adjective	逆さ|逆さま
upsilon	noun	ウプシロン|ユプシロン
upstairs	adverb	階上
upstart	noun	出来星|成り上がり者|成り金
upstream	adjective	川上
urachus	noun	尿膜管
uracil	noun	ウラシル
urad	noun	毛蔓小豆
uranium	noun	ウラン
urate	noun	尿酸塩
urban	adjective	都市
urban legend	noun	都市伝説
urban planning	noun	都市計画
urban warfare	noun	市街戦
urbanite	noun	都会人
urbanization	noun	都市化
urchin	noun	小汚いガキ
urea	noun	尿素
ureter	noun	尿管|輸尿管
urethra	noun	尿道
urge	noun	衝動|願望|せきたてる|催促|急き立てる
urgent	adjective	緊急|急を要する
urgently	adverb	緊急
uric acid	noun	尿酸
urinal	noun	便器
urinalysis	noun	検尿
urinary bladder	noun	膀胱
urinary tract	noun	尿路
urinate	verb	小便|排尿|放尿
urination	noun	排尿|放尿
urine	noun	尿|小便
urna	noun	白毫
uroflowmetry	noun	尿流量測定
urolith	noun	尿石
urologist	noun	泌尿器科医
urology	noun	泌尿器科
ursine	adjective	クマ
urtext	noun	原典|原文|原本|原譜
urticaria	noun	蕁麻疹
urumi	noun	ウルミ
urushiol	noun	ウルシオール
usage	noun	習慣|使い方|用法
use	noun	利用|使用|効用|為|使い道|用途|使う
use case	noun	ユースケース
used	adjective	中古
useful	adjective	有用|便利|使える|役に立つ
usefulness	noun	有用性
useless	adjective	無用|下手 (な)
user	noun	利用者|ユーザー|使用者|ユーザ|消費者
user interface	noun	ユーザインタフェース
user page	noun	マイページ|利用者ページ
user-friendly	adjective	ユーザーフレンドリー|使用者の使いやすい
userbox	noun	ユーザーボックス
username	noun	ユーザー名|ログイン|利用者名
ushanka	noun	ウシャンカ|ロシア帽
usher	noun	案内人
usual	adjective	いつも|通常
usually	adverb	たいてい|通常
usurer	noun	高利貸し
usurp	verb	簒奪
usurpation	noun	簒奪
usurper	noun	簒奪者
usury	noun	高利|高利貸し
uterine	adjective	異父|胤違い|行き合い
utilitarian	adjective	功利的な
utilitarianism	noun	功利主義
utility	noun	効用|有用|有用性|実用品|ユーティリティ
utility knife	noun	カッター|カッターナイフ
utility pole	noun	鉄塔|電柱
utmost	adjective	最大|極度
utopia	noun	理想郷|ユートピア|黄金世界
utter	verb	発する|述べる
uvea	noun	葡萄膜
uveitis	noun	葡萄膜炎
uvula	noun	口蓋垂|のどちんこ|懸壅垂
uxorial	adjective	妻の
uyezd	noun	ウエズド
v-chip	noun	Vチップ
vacancy	noun	欠員
vacant	adjective	空
vacant lot	noun	閑地
vacation	noun	休暇|休み|バカンス|バケーション|ヴァカンス|休廷|取る
vaccinate	verb	ワクチンを打つ
vaccination	noun	予防接種|接種|ワクチン接種
vaccine	noun	ワクチン|痘苗
vacherin	noun	ヴァシュラン
vacuity	noun	空
vacuole	noun	液胞
vacuum	noun	真空
vacuum cleaner	noun	掃除機
vacuum tube	noun	真空管
vagabond	noun	放浪者|風来坊|放浪する|流浪
vagina	noun	膣|バギナ|ワギナ
vaginal	adjective	膣
vaginal flatulence	noun	膣排気音
vaginismus	noun	膣痙攣
vagrant	adjective	無頼|放浪者|天竺浪人|浮巣鳥
vague	adjective	曖昧|漠然
vagueness	noun	漠然
vagus nerve	noun	迷走神経
vair	noun	ヴェア
vajra	noun	金剛|金剛杵
valence band	noun	禁制帯
valenki	noun	バレンキ|ワレンキ
valet	noun	ボーイ
valiant	adjective	勇敢|勇ましい
valiantly	adverb	勇敢に
valid	adjective	有効
valine	noun	バリン
valkyrie	noun	ワルキューレ|ヴァルキュリヤ|ヴァルキューレ|ヴァルキリー|女武神|戦乙女
valley	noun	谷|渓谷
valley of the shadow of death	noun	死の陰の谷
valour	noun	勇気
valuable	adjective	貴重
value	noun	価値観|価値|値|評価|重視
value added tax	noun	消費税
value system	noun	価値観
valve	noun	バルブ|弁膜
vamp	noun	妖女|妖婦
vampire	noun	吸血鬼|ヴァンパイア|バンパイア
vampire squid	noun	蝙蝠蛸
van	noun	バン|貨車|客車
vanadium	noun	バナジウム
vandalise	verb	打ち壊す
vandalism	noun	ヴァンダリズム|荒らし
vanguard	noun	前衛
vanilla	noun	バニラ
vanillin	noun	バニリン
vanish	verb	消える
vanishing point	noun	消失点|消点
vanitas	noun	ヴァニタス
vanity	noun	虚栄|虚栄心
vanity press	noun	自費出版
vanquish	verb	倒す|やっつける
vapor	noun	蒸気|気体|威張り散らす|管を巻く|粋がる
vapor pressure	noun	蒸気圧
vapor trail	noun	飛行機雲
vaporize	verb	揮発|気化|蒸発
vaquita	noun	コガシラネズミイルカ|小頭鼠海豚
varenye	noun	ヴァレニエ
varenyky	noun	ヴァレーニキ|ヴァレーヌィク|ヴァレーヌィクィ
variable	adjective	可変|変える|変わりうる|変わりやすい|変数|変項
variable font	noun	バリアブルフォント
variable star	noun	変光星
variance	noun	分散
variant	noun	変体|変種
variation	noun	変動|変化|変奏曲
varicose vein	noun	静脈瘤
varied	adjective	様々
varied tit	noun	山雀
variegated	adjective	多彩
variety show	noun	バラエティ番組|色物
various	adjective	様々|いろいろ
varnish	noun	仮漆|ニス|ワニス|塗る
vas deferens	noun	精管|輸精管
vascular bundle	noun	維管束
vascular plant	noun	維管束植物
vase	noun	花瓶
vasectomy	noun	パイプカット|精管切除術
vaseline	noun	ワセリン
vassal	noun	家臣|封臣|幕臣|臣下
vassal state	noun	付庸国
vast	adjective	広大|莫大
vatrushka	noun	バトルシカ|ワトルシカ
vaudeville	noun	ボードビル|ヴォードヴィル
vault	noun	ヴォールト|ボールト|金庫室|跳馬
vaulting horse	noun	跳び箱
veal	noun	仔牛肉
veche	noun	ヴェチェ
vector	noun	ベクトル|ベクター
vector algebra	noun	ベクトル代数
vector field	noun	ベクトル場
vector space	noun	ベクトル空間
vee	noun	ブイ|ヴィー|ヴイ
vegan	adjective	ビーガン|ヴィーガン|絶対菜食主義者
veganism	noun	ヴィーガニズム
vegetable	adjective	ベジタブル|植物〜|植物の|菜〜|野菜〜|野菜の|植物
vegetable garden	noun	菜園|野菜畑
vegetable juice	noun	蔬菜汁|野菜ジュース
vegetable lamb	noun	バロメッツ
vegetable oil	noun	植物油
vegetable soup	noun	野菜スープ
vegetarian	adjective	草食|菜食主義|ベジタリアン|菜食主義者
vegetarianism	noun	ベジタリアニズム|菜食主義|菜食
vegetation	noun	植生|草木
veggie burger	noun	ベジバーガー
vehement	adjective	激しい|激烈|猛烈
vehicle	noun	乗り物|車両
veil	noun	ベール
vein	noun	静脈|葉脈|鉱脈
velar	noun	軟口蓋音
velarize	verb	軟口蓋化
velella	noun	カツオノカンムリ
vellum	noun	ベラム|上質皮紙|ベラム紙
velocipede	noun	ベロシペード
velociraptor	noun	ヴェロキラプトル
velocity	noun	速度|速さ
velvet	noun	ベルベット|ビロード|角袋
velvet antler	noun	鹿茸
velvet scoter	noun	天鵞絨金黒
velveteen	noun	別珍
velvetleaf	noun	莔麻
vena cava	noun	大静脈
vendetta	noun	フェーデ|確執|私怨|私恨|私憤
vending machine	noun	自動販売機|自販機|発売機|販売機
vendor	noun	売り手|販売者
venerable	adjective	崇高|敬う|立派
venereal	adjective	性病
venereology	noun	性病科
venerid	noun	浅蜊
vengeance	noun	復讐
venison	noun	鹿肉
venom	noun	毒|毒液
venomous	adjective	毒を含んだ
ventilation	noun	換気|通風|呼吸
ventilator	noun	ベンチレーター|人工呼吸器
ventricle	noun	心室
ventriloquism	noun	腹話術
ventriloquist	noun	腹話術師
venture capital	noun	ベンチャーキャピタル
venule	noun	細静脈
veranda	noun	ベランダ
verb	noun	動詞|どうし
verb phrase	noun	動詞句
verbal noun	noun	動名詞
verbatim	adverb	一語一語|逐語的
verbena	noun	バーベナ
verbose	adjective	くどくどしい|冗長
verbosity	noun	冗句
verdict	noun	評決|判定
verdigris	noun	緑青|緑青色
verification	noun	検証|確証
verlan	noun	ベルラン|ヴェルラン
vermicelli	noun	ヴェルミチェッリ|麺類
vermiculite	noun	蛭石
vermiform appendix	noun	虫垂|盲腸
vermilion	adjective	赤い|朱色|朱
vermin	noun	害虫|害獣
vermouth	noun	ベルモット
vernacular	noun	方言
vernal equinox	noun	春分|春分点
vernalization	noun	春化処理
vernier caliper	noun	ノギス
vernix caseosa	noun	胎脂
vers	adjective	リバ|回
versatile	adjective	多目的
verse	noun	バース|節
version	noun	版|バージョン
version control	noun	バージョン管理
verst	noun	露里|ベルスタ|ヴェルスタ
versus		対|バーサス
vertebra	noun	椎骨
vertebral column	noun	脊椎|脊柱
vertebrate	adjective	脊椎|脊椎動物
vertex	noun	頂点|頂|頭頂|節点
vertical	adjective	垂直|直立|縦
vertical integration	noun	垂直統合
vertigo	noun	くらくら|目眩
verve	noun	エスプリ
very	adjective	正しく|正に|とても|かなり|大変|ずっと
very well		よかろう
vesicle	noun	小胞|水疱|気孔
vesper martini	noun	ヴェスパー|ヴェスパー・マティーニ
vessel	noun	船舶|容器|血管
vest	noun	チョッキ|ベスト
vestibule	noun	ロビー
vestige	noun	足跡|なごり|痕跡
vetch	noun	烏野豌豆|矢筈豌豆
veteran	noun	ベテラン|老兵|退役軍人
veterinarian	noun	獣医|獣医師
veterinary hospital	noun	動物病院
vetiver	noun	ウサル|ベチバー
veto	noun	拒否権|拒否|拒否権を発動する|拒否権を行使する
vexillology	noun	旗章学
via		…で|…によって|…経て|…経由で
viable	adjective	生きる|生き残る
viaduct	noun	高架橋|ガード|陸橋
vial	noun	バイアル|小瓶|薬瓶
vibe coding	noun	バイブコーディング
vibraphone	noun	ビブラフォン
vibrate	verb	震う|震わせる|響く
vibration	noun	振動
vibrato	noun	ビブラート
vibrator	noun	バイブ|バイブレーター
vicarious	adjective	身代わりの
vicarious liability	noun	使用者責任
vice	noun	悪習|犯罪|罪悪
vice president	noun	ヴァイスプレジデント|副大統領
vice versa	adverb	反対|逆
vice-		副
vice-principal	noun	教頭
viceroy	noun	副王|バイスロイ|総督
vicinity	noun	付近|近傍|周辺|近所|概算|近似量
vicious	adjective	危険|狂暴|堕落|悪徳
vicious circle	noun	悪循環|循環論法
victim	noun	犠牲者|被害者|被災者|犠牲|生贄
victim-blaming	noun	被害者たたき|被害者バッシング
victory	noun	勝利|勝ち
vicuna	noun	ビクーニャ
video	noun	ビデオ|映像|動画|VTR
video call	noun	ビデオコール|ビデオ通話
video camera	noun	ビデオカメラ
video card	noun	ビデオカード|グラフィックスカード|グラボ
video chat	noun	ビデオチャット
video clip	noun	ビデオクリップ|切り抜き動画|動画
video conference	noun	ビデオ会議
video game	noun	コンピュータゲーム|テレビゲーム|ビデオゲーム
video game console	noun	ゲーム機
video gamer	noun	ビデオゲーマー
videocassette	noun	ビデオ|ビデオカセット
videocassette recorder	noun	ビデオカセットレコーダー|ビデオデッキ
videogram	noun	電気的録音録画物|映像作品
videophone	noun	テレビ電話
videotape	noun	ビデオテープ|録画
vieux riche	noun	世襲財閥
view	noun	景色|観点|見る
viewcount	noun	再生回数|再生数|視聴回数
viewer	noun	視聴者
viewership	noun	視聴率
viewfinder	noun	ビューファインダー|ファインダー
vigesimal	adjective	二十進法
vigil	noun	寝ずの番|徹夜|見張り|警戒
vigilante	noun	自警団員
vigintillion		千那由他
vigorous	adjective	精力的
vigorously	adverb	精力的
vile	noun	卑しい|卑劣|汚い
vilify	verb	謗る|貶す|貶める
villa	noun	別荘|ビラ|ヴィッラ|ヴィラ
village	noun	村|村落|田舎
villager	noun	村人|村民
villain	noun	悪党|悪漢|悪人|悪役|悪者
villainess	noun	悪女|悪嬢|悪役令嬢
villainous	adjective	悪辣なる
villancico	noun	ビリャンシーコ
vim	noun	精
vinaigrette	noun	ヴィネグレット
vinaya	noun	阿毘達磨
vincible	adjective	倒す|弱い
vindication	noun	擁護|支持|立証|証拠
vine	noun	蔓
vinegar	noun	酢|ビネガー
vinegary	adjective	酸い
vineyard	noun	葡萄園|葡萄畑
vinok	noun	ヴィノク
vintner	noun	ワイン商人
vinyl	noun	ビニル基|ビニル|ビニール|レコード
viola	noun	ヴィオラ|ビオラ
violable	adjective	破る|違反
violate	verb	侵す|侵害|侵犯|破る|違う|違反
violation	noun	違反
violator	noun	侵害者|違反者
violence	noun	猛威|暴力|暴行|曲解|歪曲
violent	adjective	激しい|暴力的
violin	noun	バイオリン|フィドル|小提琴|提琴
violinist	noun	ヴァイオリニスト|バイオリニスト
viper	noun	毒蛇|クサリヘビ|鎖蛇
viper's bugloss	noun	蕊長紫
virga	noun	尾流雲
virgin	noun	童貞|処女|バージン|処子|未通女|生娘
virgin birth	noun	処女懐胎
virgin forest	noun	原生林|処女林|原始林
virginity	noun	処女|処女性|童貞
virologist	noun	ウイルス学者
virology	noun	ウイルス学
virtual	adjective	事実上|ほとんど|バーチャル|仮想の
virtual youtuber	noun	VTuber|バーチャルYouTuber|Vライバー
virtual machine	noun	仮想マシン|仮想機械
virtual reality	noun	仮想現実|バーチャルリアリティ|人工現実感
virtualization	noun	仮想化
virtue	noun	力天使|美徳|徳|純潔
virtuoso	noun	名人|ヴィルトゥオーゾ|妙手|巨匠
virtuous	adjective	徳の高い
virtuous circle	noun	好循環
virus	noun	ウイルス|病毒|ウィルス|バイラス|ビールス|コンピューター・ウイルス
visa	noun	査証|ビザ
visa-on-arrival	noun	到着ビザ
visarga	noun	ヴィサルガ
viscacha	noun	ビスカッチャ
viscera	noun	内臓|腸
viscosity	noun	粘度|粘性
viscount	noun	子爵
viscountess	noun	子爵
viscous	adjective	粘性
vise	noun	万力|バイス
vishing	noun	ビッシング|ボイスビッシング
visibility	noun	可視|顕在
visible	adjective	目に見える|見える|顕在
visible light	noun	可視光|可視光線
visibly	adverb	はっきり|明らか|瞭然|見える
vision	noun	視力|視覚|幻視|幻覚|空想|像
visit	noun	訪問|往訪|訪れる|訪ねる
visitor	noun	お客さん|訪問者|客人|観光客
visual angle	noun	視角
visual arts	noun	ビジュアルアート|視覚芸術
visual novel	noun	ビジュアルノベル
visualization	noun	可視化|視覚化|映像化
visualize	verb	思い描く|視覚化|可視化|現す|表す
vital organ	noun	重要臓器
vital statistics	noun	スリーサイズ
vitality	noun	生命力|精
vitamin	noun	ビタミン
vitamin a	noun	ビタミンA
vitamin b	noun	ビタミンB
vitamin b complex	noun	ビタミンB複合体
vitamin b1	noun	ビタミンB1
vitamin b12	noun	ビタミンB12
vitamin b17	noun	ビタミンB17
vitamin b2	noun	ビタミンB2
vitamin b3	noun	ビタミンB3
vitamin b4	noun	ビタミンB4
vitamin b5	noun	ビタミンB5
vitamin b6	noun	ビタミンB6
vitamin b7	noun	ビタミンB7
vitamin b9	noun	ビタミンB9
vitamin c	noun	ビタミンC
vitamin d	noun	ビタミンD
vitamin d1	noun	ビタミンD1
vitamin d2	noun	ビタミンD2
vitamin d3	noun	ビタミンD3
vitamin d4	noun	ビタミンD4
vitamin d5	noun	ビタミンD5
vitamin e	noun	ビタミンE
vitamin f	noun	ビタミンF
vitamin k	noun	ビタミンK
vitamin k1	noun	ビタミンK1
vitamin k2	noun	ビタミンK2
viticulture	noun	葡萄栽培
vitiligo	noun	白斑|白癜
vitreous humour	noun	ガラス体|硝子体
vitrine	noun	飾り棚
vituperation	noun	悪罵
vivid	adjective	鮮やか|鮮明|鮮烈
vividness	noun	鮮やか
viviparous	adjective	胎生
vivipary	noun	胎生
vivisection	noun	生体解剖
vizier	noun	宰相
vocaboomer	noun	ボカロ古参|古参ボカロ厨
vocabulary	noun	語彙|語彙集|用語
vocal	adjective	ボーカル|ヴォーカル|物言う|有言
vocal cord	noun	声帯
vocal cords	noun	声帯
vocalization	noun	発声|シャクル|母音記号|音声化
vocation	noun	天職
vocational school	noun	専門学校
vocative	adjective	天職|呼格
vocative case	noun	呼格
vodka	noun	ウォッカ|ヴォートカ
vodyanoy	noun	ヴォジャノーイ
vogue	noun	ボーグ|流行|人気
voice	noun	声|音声|音|態|有声音|濁音|声に出す
voice actor	noun	声優
voice changer	noun	ボイスチェンジャー
voice message	noun	音声メール
voice synthesis	noun	音声合成
voice synthesizer	noun	音声合成ソフト|音声合成器
voice-over	noun	ボイスオーバー
voicebank	noun	ボイスバンク|音源|音源ライブラリ|音源ライブラリー
voiced	adjective	有声
voiceless	adjective	暗黙|無言|無声|清
voicemail	noun	ボイスメール|ヴォイスメール|留守番電話|留守電
voiceprint	noun	声紋
voicing	noun	ボイシング|清濁
void	noun	超空洞
voivode	noun	ヴォイヴォダ
volatile	adjective	揮発性|爆弾|発破|一触即発
volatility	noun	揮発性|飛行性|予測不能性|変動性
volcanic ash	noun	かざんばい|火山灰
volcanic bomb	noun	火山弾
volcanic winter	noun	火山の冬
volcano	noun	火山
volcanologist	noun	火山学者
volcanology	noun	火山学
vole	noun	畑鼠|ハタネズミ
volition	noun	意志|決断|意志力
volitional	noun	意向形
volley	noun	斉射
volleyball	noun	バレーボールボール|バレーボール|排球
volleyball player	noun	バレーボール選手
volt	noun	ボルト
voltage	noun	電圧
voltmeter	noun	電圧計
voluble	adjective	口達者な|弁舌のさわやかな
volume	noun	体積|音量|ボリューム|声量|単行本|巻
voluntarily	adverb	自発的
voluntary	adjective	志願して
volunteer	noun	ボランティア|有志|志願兵|義勇兵|志願者|篤志家|志願
voluptuous	adjective	官能的な|肉感的|豊満
volute	noun	渦巻き飾り
vomer bone	noun	鋤骨
vomit	noun	反吐|吐く|嘔吐|戻す
voodoo	noun	ブードゥー教
voracious	adjective	大食|貪欲
vorarephilia	noun	丸呑みフェティシズム
vore	noun	丸呑み
vortex	noun	渦
vote	noun	投票|投票する
vote of no confidence	noun	不信任決議
voter	noun	選挙人|投票者
voting	verb	投票
voting system	noun	選挙方法
voucher	noun	クーポン|バウチャー
vow	noun	誓い|誓約|契る|誓う
vowel	noun	母音|母音字
vowel harmony	noun	母音調和
voxel	noun	ボクセル
voyage	noun	旅|旅行|航海
voyeur	noun	出歯亀|覗き魔
voyeurism	noun	窃視症
vulcanization	noun	加硫
vulcanize	verb	加硫
vulgar	adjective	卑しい|汚い|平民|庶民的
vulgarian	adjective	俗物
vulnerability	noun	脆弱性
vulnerable	adjective	傷つきやすい|弱い|脆い
vulpine	adjective	キツネ
vulture	noun	禿鷹|禿鷲
vulva	noun	陰門|外陰部
vuvuzela	noun	ブブゼラ
wad	noun	固まり|束
waddle	verb	よたよた|よちよち
wafer	noun	ウエハース
waffle	noun	ワッフル|むだ口|ごちゃごちゃ言う
waffle cone	noun	ワッフルコーン
waffle iron	noun	ワッフルメーカー
wag	verb	振る|揺れる
wage	noun	賃金|給料|サラリー|行う
wage earner	noun	賃金労働者
wage slave	noun	社畜
wager	noun	賭け
waggle	verb	ぐらぐら動かす|動かす|振る
wagon	noun	荷馬車
wagtail	noun	鶺鴒
wagyu	noun	和牛
wah-wah	adjective	ワウ
wai	noun	ワイ
waifu	noun	嫁
wail	noun	うなり|泣き声
waist	noun	腰部|胴のくびれ|胴回り
waistcoat	noun	ウェストコート|チョッキ|ウェスクット|ベスト
waistline	noun	胴回り|ウエスト
wait	noun	待ち|待つ|ウエイターをする|ウエイトレスをする
wait up	verb	少々
waiter	noun	ウエーター|ウエイター
waiting	noun	待つこと
waiting list	noun	順番待ちの名簿
waiting room	noun	待合室
waitress	noun	ウエイトレス|ウェイトレス
waka	noun	和歌
wake	noun	航跡|通夜|起こす|目が覚める|目覚める|起きる
wake up	verb	目覚める|起こす|起きる|目を覚ます|覚める
wake-up call	noun	モーニングコール
wakeboarding	noun	ウェイクボーディング|ウェイクボード
wakefield	noun	航跡場
wakizashi	noun	脇差
walk	noun	散歩|徒歩|歩道|フォアボール|四球|歩く
walk a tightrope	verb	綱渡をする
walk in the park	noun	お易い御用
walk the plank	verb	板歩きの刑|(強制的に)地位から落とされる
walkie-talkie	noun	ウォーキートーキー|トランシーバー
walking	noun	徒|歩く|歩行
walking dictionary	noun	生き字引
walking frame	noun	歩行器
walking stick	noun	杖|ステッキ
walkman	noun	ウォークマン
walkthrough	noun	ウォークスルー
walkway	noun	歩道
wall	noun	壁|城壁|山|牌山|壁を巡らせる
wall bars	noun	肋木
wall clock	noun	掛け時計
wall hanging	noun	掛物|掛軸
wall socket	noun	コンセント|ソケット
wallaby	noun	ワラビー
wallcreeper	noun	壁走
wallet	noun	財布|札入れ
wallflower	noun	壁の花
wallop	noun	パンチ
wallow	verb	溺れる
wallpaper	noun	壁紙|壁紙をはる
walls have ears		壁に耳あり、 障子に目あり|壁に耳あり|障子に目あり
walnut	adjective	くるみ色の|クルミの木|クルミ|クルミ材|くるみ色
walrus	noun	セイウチ|海象
waltz	noun	ワルツ|円舞曲
wan	adjective	青ざめた
wand	noun	つえ
wander	verb	うろつく|さ迷う|ぶらつく|迷う|横道にそれる
wanderer	noun	放浪者
wandering albatross	noun	ワタリアホウドリ
wandering whistling duck	noun	オオリュウキュウガモ
wanderlust	noun	旅心
wane	verb	欠ける
wank	verb	抜く
wannabe	noun	もどき|ワナビ|ワナビー
want	verb	欲しい|欲する|望む|...たい|...たがる
want ad	noun	求人広告
wanted	adjective	指名手配中
wanted poster	noun	指名手配
wanton	adjective	悪意のある
waqf	noun	ワクフ
war	noun	戦争|戦|戦争を遂行する
war crime	noun	戦争犯罪
war criminal	noun	戦争犯罪者|戦犯
war cry	noun	鬨|鬨の声
war game	noun	ウォーゲーム|軍事演習
war memorial	noun	戦争祈念施設|戦没者追悼
war of attrition	noun	消耗戦
war of words	noun	舌戦|論戦
war tuba	noun	九〇式大空中聴音機
war zone	noun	交戦地帯
warble	verb	さえずる
ward	noun	ワード|区|病室|病棟|被後見人|かわす
ward off	verb	かわす
warden	noun	刑務所長|看守|所長
wardrobe	noun	ワードローブ|洋服だんす|洋服箪笥|洋服一式
ware	noun	品
warehouse	noun	倉庫
warehouseman	noun	倉庫業者
warez	noun	ワレズ|割れ|割れもの|割る
warfare	noun	戦争|戦い
warfarin	noun	ワルファリン
warhead	noun	弾頭
warlock	noun	魔法使い|魔術師
warlord	noun	将軍
warm	adjective	暖かい|温かい|ホカホカ|熱烈|温める|暖める
warm front	noun	温暖前線
warm the cockles of someone's heart	verb	心を温める
warm up	verb	温まる|加熱|ウォームアップ|暖まる|暖める
warm-up	noun	ウォームアップ
warmly	adverb	暖かく|心から
warmonger	noun	強硬派|戦争好き|戦争屋|軍国主義者|鷹派
warmth	noun	暖かさ|温かみ|親密さ
warn	verb	知らせる|言い聞かせる|警告
warning	noun	警告
warp	noun	経|縦糸
warped	adjective	ひねくれた
warped wall	noun	そり立つ壁
warplane	noun	軍用機
warrant	noun	令状|値する
warrant officer	noun	准士官|准尉
warranty	noun	保証
warring	adjective	戦乱|戦争中
warrior	noun	武士|戦士|武者|武人
warship	noun	軍艦|戦艦
wart	noun	疣
warthog	noun	疣猪|イボイノシシ
wartime	noun	戦時
wary	adjective	用心深い
wasabi	noun	山葵|わさび
wash	noun	洗浄|洗濯|洗う|洗面
wash away	verb	押し流す
wash one's hands	verb	手を引く
wash up	verb	手を洗う|洗面|打ち上げる
washable	adjective	洗濯できる
washbasin	noun	洗面台|洗面器
washboard	noun	ウォッシュボード|洗濯板
washbowl	noun	洗面器
washcloth	noun	ハンドタオル
washer	noun	洗濯機|座金|ワッシャー|洗濯女
washi	noun	和紙
washi tape	noun	マスキングテープ|和紙テープ
washing	noun	洗濯|洗濯物
washing machine	noun	洗濯機
washing powder	noun	洗剤|洗浄剤|洗濯洗剤
washing-up liquid	noun	食器用洗剤
washlet	noun	ウォシュレット
washout	noun	洗い出し
wasp	noun	雀蜂|蜂
waste	adjective	荒れた|無駄|不必要|ゴミ|糞|荒れ地|無駄にする
waste away	verb	やせ衰える
waste of time	noun	時間の浪費|時間の無駄
waste product	noun	廃棄物
waste sorting	noun	分別収集
waste time	verb	時間を無駄に過ごす
wasteful	adjective	不経済
wasteland	noun	荒地
wastepaper	noun	屑紙|紙屑
wastepaper basket	noun	くずかご
wastewater	noun	廃水|排水
wat	noun	ワット|寺院
watch	noun	時計|腕時計|ウオッチ|懐中時計|警戒|見る
watch out	verb	気を付けて！|気を付ける
watch over	verb	見守る
watchdog	noun	監視人|監視委員会|監視者
watchful	adjective	注意深い
watchlist	noun	ウォッチリスト
watchmaker	noun	時計屋|時計師
watchman	noun	ウォッチマン|警備員
watchtower	noun	望楼
water	noun	水|みず|水をやる|濡れる|おしっこ|分泌液を出す
water aerobics	noun	アクアビクス
water balloon	noun	水風船
water bear	noun	クマムシ|緩歩動物
water bottle	noun	水筒
water buffalo	noun	スイギュウ|水牛|呉牛
water caltrop	noun	菱
water cannon	noun	放水砲|放水銃|水大砲
water chestnut	noun	白慈姑
water clock	noun	水時計
water cooler	noun	ウォーターサーバー|冷水機
water deer	noun	牙獐
water dog	noun	ウォーター・ドッグ
water down	verb	希釈する|水で薄める
water dropwort	noun	せり
water heater	noun	湯沸かし器|給湯器
water level	noun	喫水線|水位|水準器|準
water lily	noun	スイレン|睡蓮
water meter	noun	水道メーター
water of crystallization	noun	結晶水
water pipit	noun	田雲雀
water pollution	noun	水質汚染
water polo	noun	ウォーターポロ|水球
water polo player	noun	水球選手
water power	noun	水力
water pox	noun	水疱瘡|水痘
water rail	noun	水鶏
water scavenger beetle	noun	牙虫
water shortage	noun	渇水
water skiing	noun	水上スキー
water slide	noun	ウォータースライダー|ウォータースライド
water snake	noun	にょろにょろ棒
water spinach	noun	蕹菜
water strider	noun	飴棒
water tower	noun	給水塔
water turbine	noun	発電用水車
water under the bridge	noun	終わったこと
water vapor	noun	水蒸気|蒸気
water vapor pressure	noun	飽和水蒸気圧
water vole	noun	ミズハタネズミ|水畑鼠
water wheel	noun	水車
water's edge	noun	水際
water-shield	noun	ジュンサイ
waterboarding	noun	ウォーターボーディング
watercolour	noun	水彩|ウォーターカラー|水彩画|水彩絵の具
watercourse	noun	水路
watercress	noun	クレソン|オランダガラシ
waterfall	noun	瀑布|滝
waterfowl	noun	水鳥
watering can	noun	じょうろ
waterline	noun	喫水線
waterlogged	adjective	浸水した
watermark	noun	透かし
watermelon	noun	スイカ|西瓜
watermill	noun	水車小屋|水車場
waterproof	adjective	防水|防水加工する
waterside	adjective	水辺の|水辺
watersport	noun	ウォータースポーツ
waterspout	noun	雨樋
watertight	adjective	水を通さない|水密
waterway	noun	水路
waterwheel plant	noun	狢藻
waterworks	noun	上水道
watery	adjective	水っぽい
watt	noun	ワット
wattage	noun	ワット数
wattled crane	noun	ホオカザリヅル
wattmeter	noun	電力計
wave	noun	波|周波|揺れる|振り動かす|振る|揺する
wave dash	noun	波ダッシュ
wave mechanics	noun	波動力学
wave packet	noun	波束
wave-particle duality	noun	粒子と波動の二重性
wavefunction	noun	波動関数
waveguide	noun	導波路
wavelength	noun	波長
wavellite	noun	銀星石
waver	verb	揺らぐ
wavy	adjective	くねくねした|ウエーブのかかった
wax	noun	成長|蝋|ワックス|蜜蝋|なる|大きい
wax paper	noun	蝋紙
waxflower	noun	桜蘭
waxing	noun	ワックス脱毛
waxwing	noun	連雀
waxwork	noun	蝋人形
way	noun	道|仕方|方法|手段|手口
way in	noun	入り口
way of life	noun	ライフスタイル|生き方|生活様式
way too	adverb	過ぎる
wayfarer	noun	旅人|トレッカー
waylay	verb	待ち伏せ
waypoint	noun	ウェイポイント|通過点
we		私達|我々|我ら|俺達|僕ら|僕達
weak	adjective	弱い|薄い|弱変化の|ださい
weak nuclear force	noun	弱い核力
weak spot	noun	弱点
weaken	verb	弱くする|弱くなる|弱気になる|衰える
weakling	noun	弱虫
weakness	noun	弱さ|弱小|脆弱|弱点|弱み|泣き所
wealth	noun	富|富裕|財|財産|豊富
wealthy	adjective	裕福|富有|豊か|金持
wean	verb	やめさせる|乳離れさせる
weaning	noun	卒乳
weapon	noun	武器|兵器
weapon of mass destruction	noun	大量破壊兵器
weaponry	noun	兵器|武器
wear	noun	服|着物|疲労|着る|履く|掛ける
wear away	verb	擦り減らす|擦り減る
wear off	verb	消える
wear out	verb	擦り減らす|擦り減る|疲れさせる|疲れる
wear rose-colored glasses	verb	色眼鏡で見る|色眼鏡を掛ける
wearing	adjective	疲れる
weary	adjective	疲れた
weasel	noun	飯綱|イタチ|鼬|鼬鼠
weather	noun	天気|気象|天候|乗り切る
weather forecast	noun	天気予報
weather forecaster	noun	気象予報士
weather front	noun	前線
weather report	noun	天気予報
weather satellite	noun	気象衛星
weather station	noun	気象台|気象官署
weather vane	noun	風見鶏
weather-beaten	adjective	風雨にさらされた
weathercock	noun	風見鶏
weathering	noun	風化
weatherman	noun	天気予報係
weave	noun	編み方|縫う|編む|織る|張る
weaver	noun	織工|幡屋|織子|機織鳥
weaving	noun	織り
web	noun	網|ウェブ
web browser	noun	ウェブブラウザ|ブラウザ
web conference	noun	ウェブ会議
web design	noun	ウェブデザイン
web designer	noun	ウェブデザイナー
web hosting	noun	ウェブホスティング
web page	noun	ウェブページ|ホームページ
web scraping	noun	Webスクレイピング
web server	noun	ウェブサーバー
webcam	noun	ウェブカム|ウェブカメラ
webcomic	noun	ウェブまんが|ウェブコミック
weber	noun	ウェーバ
webinar	noun	ウェビナー
website	noun	ウェブサイト|サイト
webtoon	noun	ウェブトゥーン
wedding	noun	結婚式|婚礼
wedding cake	noun	ウェディングケーキ
wedding dress	noun	ウェディングドレス|花嫁衣装
wedding ring	noun	結婚指輪
wedge	noun	楔|一切れ
wedgie	noun	ウェッジー
wee	adjective	小っちゃい|おしっこ
wee-wee	noun	おちんちん|おしっこ
weed	noun	雑草|柴|クサ|ヒヨッコ|役立たず|雑草を抜く
weed out	verb	取り除く
weedkiller	noun	除草剤
week	noun	週|週間
weekday	noun	平日|ウィークデー|週日
weekend	noun	週末|土日
weekly	adjective	毎週|週刊
weep	verb	泣く|しくしく|すすり泣く
weeping willow	noun	枝垂柳|シダレヤナギ
weevil	noun	ゾウムシ|象虫
weft	noun	横糸|緯
weigh	verb	量る|重さを計る|気に掛ける|抜錨する|錨を上げる
weigh anchor	verb	抜錨
weigh up	verb	評価する
weighing machine	noun	体重計|秤
weight	noun	重さ|重量|体重|重り|分銅|重み
weight gain	noun	体重増加
weight loss	noun	体重減少
weight training	noun	筋力トレーニング
weightlessness	noun	無重力|無重量
weightlifter	noun	重量挙げ選手
weightlifting	noun	重量挙げ|ウエイトリフティング
weir	noun	堰|梁漁
weird	adjective	おかしい|変|変わった
weirdo	noun	変な人
welcome	adjective	歓迎すべき|ようこそ|いらっしゃいませ|いらっしゃい|歓迎|挨拶
welcome back		お帰り|お帰りなさい
weld	verb	溶接
welder	noun	溶接工
welding	noun	溶接
welfare	noun	福祉|幸せ|幸福
welfare state	noun	福祉国家
well	adjective	元気|良く|おやおや|ええと|あのう|うーん|井戸|にじみ出る
well done	adjective	よくできた|ウェルダン|よくできました|善哉！|天晴れ！|良くやった！
well said		よく言った
well-balanced	adjective	常識のある|バランスの取れた
well-behaved	adjective	行儀のいい
well-being	noun	福利|福祉
well-known	adjective	名高い
well-read	adjective	多読
wellwater	noun	井戸水|井水
wendigo	noun	ウェンディゴ
were-		人間
werebear	noun	熊人間|熊男|人熊|熊人
werecat	noun	猫人間
werefox	noun	狐人間
werehyena	noun	ハイエナ人間
werejaguar	noun	ジャガー人間
wereleopard	noun	豹人間
werelion	noun	ライオン人間
wererat	noun	鼠人間|鼠男|人鼠
weretiger	noun	人虎|虎人間|虎男|虎人
werewolf	noun	狼男|人狼|狼人間|狼人
west by north	noun	西微北
west by south	noun	西微南
west-northwest	noun	西北西
west-southwest	noun	西南西
western	adjective	西の|西方の|ウェスタン|ウエスタン|西部劇
western orphean warbler	noun	メジロムシクイ
western barn owl	noun	メンフクロウ
western cattle egret	noun	アマサギ
western marsh harrier	noun	ヨーロッパチュウヒ
western sandpiper	noun	ヒメハマシギ
western slaty antshrike	noun	ニシハイイロアリモズ
westerner	noun	欧米人|西洋人
westernization	noun	欧米化|西洋化
wet	adjective	湿っぽい|濡れた|濡れる|濡らす
wet behind the ears	adjective	尻が青い
wet bulb temperature	noun	湿球温度
wet dream	noun	夢精
wet nurse	noun	乳母
wet one's whistle	verb	喉を潤す
wet t-shirt contest	noun	濡れTシャツコンテスト
wet the bed	verb	ベッドを濡らす
wet wipe	noun	ウェットティッシュ|ウェットワイプ
wetland	noun	湿地
wetsuit	noun	ウェットスーツ
wettability	noun	濡れ性
whale	noun	鯨|クジラ|勇魚
whale oil	noun	鯨油
whale shark	noun	ジンベエザメ
whale watching	noun	ホエールウォッチング
whaling	noun	捕鯨
whaling station	noun	捕鯨基地
wharf	noun	波止場|埠頭|桟橋
what		何と|何|こと|の|物|なん
what a lovely day		いいお天気ですね
what a pity		残念
what about	adverb	いかが|どう|は
what are you doing		なにそれ|何してるの？|何をしていますか
what date is it today		今日は何日ですか
what do you mean		どういうことですか？
what do you want		なんでしょう?
what does … mean		…の意味は何ですか
what for	adverb	どうして
what goes around comes around		業によりて果を引く|因果応報|自業自得
what is more	adverb	さらに|その上
what is that		あれはなんですか|これは何ですか|これは何？
what is the wi-fi password		WiFiのパスワードは何ですか？
what is your name		お名前は何ですか|お名前は？
what kind of		どんな
what kind of music do you like		どんな音楽が好きですか
what languages do you speak		何語が話せますか
what number	adverb	何番目|幾つ目
what should i do		[[何すればいいの？]]
what the fuck		一体なんだ|一体全体なんだ
what the hell		なんだよ、これ|一体なんだ|一体全体なんだ
what time is it		何時ですか|何時？
what you see is what you get		見たままが得られる
what's done is done		覆水盆に返らず
what's new		お変わりありませんか|最近、何かあった
what's the matter		どうしたの？|どうしたんですか|どうしましたか
what's your job		仕事|仕事は何ですか
what's your phone number		電話番号は何ですか|電話番号は？
whataboutism	noun	そっちこそどうなんだ主義
whatchamacallit	noun	何々|何とか
whatever		何...も|何でも|何事も|ご勝手に！|どうでもいい！|勝手にしろ
whatever it takes	noun	何が何でも
wheat	noun	小麦|コムギ
wheat flour	noun	小麦粉|メリケン粉
wheat germ	noun	小麦胚芽
wheel	noun	車輪|車|輪|舵輪
wheel and axle	noun	輪軸
wheelbarrow	noun	猫車|手押し車|猫
wheelchair	noun	車椅子|ホイールチェア
wheelwright	noun	車大工
wheeze	noun	喘鳴
whelk	noun	エゾバイ|ツブ
when	adverb	いつ|何時|頃|したら|とき|時
when in rome, do as the romans do		郷に入っては郷に従え|郷に入りては郷に従え
when it comes to		と来たら|と言えば|なら|は
when it rains, it pours		悪いことは重なります
when life gives you lemons, make lemonade		災い転じて福となす|禍転じて福と為す
when pigs fly	adverb	枯れ木に花咲く
when push comes to shove		いざ|いざとなると
when the cat's away the mice will play		鬼いぬ間の洗濯|鼬無き間の貂誇り|鼬無き間の鼠
whence	adverb	どこから
whenever		いつでも
where	adverb	どこ|何処|そこ|どうなる|場所|とこ
where are we		ここはどこですか|私たちはどこにいますか
where are you		あなたはどこにいますか？|どこにいるの？
where are you from		ご出身はどちらですか|どこから来ましたか
where do you live		どこに住んでいますか？|どこに住んでいる？
where does this bus go		このバスはどこへ行きますか。
where does this train go		この列車はどこへ行きますか
where is the toilet		お手洗いはどこですか|トイレはどこですか
where there is a will there is a way		思う念力岩をも通す|愚公山を移す|為せば成る|百姓の息が天に昇る|精神一到何事か成らざらん|蟻の思いも天に届く
where there's smoke, there's fire		火のないところに煙は立たない
whereabouts	noun	在所|所在
whereafter	adverb	それ以来
wherefore		何故
wherever		どこでも
wherewithal	noun	甲斐性
whether		かどうか|か|か否か
whetstone	noun	砥石|磨石
whey	noun	乳清
which		どの|どれ|の
while	noun	ながら|時|間|期間
whim	noun	気紛れ
whimbrel	noun	中杓鴫
whinchat	noun	眉白野鶲
whinge	noun	泣き事
whip	noun	鞭|鞭打つ
whiplash	noun	むち打ち
whipped cream	noun	ホイップクリーム|泡立てクリーム
whippersnapper	noun	青二才
whirlpool	noun	渦
whirlwind	noun	旋風
whisk	noun	泡立て器
whisker	noun	洞毛
whiskered tern	noun	黒腹鯵刺
whiskey	noun	ウイスキー|ウィスキー
whisper	noun	囁き|私語|囁く|ささやく
whistle	noun	ホイッスル|呼び子|笛|口笛|汽笛|口笛を吹く
whistle-blower	noun	内部告発者
white	adjective	白い|白色|白|白人|白蝶|白球
white christmas	noun	ホワイトクリスマス
white balance	noun	ホワイトバランス
white blood cell	noun	白血球
white bread	noun	白パン
white chocolate	noun	ホワイトチョコレート|ホワイトチョコ
white clover	noun	白詰草
white coat	noun	白衣
white coffee	noun	カフェオレ
white devil	noun	洋鬼子
white dwarf	noun	白色矮星
white flag	noun	白旗
white gold	noun	ホワイトゴールド|白色金
white goods	noun	白物家電
white goosefoot	noun	シロザ|白藜
white hole	noun	ホワイトホール
white iron	noun	白鋳鉄
white knight	noun	白騎士
white lie	noun	悪意のない嘘|罪のない嘘
white light	noun	白色光
white magic	noun	白魔術
white matter	noun	白質
white night	noun	白夜
white noise	noun	ホワイトノイズ
white paper	noun	白書|ホワイトペーパー
white pepper	noun	白胡椒
white poplar	noun	銀泥
white stork	noun	朱嘴鸛
white sugar	noun	白砂糖
white supremacy	noun	白人優越主義|白人至上主義
white tea	noun	白茶
white terror	noun	白色テロ
white tongue	noun	白い舌
white trash	noun	プアホワイト|ホワイトトラッシュ
white wine	noun	白ワイン|白葡萄酒
white-backed black tit	noun	セジロクロガラ
white-bearded antshrike	noun	ホオジロアリモズ
white-bellied tit	noun	シロハラクロガラ
white-blue-white flag	noun	白青白旗
white-collar	adjective	ホワイトカラー
white-eye	noun	目白
white-eyed gull	noun	メジロカモメ
white-haired	adjective	白髪
white-naped tit	noun	ハジロシジュウカラ
white-rumped sandpiper	noun	コシジロウズラシギ
white-shouldered antshrike	noun	シロボシアリモズ
white-tailed eagle	noun	尾白鷲
white-tailed lapwing	noun	オジロゲリ
white-throated dipper	noun	胸白川烏
white-throated kingfisher	noun	青翡翠
white-winged black tit	noun	ハジロクロガラ
white-winged tern	noun	羽白黒腹鯵刺
whitebait	noun	白子
whiteboard	noun	ホワイトボード|白板
whitefish	noun	ホワイトフィッシュ
whitelist	noun	ホワイトリスト
whiten	verb	白くする|白くなる|白ばむ|白む|白める
whiteout	noun	猛吹雪
whitethroat	noun	喉白虫喰
whither	adverb	どこ
whiting	noun	鱚
whitish	adjective	白っぽい
whitlow	noun	瘭疽
who		誰|どなた|だれ|どちらさま
who are you		あなたは誰ですか
who keeps company with the wolf will learn to howl		朱に交われば赤くなる
who knows		…かもしれない|さあ？
whoa		どう|どうどう
whodunit	noun	クライム・ノベル|推理小説|犯罪小説
whole	adjective	全体|全体を
whole milk	noun	全乳
wholegrain	noun	全粒
wholeheartedly	adverb	ずい|一心|一心不乱|切なる|懇ろ
wholesale	noun	卸売
wholesaler	noun	問屋
whoopee cushion	noun	ブーブークッション
whooper swan	noun	オオハクチョウ
whoopie cushion	noun	ブーブークッション
whooping cough	noun	百日咳
whopper	noun	真っ赤な嘘
whore	noun	売春婦|娼婦|させ子|やりまん|パンスケ|売女|売春婦を買う
whose		どなた|誰
why	adverb	何故|なんで|どうして
why not	adverb	当たり前でしょ|もちろん
wick	noun	芯|ろうそくの芯|灯心
wicked	adjective	意地悪い|腕白|邪悪|凄い|素敵|素晴らしい
wicker	noun	小枝|籐
wickerwork	noun	枝編み細工
wide	adjective	広い|幅広い
wide area network	noun	ワイド・エリア・ネットワーク|ワン
widen	verb	広がる|広まる|広げる|広める|大きい|拡張する
widescreen	adjective	ビスタ・サイズ|ワイドスクリーン|ワイド画面
widow	noun	後家|未亡人|寡婦|空き家|ウィドー|孤立行
widow-maker	noun	ウィドウ・メーカー
widower	noun	男やもめ|寡夫
width	noun	巾|幅
wield	verb	使いこなす
wife	noun	妻|奥さん|夫人|家内|奥様|ご夫人
wife carrying	noun	奥様運び
wig	noun	鬘|仮髪|ウィッグ
wigeon	noun	緋鳥
wigwam	noun	ウィグワム
wiki	noun	ウィキ|ウィキする|ウィキる
wiki markup	noun	ウィキマークアップ
wikification	noun	ウィキ化
wikify	verb	ウィキ化
wikitext	noun	ウィキテキスト
wilco		了解
wild	adjective	野生の
wild animal	noun	野生動物
wild boar	noun	猪|野猪
wild card	noun	ワイルドカード
wild cotton	noun	フウセンダマノキ|フウセントウワタ
wild goat	noun	ノヤギ|パサン|野山羊
wild goose	noun	雁
wild pansy	noun	三色菫
wild pitch	noun	暴投
wild strawberry	noun	野苺
wild turkey	noun	七面鳥
wild turmeric	noun	姜黄
wildcard	noun	ワイルドカード
wildcat	noun	ヤマネコ|山猫
wilderness	noun	原野|荒野
wildfire	noun	山火事|森林火災|山林火災
wildflower	noun	野花
wildlife	noun	野生動物
wildness	noun	野性
wile	noun	策略
will o' the wisp	noun	ウィルオウィスプ|ウィル・オー・ザ・ウィスプ|鬼火
will you marry me		僕と結婚してください|私と結婚してくれませんか
willie wagtail	noun	横振扇鶲
willingly	adverb	進む
willow	noun	柳
willow grouse	noun	樺太雷鳥
willow tit	noun	小雀|コガラ
willow warbler	noun	北柳虫食
willpower	noun	意力|意志力|気力|精神力
willy	noun	ちんちん|おちんちん
wily	adjective	狡い|狡猾
wimp	noun	弱虫|臆病者
win	noun	勝利|勝ち|勝つ
winch	noun	ウインチ
wind	noun	風|かぜ|息|気を失う|おなら|屁|巻く
wind back	verb	巻き戻す
wind chimes	noun	鐸|風鈴|風鐸
wind farm	noun	ウィンドファーム|集合型風力発電所
wind instrument	noun	管楽器
wind power	noun	風力
wind speed	noun	風速
wind turbine	noun	風力タービン
windbreaker	noun	ウインドブレーカー
windcatcher	noun	バードギール
windfall	noun	僥倖
winding	adjective	曲がりくねる
windmill	noun	風車|風車小屋|風車奏法|ウインドミル
window	noun	窓|窓口|ウィンドウ
window manager	noun	ウィンドウマネージャー
window screen	noun	網戸
window seat	noun	窓側の席|窓側席|窓側座席
window-shopping	noun	ウィンドウショッピング
windowpane	noun	窓ガラス
windowsill	noun	窓台
windpipe	noun	気管
windproof	adjective	防風
windshield	noun	フロントガラス
windshield wiper	noun	ワイパー
windsurfing	noun	ウィンドサーフィン
windy	adjective	風の吹く|風の強い|空疎
wine	noun	ワイン|葡萄酒|果実酒|ワインカラー
wine and dine	verb	もてなす|供応する|ご馳走になる
wine bar	noun	ワインバー
wine bottle	noun	ワインボトル
wine cellar	noun	ワインセラー
wine glass	noun	ワイングラス|杯
wine vinegar	noun	ワインビネガー
winecup	noun	酒杯
winery	noun	ワイナリー|ワイン醸造所
wing	noun	翼|羽|飛行隊|フェンダー
wing it	verb	臨機応変
winged bean	noun	四角豆
wink	noun	ウインク|瞬く
winnable	adjective	勝ち目|得る
winner	noun	勝者|勝利者|ウィナー|優勝者
winnow	noun	箕
winnowing basket	noun	箕
winnowing fan	noun	箕
winter	noun	冬|冬季|ふゆ|冬を過ごす|冬越しする|冬を越させる
winter melon	noun	トウガン
winter solstice	noun	冬至
winter sport	noun	ウィンタースポーツ
winter storm	noun	冬の嵐
wipe	noun	ウェットティッシュ|拭く
wipe off	verb	拭く
wipe out	verb	一掃
wipe the floor with someone	verb	叩き伏せる
wire	noun	針金|ワイヤー|線|電線
wire cutters	noun	ニッパー
wire transfer	noun	振り込み|電信送金
wireless	adjective	無線|ワイヤレス|無線機
wireless network	noun	ワイヤレスネットワーク|無線ネットワーク
wiretap	noun	盗聴器|盗聴器を仕掛ける
wisdom	noun	知恵|知識|英知
wisdom tooth	noun	親知らず
wise man	noun	哲人|賢人|賢者
wisent	noun	ヨーロッパバイソン
wish	noun	希望|願い|願望|望む|願う|欲する
wishbone	noun	叉骨
wishful thinking	noun	希望的観測|甘い考え|皮算用
wisteria	noun	藤
witch	noun	魔女|鬼女
witch doctor	noun	呪術医
witch's milk	noun	奇乳|鬼乳|魔乳
witch-hunt	noun	魔女狩り
witchcraft	noun	魔法|魔術|妖術
with		と|とともに|一緒|…を伴って|…付きの|…に賛成して
with a grain of salt	adverb	話半分
with all due respect		お言葉ですが|全ての敬意をもって
with all one's heart		心を込めて|真心を込めて|真心込めて
with no further ado		右から左へ
with pleasure		喜ぶ|進む
with respect to		について
withdraw	verb	取り消す|引き上げる|引き出す|手を引く|下ろす|後退
withdrawal	noun	出金|引き出し|禁断症状
wither	verb	枯れる
within		の中に|以内
without		なし|無し
without fail		是非
withstand	verb	反抗|堪える|抵抗|撃退|耐える
witness	noun	証|証人|目撃者|目撃
wizard	noun	魔法使い|魔術師|ウィザード|魔男
wizardry	noun	呪術|魔法|魔術|才能|有能
woad	noun	細葉大青
wobble	noun	フラフラ|ブラブラ|震え|ぶれる|ブラブラする|震える
wobbly	adjective	ブラブラした
woe		ああ|あたら
wok	noun	中華鍋
woke	adjective	ポリコレ
wokeism	noun	ウォキズム|覚醒主義
wokou	noun	倭寇
wolf	noun	狼|オオカミ|ウルフ
wolf cub	noun	子オオカミ
wolf in sheep's clothing	noun	猫被り|羊の皮を着た狼
wolfberry	noun	クコ|クコの実|クコの果実|枸杞
wolfhound	noun	ウルフハウンド
wolfpack	noun	オオカミの群れ
wollastonite	noun	珪灰石
wolse	noun	月貰
wolverine	noun	クズリ|屈狸|貂熊
woman	noun	女|女性|女の人|女人
woman of the world	noun	粋人
womanizer	noun	女たらし
womanly	adjective	女らしい
womb	noun	子宮|母胎
wombat	noun	ウォンバット
women's rights	noun	女権
women's shelter	noun	DVシェルター
women's studies	noun	女性学
won	noun	ウォン
wonder	noun	驚嘆|驚異
wonderful	adjective	素晴しい
wonderland	noun	おとぎの国|不思議な国|仙境
wonton	noun	ワンタン|雲呑
woo	verb	求愛
wood	noun	木|木材
wood apple	noun	ゾウノリンゴ|ナガエミカン
wood duck	noun	アメリカオシ
wood ear	noun	木耳
wood hedgehog	noun	鹿の舌
wood pigeon	noun	森鳩
wood sandpiper	noun	タカブシギ
wood sorrel	noun	小深山傍食|酢漿草
wood warbler	noun	森虫喰
woodblock printing	noun	木版
woodcock	noun	ヤマシギ|山鷸
woodcreeper	noun	鬼木走
woodcut	noun	木版術
woodcutter	noun	樵
wooden	adjective	木製|木偶の坊|無表情
wooden fish	noun	木魚
wooden spoon	noun	杓文字
woodlouse	noun	団子虫|草鞋虫
woodpecker	noun	啄木鳥|キツツキ
woodruff	noun	クルマバソウ
woodwind instrument	noun	木管楽器
woodworker	noun	指物師
woof	noun	ワンワン|横糸|緯|ワン|ウーとうなる
woofer	noun	ウーファー|低音域用スピーカー
wool	noun	ウール|羊毛
woolen	adjective	毛織物
wop	noun	ウォップ
word chain	noun	尻取り
word count	noun	字数
word of honor	noun	名誉の単語
word of mouth	noun	口コミ|口伝
word order	noun	語順
word processor	noun	ワードプロセッサ|ワープロ|ワープロソフト
wordhood	noun	単語性
wording	noun	言い回し|言葉遣い
wordmark	noun	ワードマーク
wordplay	noun	言葉遊び
wordy	adjective	くどい|くどくどしい|饒舌な
work	noun	仕事|職業|労働|ワーク|仕事場|労力|働く
work ethic	noun	労働観
work of art	noun	芸術作品|作品
work permit	noun	労働許可
work someone's ass off	verb	あくせく働く|がむしゃらに働く|一生懸命に働く|身を粉にして働く|馬車馬のように働く|齷齪働く
work-to-rule	noun	サボ|サボタージ|サボタージュ
workaholic	noun	仕事中毒|仕事の虫|働き中毒
workaholism	noun	仕事中毒
workbench	noun	ワークベンチ|仕事台|作業台
workbook	noun	ワークブック|練習帳
worker	noun	労働者|勤労者|働く
worker bee	noun	働きバチ|働き蜂
workers of the world, unite		万国の労働者よ、団結せよ
workers' party	noun	労働者党
workflow	noun	ワークフロー
workforce	noun	労働人口|労働力
working class	noun	労働者階級
working conditions	noun	労働条件
working day	noun	平日|労働日|仕事日|勤務日
working dog	noun	使役犬
working memory	noun	ワーキングメモリ
workman	noun	労働者
workout	noun	トレーニング|ワークアウト|運動
workplace	noun	職場|仕事場
workshop	noun	アトリエ|作業場|工房|ワークショップ|研修会|講習会
workspace	noun	ワークスペース
workstation	noun	ワークステーション
world	noun	世界|世|せかい|界|宇宙|ワールド
world cup	noun	W杯|ワールドカップ
world egg	noun	梵卵
world line	noun	世界線
world map	noun	世界地図
world order	noun	世界秩序
world peace	noun	世界平和
world power	noun	列強|大国
world record	noun	ワールドレコード|世界記録
world war	noun	世界大戦
world's oldest profession	noun	世界最古の職業
worldview	noun	世界観
worldwide	adjective	世界的|世界的に
worm	noun	蠕虫|ワーム|蚯蚓
worm lizard	noun	蚯蚓蜥蜴
wormhole	noun	ワームホール
wormwood	noun	苦蓬
worn-out	adjective	おんぼろ|ぼろぼろ|使い古す
worried	adjective	心配
worry	noun	心配|心配する|気にする|せがむ|困らす|じらす
worse	adjective	いっそう悪い|さらに…悪い|もっと悪い|より悪い
worsen	verb	悪い|悪化|改悪
worship	noun	礼拝|崇拝
worst	adjective	びり|ワースト|最低|最悪
worst comes to worst	adverb	最悪の場合
worst-case scenario	noun	予想される最悪の筋書き|最悪のシナリオ
wort	noun	草
worth	adjective	価値
worth it	adjective	価値がある
worth one's salt	adjective	有能
worthless	adjective	無価値|詰まらない|軽賎
worthy	adjective	値する|賢人
wotagei	noun	オタ芸|ヲタ芸
would like	verb	たい|欲しい
wound	noun	傷|怪我|傷付ける|怪我させる
wounded	adjective	負傷
wow		ワオ|うわ|わあ|すごい
wraith	noun	幽霊
wrap	verb	包む|包装
wrap-up	noun	まとめ
wrapper	noun	上包み|包装紙
wrapping paper	noun	包装紙
wrasse	noun	倍良|遍羅
wrath	noun	憤怒|激怒
wreath	noun	花輪
wreathe	verb	纏う
wreck	noun	敗残|荒廃|残骸|衝突|めちゃめちゃ|打ち壊す
wreckage	noun	残骸
wrecker	noun	解体屋|破壊者
wren	noun	ミソサザイ
wrench	noun	スパナ|レンチ
wrestle	verb	格闘
wrestler	noun	レスラー
wrestling	verb	レスリング
wriggle	verb	うごめく|のたくる
wring	verb	絞る
wrinkle	noun	皺|しわが寄る|皺ばむ
wrinkled	adjective	しわくちゃ
wrist	noun	手首
wristband	noun	袖口|バンド|リストバンド|腕輪
wristwatch	noun	腕時計
writ	noun	令状
write	verb	書く|かく|示す|書込む
write down	verb	書き留める|記す|値引き
writer	noun	作家|著者|筆者
writer's block	noun	ライターズ・ブロック
writing	noun	筆記|文字|ライティング|執筆|書く|著作
writing desk	noun	机|ライティングデスク|書き物机
wrong	adjective	誤る|違う|間違う|よくない|悪い|不適切な
wrong number	noun	間違い電話
wroth	adjective	激怒した
wrought iron	noun	錬鉄
wudu	noun	ウドゥ|ウドゥー
wumao	noun	五毛党
wushu	noun	武術
wuxia	noun	武侠
wuxing	noun	五行
wye	noun	ワイ
wyvern	noun	ワイバーン|飛竜
x-axis	noun	X軸
xanthan gum	noun	キサンタンガム
xanthene	noun	キサンテン
xanthine	noun	キサンチン
xebec	noun	ジーベック
xenobiology	noun	宇宙生物学
xenogender	noun	ゼノジェンダー
xenon	noun	キセノン
xenophobe	noun	ゼノフォーブ
xenophobia	noun	外国人恐怖症|外国人嫌悪|外国人排斥|外国人嫌い|排外主義
xenotransplantation	noun	異種移植
xerophthalmia	noun	眼球乾燥症
xerox	verb	コピー|ゼロックス|複写
xerox copy	noun	ゼロックス
xiangqi	noun	シャンチー|象棋
xiao	noun	簫
xiaolongbao	noun	小籠包
xingshu	noun	行書
xinomavro	noun	クシノマヴロ
xiphos	noun	サイフォス
xylene	noun	キシレン|キシロール
xylitol	noun	キシリトール
xylophone	noun	木琴|シロフォン
xyrospasm	noun	剃毛痙攣
y-axis	noun	Y軸
ya ba	noun	ヤーバー
yabghu	noun	ヤブグ|葉護
yacht	noun	ヨット|ボート|船
yachting	noun	ヨット遊び
yachtsman	noun	ヨット乗り
yada yada yada		云云
yak	noun	ヤク
yakata	noun	屋形
yaksha	noun	夜叉
yaku	noun	役
yakuza	noun	やくざ|ヤクザ|極道
yam	noun	ヤマノイモ|山芋|自然薯
yamen	noun	官衙
yandere	noun	ヤンデレ
yang	noun	陽
yangmei	noun	山桃
yangqin	noun	揚琴
yaodong	noun	ヤオトン|窰洞
yaoi	noun	やおい
yaoi hole	noun	やおい穴
yard	noun	庭|置き場|帆桁|ヤード|碼
yardstick	noun	判断の尺度
yarligh	noun	ジャルリグ
yarmulke	noun	キッパ|キッパー|ヤムルカ
yarn	noun	毛糸|糸|ほら話
yashmak	noun	ヤシュマク
yataghan	noun	ヤタガン
yawl	noun	ヨール
yawn	noun	欠伸|あくび|欠伸する
yaws	noun	森林梅毒
yay		やった|やったー|イェイ|イェーイ|万歳
yeah		やった|イェー|ああ|うん|ええ|そう
year	noun	年|学年
year in, year out	adverb	歳歳年年
yearbook	noun	年鑑
yearly	adjective	毎年|年一回|年刊
yearn	verb	切望|恋い慕う|憧れる
yearning	noun	あこがれ
yeast	noun	酵母|イースト|イースト菌
yeehaw		ヒーハー
yell	verb	叫ぶ
yellow	adjective	黄色い|黄色|臆病
yellow brain fungus	noun	黄金膠茸
yellow card	noun	イエローカード
yellow fever	noun	黄熱
yellow jersey	noun	マイヨ・ジョーヌ
yellow light	noun	黄信号
yellow mai	noun	キイロイマイ
yellow pages	noun	イエローページ
yellow peril	noun	黄禍論
yellow press	noun	イエロープレス|イエロー・ジャーナリズム
yellow tea	noun	黄茶
yellow tit	noun	タイワンシジュウカラ
yellow union	noun	御用組合
yellow-billed loon	noun	ハシジロアビ
yellow-breasted greenfinch	noun	黄腹河原鶸
yellow-cheeked tit	noun	セボシカンムリガラ
yellow-green	adjective	黄緑|黄緑色
yellow-legged gull	noun	キアシセグロカモメ
yellow-vented bulbul	noun	メグロヒヨドリ
yellowfin tuna	noun	黄肌|黄肌鮪
yellowhammer	noun	黄青鵐
yelp	noun	悲鳴|悲鳴をあげる
yem	noun	イェム
yen	noun	円|圓
yep		ああ|うん|ええ|そう
yes		やった|よし|はい|ええ|うん|いいえ
yes and no		そうとも言えるし、そうでないとも言える
yes man	noun	イエスマン
yes-man	noun	イエスマン
yes-no question	noun	一般疑問文
yessir		イエッサー|了解|了解しました
yesterday	adverb	昨日
yesteryear	noun	去年
yet	adverb	これまでで|まだ|もう|かつ
yeti	noun	イエティー|野人
yew	noun	イチイ|櫟|一位
yield	noun	利益|収穫|となる|になり|もたらす|譲る
yiff	noun	こんこん|イッフ|イッフする
yin	noun	陰
yin-yang	noun	陰陽
yinglong	noun	応竜|応龍
yipe		きゃあ
yo		よ
yo-yo	noun	ヨーヨー
yobibyte	noun	ヨビバイト
yobidashi	noun	呼び出し
yocto-		ヨクト-
yodel	noun	ヨーデル|ヨーデルする
yoga	noun	ヨーガ|ヨガ|瑜伽
yogi	noun	ヨギ
yogurt	noun	ヨーグルト
yokan	noun	羊羹
yoke	noun	衡|軛|頸木
yokel	noun	田舎者
yokozuna	noun	横綱
yolk	noun	卵黄|黄身|蛋黄
yon		あの|あれ
yonder	adverb	あそこ|彼方|あの|あれ
yoni	noun	ヨーニ
yoohoo		ヤッホー
yore	noun	昔|在りし日
yotta-		ヨタ-
yottabit	noun	ヨタビット
yottabyte	noun	ヨタバイト
you		そこの|あなた|この|君|お前|貴方
you and whose army		やれるものならやってみろ
you bet		もちろん
you can lead a horse to water, but you can't make it drink		馬を水辺に導く事は出来るが馬に水を飲ませる事は出来ない
you can say that again		その通り|それに違いない
you can't judge a book by its cover		看板に偽りなし
you can't make an omelette without breaking eggs		蒔かぬ種は生えぬ
you don't know what you're talking about		何も知らないくせに
you don't say		うそ|ほんと|マジ
you get what you pay for		安物買いの銭失い
you have beautiful eyes		君の目は綺麗だね
you know		あの|その|分かる
you scratch my back and i'll scratch yours		魚心あれば水心あり
you're never too old to learn		六十の手習い
you're right		その通りです|正しいです
you're welcome		いいえ|どういたしまして
you-know-who		くだんの|例の
young	adjective	若い|子供
young at heart	adjective	気が若い
younger	adjective	年下の
younger brother	noun	弟
younger sister	noun	妹|妹さん
youngest	noun	末っ子|末子
youngster	noun	小僧|若者
your		あなた|きみ|君
yours		あなたたちのもの|あなたのもの|きみたちのもの|きみのもの
yours faithfully	adjective	不一|不宣|敬具
yours sincerely	adjective	敬具|不一|不宣
yourself		本来の自分|自身|自分
yourselves		ご自分|御自分
youth	noun	若々しさ|青春|若さ|未熟さ|青春時代|若年
youth hostel	noun	ユースホステル
youthful	adjective	若々しい
youtiao	noun	油条
ytterbium	noun	イッテルビウム|鐿
yttrium	noun	イットリウム
yuan	noun	ユアン|元|人民元
yuck		ゲ|げっ|ゲッ|げ
yukata	noun	浴衣
yukhoe	noun	ユッケ
yum	adjective	美味い
yum cha	noun	ヤムチャ|飲茶
yummy	adjective	美味しい|おいしい|うまい|旨い
yumoji	noun	湯文字
yunluo	noun	雲鑼
yup		ああ|うん
yuppie	noun	ヤッピー
yurt	noun	ゲル|包|ユルト
z-axis	noun	Z軸
zaatar	noun	ザアタル|ザータル
zabaglione	noun	サバイヨン|ザバイオーネ|ザバイヨーネ|ザバリョーネ
zaibatsu	noun	財閥
zakat	noun	ザカート
zap	verb	なぐる|殺す|削除する
zatsudan	noun	雑談
zeal	noun	熱情|熱意|情熱|意気込み|気勢
zealot	noun	熱狂者|狂信者
zealous	adjective	熱心
zealously	adverb	熱狂的
zebibyte	noun	ゼビバイト
zebra	noun	縞馬|シマウマ
zebra crossing	noun	横断歩道
zebra finch	noun	錦華鳥
zebra shark	noun	トラフザメ|虎斑鮫
zebu	noun	瘤牛|インド牛|ゼブ|犎牛
zee	noun	ゼット|ゼッド|ズィー
zeitgeist	noun	時代精神
zelkova	noun	欅
zemstvo	noun	ゼムストヴォ
zenith	noun	天頂|絶頂|頂点
zephyr	noun	微風|ゼファー
zepto-		ゼプト-
zeptomole	noun	ゼプトモル
zero	adjective	空|ゼロ|零|〇|０|零点
zero gravity	noun	無重力
zero tolerance	noun	ゼロトレランス
zero-sum game	noun	ゼロサムゲーム|ゼロ和ゲーム
zeroth	adjective	ゼロ番目|第ゼロ|第零|零番目
zest	noun	熱意
zeta	noun	ゼータ
zetta-		ゼタ-
zettabit	noun	ゼタビット
zettabyte	noun	ゼタバイト|ゼッタバイト
zeugma	noun	軛語法
zhanmadao	noun	斬馬刀
ziggurat	noun	ジッグラト
zigzag	adverb	ジグザグ|雁木|ジグザグに進む
zilch	noun	何も
zinc	noun	亜鉛
zinc oxide	noun	亜鉛白|亜鉛華|酸化亜鉛
zip code	noun	ジップコード
zip fastener	noun	ジッパー|ジップファスナー|チャック|ファスナー|線ファスナー
zip up	verb	…のファスナーを締める|圧縮する
zipline	noun	ジップライン
zircon	noun	ジルコン
zirconium	noun	ジルコニウム
zither	noun	ツィター
ziti	noun	ズィーティ
zitting cisticola	noun	雪加
zivania	noun	ジヴァニア
zloty	noun	ズウォティ|ズロティ
zodiac	noun	十二宮|星座|ゾディアック|黄道帯
zoisite	noun	灰簾石|黝簾石
zombie	noun	ゾンビ
zone	noun	地帯|地区|地域|場所|ストライクゾーン|仕切る
zongzi	noun	ちまき|粽
zoo	noun	動物園
zookeeper	noun	飼育員
zoolatry	noun	動物崇拝
zoological	adjective	動物学
zoological garden	noun	動物園
zoologist	noun	動物学者
zoology	noun	動物学
zoom	verb	猛スピードで進む
zoom in	verb	クローズアップ|ズームイン|拡大
zoom lens	noun	ズームレンズ
zoom out	verb	ズームアウト|縮小
zoonosis	noun	ズーノーシス
zoophilia	noun	ズーフィリア|獣姦
zoophobia	noun	動物恐怖症
zorbing	noun	ゾービング|ゾーブ
zubrowka	noun	ズブロッカ
zucchetto	noun	カロッタ
zydeco	noun	ザイデコ|ザディコ
zygopteran	noun	糸蜻蛉
zygote	noun	接合子|受精卵
zymogen	noun	酵素前駆体
zymology	noun	醸造学
zythology	noun	ビール学
zzz		すやすや|ズズズ
álava	noun	アラバ
åland	noun	オーランド諸島
ålesund	noun	オーレスン
æsir	noun	アサ神族|アース神族
çanakkale	noun	チャナッカレ
île-de-france	noun	イル＝ド＝フランス|イル·ド·フランス
ü-tsang	noun	ウー・ツァン
ürümqi	noun	烏魯木斉
éclair	noun	エクレア|エクレール
éminence grise	noun	黒幕
điện biên phủ	noun	ディエンビエンフー|奠邊府
đà nẵng	noun	ダナン
ōkawa	noun	大川
ōmura	noun	大村
ōnan	noun	邑南
ōno	noun	大野
ōshima	noun	大島
ōta	noun	太田
ōtawara	noun	大田原
ōtsuki	noun	大月
ōyamatsumi	noun	大山津見|大山祇|大山積|大山積命|大山積神
śākyamuni buddha	noun	釈迦|釈迦牟尼
śāntideva	noun	寂天
śarīra	noun	仏舎利
ǃxóõ	noun	コン語
ʾiḍāfa	noun	イザーファ
λ/4 film	noun	λ/4板
い-adjective	noun	形容詞
な-adjective	noun	形容動詞
