lemma	part_of_speech	translations
's		蜂
free	adjective	有|自由|免費|放
ish	adverb	不多|大約
less	adverb	有|减
like	verb	像|喜欢
sama		像
y		像
101	adjective	入门
2cv	noun	鴨
a coruña	noun	拉科鲁尼亚
a minor	noun	小調
a-bomb	noun	原子弹
a-minor	noun	小調
abc	noun	字母表
ac	noun	交流
ad	adverb	公元
ai	noun	人工智能
ai winter	noun	人工智慧低谷|人工智能之冬
aids	noun	艾滋病
and	noun	与|和|以及
atm	noun	自动取款机
aachen	noun	阿亨
aarhus	noun	奥尔胡斯
abdullah	noun	阿卜杜拉
abel	noun	亚伯
abidjan	noun	阿比让
abiko	noun	我孫子
abkhaz	adjective	阿布哈兹语
abkhazia	noun	阿布哈茲|阿布哈兹
aborigine	noun	土著|土着
abraham	noun	亞伯拉罕
abram	noun	亞伯拉罕
abruzzo	noun	阿布魯佐
abu dhabi	noun	阿布扎比
abyssinia	noun	阿比西尼亚
acadia	noun	阿卡迪亚
accra	noun	阿克拉
achilles	noun	阿喀琉斯
achilles heel	noun	跟腱
achilles tendon	noun	跟腱
acre	noun	阿克里州|英亩
adam	noun	亞當|亚当
addis ababa	noun	亚的斯亚贝巴|亞的斯亞貝巴
adelie penguin	noun	阿德利企鵝
adige	noun	阿迪杰河
adonis	noun	阿多尼斯
adrian	noun	阿帝安
adriatic sea	noun	亚得里亚海
adyghe	noun	阿迪格語
aegean sea	noun	爱琴海
aeneid	noun	埃涅阿斯纪
aeolian harp	noun	风弦琴
aeschines	noun	埃斯基涅斯
aeschylus	noun	埃斯库罗斯
aesop	noun	伊索
afghan	adjective	阿富汗的|阿富汗人
afghanistan	noun	阿富汗
africa	noun	非洲
african	noun	非洲人
african union	noun	非洲联盟
afrikaans	noun	南非荷兰语|南非语
afro-eurasia	noun	欧亚非大陆
age of enlightenment	noun	启蒙时代
agrigento	noun	阿格里真托
agrinio	noun	阿格林尼翁
aguascalientes	noun	阿瓜斯卡连特斯
ain	noun	安河
ainu	adjective	阿伊努
aion	noun	万古
aisne	noun	埃纳河
aizuwakamatsu	noun	會津若松
ajaccio	noun	阿雅克肖
akaiwa	noun	赤磐
akan	noun	阿坎语
akashi	noun	明石
aki	noun	安藝
aksum	noun	阿克苏姆
alabama	noun	亚拉巴马
alaska	noun	阿拉斯加
albania	noun	阿尔巴尼亚|阿爾巴尼亞
albanian	adjective	阿尔巴尼亚语|阿尔巴尼亚的|阿尔巴尼亚人|阿爾巴尼亞語
albert	noun	艾伯特
alberta	noun	艾伯塔省
alcoholics anonymous	noun	匿名戒酒會
aleppo	noun	阿勒颇
aleppo pine	noun	地中海松
alexander	noun	亚历山大
alexandria	noun	亚历山大
alexandroupoli	noun	亞歷山德魯波利斯
algeria	noun	阿尔及利亚|阿爾及利亞
algiers	noun	阿尔及尔
alice	noun	愛麗斯
allah	noun	安拉
allied	adjective	同盟的
allier	noun	阿列省
allies	noun	同盟国
almaty	noun	阿拉木图
almighty	noun	万能 [wànnéng]|全能的
alpes-maritimes	noun	滨海阿尔卑斯省
alpes-de-haute-provence	noun	上普罗旺斯阿尔卑斯省
alps	noun	阿尔卑斯山
alsace	noun	阿尔萨斯
altai	noun	阿尔泰山脉
altdorf	noun	阿尔特多夫
amalthea	noun	木星五
amami	noun	奄美
amazon	noun	亚马逊河
amazon rainforest	noun	亚马孙古陆
amazonas	noun	亚马逊河
amazonia	noun	亚马孙古陆
ameland	noun	阿默蘭島
american	noun	美国人
american civil war	noun	南北戰爭
american dream	noun	美国梦
american english	noun	美国英语
american samoa	noun	美属萨摩亚|美屬薩摩亞
american sign language	noun	美国手语
american bison	noun	美洲野牛
american black bear	noun	狗熊
american bullfrog	noun	牛蛙
american football	noun	美式足球
american lobster	noun	波士頓龍蝦
americanize	verb	美国化
americas	noun	美洲
amharic	noun	阿比西尼亚官语
amitābha	noun	無量光佛
amman	noun	安曼
amos	noun	阿摩司书
amsterdam	noun	阿姆斯特丹
amur	noun	黑龙江
anabaptism	noun	再洗礼派
anastasia	noun	阿纳斯塔西娅
anatolia	noun	安纳托利亚
ancient greece	noun	古希腊
ancient greek	noun	古代希腊语
ancona	noun	安科纳
andalusia	noun	安达卢西亚
andaman sea	noun	安达曼海
andean condor	noun	禿鷹 秃鹰
andes	noun	安地斯山脈
andhra pradesh	noun	安得拉邦
andorra	noun	安道尔
andorra la vella	noun	安道尔城
andrew	noun	安德鲁
andromache	noun	安德洛玛刻
andromeda	noun	仙女座
angara	noun	安加拉河
angela	noun	天使
angelo	noun	天使
anglia	noun	捕魚
anglicanism	noun	聖公宗
anglicism	noun	英國英語
anglo-		英語
anglo-saxon	adjective	盎格魯-撒克遜
anglophone	noun	操英語的
anglosphere	noun	英语圈
angola	noun	安哥拉
anguilla	noun	安圭拉
anhui	noun	安徽
ankara	noun	安卡拉
ann	noun	安娜
annaka	noun	安中
annam	noun	安南
anno domini	adverb	公元
antananarivo	noun	安塔那那利佛
antarctic	adjective	南极洲
antarctica	noun	南极洲
antares	noun	心宿二
antes	noun	之前
anthony	noun	安东尼
anthropocene	noun	人類世
antichrist	noun	反基督|敌基督
antigua and barbuda	noun	安提瓜和巴布达|安提瓜岛和巴布达
antikythera	noun	安迪基西拉岛
antiquity	noun	古代
antlia	noun	唧筒座
antonius	noun	安托万
antwerp	noun	安特卫普
anubis	noun	阿努比斯
ao	noun	江|鰲|敖
apennines	noun	亞平寧山脈
aphrodite	noun	阿佛洛狄忒
apocalypse	noun	启示录
apollo	noun	阿波罗
apostle	noun	使徒
appalachians	noun	阿巴拉契亚山脉
aprelivka	noun	阿普雷利夫卡
april	noun	四月
april fools' day	noun	愚人節
april fool	noun	愚人節
apulia	noun	普利亚
apus	noun	天燕座
aqaba	noun	亞喀巴
aquarius	noun	寶瓶座
aquila	noun	天鷹座
aquitaine	noun	阿基坦
ara	noun	天坛座
arab	noun	阿拉伯人
arab republic of egypt	noun	阿拉伯埃及共和国
arab world	noun	阿拉伯世界
arabia	noun	阿拉伯
arabian	adjective	阿拉伯|阿拉伯人
arabian peninsula	noun	阿拉伯半岛
arabian sea	noun	阿拉伯海
arabic	adjective	阿拉伯语|阿拉伯|阿拉伯語
arabic numeral	noun	阿拉伯数字
arabize	verb	阿拉伯化
aragonese	adjective	阿拉贡语|阿拉贡人
aral sea	noun	咸海
aramaic	adjective	亚拉姆语
aramean	noun	阿拉姆語
arawak	adjective	阿拉瓦
arcadia	noun	阿卡迪亚
archimedes	noun	阿基米德
arctic	adjective	北极
arctic ocean	noun	北冰洋
arcturus	noun	大角
ardennes	noun	阿登省
ardèche	noun	阿尔代什省
ares	noun	阿瑞斯
arezzo	noun	阿雷佐
argentina	noun	阿根廷
argentine	noun	阿根廷
argentine republic	noun	阿根廷共和国
ari	noun	阿里
arida	noun	有田
ariel	noun	天卫一
aries	noun	白羊座
aristophanes	noun	阿里斯托芬
aristotelianism	noun	亞里斯多德主義
aristotle	noun	亚里士多德
arizona	noun	亞利桑那
ariège	noun	阿列日河
arkansas	noun	阿肯色
arkhangai	noun	後杭愛
arles	noun	亞爾
armenia	noun	亚美尼亚|亞美尼亞
armenian	noun	亚美尼亚人|亚美尼亚语
arne	noun	阿爾諾河
arnhem	noun	阿纳姆
arno	noun	阿爾諾河
art nouveau	noun	新艺术运动
artemis	noun	阿耳忒弥斯
arthur	noun	亚瑟
aruba	noun	阿鲁巴|阿魯巴
asaka	noun	朝霞
ascension	noun	基督升天日
ascension day	noun	基督升天日
ascension island	noun	阿森松岛
asclepius	noun	阿斯克勒庇厄斯
ash wednesday	noun	大斋首日
ashgabat	noun	阿什哈巴德
ashina	noun	阿史那
asia	noun	亚洲|亞洲
asian	adjective	亞洲的|亞洲人
asian black bear	noun	美洲黑熊
asmara	noun	阿斯马拉
asperger's syndrome	noun	亚斯伯格症候群
assam	noun	阿萨姆邦
assamese	noun	阿萨密语
assyria	noun	亚述
astana	noun	阿斯塔纳
asterix	noun	阿斯泰利克斯
astrakhan	noun	阿斯特拉罕
asturia	noun	阿斯图里亚斯
asturian	noun	阿斯图里亚斯语
asturias	noun	阿斯图里亚斯
asunción	noun	亚松森
aswan	noun	阿斯旺
atayal	noun	泰雅語
athena	noun	雅典娜
athens	noun	雅典
atlanta	noun	亚特兰大
atlantic ocean	noun	大西洋
atlantis	noun	大西国
atlas	noun	土卫十五|地图|大地图
atlántico	noun	大西洋
atsugi	noun	厚木
attica	noun	阿提卡
attila the hun	noun	阿提拉
aube	noun	奥布省
auckland	noun	奥克兰
aude	noun	奥德省
audrey	noun	奧德麗
auger effect	noun	俄歇效应
augsburg	noun	奥格斯堡
august	noun	八月|8月|逗哏
augustus	noun	8月|八月
auriga	noun	御夫座
aurora	noun	奥罗拉|极光
auschwitz	noun	奥斯威辛
austin	noun	奧斯汀
australasia	noun	澳大拉西亚
australia	noun	澳大利亚|澳大利亞
australian	adjective	澳大利亚的|澳大利亚人
australian english	noun	澳大利亞英語
austria	noun	奥地利
austria-hungary	noun	奥匈帝国
austrian	adjective	奥地利的|奥地利人
austrofascism	noun	奥法西斯主义
austronesian	adjective	南島
auvergne	noun	奥弗涅
avellino	noun	阿韦利诺
avestan	noun	阿維斯陀語
aveyron	noun	阿韦龙省
avignon	noun	亞維農
awa	noun	阿波
ayase	noun	綾瀨
aymara	noun	艾马拉语
ayurveda	noun	阿育吠陀
azerbaijan	noun	阿塞拜疆|亚塞拜然
azerbaijani	adjective	阿塞拜疆的|阿塞拜疆人|阿塞拜疆语
azores	noun	亚速尔群岛
b	noun	假如
b-sharp	noun	电梯
b-tree	noun	B树
bc	adverb	公元前
bce	adverb	公元前
babylon	noun	巴比伦
babylonia	noun	巴比伦尼亚
bach	noun	涓
bactrian camel	noun	双峰骆驼
badakhshan	noun	巴达克山
baden	noun	巴登
baden-württemberg	noun	巴登-符騰堡
baffin bay	noun	巴芬灣
bafut	noun	屄眼儿
baghdad	noun	巴格达
bahamas	noun	巴哈马|巴哈馬
bahia	noun	巴伊亚
bahrain	noun	巴林
baikal	noun	贝加尔
baikonur	noun	拜科努尔
baja california	noun	下加利福尼亚
baku	noun	巴库
balakliia	noun	巴拉克利亚
balearic islands	noun	巴利阿里群岛
bali	noun	巴厘岛
balkan	adjective	巴尔干
balkan peninsula	noun	巴尔干
balkans	noun	巴尔干
balochi	noun	俾路支语
balochistan	noun	俾路支斯坦
baltic	adjective	波罗的海|波羅的海
baltic sea	noun	波罗的海|波羅的海
baltimore	noun	巴爾的摩
bamako	noun	巴馬科
bambara	noun	班巴拉语
banda sea	noun	班達海
bandar seri begawan	noun	斯里巴加湾
bandō	noun	坂東
bangkok	noun	曼谷
bangladesh	noun	孟加拉国
bangladeshi	adjective	孟加拉的
bangui	noun	班吉
banjul	noun	班竹
barbados	noun	巴巴多斯
barbie	noun	娃娃
barcelona	noun	巴塞罗那|巴塞羅那
barents sea	noun	巴伦支海
barnabas	noun	伐那法斯
barnaul	noun	巴尔瑙尔
bartholomew	noun	巴多罗买
basel	noun	巴塞尔
bashkortostan	noun	巴什科尔托斯坦
basil	noun	瓦西里|罗勒
basque	adjective	巴斯克语|巴斯克人|巴斯克語|巴斯克內衣
basque country	noun	巴斯克地区
basra	noun	巴士拉
bass strait	noun	巴斯海峡
basseterre	noun	巴斯特尔
bastia	noun	巴斯蒂亚
bath	noun	巴斯|浴缸|浴室|沐浴|洗澡
batman	noun	蝙蝠俠
baton rouge	noun	巴吞鲁日
bautzen	noun	包岑
bavaria	noun	巴伐利亚
bavarian	noun	巴伐利亚语
bay of bengal	noun	孟加拉湾
bay of biscay	noun	比斯开湾
bayonne	noun	巴约讷
beast	noun	动物|兽
beelzebub	noun	巴力西卜
beetle	noun	甲壳虫|甲蟲
beijing	noun	北京|北京市
beirut	noun	贝鲁特
belarus	noun	白俄罗斯
belarusian	noun	白俄罗斯人
belfast	noun	贝尔法斯特
belgian	adjective	比利时|比利时人
belgian congo	noun	比屬剛果
belgium	noun	比利时|比利時
belgorod	noun	别尔哥罗德
belgrade	noun	贝尔格莱德
belize	noun	伯利兹|貝里斯
belluno	noun	贝卢诺
belmopan	noun	贝尔莫潘
benelux	noun	比荷卢经济联盟
benevento	noun	贝内文托
bengal	noun	孟加拉
bengal tiger	noun	孟加拉虎
bengalese	adjective	孟加拉的
bengali	noun	孟加拉语
bengaluru	noun	班加羅爾
benghazi	noun	班加西
benin	noun	贝宁
beppu	noun	別府
berber	noun	柏柏尔
bergamo	noun	贝加莫
bering sea	noun	白令海
bering strait	noun	白令海峡
berlin	noun	柏林
berlin wall	noun	柏林圍牆
berliner	noun	柏林人|夢
bermuda	noun	百慕大|百慕大群岛
bermuda triangle	noun	百慕大三角
bern	noun	伯尔尼
bernstein	noun	琥珀
betelgeuse	noun	参宿四
bethlehem	noun	伯利恆
bewick's swan	noun	小天鹅
bezeklik	noun	柏孜克里克
bhopal	noun	博帕尔
bhubaneswar	noun	布巴内斯瓦尔
bhutan	noun	不丹
bianca	noun	天卫八
białystok	noun	比亚韦斯托克
bible	noun	聖經|圣经
bicol peninsula	noun	比科尔半岛
big dipper	noun	北斗七星
bihar	noun	比哈尔邦
bilbao	noun	毕尔巴鄂
birmingham	noun	伯明翰
birobidzhan	noun	比罗比詹
biscay	noun	比斯開省
bishkek	noun	比什凯克
bissau	noun	比绍
bithynia	noun	比提尼亞
bizerte	noun	比塞大
black forest	noun	黑森林
black maria	noun	母狗
black sea	noun	黑海
blackbeard	noun	黑胡子
blagoevgrad	noun	布拉戈耶夫格勒
blahodativka	noun	布拉霍達蒂夫卡
bloemfontein	noun	布隆方丹
blue house	noun	青瓦臺
bluetooth	noun	蓝牙
bochum	noun	波鴻
boeotia	noun	維奧蒂亞州
bogotá	noun	波哥大
bohemia	noun	波希米亚
bohemian	adjective	波希米亚
bohemian waxwing	noun	太平鳥
boholiubove	noun	博霍柳博韋
boikivske	noun	博伊基夫斯凱|博伊基夫斯凱鎮級市鎮|博伊基夫斯凱區
bokmål	noun	书面挪威语
bolivia	noun	玻利维亚|玻利維亞
bollywood	noun	宝莱坞
bologna	noun	博洛尼亚
bolshevik	noun	布爾什維克
bolzano	noun	波尔查诺
bombay	noun	孟买
bonaire	noun	博奈尔
bonn	noun	波恩
bordeaux	noun	波尔多
borduria	noun	博爾多利亞
borneo	noun	婆罗洲
borobudur	noun	婆罗浮屠|波罗浮屠
bose-einstein condensate	noun	玻色-爱因斯坦凝聚
bosnia	noun	波斯尼亚
bosnia and herzegovina	noun	波斯尼亚和黑塞哥维那|波斯尼亚和黑山共和国|波斯尼亞和黒塞哥維那
bosnian	noun	波斯尼亚人|波斯尼亚语
bosphorus	noun	博斯普鲁斯海峡
boston	noun	波士顿
boten	noun	磨丁
botswana	noun	博茨瓦纳|博茨瓦納
bouches-du-rhône	noun	罗讷河口省
bourges	noun	布尔日
bournemouth	noun	伯恩茅斯
boxing day	noun	圣艾蒂安
boötes	noun	牧夫座
bradford	noun	布拉德福德
bragança	noun	布拉干萨
brahma	noun	梵天
brahmaputra	noun	布拉马普特拉河
brandenburg	noun	勃兰登堡
brasília	noun	巴西利亚
bratislava	noun	布拉迪斯拉发
brazil	noun	巴西
brazilian	noun	巴西人
brazilian portuguese	noun	巴西葡萄牙語
brazzaville	noun	布拉柴维尔
brechtian	adjective	贝尔托·布莱希特时
bregenz	noun	布雷根茨
bremen	noun	不来梅
brescia	noun	布雷西亚
brest	noun	布雷斯特|布列斯特
breton	adjective	布列塔尼語|布列塔尼语
bridgetown	noun	布里奇敦
brindisi	noun	布林迪西
brisbane	noun	布里斯班
bristol	noun	布里斯托尔
britain	noun	不列顛
british	adjective	英式|英語
british columbia	noun	不列颠哥伦比亚
british empire	noun	大英帝国
british english	noun	英國英語
british isles	noun	不列颠诸岛
british virgin islands	noun	英屬維爾京群島
brittany	noun	布列塔尼
brno	noun	布爾諾
bronx	noun	布朗克斯
bronze age	noun	青铜时代
brooklyn	noun	布鲁克林
bruges	noun	布鲁日
brumaire	noun	雾月
brunei	noun	文莱
bruno	noun	布鲁诺
brunswick	noun	不伦瑞克
brussels	noun	布鲁塞尔
brussels sprout	noun	抱子甘藍
bryansk	noun	布良斯克
bucharest	noun	布加勒斯特
buckingham palace	noun	白金漢宮
budapest	noun	布达佩斯
buddha	noun	佛陀
buddha's hand	noun	佛手
buddhism	noun	佛教
buddhist	adjective	佛教徒
buenos aires	noun	布宜诺斯艾利斯
buffalo	noun	水牛城|水牛|在
bujumbura	noun	布松布拉
bukhara	noun	布哈拉
bukharin	noun	布哈林
bulgaria	noun	保加利亚
bulgarian	adjective	保加利亚的|保加利亚语|保加利亚人|保加利亞語
bulhakivka	noun	布爾哈基夫卡
bumfuck	noun	角落|孔
burgenland	noun	布尔根兰州
burgundy	noun	勃艮第|葡萄酒
burkina faso	noun	布基纳法索|布基納法索
burma	noun	缅甸
burmese	adjective	缅甸 緬甸|緬甸人
bursa	noun	布爾薩
burundi	noun	布隆迪|蒲隆地
buryatia	noun	布里亚特共和国
busan	noun	釜山
bushism	noun	布什主义
buzen	noun	豐前
bydgoszcz	noun	比得哥什
byzantine empire	noun	拜占庭帝國
byzantium	noun	拜占庭
c major	noun	C大調|C大调
c minor	noun	C小调
c++	noun	C++
c-pop	noun	中文流行音乐
captcha	noun	验证码
cctv	noun	摄像监控
cd	noun	CD
cd burner	noun	光盘刻录器
cjk	noun	中日韓
covid-19	noun	新冠肺炎
cpsu	noun	苏共
cabinda	noun	卡賓達
cadix	noun	加的斯
cadiz	noun	加的斯
caelum	noun	雕具座
caelus	noun	天王星
caesar	noun	凯撒
caesarean section	noun	剖宫产
cagliari	noun	卡利亚里
cain	noun	該隱
cairo	noun	开罗|開羅
calabria	noun	卡拉布里亚
calais	noun	加來
calcutta	noun	加尔各答
caledonian	adjective	蘇格蘭語
calgary	noun	卡爾加里
california	noun	加利福尼亚
californian	noun	加州人
callisto	noun	卡里斯托
caltanissetta	noun	卡爾塔尼塞塔
calvados	noun	卡尔瓦多斯省
calvary	noun	各各他
calvinism	noun	加尔文主义
calypso	noun	土星十四
camagüey	noun	卡馬圭
cambodia	noun	柬埔寨
cambodian	noun	柬埔寨人
cambrian	noun	寒武纪
cambridge	noun	剑桥
camelopardalis	noun	鹿豹座
cameroon	noun	喀麦隆|喀麥隆
camilla	noun	卡米耶
campania	noun	坎帕尼亚
campeche	noun	坎佩切
canaan	noun	迦南
canada	noun	加拿大
canadian	adjective	加拿大的|加拿大人
canadian football	noun	加拿大式足球
canary islands	noun	加那利群岛|加那利群島
canberra	noun	堪培拉
cancer	noun	巨蟹座|癌症|癌癥
cancún	noun	坎昆
canes venatici	noun	猎犬座
cangjie	noun	仓颉输入法
canis major	noun	大犬座
canis minor	noun	小犬座
cannae	noun	戛纳
cannes	noun	戛納
cantabria	noun	坎塔布里亚
canterbury	noun	坎特伯雷
canton	noun	广州|州
cantonese	adjective	粤语|粵語
cao dai	noun	高台教
cape town	noun	開普敦
cape verde	noun	佛得角
cape gooseberry	noun	灯笼果
cape of good hope	noun	好望角
capernaum	noun	迦百农
capitanian	noun	队长
capricorn	noun	摩羯座
capricornus	noun	摩羯座
capuchin	noun	阿巴德
caracas	noun	卡拉卡斯
carboniferous	noun	石炭纪
carcassonne	noun	卡尔卡松
cardiff	noun	加的夫
caria	noun	卡里亚
caribbean	noun	加勒比
caribbean sea	noun	加勒比海
carina	noun	船底座
carinthia	noun	克恩頓
carlisle	noun	卡萊爾
carlos	noun	夏尔
carpathians	noun	喀爾巴阡山脈
carpenter	noun	木匠
cartesian product	noun	叉积
carthage	noun	迦太基
carthaginian	noun	迦太基人
casablanca	noun	卡萨布兰卡
caserta	noun	卡塞塔
caspian sea	noun	裏海
cassiopeia	noun	仙后座
castile	noun	卡斯蒂利亚|卡斯蒂利亞
castile and león	noun	卡斯蒂利亚-莱昂
castilla-la mancha	noun	卡斯蒂利亚-拉曼查
castor	noun	北河二|河狸
castries	noun	卡斯特里
catalan	adjective	加泰羅尼亞語|加泰罗尼亚语
catalan countries	noun	加泰隆尼亞語地區
catalonia	noun	加泰羅尼亞|加泰罗尼亚
catch-22	noun	困境
catherine	noun	凯瑟琳
catholicism	noun	天主教
caucasian	noun	高加索人|白人
caucasus	noun	高加索山脉
cayenne	noun	卡宴
cayman islands	noun	开曼群岛
cebuano	adjective	宿霧語
celt	noun	凯尔特人
celtic sea	noun	凯尔特海
cenozoic	noun	新生代
centaurus	noun	半人马座
central african empire	noun	中非帝国
central african republic	noun	中非共和国|中非共和國
central america	noun	中美洲
central asia	noun	中亚
central europe	noun	中欧
cephalonia	noun	凯法利尼亚岛
cepheus	noun	仙王座
cerberus	noun	刻耳柏洛斯
ceres	noun	谷神星
cetus	noun	鲸鱼座
ceylon	noun	锡兰
chad	noun	乍得
chalcedon	noun	迦克墩
chamaeleon	noun	蝘蜓座
chambord	noun	尚博尔
champagne	noun	香槟|香槟酒
champions league	noun	冠军联赛
changshan	noun	常山
chaonan	noun	潮南
charlemagne	noun	查理大帝
charleroi	noun	沙勒罗瓦
charles	noun	夏尔
charlotte	noun	夏洛特
charon	noun	冥卫一
chartres	noun	沙特尔
chaubunagungamaug	noun	查戈加戈格曼乔加戈格乔布纳贡加毛格
cheboksary	noun	切博克薩雷
chechen	noun	車臣語
chechnya	noun	车臣
chelyabinsk	noun	車里雅賓斯克
chemeryntsi	noun	切梅林齊
chemnitz	noun	开姆尼茨
chengde	noun	承德
chengdu	noun	成都
chennai	noun	金奈
cherkasy	noun	切爾卡瑟
chernivtsi	noun	切爾諾夫策
chernobyl	noun	切尔诺贝利
chhattisgarh	noun	恰蒂斯加爾邦
chiang mai	noun	清邁
chiang rai	noun	清萊
chiapas	noun	恰帕斯
chiba	noun	千葉
chicago	noun	芝加哥
chichester	noun	奇切斯特
chieti	noun	基耶蒂
chihuahua	noun	吉娃娃
chikugo	noun	筑後
chikusei	noun	筑西
chikushino	noun	筑紫野
chile	noun	智利
chimera	noun	喀邁拉|喀迈拉
china	noun	中国|中國|瓷器
china proper	noun	中国本土
chinaman	noun	中国人
chinatown	noun	唐人街
chinese	adjective	中文|中国|中国人|汉语
chinese new year	noun	春节
chinese taipei	noun	中华台北
chinese character	noun	汉字
chinese checkers	noun	中国跳棋
chinese gall	noun	五倍子
chinese ragwort	noun	华蟹甲
chinese studies	noun	汉学
chinese whispers	noun	以訛傳訛
chiron	noun	喀戎
chitose	noun	千歲
chișinău	noun	基希讷乌
chongli	noun	崇禮
chongqing	noun	重庆
christ	noun	基督
christadelphian	noun	基督弟兄會會員
christian	adjective	基督徒
christian era	noun	公元
christian name	noun	名字
christianity	noun	基督教
christie	noun	克里斯蒂
christmas	noun	圣诞节|聖誕節
christmas day	noun	聖誕 圣诞
christmas island	noun	圣诞岛
christmas carol	noun	聖誕頌歌
christmas market	noun	圣诞市场
christmas tree	noun	圣诞树
christmastime	noun	耶稣降生
christopher	noun	克里斯托弗
chronicles	noun	历代志
chuvash	noun	楚瓦什語
cicero	noun	西塞罗
cinderella	noun	灰姑娘
circinus	noun	圆规座
cisjordan	noun	約旦河西岸地區
classical chinese	noun	古文
classical nahuatl	noun	納瓦特爾語
cleopatra	noun	克莱奥帕特拉
clio	noun	克利俄
coahuila	noun	科阿韦拉
coca-cola	noun	可口可乐
cochrane	noun	科克倫
cognac	noun	干邑|干邑白兰地
cognos	noun	康格诺斯
coke	noun	可乐|焦炭
cold war	noun	冷戰|冷战
cologne	noun	科隆|殖民地
colombia	noun	哥伦比亚|哥倫比亞
colombo	noun	科伦坡
colorado	noun	科罗拉多州
columba	noun	天鸽座
columbia	noun	哥伦比亚
coma berenices	noun	后发座
common era	noun	公元
commonwealth of nations	noun	英联邦
commonwealth of the bahamas	noun	巴哈馬國
comoros	noun	科摩罗|科摩羅
conan	noun	科南
confucianism	noun	儒家
confucius	noun	孔子
congo	noun	刚果
congress	noun	議會
constance	noun	康斯坦茨
constantinople	noun	君士坦丁堡
cook islands	noun	库克群岛
copenhagen	noun	哥本哈根
copt	noun	科普特人
coptic	adjective	科普特的
coral sea	noun	珊瑚海
corbeau	noun	乌鸦座
corcyra	noun	科孚岛
corfu	noun	科孚岛
corinth	noun	科林斯
cornish	adjective	康瓦耳语
cornwall	noun	康沃尔
corona australis	noun	南冕座
corsica	noun	科西嘉島
corsican	adjective	科西嘉語
corvus	noun	乌鸦座
cosenza	noun	科森扎
cossack	noun	哥萨克
costa rica	noun	哥斯达黎加|哥斯達黎加
council of europe	noun	欧洲委员会
crater	noun	巨爵座|環形山
cremona	noun	克雷莫纳
cretaceous	noun	白垩纪
crete	noun	克里特
crimea	noun	克里米亚
crius	noun	白羊座
croatia	noun	克罗地亚
croatian	adjective	克罗地亚语|克羅地亞語
croesus	noun	克羅伊斯
cronus	noun	克罗诺斯
crusade	noun	十字军东征|十字軍東征
cryogenian	noun	成冰纪
cthulhu	noun	克蘇魯
cuba	noun	古巴
cultural revolution	noun	文化大革命
cuneo	noun	库内奥
cup	noun	巨爵座|杯|杯子
cupid	noun	天卫二十七
curaçao	noun	库拉索
cygnus	noun	天鹅座
cynic	noun	犬儒學派
cypriot	adjective	塞浦路斯
cyprus	noun	塞浦路斯
cyrenaica	noun	昔兰尼加
cyrillic	adjective	西裡爾|西里尔
cyrillization	noun	西裡爾化
czech	adjective	捷克的|捷克语|捷克語
czech republic	noun	捷克共和國
czechia	noun	捷克
czecho-slovakia	noun	捷克斯洛伐克
czechoslovakia	noun	捷克斯洛伐克
częstochowa	noun	琴斯托霍瓦
córdoba	noun	科尔多瓦
côte d'ivoire	noun	科特迪瓦
d-day	noun	D日
dna	noun	大自然
dvd	noun	DVD
dada	noun	达达主义
daedalus	noun	代达洛斯
dagestan	noun	达吉斯坦共和国
dahomey	noun	达荷美
dakar	noun	达喀尔
dalai lama	noun	达赖喇嘛
dalian	noun	大连
dalmatia	noun	達爾馬提亞
daltonism	noun	色盲
damascus	noun	大马士革
dane	noun	丹麦人
dangjin	noun	唐津
daniel	noun	但以理书|但以理書
danish	adjective	丹麦语|丹麦的
danish pastry	noun	发票
danube	noun	多瑙河
danzig	noun	格但斯克
dar es salaam	noun	达累斯萨拉姆
dardanelles	noun	達達尼爾海峽
darfur	noun	達爾富爾
dari	noun	达利语
darwin	noun	达尔文
darwinism	noun	達爾文主義
dasher	noun	天箭座
daugava	noun	道加瓦河
dauphin	noun	海豚座|海豚
david	noun	大卫
dayi	noun	大易輸入法|大易输入法
dead sea	noun	死海
death	noun	死神|死亡
debaltseve	noun	傑巴利采沃|傑巴利采韋|德巴利采韋市鎮
december	noun	十二月
deimos	noun	火卫二
deism	noun	自然神論|自然神论
delaware	noun	特拉华
delhi	noun	德里
delos	noun	提洛岛
delphi	noun	德尔斐
delphinus	noun	海豚座
delta variant	noun	Delta变异毒株
deluge	noun	大洪水
demeter	noun	得墨忒耳
democratic people's republic of korea	noun	朝鮮民主主義人民共和國
democratic republic of the congo	noun	刚果民主共和国
democritus	noun	德谟克利特
demosthenes	noun	狄摩西尼
demydivka	noun	代米迪夫卡|}}縣|代米迪夫卡區
denmark	noun	丹麦|丹麥
derek	noun	德瑞克
desdemona	noun	天卫十
despoina	noun	海卫五
deuteronomy	noun	申命記|申命记
deutsche mark	noun	德國馬克
devanagari	noun	天城文
devonian	noun	泥盆纪
dharamshala	noun	達蘭薩拉
dhivehi	noun	迪維希語
diana	noun	黛安娜
dien bien	noun	奠邊|奠邊省
dien bien phu	noun	奠边府|奠邊|奠邊府
dietman	noun	[[#
dijon	noun	第戎
dione	noun	土星四
dipolog	noun	迪波洛格
diwali	noun	排燈節
djerba	noun	杰尔巴岛
djibouti	noun	吉布提
dmytro	noun	德米特里 ‎
dnipro	noun	第聂伯河
dobermann	noun	杜宾犬
doctor	noun	博士|大夫
dodoma	noun	多多馬
doha	noun	多哈
dominic	noun	多米尼克
dominica	noun	多米尼克|多米尼加
dominican republic	noun	多米尼加共和国
don	noun	頓河|盾, 越南盾|放
don quixote	noun	堂吉诃德
donald duck	noun	唐老鴨
donbas	noun	顿巴斯
donetsk	noun	顿涅茨克
dongchong	noun	東涌
dorado	noun	剑鱼座
dortmund	noun	多特蒙德
doubs	noun	杜省
douro	noun	杜罗河
dover	noun	多佛尔
draco	noun	天龙座
dracula	noun	德拉库拉
drenthe	noun	德伦特省
dresden	noun	德累斯顿
dubai	noun	迪拜
dublin	noun	都柏林
duckburg	noun	鴨堡
dumfries and galloway	noun	鄧弗里斯-加洛韋
dungan	noun	Dōnggānzú
dunkirk	noun	敦刻尔克
dushanbe	noun	杜尚別
dutch	adjective	荷兰语
dutch guiana	noun	苏里南
dutchman	noun	荷兰人
dutchwoman	noun	荷兰人
dzongkha	noun	宗卡語 宗卡语
düne	noun	沙丘
düsseldorf	noun	杜塞尔多夫
ecowas	noun	西共體
eu	noun	欧共体
earth	noun	地球|土
east	noun	东方|東|东
east asia	noun	東亞 东亚
east berlin	noun	东柏林
east china sea	noun	东海
east timor	noun	东帝汶
east turkestan	noun	东突厥斯坦
easter	noun	復活節|复活节
easter bunny	noun	复活节兔
easter island	noun	复活节岛
easter egg	noun	复活节彩蛋
eastern european	adjective	东欧
eastern hemisphere	noun	东半球
ebetsu	noun	江別
ebino	noun	蝦野
ebro	noun	埃布羅河
ecclesiastes	noun	传道书|傳道書
echizen	noun	越前
echo	noun	回声|回聲
ecuador	noun	厄瓜多尔|厄瓜多爾
eden	noun	伊甸園
edinburg	noun	爱丁堡
edinburgh	noun	愛丁堡
edirne	noun	埃迪尔内
edith	noun	伊迪丝
edo	noun	江戶
edward	noun	愛德華
eger	noun	奥赫热河
egypt	noun	埃及
egyptian	adjective	埃及的
egyptian vulture	noun	白秃鹫
egyptology	noun	埃及学
eiffel tower	noun	埃菲尔铁塔
el dorado	noun	黃金國
el niño	noun	厄尔尼诺
el salvador	noun	萨尔瓦多
elba	noun	易北河
elbe	noun	易北河
elector	noun	選帝侯
elijah	noun	以利亞
elisha	noun	以利沙
elliott wave	noun	艾略特波浪
elohim	noun	伊罗欣
elsinore	noun	赫尔辛格
elysium	noun	爱丽舍宫
empedocles	noun	恩培多克勒
empire of china	noun	中華帝國
empire of japan	noun	大日本帝国
enceladus	noun	土星二
england	noun	英格兰|英国
englander	noun	英国人
english	adjective	英语|英文|英語
english channel	noun	英吉利海峡
english studies	noun	英文系
englishman	noun	英国人
englishwoman	noun	英国(的)
eniwa	noun	惠庭
enoch	noun	以諾
enter	noun	回車鍵|進入
eos	noun	厄俄斯
ephesians	noun	以弗所书
ephesus	noun	以弗所
epicureanism	noun	伊比鳩魯學派
epicurus	noun	伊壁鸠鲁
epimetheus	noun	土星十一
epiphania	noun	显现日
epiphany	noun	显现日|示威
epirus	noun	伊皮鲁斯
epona	noun	艾波娜
equatorial guinea	noun	赤道几内亚
equuleus	noun	小马座
erfurt	noun	埃尔福特
eric	noun	埃里克
eridanus	noun	波江座
erie	noun	伊利湖
eris	noun	厄里斯
eritrea	noun	厄立特里亚
eritrean	noun	厄立特里亞
eros	noun	厄洛斯
erythraean	noun	厄立特里亚
esashi	noun	江差
esau	noun	以扫
esdras	noun	以斯拉記
eskimo	adjective	愛斯基摩
esperanto	noun	世界语|世界語
essen	noun	埃森
esther	noun	以斯帖記|以斯帖记
estonia	noun	爱沙尼亚
estonian	adjective	爱沙尼亚|爱沙尼亚语|爱沙尼亚人|愛沙尼亞語
eswatini	noun	斯威士兰
ethernet	noun	以太网
ethiopia	noun	埃塞俄比亚|埃塞俄比亞
etruscan	adjective	伊特魯斯坎人
eucharist	noun	圣餐
eugene	noun	尤金
eugenia	noun	欧热妮
eugenius	noun	尤金
euphrates	noun	幼发拉底河
eurasia	noun	亚欧大陆
eurasian blackbird	noun	乌鸫
eurasian eagle owl	noun	雕鸮
eurasian hobby	noun	燕隼
eurasian jay	noun	松鸦
eurasian lynx	noun	猞猁
eurasian magpie	noun	喜鵲 喜鹊
eurasian nuthatch	noun	茶腹䴓
eurasian siskin	noun	是不是
eurasian sparrowhawk	noun	雀鹰
eurasian spoonbill	noun	白琵鹭
eurasian wigeon	noun	赤颈鸭
eurasian wren	noun	鹪鹩
euripides	noun	欧里庇得斯
euro-		歐元
eurocent	noun	分
eurocentrism	noun	欧洲中心主义
europa	noun	木卫二|欧罗巴
europe	noun	欧洲|歐洲
european	noun	欧洲人
european central bank	noun	欧洲中央银行
european commission	noun	欧洲联盟委员会
european council	noun	欧洲理事会
european parliament	noun	欧洲议会
european union	noun	欧洲联盟|歐洲联盟
european bee-eater	noun	蜂虎科
european bison	noun	欧洲野牛
european goldfinch	noun	金翅
european hare	noun	兔
european hedgehog	noun	刺猬
european hornet	noun	大黃蜂
european perch	noun	河鲈
european plaice	noun	祭司
european polecat	noun	小山
european seabass	noun	狼
european turtle dove	noun	欧斑鸠
european water vole	noun	水䶄
euroscepticism	noun	歐洲懷疑主義
eusebius	noun	優西比烏
eustachian tube	noun	耳咽管
euterpe	noun	欧忒耳佩
eve	noun	伊夫|前一天
excalibur	noun	王者之剑
exodus	noun	出埃及記|出埃及记|出口
extremaduran	adjective	埃斯特雷馬杜拉語
ezekiel	noun	以西結
ezra	noun	以斯拉
f clef	noun	低音谱号
f minor	noun	F小调
ftm	adjective	FTM
facebook	noun	脸书
falkland islands	noun	福克兰群岛
far east	noun	远东
farmer	noun	农民|農民
faroe islands	noun	法罗群岛
faroese	noun	法罗语|法羅語
faroish	adjective	法罗语
father	noun	父|父亲|爸爸
father's day	noun	母亲节
february	noun	二月
federal constitutional court	noun	联邦宪法法院
federal republic of germany	noun	德意志联邦共和国
federated states of micronesia	noun	密克罗尼西亚联邦
federative republic of brazil	noun	巴西联邦共和国
feng	noun	馮|灃水
fennicize	verb	芬兰语化
feodosia	noun	费奥多西亚
ferdinand	noun	斐迪南|費迪南|費迪南德
ferris wheel	noun	摩天輪
fertile crescent	noun	新月沃土
fez	noun	非斯|菲斯
fibonacci sequence	noun	斐波那契数
fier	noun	非夏爾
fiji	noun	斐济|斐濟
fijian	adjective	斐济的|斐濟語
filipino	noun	菲律宾语
finland	noun	芬兰|芬蘭
finn	noun	芬兰语
finnish	adjective	芬兰语|芬蘭語
first lady	noun	第一夫人
fisher	noun	魚夫
flanders	noun	佛兰德
fleming	noun	火鶴
flemish	adjective	火鶴
flevoland	noun	弗莱福兰省
flood	noun	大洪水|洪水|洪灾|核桃
floreana	noun	島
florence	noun	佛罗伦萨|佛羅倫薩
florianópolis	noun	弗洛里亚诺波利斯
florida	noun	佛罗里达
floréal	noun	花月
flying dutchman	noun	飛翔的荷蘭人
foggia	noun	福贾
formula one	noun	级方程式
fornax	noun	天炉座
fort mcmurray	noun	麥克默里堡
fosbury flop	noun	背越式
four freedoms	noun	四大自由
four-corner	noun	四角號碼 四角号码
fourier transform	noun	傅里叶变换
fourierism	noun	傅立叶主义
fox	noun	狐狸|狐
france	noun	法国|法兰西
franche-comté	noun	弗朗什孔泰
francis	noun	弗朗索瓦
franco-		法語
franconian	noun	法兰克人
frank	noun	法兰克人|弗朗索瓦|真心
frankfurt	noun	法兰克福
frankfurt am main	noun	美茵河畔法兰克福
frankish	adjective	法郎
free city of tri-insula	noun	三島自由市
freemason	noun	共濟會會員
freemasonry	noun	共濟會綱領|共济会
french	adjective	法語|法语|火柴
french guiana	noun	法属圭亚那
french polynesia	noun	法属波利尼西亚
french republic	noun	法兰西共和国
french republican calendar	noun	法国共和历
french revolution	noun	法国大革命
french southern and antarctic lands	noun	法屬南部和南極領地
french curve	noun	手枪
french horn	noun	法國號
french kiss	noun	铁锹
french toast	noun	法式吐司
frenchman	noun	法国人
frenchwoman	noun	法国人
freya	noun	弗蕾亚
fribourg	noun	弗里堡
friday	noun	星期五
friesland	noun	弗里斯兰省
frimaire	noun	霜月
frisbee	noun	飛盤
frisia	noun	弗里斯兰省
frisian	adjective	弗里西語|夫里斯兰语|フリジア語
fritz	noun	德国酸菜
friuli-venezia giulia	noun	弗留利-威尼斯朱利亚大区
friulian	noun	弗留利语
frosinone	noun	弗罗西诺内
fructidor	noun	果月
fuchū	noun	府中
fuefuki	noun	笛吹
fujieda	noun	藤枝
fujimino	noun	富士見野
fukaya	noun	深谷
fukuchiyama	noun	福知山
fukuoka	noun	福冈市
fukuroi	noun	袋井
fukuyama	noun	福山
funabashi	noun	船橋
funen	noun	菲英
fung	noun	馮
futtsu	noun	富津
führer	noun	駕駛
g clef	noun	G谱号
g-spot	noun	G点
gfy		干你
gta	noun	給她愛
gabon	noun	加蓬|加彭
gaborone	noun	哈博罗内
gabriel	noun	加布里埃尔
gaea	noun	盖亚
gaelic	adjective	蘇格蘭蓋爾語
gagauzia	noun	加告茲
gaia	noun	盖亚
galatea	noun	海卫六
galatians	noun	加拉太书
galego	noun	加里西亞語
galicia	noun	加里西亚|加利西亚
galician	adjective	加利西亚语|加利西亚人
galilee	noun	加利利
gallo	noun	加羅語
gamagōri	noun	蒲郡
gambia	noun	冈比亚
gan	noun	赣语
gandino	noun	甘迪诺
gang of four	noun	Ssu-Jen-Pang
ganges	noun	恒河
gansu	noun	甘肃
ganxian	noun	贛縣
ganymede	noun	木卫三
garonne	noun	加龙河
gascony	noun	加斯科涅
gatling gun	noun	加特林机枪|加特林機槍
gaul	noun	高卢
gaza	noun	加沙
gaza strip	noun	加沙地带|加沙地帶
gdańsk	noun	格但斯克
gdynia	noun	格丁尼亚
gehenna	noun	地狱
gelderland	noun	海尔德兰省
gemini	noun	双子座
general secretary	noun	總書記
genesis	noun	创世记|創世記|反抗
geneva	noun	日內瓦|日内瓦
geneva convention	noun	日內瓦公約
genghis khan	noun	成吉思汗
genk	noun	亨克
genoa	noun	热那亚
george	noun	乔治|喬治
georgia	noun	格鲁吉亚|乔治亚
georgian	adjective	格鲁吉亚的|格鲁吉亚语|格魯吉亞人|格鲁吉亚人
gerdkuh	noun	乞都卜
german	adjective	德语|德語|德国人|德國人
german democratic republic	noun	德意志民主共和国
german shepherd	noun	德國牧羊犬
germanic	adjective	德国的
germanize	verb	使日耳曼化
germano-		德文
germany	noun	德国|德意志
germinal	noun	芽月
gestapo	noun	盖世太保
ghana	noun	加纳
ghent	noun	根特
gibraltar	noun	直布罗陀
gilbertese	noun	基里巴斯
gilgamesh	noun	吉爾伽美什
ginowan	noun	宜野灣
ginza	noun	銀座
girona	noun	赫罗纳
gitega	noun	基特加
giza	noun	吉萨
glasgow	noun	格拉斯哥
global south	noun	全球南方
glyfada	noun	格利法扎
gnosticism	noun	諾斯底主義
go fish	noun	鱼
gobi	noun	戈壁
god	noun	上帝|天主|上帝shàngdì)|神
god bless you		祝你健康
goddess	noun	上帝|女神
godspeed		祝你好运
godzilla	noun	哥斯拉
goh	noun	吳|吴
goidelic	noun	爱尔兰语
gold	noun	赫哲人|金|黄金
gold coast	noun	黃金海岸
golden fleece	noun	金羊毛
golgi apparatus	noun	高尔基体
gondwana	noun	冈瓦那大陆
good friday	noun	耶稣受难日
good samaritan	noun	好撒玛利亚人
goofy	noun	高飞|傻子
gorizia	noun	戈里齐亚
goshogawara	noun	五所川原
gosplan	noun	高士潑林
goth	noun	杯子
gothenburg	noun	哥德堡
gothic	noun	哥德語
grafovka	noun	格拉福夫卡農村居民點
granada	noun	格拉纳达
grand canyon	noun	大峽谷
grand duchy of luxembourg	noun	卢森堡大公国
graz	noun	格拉茨
great barrier reef	noun	大堡礁
great bear	noun	大熊座
great britain	noun	大不列顛島
great dane	noun	丹麦语
great depression	noun	大萧条
great lakes	noun	五大湖
great pacific garbage patch	noun	太平洋垃圾帶
great wall of china	noun	萬里長城
greater london	noun	大伦敦
greater poland	noun	大波兰
grecism	noun	希臘主義
greece	noun	希腊|希臘
greek	adjective	希腊语|希臘人|希腊人
greenland	noun	格陵兰
greenlander	noun	格陵兰人
greenlandic	adjective	格陵兰语
gregorian calendar	noun	公历格里历
grenada	noun	格林纳达
grenadian	noun	格林納達人
grenoble	noun	格勒诺布尔
gretel	noun	玛歌
grim reaper	noun	死亡
grosseto	noun	格罗塞托
gruen	noun	綠色
grus	noun	天鹤座
guadalajara	noun	瓜达拉哈拉
guadalcanal	noun	瓜达尔卡纳尔岛
guadalquivir	noun	瓜达尔基维尔河
guadeloupe	noun	瓜德罗普
guadiana	noun	瓜地亞納河
guam	noun	關島
guangdong	noun	广东
guangzhou	noun	广州
guatemala	noun	危地马拉|危地馬拉
guatemala city	noun	危地马拉
guernsey	noun	根西岛
guinea	noun	几内亚|幾內亞
guinea-bissau	noun	几内亚比绍
gulf stream	noun	墨西哥灣暖流
gulf of aden	noun	亚丁湾
gulf of america	noun	墨西哥湾
gulf of bothnia	noun	波的尼亞灣
gulf of california	noun	加利福尼亚湾
gulf of finland	noun	芬兰湾
gulf of guinea	noun	几内亚湾
gulf of mexico	noun	墨西哥湾
gulf of thailand	noun	泰国湾
gustav	noun	古斯塔夫
guyana	noun	圭亚那
gypsy	noun	吉普賽人
gyōda	noun	行田
göktürk	noun	突厥/تُكِئ
göttingen	noun	哥廷根
html	noun	HTML
html5	noun	HTML5
http cookie	noun	餅乾 饼干
habakkuk	noun	哈巴谷书
hachimantai	noun	八幡平
hachiōji	noun	八王子
hadano	noun	秦野
hades	noun	哈底斯|地狱
haggai	noun	哈該書|哈该书
haiti	noun	海地
haitian	adjective	海地克里奧爾語|海地人
haitian creole	noun	海地克里奧爾語
hakka	noun	客家话
hakui	noun	羽咋
hakusan	noun	白山
halloween	noun	万圣节
hamamatsu	noun	濱松
hamas	noun	哈马斯
hambantota	noun	漢班托塔
hamburg	noun	汉堡
hamburger	noun	汉堡人|汉堡
han	noun	漢朝|汉族
handa	noun	半田
hannah	noun	安娜
hannibal	noun	汉尼拔
hanoi	noun	河内|河內
hanover	noun	汉诺威
hansel	noun	約翰
hanukkah	noun	再献圣殿节
hanyū	noun	羽生
harare	noun	哈拉雷
haratin	noun	哈拉廷人
harbin	noun	哈尔滨
harvard	noun	哈佛
harz	noun	树脂
hashemite kingdom of jordan	noun	约旦哈希姆王国
hateruma	noun	波照間
hati	noun	加季
hausa	noun	豪萨语
hautes-alpes	noun	上阿尔卑斯省
havana	noun	哈瓦那
havel	noun	哈弗爾河
hawaii	noun	夏威夷州
hawaiian	noun	夏威夷语
hawking radiation	noun	霍金輻射
hazaragi	noun	哈扎拉吉語
he		祂|他
hebei	noun	河北
hebraic	adjective	希伯來文
hebrew	adjective	希伯来语|希伯来文
hebrews	noun	希伯來書
hebrides	noun	赫布里底群岛
helen	noun	海伦
heliopolis	noun	赫利奥波利斯
hellas	noun	希腊
hellene	noun	希腊人
hellenic	adjective	希臘 , 希腊
hellenic republic	noun	希腊共和国
hellenism	noun	希臘主義
helsinki	noun	赫尔辛基
henry	noun	亨利
her majesty		陛下
hera	noun	赫拉
heracles	noun	武仙座
hercules	noun	武仙座
hermes	noun	赫耳墨斯
herodotus	noun	希羅多德
herzegovina	noun	黑塞哥维那
hesiod	noun	赫西奥德
hezbollah	noun	真主党
hida	noun	飛驒
hidaka	noun	日高
hidalgo	noun	希达尔戈|希達戈
higashihiroshima	noun	東廣島
higashikagawa	noun	東香川
higashimurayama	noun	東村山
higashiōmi	noun	東近江
higashiōsaka	noun	東大阪
higgs boson	noun	希格斯玻色子
highness	noun	多少
himi	noun	冰見
hindi	noun	印地语|印地語
hinduism	noun	印度教
hino	noun	日野
hippocrates	noun	希波克拉底
hirado	noun	平戶
hirosaki	noun	弘前
hiroshima	noun	廣島
his majesty		陛下
hispanic	adjective	西班牙的
hispanicism	noun	西班牙裔
hita	noun	日田
hitachiōta	noun	常陸太田
hitler	noun	希特勒
hitlerian	adjective	希特勒
hittite	adjective	赫梯
hohhot	noun	呼和浩特
hokkaido	noun	北海道
holland	noun	荷兰
hollywood	noun	好莱坞
holocaust	noun	奥斯威辛|犹太人大屠杀|大屠杀
holocene	noun	全新世
holy communion	noun	圣餐
holy land	noun	圣地
holy roman empire	noun	神圣罗马帝国
holy spirit	noun	圣灵
holy writ	noun	圣经
homer	noun	荷马
honduras	noun	洪都拉斯
hong kong	noun	香港
honshu	noun	本州
horace	noun	贺拉斯
horn of africa	noun	非洲之角
horologium	noun	时钟座
horozhanivka	noun	霍羅扎尼夫卡
horozhanka	noun	戈羅然卡
horozhene	noun	戈羅熱涅
horus	noun	荷鲁斯
hosea	noun	何西阿书
house of representatives	noun	眾議院
hromokliia	noun	赫罗莫克利亚
hryhoriv	noun	格里戈里夫
hryhorivka	noun	赫里霍里夫卡
hryhorivske	noun	赫里霍里夫斯凱
hubei	noun	湖北
hudson bay	noun	哈德森湾
huesca	noun	韦斯卡
human genome project	noun	人類基因組計劃
humboldt penguin	noun	漢波德企鵝
hun	noun	匈人
hundred years' war	noun	百年战争
hungarian	adjective	匈牙利的|匈牙利人|匈牙利语
hungary	noun	匈牙利
hvidovre	noun	維茲奧勒
hydra	noun	长蛇座
hydrus	noun	水蛇座
hygiea	noun	许癸厄亚
hygieia	noun	许癸厄亚
hyperion	noun	土星七
hyundai	noun	現代
hyūga	noun	日向
hà tiên	noun	河仙|河僊
höðr	noun	霍德爾
i		我
i am afraid of this		恐怖
i beg your pardon		不好意思
i came, i saw, i conquered		我来，我见，我胜
i do		是
i have cancer		我
i love you		我爱你
i mean		什么|也
i stand corrected		我的错
i wish		但是
i'm fine		你好吗
i'm sorry		原諒|不好意思
ijssel	noun	艾瑟尔河
ikea	noun	宜家
ip address	noun	IP地址
it	noun	信息论|老狼|它|之
iapetus	noun	土星八
iberia	noun	伊比利亚半岛
iberian peninsula	noun	伊比利亚半岛
ibiza	noun	伊维萨岛
icarus	noun	伊卡洛斯
iceland	noun	冰岛|冰島
icelander	noun	冰岛语
icelandic	adjective	冰岛语|冰島語
ido	noun	伊多语
iga	noun	伊賀
iizuka	noun	飯塚
ikebukuro	noun	池袋
ikoma	noun	生駒
ille-et-vilaine	noun	伊勒-维莱讷省
illinivka	noun	伊利尼夫卡|伊利尼夫卡鄉級市鎮
illinois	noun	伊利諾州
imabari	noun	今治
imizu	noun	射水
imperia	noun	因佩里亚
inazawa	noun	稻澤
inca	noun	印加人
india	noun	印度
india ink	noun	墨
indian	adjective	印度|印度人
indian ocean	noun	印度洋
indian plum	noun	羅旦梅
indian summer	noun	秋老虎
indiana	noun	印第安納州
indo-european	adjective	印欧语
indochina	noun	中南半岛
indonesia	noun	印度尼西亚|印尼
indonesian	adjective	印尼的|印尼語
indus	noun	印度河|印第安座
industrial revolution	noun	工业革命
ingush	noun	印古什語
inn	noun	因河|客店
inner asia	noun	内亚
inner mongolia	noun	內蒙古
interlingua	noun	國際語|国际语
international monetary fund	noun	国际货币基金组织
international phonetic alphabet	noun	国际音标
international system of units	noun	国际单位制
international women's day	noun	妇女节
internationale	noun	国际歌
internet	noun	互联网
internet cafe	noun	网吧
interslavic	adjective	斯拉夫共通語
inuktitut	noun	因努伊特語
io	noun	木星一|埃欧
ionian sea	noun	伊奥尼亚海
iowa	noun	愛奧華
iphigenia	noun	伊菲革涅亚
iqaluit	noun	伊魁特
iran	noun	伊朗
iranian	adjective	伊朗
iraq	noun	伊拉克
iraqi	adjective	伊拉克|伊拉克人
ireland	noun	爱尔兰|爱尔兰岛
irish	adjective	爱尔兰语
irish sea	noun	愛爾蘭海
irkutsk	noun	伊尔库茨克
iron age	noun	铁器时代
iron curtain	noun	铁幕
irtysh	noun	额尔齐斯河
iruma	noun	入間
isaac	noun	以撒
isahaya	noun	諫早
isaiah	noun	以賽亞書|以赛亚书
isar	noun	伊萨尔河
ise	noun	伊勢
isernia	noun	伊塞尔尼亚
isfahan	noun	伊斯法罕
ishikari	noun	石狩
ishim	noun	伊希姆河
ishinomaki	noun	石卷
ishioka	noun	石岡
isis	noun	艾西斯
islam	noun	回教
islamabad	noun	伊斯兰堡
islamic	adjective	伊斯兰教的
islamic republic of afghanistan	noun	阿富汗伊斯兰共和国
islamic republic of mauritania	noun	毛裡塔尼亞伊斯蘭共和國
isle of man	noun	曼岛
israel	noun	以色列
israeli	adjective	以色列的|以色列人
istanbul	noun	伊斯坦堡
istria	noun	伊斯特拉半島
italian	adjective	意大利语|意大利人|意大利語
italian peninsula	noun	意大利
italian republic	noun	意大利共和國
italic	adjective	斜体
italo-		意大利語
italy	noun	意大利|義大利
itoigawa	noun	絲魚川
itoman	noun	絲滿
itō	noun	伊東
ivankiv	noun	伊萬基夫|}} 縣|伊萬基夫區
iwanuma	noun	岩沼
izeh	noun	伊澤
izmir	noun	伊兹密尔
izumisano	noun	泉佐野
izumo	noun	出雲
jabalya	noun	賈巴利亞
jack	noun	約翰|仔|妈妈|旗子|盜竊
jack the ripper	noun	开膛手杰克
jacob	noun	詹姆斯
jahannam	noun	地狱
jainism	noun	耆那教
jakarta	noun	雅加达
jakartan	adjective	雅加达
jamaica	noun	牙买加|牙買加
jamaican	noun	牙买加方言
james	noun	詹姆斯
jan mayen	noun	揚馬延島
january	noun	一月|元月
janus	noun	土星十
jap	noun	小日本
japan	noun	日本
japanese	adjective	日語|日语|日本人
japanese giant salamander	noun	日本大鲵
japanese knotweed	noun	虎杖
japanophile	noun	亲日派
japhug	noun	茶堡话
japonic	noun	日語
japonism	noun	日本主义
japonisme	noun	日本主义
java	noun	爪哇
java sparrow	noun	[[#
javascript	noun	JavaScript
javan	adjective	爪哇語
javanese	noun	爪哇語
jeddah	noun	吉达
jehoshaphat	noun	約沙法
jehovah	noun	耶和华
jeju	noun	济州|济州方言
jena	noun	耶拿
jeremiah	noun	耶利米
jericho	noun	杰里科
jersey	noun	泽西岛|毛衣
jerusalem	noun	耶路撒冷
jerusalem artichoke	noun	洋姜
jerusalemite	adjective	耶路撒冷
jessica	noun	杰西卡
jesuit	noun	耶稣会士
jesus	noun	耶稣|耶穌
jesus christ	noun	耶稣基督
jew	noun	犹太人
jew's ear	noun	黑木耳
jew's harp	noun	口弦
jewish	adjective	猶太的
jewishness	noun	犹太教
jewry	noun	犹太教
jiangsu	noun	江苏
jilin	noun	吉林
jindo island	noun	珍島
jishui	noun	吉水
job	noun	约伯|工作
jocelyn	noun	若瑟兰
joel	noun	約珥書
johannesburg	noun	約翰內斯堡
john	noun	約翰|嫖客,男妓,牛郎|卫生间
john doe	noun	张三李四
john q. public	noun	张三李四
jonah	noun	約拿書|约拿书
jordan	noun	约旦|約旦
joseph	noun	约瑟夫
joshua	noun	約書亞
josiah	noun	約西亞
jouy-en-josas	noun	茹伊昂若萨斯
jr.	adjective	儿子
juba	noun	朱巴
judaism	noun	犹太教
judas	noun	犹大
judas iscariot	noun	犹大
jude	noun	犹大
judges	noun	士师记|士師記
juliet	noun	天卫十一
july	noun	七月|7月
june	noun	六月|6月
juno	noun	朱诺
jupiter	noun	木星
jura	noun	侏罗纪
jurassic	noun	侏罗纪
jutland	noun	日德兰
jōetsu	noun	上越
jōsō	noun	常總
jōyō	noun	城陽
kn95	noun	KN95
kabbalah	noun	卡巴拉
kabul	noun	喀布爾
kadiivka	noun	斯達漢諾夫
kadyivka	noun	卡迪伊夫卡
kaga	noun	加賀
kagoshima	noun	鹿儿岛市
kagurazaka	noun	神樂坂
kaiser	noun	皇帝
kaizuka	noun	貝塚
kakegawa	noun	掛川
kakheti	noun	卡赫季州
kakuda	noun	角田
kali	noun	時母
kaliningrad	noun	加里寧格勒
kama	noun	卡馬河
kama sutra	noun	爱经
kamakura	noun	鎌倉
kamchatka	noun	堪察加半島
kamikita	noun	上北
kaminoyama	noun	上山
kamogawa	noun	鴨川
kampong cham	noun	磅湛
kampong speu	noun	磅士卑
kampong thom	noun	磅通
kampot	noun	貢布
kandal	noun	干丹
kangchenjunga	noun	干城章嘉峰
kannada	noun	坎那达语
kantō	noun	関東
karachay-balkar	noun	卡拉恰伊-巴尔卡尔语
karachi	noun	卡拉奇
karatsu	noun	唐津
karbala	noun	卡爾巴拉
kare	noun	卡列
karelia	noun	卡累利阿
karelian	noun	卡累里亚语
kasai	noun	加西
kashgar	noun	喀什
kashihara	noun	橿原
kashima	noun	鹿嶋
kashiwara	noun	柏原
kashiwazaki	noun	柏崎
kashmir	noun	克什米尔
katharevousa	noun	純正希臘語
kathmandu	noun	加德满都
katori	noun	香取
katsuragi	noun	葛󠄀城
katsushika	noun	葛飾
kaunas	noun	考纳斯
kawagoe	noun	川越
kazakh	noun	哈萨克语
kazakhstan	noun	哈萨克斯坦|哈薩克斯坦
kazan	noun	喀山
kazo	noun	加須
kent	noun	肯特
kentucky	noun	肯塔基州
kenya	noun	肯尼亚
kep	noun	白馬
keramik	noun	凯拉米克
ket	noun	愒語|愒语
kevin	noun	克文
keynesianism	noun	凱恩斯主義
khankendi	noun	漢肯德
kharkiv	noun	哈爾科夫
khartoum	noun	喀土穆
khentii	noun	肯特
kherlen	noun	克鲁伦河
khmer	adjective	高棉语
khrushchev	noun	赫魯曉夫
khudykivtsi	noun	胡季基夫齊
kiel	noun	龍骨
kifissia	noun	基菲夏
kii	noun	紀伊
kikai	noun	喜界
kikuchi	noun	菊池
kili	noun	奇力語
kingdom of bahrain	noun	巴林王国
kingdom of belgium	noun	比利时王国
kingdom of cambodia	noun	柬埔寨王国
kingdom of denmark	noun	丹麦王国
kingdom of heaven	noun	天國
kingdom of morocco	noun	摩洛哥王国
kingdom of norway	noun	挪威王国
kingdom of saudi arabia	noun	简称沙特阿拉伯
kingdom of sweden	noun	瑞典王国
kingdom of thailand	noun	泰王国
kingdom of the netherlands	noun	荷兰王国
kingston	noun	京斯敦
kinokawa	noun	紀之川
kinshasa	noun	金沙萨
kipchak	adjective	钦察
kiribati	noun	基里巴斯
kiribatian	adjective	基里巴斯的
kitakata	noun	喜多方
kitakyushu	noun	北九州
kitakyūshū	noun	北九州
kitchener	noun	基奇納|基秦拿
klaipėda	noun	尼曼河
klaukkala	noun	克劳卡拉
klein bottle	noun	克莱因瓶
klingon	noun	克林貢語
klyazma	noun	克利亞濟馬
knesset	noun	以色列议会
koh kong	noun	國公
kolkata	noun	加尔各答
komaki	noun	小牧
komoro	noun	小諸
kongo	noun	刚果
konstanz	noun	康斯坦茨
korea	noun	朝鲜|韩国
korea strait	noun	朝鲜海峡
korean	adjective	朝鲜语|朝鮮語|韩语
koreanic	adjective	朝鲜语
kosovo	noun	科索沃
kostanay	noun	庫斯塔奈
koto	noun	江東
kowloon	noun	庫侖 库仑
kozachi laheri	noun	科扎奇拉海里
košice	noun	科希策
kraken	noun	挪威海怪
krakow	noun	克拉科夫
kraska	noun	克拉斯卡
krasnaya yaruga	noun	紅亞魯加|紅亞魯加區
krasnodar	noun	克拉斯诺达尔
krasnoyarsk	noun	克拉斯諾亞爾斯克
kratié	noun	桔井
kremlin	noun	克里姆林
krolevets	noun	加里寧格勒
krynky	noun	克伦基
ku klux klan	noun	三K党
kuala lumpur	noun	吉隆坡
kuban	noun	庫班河
kudamatsu	noun	下松
kula	noun	沃尔夫斯堡
kulai	noun	古來
kumagaya	noun	熊谷
kuomintang	noun	國民黨
kupiansk	noun	}}縣|庫普揚斯克區|庫普揚斯克市級市鎮
kurayoshi	noun	倉吉
kurd	noun	庫爾德語
kurdish	noun	库尔德语|庫爾德語
kurdistan	noun	庫爾德斯坦
kuril islands	noun	千島群島
kuwait	noun	科威特
kuwait city	noun	科威特
kuwana	noun	桑名
kyiv	noun	基辅
kyoto	noun	京都
kyrgyz	adjective	吉尔吉斯语
kyrgyzstan	noun	吉尔吉斯斯坦
kyrgyzstani	adjective	吉尔吉斯语
kyslivka	noun	基斯利夫卡
kythira	noun	基西拉岛
königsberg	noun	加里寧格勒
kōnan	noun	江南|香南
larp	noun	臨場動態角色扮演遊戲
ld50	noun	半数致死量
lol	noun	笑死|擼啊擼
lsd	noun	麥角酸二乙酰胺
la niña	noun	拉尼娜
la rochelle	noun	拉罗谢尔
la spezia	noun	拉斯佩齐亚
laba festival	noun	臘八|臘八節
laba porridge	noun	八寶粥|臘八粥
lacerta	noun	蝎虎座
ladakh	noun	拉達克
ladino	noun	拉登語
ladoga	noun	拉多加湖
lady	noun	太太|太|西洋跳棋
lagos	noun	拉各斯
lagrange point	noun	拉格朗日点
lagus	noun	拉各斯
lahore	noun	拉合爾
lake constance	noun	博登湖
lake erie	noun	伊利湖
lake geneva	noun	日內瓦湖
lake huron	noun	休伦湖
lake michigan	noun	密歇根湖
lake ontario	noun	安大略省
lake superior	noun	苏必利尔湖
lake zurich	noun	苏黎世湖
lakshmi	noun	吉祥天
lamborghini	noun	兰博基尼
lamentations	noun	耶利米哀歌
lancaster sound	noun	兰开斯特海峡
lao	adjective	老挝的|老挝人|老挝语
lao people's democratic republic	noun	老挝人民民主共和国
laocoön	noun	拉奥孔
laos	noun	老挝
laotian	adjective	老挝的|老挝语
laozi	noun	老子
lapland	noun	拉普兰
laredo	noun	拉雷多
larissa	noun	海卫七
larry	noun	弹簧
last judgment	noun	最后的审判
latakia	noun	拉塔基亚
latin	adjective	拉丁語|拉丁语
latin alphabet	noun	拉丁字母
latina	noun	拉蒂纳
latium	noun	拉齐奥
latvia	noun	拉脱维亚|拉脫維亞
latvian	adjective	拉脱维亚语|拉脱维亚的|拉脫維亞語
laurasia	noun	劳亚
laurence	noun	洛伦佐
lausanne	noun	洛桑
lazarus	noun	拉匝祿
lazio	noun	拉齐奥
le havre	noun	勒阿弗尔
league of nations	noun	國際聯盟
lebanese republic	noun	黎巴嫩共和国
lebanon	noun	黎巴嫩
lecce	noun	莱切
leda	noun	木星十三
leeds	noun	利兹
leinster	noun	倫斯特
leipzig	noun	莱比锡
lena	noun	勒拿河
lenin	noun	列寧
leningrad	noun	列宁格勒
leninism	noun	列宁主义
lent	noun	四旬期
leo	noun	狮子座
leo minor	noun	小狮座
leon	noun	萊昂
lepus	noun	天兔座
lesbos	noun	莱斯沃斯岛
lesivka	noun	列西夫卡
lesotho	noun	莱索托|萊索托
lesser antilles	noun	小安的列斯群岛
leuven	noun	鲁汶
leviticus	noun	利未記|利未记
leyte	noun	禮智
lhasa	noun	拉萨市
lianzhou	noun	連州
liberal	adjective	自由主义|大方|优厚|大方的
liberia	noun	利比里亚
libra	noun	天秤座
libya	noun	利比亚|利比亞
liechtenstein	noun	列支敦士登|列支敦斯登
liguria	noun	利古里亞
lilith	noun	莉莉丝
lille	noun	里尔
lima	noun	利马
limburg	noun	林堡省
linköping	noun	林雪平
lion rock	noun	獅子山
lippe	noun	利珀河
lisbon	noun	里斯本
lisivka	noun	利西夫卡
lithuania	noun	立陶宛
lithuanian	adjective	立陶宛语|立陶宛語
little red riding hood	noun	小红帽
liverpool	noun	利物浦
livorno	noun	里窝那
ljubljana	noun	卢布尔雅那
local group	noun	本星系群
lodi	noun	洛迪
lodz	noun	罗兹
loire	noun	卢瓦尔河
loire-atlantique	noun	大西洋卢瓦尔省
lojban	noun	邏輯語
loki	noun	洛基
lombardy	noun	伦巴第大区
london	noun	伦敦|倫敦
lord	noun	上帝|东|先生|领主
lord's prayer	noun	主禱文
lorraine	noun	洛林
lorrainer	noun	洛林
los angeles	noun	洛杉矶
lothario	noun	色狼 (Sèláng)
louis	noun	路易
louisiana	noun	路易斯安那
lourdes	noun	盧爾德
low countries	noun	荷兰
lower canada	noun	下加拿大
lower normandy	noun	下诺曼底
lower saxony	noun	下萨克森
lua	noun	月亮
luanda	noun	罗安达
luang namtha	noun	瑯南塔
lucas	noun	卢克
lucca	noun	卢卡
lucerne	noun	卢塞恩
lucy	noun	露西
luddite	noun	卢德的工人
luke	noun	卢克
lunar new year	noun	春節
lupus	noun	豺狼座|狼
lusaka	noun	卢萨卡
lusatia	noun	卢萨蒂亚
lusitanian	adjective	卢西坦语
lusophone	adjective	葡萄牙语
lutetian	noun	鎦
luxembourg	noun	卢森堡|盧森堡
luxembourger	noun	盧森堡語
luxembourgish	adjective	盧森堡語|卢森堡|卢森堡语 / 盧森堡語
luzon	noun	呂宋
lviv	noun	利沃夫
lycia	noun	吕基亚
lycksele	noun	吕克瑟勒
lydia	noun	呂底亞
lynx	noun	天猫座|猞猁
lyon	noun	里昂
lyptsi	noun	利普齊
lyra	noun	天琴座
lysivka	noun	利西夫卡
lysivtsi	noun	利西夫齊
lübeck	noun	呂貝克
m-theory	noun	M理论
macau	noun	澳門
maccabee	noun	老婆当家的
macedonia	noun	马其顿
macedonian	adjective	马其顿语
macerata	noun	马切拉塔
mach	noun	馬赫
machiavellianism	noun	权术
machu picchu	noun	马丘比丘
macron	noun	马克龙|长音符
madagascar	noun	马达加斯加|馬達加斯加
madrid	noun	马德里
magdeburg	noun	马格德堡
magellanic penguin	noun	麦哲伦企鹅
maggie	noun	玛歌
maghreb	noun	馬格里布
magi	noun	东方三博士
maharashtrian	adjective	马拉地语
maibara	noun	米原
main	noun	美因河|前
maine-et-loire	noun	曼恩-卢瓦尔省
mainz	noun	美因茨
maizuru	noun	舞鶴
majesty		多少
makinohara	noun	牧之原
malachi	noun	玛拉基书|瑪拉基書
malaga	noun	马拉加
malagasy	noun	马尔加什人
malawi	noun	马拉维|馬拉維
malay	adjective	马来语|馬來語
malayalam	noun	马拉雅拉姆语
malaysia	noun	马来西亚
malaysian	adjective	马来语|馬來人
maldives	noun	马尔代夫
mali	noun	马里|馬里
maliutianka	noun	馬柳強卡
mallorca	noun	马略卡
malmö	noun	马尔默
malta	noun	马耳他
malta island	noun	马耳他
maltais	noun	馬爾他人
maltese	adjective	马尔他语|馬爾他語
maltese cross	noun	日內瓦驅動器
malé	noun	馬利
man	noun	人|男人
manama	noun	麦纳麦
manaus	noun	马瑙斯
manche	noun	芒什省
manchester	noun	曼彻斯特
manchu	noun	满语
manchukuo	noun	满洲国
manchuria	noun	满洲
mandarin	noun	普通话|官
mandopop	noun	华语流行音乐
mangarevan	noun	曼加雷瓦語
manichaeism	noun	摩尼教
manila	noun	马尼拉
manila hemp	noun	蕉麻
manitoba	noun	曼尼托巴
maniwa	noun	真庭
mantua	noun	曼托瓦
manx	noun	曼島語
maoism	noun	毛主义
maori	adjective	毛利语
mar.	noun	大海
marathi	noun	马拉地语
marathon	noun	马拉松|馬拉松
march	noun	三月|进行曲|边塞
marche	noun	马尔凯
margaret	noun	天卫二十三
mariupol	noun	马里乌波尔
mark	noun	馬可|分数|的|品牌|马克|警告
marrakech	noun	马拉喀什
mars	noun	火星|戰神
marseille	noun	马赛
marshall islands	noun	马绍尔群岛|馬紹爾群島
martian	noun	火星人
martin	noun	马丁|燕子
martinique	noun	马提尼克
marxism	noun	马克思主义
marxism-leninism	noun	马克思列宁主义
mary jane	noun	大麻|玛丽珍鞋
mascarene islands	noun	马斯克林群岛
masovia	noun	马佐夫舍
mass	noun	弥撒|质量
masuria	noun	馬祖里亞
matilda	noun	马蒂尔达
matthew	noun	馬太
maurice	noun	毛里求斯
mauritania	noun	毛里塔尼亚
mauritius	noun	毛里求斯
may	noun	五月|山楂|可以|什么
mayotte	noun	马约特
mazu	noun	妈祖
mañjuśrī	noun	文殊菩萨
mccarthyism	noun	麦卡锡主义
mecca	noun	麥加
mechelen	noun	梅赫伦
mecklenburg-western pomerania	noun	梅克伦堡-前波美拉尼亚
mediawiki	noun	MediaWiki
mediterranean sea	noun	地中海|陸間海
medjerda river	noun	迈杰尔达河
medusa	noun	美杜莎|水母
megara	noun	墨伽拉
mekong	noun	湄公河
melbourne	noun	墨尔本
melchizedek	noun	麥基洗德
melissa	noun	梅利莎|蜜蜂花
member of parliament	noun	议员
memel	noun	尼曼河
meng	noun	孟
mensa	noun	山案座
mephistopheles	noun	梅菲斯托费勒斯
mercurian	noun	水星人
mercury	noun	水星|墨丘利|水银|汞
merv	noun	Mùlù|木鹿
mesoamerica	noun	中部美洲
mesolithic	noun	中石器時代
mesopotamia	noun	美索不达米亚
mesozoic	noun	中生代
messiah	noun	彌賽亞|弥赛亚
messidor	noun	获月
messina	noun	墨西拿
messine	noun	墨西拿
methodism	noun	循道宗
methone	noun	土星三十二
methuselah	noun	玛土撒拉
metis	noun	木星十六
metonic cycle	noun	默冬章
metz	noun	手術刀
metzian	noun	墨西拿
meuse	noun	默兹河
mexican	adjective	墨西哥人
mexico	noun	墨西哥
mexico city	noun	墨西哥城
miami	noun	迈阿密
micah	noun	弥迦书|彌迦書
michael	noun	米高|麥可
michal	noun	米迦勒
michelangelo	noun	米开朗基罗
mickey mouse	noun	米老鼠
microscopium	noun	显微镜座
middle ages	noun	中世纪|中世紀
middle east	noun	中东
middle french	noun	中古法语
middle japanese	noun	中世日本語
middle kingdom	noun	中国
midway islands	noun	中途岛
mihara	noun	三原
milan	noun	米兰|米蘭
miletus	noun	米利都
milky way	noun	银河系
miller	noun	默尼耶|磨坊主
milova	noun	米洛瓦
mima	noun	美馬
mimas	noun	土星一
mimasaka	noun	美作
min	noun	閩語
minamata	noun	水俣
minamiuonuma	noun	南魚沼
minecraft	noun	我的世界
mingrelian	noun	明格列尔语
mino	noun	美濃
minsk	noun	明斯克
miranda	noun	天卫五
misato	noun	三鄉
miss	noun	小姐
missouri	noun	密苏里
missus	noun	太太
mitaka	noun	三鷹
miyako	noun	宮古方言
miyazaki	noun	宮崎市
mkhy	noun	姆希
modena	noun	摩德纳
moebius syndrome	noun	牟比士症候群
mogadishu	noun	摩加迪休
moghul	noun	蒙古語
mohan	noun	磨憨
mokosh	noun	莫科什
moksha	noun	莫克沙河
moldavia	noun	摩尔多瓦
moldova	noun	摩尔多瓦
moldovan	adjective	摩尔多瓦语|摩尔多瓦人|摩爾多瓦語
molotov cocktail	noun	燃烧瓶
mombasa	noun	蒙巴萨
monaco	noun	摩纳哥|摩納哥
monbetsu	noun	紋別
monday	adverb	星期一
mondulkiri	noun	蒙多基里
mongolia	noun	蒙古|蒙古国
mongolian	noun	蒙古语|蒙古語
mongolian spot	noun	蒙古斑
mongolic	adjective	蒙古语
monoceros	noun	麒麟座
monte carlo	noun	蒙特卡洛
montenegrin	adjective	黑山
montenegro	noun	黑山
montevideo	noun	蒙得维的亚
montgolfier	noun	热气球
montgolfier balloon	noun	热气球
montpellier	noun	蒙彼利埃
montreal	noun	蒙城|蒙特利尔
montreux	noun	蒙特勒
montserrat	noun	蒙特塞拉特|蒙特塞拉
monégasque	adjective	摩纳哥
moon	noun	月亮|月球|月
moor	noun	摩尔人|弄湿
moravia	noun	摩拉維亞
moravian	noun	兄
morbihan	noun	莫尔比昂省
mormon	noun	摩門教徒
moroccan	adjective	摩洛哥
morocco	noun	摩洛哥
mosaic	adjective	馬賽克|鑲嵌藝術
moscow	noun	莫斯科
moselle	noun	摩澤爾河
moses	noun	摩西
moshoryne	noun	莫紹里涅
moskva	noun	莫斯科
mother's day	noun	母亲节
mount everest	noun	珠穆朗玛峰|珠穆朗瑪峰
mount fuji	noun	富士山
mount mayon	noun	馬榮火山
mount of temptation	noun	沙漠
moutai	noun	茅台
mozambique	noun	莫桑比克
mozarab	noun	莫扎拉布语
mozarabic	noun	莫扎拉布语
mr.	noun	先生
mr. and mrs.	noun	国
mrs	noun	太
ms	noun	女士
mueller	noun	磨坊主
muggle	noun	麻瓜
muhammad	noun	穆罕默德
mumbai	noun	孟买
munich	noun	慕尼黑
murcia	noun	穆尔西亚
murmansk	noun	摩爾曼斯克
muroran	noun	室蘭
murphy's law	noun	摩菲定理
musca	noun	苍蝇座
muscat	noun	马斯喀特|馬斯喀特
muscovy	noun	莫斯科
muslim	adjective	穆斯林
mustafa	noun	穆斯塔法
mx	noun	好像
myanmar	noun	缅甸
mycenae	noun	迈锡尼
mykolaivske	noun	米科拉伊夫斯凱
möbius strip	noun	莫比烏斯帶
n'djamena	noun	恩贾梅纳
nand	noun	与非
nasa	noun	太空總署
nato	noun	北约
nor	noun	或非|或
not	noun	非|不
nadal	noun	聖誕節
nagaoka	noun	長岡
nahuatl	noun	納瓦特爾語
nahum	noun	那鴻書|那鸿书
nairobi	noun	内罗毕
naka	noun	那珂
nakatsu	noun	中津
nakba	noun	巴勒斯坦人大逃亡
namibia	noun	纳米比亚|納米比亞
namibian	noun	纳米比亚人
namur	noun	那慕爾
nan'yō	noun	南陽
nanai	noun	赫哲族
nanaimo	noun	納奈莫
nancy	noun	南锡
nanga parbat	noun	南迦帕尔巴特峰
nanjing	noun	南京
nanjingese	noun	南京話
nanjō	noun	南城
nantes	noun	南特
nanto	noun	南礪
naomi	noun	真相
naples	noun	那不勒斯
napoleon	noun	拿破仑
narbonne	noun	纳博讷
narcissus	noun	纳西瑟斯|水仙
narew	noun	納雷夫河
narva	noun	纳尔瓦
nasdaq	noun	納斯達克
nassau	noun	拿骚
natal	noun	圣 诞 节
natasha	noun	娜塔莎
nathan	noun	Nathan
national socialism	noun	纳粹主义
natori	noun	名取
naupactus	noun	纳夫帕克托斯
nauru	noun	瑙鲁
nauruan	noun	瑙魯語
navajo	noun	納瓦荷語
navarre	noun	納瓦拉
nazi	adjective	纳粹
nazi germany	noun	第三帝国
nazism	noun	纳粹主义
neapolitan	noun	拿波里人
neapolitan chord	noun	拿坡里六和弦
near east	noun	近东
nebuchadnezzar	noun	尼布甲尼撒
neckar	noun	内卡河
negev	noun	內蓋夫
nehemiah	noun	尼希米記|尼希米记
neil	noun	尼羅河
neman	noun	尼曼河
nemesis	noun	涅墨西斯
nemuro	noun	根室
nenets	noun	涅涅茨人
neoplatonism	noun	新柏拉图主义
nepal	noun	尼泊尔|尼泊爾
nepali	adjective	尼泊爾語|尼泊尔人|尼泊尔语
neptune	noun	海王星
neptunian	adjective	海王星|海王星人
nereid	noun	海卫二
nerima	noun	練馬
nero	noun	尼禄
nestorianism	noun	景教
netherlander	noun	荷兰人
netherlands	noun	荷兰|荷蘭
netherlands antilles	noun	荷属安的列斯
nevada	noun	內華達
new age	noun	新纪元运动
new brunswick	noun	纽宾士域
new caledonia	noun	新喀里多尼亞|新喀里多尼亚
new delhi	noun	新德里
new france	noun	新法兰西
new guinea	noun	新几内亚
new latin	noun	新拉丁语
new mexico	noun	新墨西哥州
new objectivity	noun	新即物主義
new orleans	noun	新奥尔良
new south wales	noun	新南威尔士
new testament	noun	新約聖經
new world	adjective	新大陆
new world monkey	noun	新世界猴
new world vulture	noun	禿鷹 秃鹰
new year	noun	新年
new year's	noun	新年前夜
new year's day	noun	元日
new year's eve	noun	新年前夜
new york	noun	紐約
new york city	noun	紐約
new yorker	noun	紐約人
new zealand	noun	新西兰
newspeak	noun	新语
niagara falls	noun	尼亚加拉瀑布
niamey	noun	尼亞美
nicaragua	noun	尼加拉瓜
nicaraguan	noun	尼加拉瓜人
nice	noun	尼斯|美|好|好玩儿
nicholas	noun	尼克拉
nicodemus	noun	尼哥底母
nicosia	noun	尼科西亚
niger	noun	尼日尔|尼日尔河
nigeria	noun	尼日利亚|奈及利亞
nihilism	noun	虚无主义
nihonbashi	noun	日本橋
nihonmatsu	noun	二本松
niigata	noun	新潟
niihama	noun	新居濱
nijmegen	noun	奈梅亨
nikkō	noun	日光
nile	noun	尼罗河
nina	noun	妮娜
ningyang	noun	寧陽
ninomiya	noun	二宮
nintendo	noun	任天堂
nintendrone	noun	任豚
niort	noun	尼奥尔
nippo-		日語
nipponbashi	noun	日本橋
nipponese	adjective	日
nishio	noun	西尾
nishiwaki	noun	西脇
niue	noun	紐埃
nivôse	noun	雪月
nobel prize	noun	诺贝尔奖
nobeoka	noun	延岡
noel	noun	圣诞节
noh	noun	能剧
noida	noun	諾伊達
nordic countries	noun	斯堪的纳维亚
nordic skiing	noun	滑雪运动
norfolk island	noun	诺福克岛
norma	noun	矩尺座
normandy	noun	諾曼第
norse	noun	顯微鏡
north america	noun	北美|北美洲
north brabant	noun	北布拉班特
north carolina	noun	北卡罗来纳州
north east	noun	东北英格兰
north holland	noun	北荷兰省
north island	noun	北岛
north korea	noun	朝鲜|朝鮮民主主義人民共和國
north korean	noun	韩国女性
north macedonia	noun	北馬其頓
north pole	noun	北极|N极
north sea	noun	北海
north west	noun	西北
northern cape	noun	北開普
northern europe	noun	北欧
northern hemisphere	noun	北半球
northern ireland	noun	北爱尔兰
northern mariana islands	noun	北马里亚纳群岛
northern min	noun	闽北语
northwest territories	noun	西北地区
norway	noun	挪威
norway lobster	noun	蟬
norwegian	adjective	挪威語|挪威语|挪威人
norwegian sea	noun	挪威海
nottingham	noun	諾丁漢
nouakchott	noun	努瓦克肖特
novaya zemlya	noun	新地岛
nove	noun	諾韋
november	noun	十一月
novochervone	noun	新切爾沃內
novoekonomichne	noun	新埃科諾米奇內
novoselivka	noun	新塞利夫卡
novosibirsk	noun	新西伯利亞
novyi vytkiv	noun	新維特基夫
nowruz	noun	納吾肉孜節
nozawaonsen-mura	noun	野澤温泉村
nubia	noun	努比亚
nubian ibex	noun	努比亞羱羊
nueva vizcaya	noun	新比斯開
numazu	noun	沼津
numbers	noun	民数记|民數記
nunavut	noun	努纳武特
nuoro	noun	努奥罗
nur-sultan	noun	努爾-蘇丹
nuremberg	noun	纽伦堡
ob-gyn	noun	婦產科 妇产科
ok	adjective	你没事吧 很|不错|你好吗|好|协定
opec	noun	歐佩克
oakland	noun	奥克兰
ob	noun	鄂畢河
obadiah	noun	俄巴底亚书|俄巴底亞書
obama	noun	小濱
oberon	noun	天卫四
occidental	noun	西方人|西方的
occitan	noun	欧西坦语
oceania	noun	大洋洲
octans	noun	南极座
october	noun	十月
october revolution	noun	十月革命
odawara	noun	小田原
oddar meanchey	noun	奧多棉吉
oder	noun	奥得河
odessa	noun	敖德薩
odin	noun	奥丁
odysseus	noun	奧德修斯
odyssey	noun	奥德赛
oedipus	noun	俄狄浦斯
ogasawara	noun	小笠原
ohio	noun	俄亥俄州
oise	noun	瓦兹省
okayama	noun	冈山|岡山
okazaki	noun	岡崎
okinawa	noun	冲绳
okinawan	noun	冲绳语
oklahoma	noun	俄克拉何马
okotoks	noun	奧克托克斯
old church slavonic	noun	古教会斯拉夫语
old english	noun	古英语
old korean	noun	古朝鮮語
old testament	noun	旧约圣经
old world	noun	旧大陆
oleshky	noun	奧萊什基
olhivka	noun	奧利吉夫卡|奧利希夫卡
oliver	noun	奥利维
olomouc	noun	奥洛穆茨
olympiad	noun	奥运会
olympian	adjective	奥林匹克
olympic	adjective	奥林匹克
olympic games	noun	奥林匹克运动会|奧林匹克運動會
olympic winter games	noun	冬季奥林匹克运动会
olympic village	noun	奧運村
olympics	noun	奥运会
oman	noun	阿曼|阿曼苏丹国
omsk	noun	鄂木斯克
ophelia	noun	天卫七
ophiuchus	noun	蛇夫座
opium war	noun	鴉片戰爭
orchomenos	noun	奥尔霍迈诺斯
ordovician	noun	奥陶纪
oriental	adjective	东方|亞洲人
oriental studies	noun	东方学
orion	noun	獵戶座
oristano	noun	里斯塔诺
orleans	noun	奥尔良
orok	noun	奧羅克人|烏依勒塔人|維爾塔人|鄂羅克人|奧羅克語|烏依勒塔語
oroqen	adjective	鄂倫春族
orpheus	noun	俄耳甫斯
osaka	noun	大阪
oscar	noun	奥斯卡
osiris	noun	欧西里斯
oslo	noun	奥斯陆
ossetian	adjective	奧塞梯語
ostrów mazowiecka	noun	馬佐夫捨地區奧斯特魯夫
ota	noun	大田
other	noun	他人|別的
othniel	noun	俄陀聶
ottawa	noun	渥太华人|渥太华
ottawan	noun	渥太华人
ottoman	noun	奧斯曼人|奧斯曼
ottoman empire	noun	奥斯曼帝国
ouagadougou	noun	瓦加杜古
our father	noun	主禱文
our lady of sorrows	noun	Shengmuku
outer mongolia	noun	外蒙古
overijssel	noun	上艾瑟尔省
oviedo	noun	奥维耶多
oxford	noun	牛津
oxyrhynchus	noun	俄克喜林庫斯
p u		呸
plc	noun	有限公司
prc	noun	远程程序呼叫
pacific ocean	noun	太平洋
padua	noun	帕多瓦
pagadian	noun	帕嘎蒂安
pailin	noun	拜林
paki shop	noun	阿拉伯人
pakistan	noun	巴基斯坦|巴基斯坦伊斯兰共和国
palau	noun	帛琉|帕劳
paleogene	noun	古近纪
paleozoic	noun	古生代
palermo	noun	巴勒莫市
palestine	noun	巴勒斯坦
palestinian	noun	巴勒斯坦人
pali	noun	巴利语
pamir	noun	帕米尔高原
pan	noun	潘|平底锅|骨盆
panama	noun	巴拿马
panama canal	noun	巴拿马运河
panama city	noun	巴拿馬城
panama hat	noun	巴拿馬帽
panchatantra	noun	五卷书
pandora	noun	土星十七
pandora's box	noun	潘朵拉的盒子
pangaea	noun	盤古大陸
panji	noun	潘吉
paphos	noun	帕福斯
papiamento	noun	帕皮阿门托语
papiamentu	noun	帕皮阿门托语
papua new guinea	noun	巴布亚新几内亚|巴布亞新幾內亞
paradise	noun	乐园|天堂
paraguay	noun	巴拉圭
paralympic games	noun	残疾人奥林匹克运动会
paralympics	noun	残疾人奥林匹克运动会
paraná pine	noun	松树
paris	noun	巴黎
paris syndrome	noun	巴黎综合症
parkinson's disease	noun	帕金森病
parma	noun	帕尔马
parsi	noun	拜火教徒
parthian	adjective	出生
partizansk	noun	帕尔季赞斯克|游击队城|苏昌|雅兰苏
pascal's triangle	noun	杨辉三角形
pashto	noun	普什图语
passau	noun	帕紹
passover	noun	复活节
patagonia	noun	巴塔哥尼亞
patras	noun	帕特雷
patroclus	noun	帕特羅克洛斯
paul	noun	保罗|保羅
pavia	noun	帕维亚
pavie	noun	帕维亚
pavo	noun	孔雀座
pegasus	noun	飞马座
pekin duck	noun	北京烤鴨
peking duck	noun	北京烤鴨
pekingese	noun	北京狗
peloponnese	noun	伯罗奔尼撒
penelope	noun	佩内洛普
pennsylvania	noun	宾夕法尼亚
pentagon	noun	五角大楼|五边形
pentateuch	noun	摩西五經
pentecost	noun	五旬节
people's democratic republic of algeria	noun	阿尔及利亚民主人民共和国
people's republic of bangladesh	noun	孟加拉国
people's republic of china	noun	中华人民共和国|中華人民共和國
perekip	noun	佩雷基普
pereviz	noun	佩雷維茲|佩列維茲
pericles	noun	伯里克利
perm	noun	彼尔姆
permian	noun	二叠纪
pernambuco	noun	伯南布哥
peronism	noun	庇隆主义
perpignan	noun	佩皮尼昂
perseus	noun	珀耳修斯|英仙座
persia	noun	波斯
persian	adjective	波斯的|波斯語|波斯语
persian gulf	noun	波斯湾
peru	noun	秘鲁|秘魯
perugia	noun	佩鲁贾
peruvian	adjective	秘鲁
pescara	noun	佩斯卡拉
peshawar	noun	白沙瓦
pest	noun	鼠疫|讨厌的人
peter	noun	皮艾尔|阴茎
peter pan syndrome	noun	彼得潘症候群
peters's elephantnose fish	noun	彼氏錐頜象鼻魚
pherecrates	noun	斐勒克拉忒斯
philadelphia	noun	費城
philip	noun	腓力
philippi	noun	腓立比
philippine islands	noun	菲律宾
philippine sea	noun	菲律宾海
philippines	noun	菲律宾|菲律賓
phnom penh	noun	金边
phobos	noun	火卫一
phoebe	noun	土星九
phoenicia	noun	腓尼基
phoenix	noun	凤凰座|不死鳥
phrygia	noun	弗里吉亚
phung	noun	馮
picardy	noun	皮卡第
pictor	noun	绘架座
piedmont	noun	皮埃蒙特
pikachu	noun	皮卡丘
pinocchio	noun	皮诺乔
pinyin	noun	拼音
piraeus	noun	比雷埃夫斯
pisa	noun	比萨
pisces	noun	双鱼座
piscis austrinus	noun	南魚座
pistoia	noun	皮斯托亚
pitcairn islands	noun	皮特开恩群岛
planck's constant	noun	普朗克常數
plato	noun	柏拉图
plautdietsch	noun	门诺低地德语
pleiades	noun	昴宿星團
pleistocene	noun	更新世
pliushchivka	noun	普柳希夫卡
plutarch	noun	普鲁塔克
pluto	noun	冥王星|普路托
pluviôse	noun	雨月
pnyx	noun	普尼克斯
po	noun	波河
podgorica	noun	波德戈里察
podolia	noun	波多里亚
poitiers	noun	普瓦捷
pokémon	noun	口袋妖怪
polabian	noun	波拉布語
poland	noun	波兰
pole	noun	波兰人
polish	adjective	波兰语|波蘭語|蜜蜡
pollux	noun	土星三十四
polynesia	noun	玻里尼西亞
pomerania	noun	波美拉尼亞
pomeranian	noun	博美犬
pompeii	noun	庞贝
pompey	noun	庞培
port moresby	noun	莫尔兹比港
porto	noun	波尔图
portsmouth	noun	朴次茅斯
portugal	noun	葡萄牙
portuguese	adjective	葡萄牙语|葡萄牙語|葡萄牙人
portuguese republic	noun	葡萄牙共和国
poseidon	noun	波塞冬
potsdam	noun	波茨坦
poznan	noun	波茲南
prague	noun	布拉格
prairial	noun	牧月
prato	noun	普拉托
precambrian	adjective	前寒武纪
preston	noun	普雷斯顿
prey veng	noun	波蘿勉
prince charming	noun	白马王子
prince edward island	noun	爱德华王子岛
prometheus	noun	普罗米修斯
prostore	noun	普羅斯托雷
proteus	noun	海卫八
proto-greek	noun	原始希臘語
proto-indo-european	adjective	原始印歐語
proto-koreanic	noun	原始朝鲜语
proudhonism	noun	蒲鲁东主义
provence	noun	普罗旺斯
provençal	adjective	欧西坦语
proverbs	noun	箴言
prudnik	noun	普魯德尼克
prussia	noun	普魯士|普鲁士
psalms	noun	詩篇|诗篇
puerto rico	noun	波多黎各
pugach	noun	普加奇
punjab	noun	旁遮普
punjabi	noun	旁遮普語
puppis	noun	船尾座
purgatory	noun	煉獄
pursat	noun	菩薩
pushkin	noun	普希金
puss in boots	noun	穿靴子的猫
putin	noun	普京
putonghua	noun	普通话
pyongyang	noun	平壤
pyrenean chamois	noun	臆羚
pyrenees	noun	比利牛斯山
pyrrhic victory	noun	皮洛士式胜利
pyrrhus	noun	皮洛士
pythagoras	noun	毕达哥拉斯
pythagorean theorem	noun	勾股定理
pyxis	noun	罗盘座
qanon	noun	匿名者Q
qatar	noun	卡塔尔
qidong	noun	啟東|祁東
qingshui	noun	清水
qingtian	noun	青田
qizilbash	noun	奇茲爾巴什
qom	noun	橡皮
quangang	noun	泉港
quart	noun	卡尔|夸尔特
quartermain mountains	noun	夸特梅因山脈
quaternary	noun	第四紀|第四纪
quebec	noun	魁北克
quebec city	noun	魁北克市
quechua	noun	克丘亞語|克丘亚语
quechuan	adjective	克丘亚语
quentin	noun	康坦
quezon city	noun	奎松市
quito	noun	基多
qur'an	noun	古兰经
rna	noun	核糖核酸
ra	noun	拉
rabat	noun	拉巴特
rafah	noun	拉法
ragnarok	noun	諸神的黃昏
ragusa	noun	拉古萨
rakhine	noun	若開
ramesses	noun	拉美西斯
rannia zoria	noun	蘭尼亞佐里亞
rebekah	noun	利百加|黎貝加
recife	noun	累西腓
red cross	noun	红十字
red sea	noun	红海
reformation	noun	宗教改革|改革
regensburg	noun	雷根斯堡
reghin	noun	雨
reich	noun	帝国
rejang	noun	勒姜語
renaissance	noun	复兴|文艺复兴
rennes	noun	雷恩
republic of albania	noun	阿尔巴尼亚
republic of angola	noun	安哥拉共和国
republic of armenia	noun	亚美尼亚共和国
republic of austria	noun	奥地利
republic of azerbaijan	noun	阿塞拜疆共和国
republic of china	noun	中华民国|中華民國
republic of côte d'ivoire	noun	科特迪瓦共和国
republic of estonia	noun	爱沙尼亚
republic of guatemala	noun	瓜地馬拉共和國
republic of guinea	noun	几内亚共和国
republic of guinea-bissau	noun	幾內亞比索共和國
republic of indonesia	noun	印尼共和国
republic of ireland	noun	愛爾蘭共和國
republic of korea	noun	大韩民国
republic of lithuania	noun	立陶宛
republic of nicaragua	noun	尼加拉瓜共和国
republic of poland	noun	波兰共和国
republic of serbia	noun	塞尔维亚共和国
republic of slovenia	noun	斯洛文尼亚共和国
republic of south africa	noun	南非
republic of the congo	noun	刚果共和国
republic of the philippines	noun	菲律宾共和国
repyakhovka	noun	列皮亞霍夫卡農村居民點
reticulum	noun	网罟座|金錢肚
revelation	noun	启示录|披露
reykjavík	noun	雷克雅維克
rhea	noun	土星五
rhine	noun	莱茵河
rhineland-palatinate	noun	莱茵兰-普法尔茨
rhodesia	noun	罗德西亚
rhone	noun	罗讷河
richard	noun	理查德
richter scale	noun	里氏地震規模
rieti	noun	列蒂
riga	noun	里加
ring of fire	noun	环太平洋火山带
riyadh	noun	利雅得
robin hood	noun	罗宾汉
roger	noun	罗杰|了解
rom	noun	吉普賽人
roma	noun	迷迭香
roman	adjective	羅馬|罗马|羅馬人
roman empire	noun	羅馬帝國
roman mile	noun	里
roman numeral	noun	罗马数字
roman numerals	noun	羅馬數字
romance	adjective	长篇小说
romance language	noun	罗曼语
romanesque	adjective	长篇小说
romani	adjective	迷迭香|罗姆语
romania	noun	罗马尼亚|羅馬尼亞
romanian	adjective	罗马尼亚语|罗马尼亚的|罗马尼亚人|罗马尼亚
romanization	noun	罗马化
romans	noun	罗马书
romantic	adjective	浪漫|爱情
rome	noun	罗马|羅馬
rome wasn't built in a day		冰凍三尺，非一日之寒 冰冻三尺，非一日之寒
romeo	noun	罗密欧
roraima	noun	羅賴馬州
rosetta stone	noun	羅塞塔石碑
roubaix	noun	鲁贝
roussillonese	adjective	鲁西永方言
roxana	noun	罗克珊娜
rubik's cube	noun	魔方
ruby	noun	紅寶石|红宝石
ruhr	noun	鲁尔河
rumpelstiltskin	noun	侏儒妖
ruritanian	adjective	博爾多利亞|帕尔西语
ruscism	noun	俄西斯主义
russia	noun	俄罗斯|俄羅斯
russian	adjective	俄语|俄語|俄羅斯人
russian blue	noun	俄国的
russian empire	noun	俄罗斯帝国
russian federation	noun	俄罗斯联邦
russian doll	noun	俄罗斯套娃
russianness	noun	俄罗斯属性
russo-		俄語
ruth	noun	路得記|路得记
ruy lopez	noun	西班牙語
rwanda	noun	卢旺达
ryan	noun	小王
ryazan	noun	梁赞
ryukyu	noun	琉球群岛
ryukyuan	noun	琉球語
ryzhivka	noun	雷日夫卡
rzeszów	noun	热舒夫
réunion	noun	留尼汪
rødovre	noun	勒藻勒
rügen	noun	魯根島
sms	noun	短信
snafu	noun	妓院|誤|浑沌
suv	noun	存活时间
saar	noun	萨尔河
saba	noun	薩巴
sabbath	noun	安息日|周日|主麻
sacramento	noun	沙加缅度
sado	noun	佐渡
sagitta	noun	天箭座
sagittarius	noun	人马座
sahara	noun	撒哈拉沙漠
said	noun	赛义德
saijō	noun	西條
saint andrew's cross	noun	圣安德鲁十字
saint bernard	noun	聖伯納犬
saint helena	noun	圣赫勒拿岛
saint kitts and nevis	noun	聖克里斯多福與尼維斯
saint lucia	noun	圣卢西亚
saint martin	noun	圣马丁岛
saint petersburg	noun	圣彼得堡
saint pierre and miquelon	noun	圣皮埃尔和密克隆
saint valentine's day	noun	七夕
saint vincent and the grenadines	noun	圣文森特和格林纳丁斯
saint-étienne	noun	圣艾蒂安
saipan	noun	塞班
saka	noun	坂町
sakado	noun	坂戶
sakha republic	noun	薩哈共和國
sakhalin	noun	萨哈林
sakishima	noun	先島
saku	noun	佐久
sakuragawa	noun	櫻川
salt lake city	noun	鹽湖城
salvador	noun	萨尔瓦多
salzburg	noun	萨尔茨堡
samara	noun	萨马拉
samaria	noun	撒馬利亞
samarkand	noun	撒马尔罕
sami	noun	種子
samoa	noun	萨摩亚
samoan	noun	薩摩亞語
samogitia	noun	萨莫吉希亚
samogitian	adjective	薩莫吉提亞語
samson	noun	参孙
samuel	noun	撒母耳記|撒母耳记
san francisco	noun	舊金山
san marino	noun	圣马力诺
san salvador	noun	聖薩爾瓦多
san salvador island	noun	島
sanaa	noun	萨那
sandwich tern	noun	白嘴端凤头燕鸥
sango	noun	桑戈語
sanjō	noun	三條
sanmu	noun	山武
sanskrit	noun	梵語|梵文
santa claus	noun	圣诞老人
santiago	noun	島
santo domingo	noun	圣多明哥
saracen	noun	撒拉森人
sarajevo	noun	塞拉耶佛|萨拉热窝
sardinia	noun	萨丁岛
sardinian	noun	萨丁人|薩丁尼亞語
saskatchewan	noun	萨斯喀彻温
satan	noun	撒但|撒旦
satanism	noun	撒旦教
sato	noun	佐藤
saturday	adverb	星期六|周六
saturn	noun	土星|萨图尔努斯
saudi arabia	noun	沙特阿拉伯
sava	noun	薩瓦河
save	noun	薩瓦河|防守|保藏|停住|拯救|節省
saxony	noun	萨克森
saxony-anhalt	noun	萨克森-安哈尔特
scandinavia	noun	斯堪的纳维亚
scandinavian peninsula	noun	斯堪的纳维亚
schengen area	noun	申根区
schiff	noun	船
schnabel	noun	喙
schrödinger's cat	noun	薛定谔猫
scorpio	noun	蠍子|天蝎座
scorpius	noun	天蝎座
scotch	noun	蘇格蘭威士忌
scotism	noun	童軍活動
scotland	noun	苏格兰|蘇格蘭
scottish	adjective	蘇格蘭語
scottish gaelic	noun	苏格兰盖尔语
sculptor	noun	玉夫座|雕刻家
scutum	noun	盾牌座
sea of japan	noun	日本海
sea of marmara	noun	马尔马拉海
sea of okhotsk	noun	鄂霍次克海
sealand	noun	西兰
seattle	noun	西雅图
sebastian	noun	塞巴斯蒂安
second french empire	noun	法兰西第二帝国
secretary general	noun	總書記
seine	noun	塞纳河
seine-maritime	noun	滨海塞纳省
senate	noun	上议院|参议院
senegal	noun	塞内加尔
senegalese	noun	塞内加尔人
sennan	noun	泉南
seoul	noun	首尔|首爾
september	noun	九月
septuagint	noun	七十士譯本
serb	noun	塞族人
serbia	noun	塞尔维亚
serbia and montenegro	noun	塞尔维亚和黑山
serbian	adjective	塞尔维亚语|塞尔维亚人
serbo-croatian	noun	塞尔维亚-克罗地亚
serpens	noun	巨蛇座
set	noun	赛特|准备|但是|实生苗|受体|集|導入
seth	noun	赛特
seto inland sea	noun	濑户内海
seville	noun	塞维利亚
sextans	noun	六分仪座
seychelles	noun	塞舌尔
sha'ban	noun	舍爾邦月
shaitan	noun	撒旦
shakespeare	noun	莎士比亚
shanghai	noun	上海
shanghainese	adjective	上海人|上海話 上海话
shangri-la	noun	香格里拉
shanshan	noun	鄯善
shaoxing	noun	绍兴市
sheba	noun	示巴王國
shenyang	noun	沈阳
shetland pony	noun	設得蘭矮種馬
shi'ism	noun	什叶派
shibukawa	noun	澀川
shih tzu	noun	狮子
shimoda	noun	下田
shimotsuke	noun	下野
shinagawa	noun	品川
shinchi	noun	新地
shinjō	noun	新庄
shinto	noun	神道
shiraz	noun	设拉子
shiva	noun	濕婆
shkodër	noun	斯库台
shor	noun	邵尔语
shrove tuesday	noun	忏悔星期二
shrovetide	noun	嘉年华会
shuangliu	noun	雙流
shuri	noun	首里
shymkent	noun	奇姆肯特
shūnan	noun	周南
siberia	noun	西伯利亚
siberian tiger	noun	东北虎
sichneve	noun	西奇內韋|西奇涅韋
sichuan	noun	四川
sichuan pepper	noun	花椒
sicily	noun	西西里岛
sierra leone	noun	塞拉利昂
silesia	noun	西里西亞
silesian	noun	西里西亞語
silicon valley	noun	矽谷
silk road	noun	丝绸之路
silurian	noun	志留纪
silvanus	noun	木精灵
silves	noun	錫爾維什
simferopol	noun	辛菲罗波尔
simon says	noun	老師話
simplified chinese	noun	简体中文
singapore	noun	新加坡
singaporean	adjective	新加坡
sinhalese	noun	斯里兰卡人|僧伽羅語 僧伽罗语
sinitic	adjective	中国
sino-		中-
sino-vietnamese	adjective	汉越词
sino-xenic	adjective	汉字词
sinophobia	noun	反華
sint eustatius	noun	圣尤斯特歇斯
sint maarten	noun	圣马丁岛
sirius	noun	天狼星
sirte	noun	蘇特
sizhou	noun	泗州|肆州
sjögren's syndrome	noun	干燥综合症
skopje	noun	斯科普里
slav	noun	斯拉夫人
slavey	noun	奴隶
slavic	adjective	斯拉夫
sleeping beauty	noun	睡公主
slovak	adjective	斯洛伐克语
slovak republic	noun	斯洛伐克共和國
slovakia	noun	斯洛伐克
slovene	adjective	斯洛文尼亚的|斯洛文尼亞人|斯洛文尼亚语
slovenia	noun	斯洛文尼亚
smolensk	noun	斯摩棱斯克
smyrna	noun	伊兹密尔
snow white	noun	白雪
sochi	noun	索奇河
society of jesus	noun	耶稣会
socinian	noun	索齊尼派教徒
socrates	noun	苏格拉底
sodom	noun	索多玛
sofia	noun	索菲亚
sogdiana	noun	粟特
solar system	noun	太阳系
solomon	noun	所罗门|所羅門
solomon islands	noun	所罗门群岛
solothurn	noun	索洛图恩
somali	noun	索马里语
somalia	noun	索马里
somaliland	noun	索马里兰
son of heaven	noun	天子
song of songs	noun	雅歌
songyuan	noun	松原
sophocles	noun	索福克勒斯
sorb	noun	卢萨斯塞族|球茎
sorbian	noun	文德语
south	noun	南
south africa	noun	南非
south african	noun	南非人
south african republic	noun	南非
south america	noun	南美洲|南美
south asia	noun	南亚
south australia	noun	南澳大利亚州
south carolina	noun	南卡罗来纳州
south china sea	noun	南海
south holland	noun	南荷蘭省
south india	noun	印度南部
south island	noun	南岛
south korea	noun	韩国|大韩民国
south korean	noun	韩国人
south ossetia	noun	南奥塞梯
south pole	noun	南极|S极
south slavic	adjective	南斯拉夫
south sudan	noun	南蘇丹
southampton	noun	南安普敦
southeast asia	noun	东南亚
southeast europe	noun	东南欧
southern africa	noun	南部非洲
southern cross	noun	南十字座
southern europe	noun	南欧
southern hemisphere	noun	南半球
southern min	noun	閩南
southern ocean	noun	南冰洋
southerner	noun	南方人
soviet union	noun	苏联
spain	noun	西班牙
spaniard	noun	西班牙人
spanish	adjective	西班牙语|西班牙語
spanish chestnut	noun	栗
spanish omelette	noun	尊魚
sparta	noun	斯巴达
spartacus	noun	斯巴达克斯
speaker	noun	总统|喇叭
spiritism	noun	通灵术
spratly island	noun	南威島
spree	noun	施普雷河
sr.	adjective	父
sri lanka	noun	斯里兰卡
sri lankan	noun	斯里兰卡人
srinagar	noun	斯利那加
st. elmo's fire	noun	圣艾尔摩之火
staffordshire	noun	斯塔福德郡
stalin	noun	斯大林
star of bethlehem	noun	一品紅
star of david	noun	大卫星
star-spangled banner	noun	星条旗
stars and stripes	noun	星条旗
stasi	noun	史塔西
state of japan	noun	日本国
stepanakert	noun	斯捷潘納克特
stephen	noun	史蒂文
stepnohirsk	noun	斯泰普諾希爾斯克
stigmata	noun	聖傷
stockholm	noun	斯德哥尔摩
stockholm syndrome	noun	斯德哥爾摩綜合症
stone	noun	石|石头
stone age	noun	石器
stonehenge	noun	巨石阵
strait of dover	noun	多佛尔海峡
strait of gibraltar	noun	直布羅陀海峽
strait of hormuz	noun	霍爾木茲海峽
stralsund	noun	施特拉尔松
strasbourg	noun	斯特拉斯堡
stratford-on-avon	noun	埃文河畔斯特拉特福
strauss	noun	驼鸡
stroivka	noun	斯特羅伊夫卡
stung treng	noun	上丁
stuttgart	noun	斯图加特|斯圖加特
styria	noun	施蒂利亚州
styx	noun	冥衛五
sudan	noun	苏丹|苏丹共和国
sudeten	noun	蘇台德山脈
suez	noun	苏伊士
suez canal	noun	苏伊士运河
sufism	noun	蘇非主義
sukha balka	noun	蘇哈巴爾卡
sulawesi	noun	蘇拉威西
sun	noun	太阳|太陽|日
sun king	noun	太阳王
sundanese	adjective	巽他族
sunday	adverb	星期天|星期日
sunni islam	noun	遜尼派
superman	noun	超人
supreme court	noun	最高法院
suriname	noun	苏里南
susan	noun	苏珊
susanna	noun	苏珊
suwa	noun	諏訪
suzuka	noun	鈴鹿
svalbard	noun	斯瓦尔巴群岛
swabia	noun	士瓦本
swabian	noun	士瓦本
swadesh list	noun	斯瓦迪士核心詞列表
swahili	noun	斯瓦希利语
swaziland	noun	斯威士兰
swede	noun	瑞典人
sweden	noun	瑞典
swedish	adjective	瑞典语|瑞典的
swiss	adjective	瑞士人
swiss confederation	noun	瑞士联邦
swiss franc	noun	瑞士法郎
switzerland	noun	瑞士
sydney	noun	悉尼
syldavia	noun	西爾達維亞
sylvester	noun	新年前夜
syracuse	noun	锡拉库萨
syria	noun	叙利亚
syvash	noun	錫瓦什
syvaske	noun	錫瓦什斯科耶|錫瓦斯凱
szczecin	noun	什切青
são paulo	noun	圣保
são tomé and príncipe	noun	圣多美和普林西比
sōma	noun	相馬
t-bar	noun	石弓
t-junction	noun	丁字街
t-shirt	noun	T恤
tv	noun	电视
twoc	noun	未獲授權而取用運輸工具
tabor	noun	塔沃爾山|鼓
tachikawa	noun	立川
tagalog	noun	塔加洛語
tagus	noun	塔霍河
tahara	noun	田原
tahiti	noun	大溪地
tai	noun	斄|邰
taipei	noun	台北
taiping island	noun	太平島
taitō	noun	台東
taiwan	noun	台湾|中華民國
taiwanese	adjective	台湾|台湾人
tajik	adjective	塔吉克的|塔吉克语
tajikistan	noun	塔吉克斯坦
takaoka	noun	高岡
taklamakan	noun	塔克拉玛干沙漠
tallinn	noun	塔林
talmud	noun	塔木德
tamana	noun	玉名
tamil	adjective	泰米爾語|泰米尔语
tampico	noun	坦皮科
tangier	noun	丹吉尔
tangut	noun	党项
tanzania	noun	坦桑尼亚
tanzanian	adjective	坦桑尼亚人
tao	noun	道
taoism	noun	道教
taoist	noun	道士
tarantino	noun	塔兰托人
taranto	noun	塔兰托
tarentine	adjective	塔兰托人
tartu	noun	塔尔图
tartus	noun	塔尔图斯
tashkent	noun	塔什干
tasman sea	noun	塔斯曼海
tasmania	noun	塔斯馬尼亞州
tasmanian devil	noun	袋獾
tatar	noun	塔但语
taurus	noun	金牛座
tavros	noun	金牛座
tbilisi	noun	提比里斯
tchaikovsky	noun	柴可夫斯基
tegucigalpa	noun	德古斯加巴
tehran	noun	德黑蘭
tel aviv	noun	特拉维夫
tel aviv-yafo	noun	特拉维夫-雅法
telescopium	noun	望远镜座
telmanove	noun	台爾曼諾沃區
telugu	noun	泰卢固语
temple	noun	寺庙|寺廟|太阳穴|顳顬
ten commandments	noun	十诫
tenerife	noun	特内里费岛
tennessee	noun	田納西州
teochew	noun	潮州话
tequixquiac	noun	特基斯基阿克
teresa	noun	特丽萨
terrien	noun	地球人
terschelling	noun	泰爾斯海靈島
tethys	noun	土星三
tetum	noun	德顿语
teuton	noun	条顿人
texas	noun	德克萨斯
thai	noun	泰语
thailand	noun	泰国
thames	noun	泰晤士河
thanatos	noun	塔纳托斯
thanksgiving	noun	感恩节|感谢
the hague	noun	海牙
thebes	noun	底比斯
theobald	noun	蒂伯
theoderic	noun	德瑞克
thermidor	noun	热月
thermopylae	noun	溫泉關
theseus	noun	忒修斯
thessalonians	noun	帖撒罗尼迦前后书
thessaloniki	noun	塞萨洛尼基
thessaly	noun	色萨利
thimphu	noun	廷布
third reich	noun	第三帝国
third world	noun	第三世界
thirty years' war	noun	三十年战争
thitu island	noun	中業島
thomism	noun	托馬斯主義
thor	noun	索尔
thoth	noun	托特
thucydides	noun	修昔底德
thule	noun	圖勒
thumbelina	noun	拇指姑娘
thursday	noun	星期四
tianjin	noun	天津
tiber	noun	台伯河
tibet	noun	西藏
tibetan	adjective	藏语|藏語
ticino	noun	提契諾州
tierra del fuego	noun	火地群岛
tigris	noun	底格里斯河
tilburg	noun	蒂尔堡
timor sea	noun	帝汶海
timothy	noun	提摩太书
tirana	noun	地拉那
titan	noun	土卫六|鈦
titania	noun	天卫三
titus	noun	提多书
toba	noun	鳥羽
tocharian	adjective	吐火罗语
togo	noun	多哥
tokelau	noun	托克劳
tokyo	noun	东京|東京
tokyoite	noun	东京人
toledo	noun	托萊多
toluca	noun	托卢卡
tomigusuku	noun	豐見城
tomsk	noun	托木斯克
tonga	noun	东加|東加
torah	noun	摩西五經
toride	noun	取手
toronto	noun	多伦多
toruń	noun	托倫
toulon	noun	土伦
toulouse	noun	图卢兹
tour de france	noun	环法自行车赛
traditional chinese	noun	正体中文
transnistria	noun	德涅斯特河沿岸共和国
transylvania	noun	特兰西瓦尼亚
triangulum	noun	三角座
triangulum australe	noun	南三角座
triassic	noun	三叠纪
trier	noun	特里尔
trieste	noun	的里雅斯特
trimurti	noun	三相神
trinidad	noun	三位一体
trinidad and tobago	noun	千里達及托巴哥|特立尼达和多巴哥
trinity	noun	三位一體|三和弦
tripoli	noun	的黎波里
triton	noun	海卫一|人鱼
tropic of cancer	noun	北回归线
tropic of capricorn	noun	南回归线
trotsky	noun	托洛茨基
trotskyism	noun	托洛茨基主义
trotskyite	noun	托洛斯基分子
troy	noun	特洛伊
true cross	noun	十字
tsonga	noun	宗加語
tsukuba	noun	筑波
tsukubamirai	noun	筑波未來
tsuruoka	noun	鶴岡
tsuyama	noun	津山
tube	noun	地铁|管|听
tucana	noun	杜鹃座
tuesday	adverb	星期二
tunis	noun	突尼斯市
tunisia	noun	突尼西亞|突尼斯
turin	noun	都靈
turk	noun	土耳其人
turkey	noun	土耳其|火鸡
turkic	adjective	土耳其人|土耳其语
turkish	noun	土耳其语|土耳其語
turkish crescent	noun	斗笠
turkish delight	noun	土耳其软糖
turkmen	adjective	土库曼语
turkmenistan	noun	土库曼斯坦
tuscan	noun	托斯卡纳
tuscany	noun	托斯卡纳
tuvalu	noun	圖瓦盧|图瓦卢
tuvan	noun	图瓦语
twitter	noun	推特
tyrannosaurus rex	noun	暴龍
tyrrhenian sea	noun	第勒尼安海
tübingen	noun	图宾根
tōkamachi	noun	十日町
tōon	noun	東溫
ufo	noun	不明飞行物
un	noun	联合国
un security council	noun	联合国安全理事会
unsw	noun	新南
usa	noun	美
ussr	noun	苏联
udihe	noun	烏德蓋人|烏德赫人|烏德蓋語|烏德赫語
udine	noun	烏迪內
udmurtia	noun	乌德穆尔特共和国
ufa	noun	乌法
uganda	noun	乌干达
ukraine	noun	乌克兰|烏克蘭
ukrainian	adjective	乌克兰的|乌克兰语|烏克蘭語
ukrainization	noun	乌克兰化
ulch	noun	烏利奇語|烏爾奇語
uluru	noun	乌鲁汝
umbria	noun	翁布里亚大区
umbriel	noun	天卫二
uncle sam	noun	山姆大叔
unicode	noun	万国码
union of soviet socialist republics	noun	苏维埃社会主义共和国联盟
unitarian	noun	单元式的
united arab emirates	noun	阿拉伯联合酋长国|阿联酋
united arab republic	noun	阿拉伯聯合共和國
united kingdom	noun	英国
united kingdom of great britain and ireland	noun	大不列颠及爱尔兰联合王国
united kingdom of great britain and northern ireland	noun	大不列颠及北爱尔兰联合王国
united mexican states	noun	墨西哥合众国
united nations	noun	联合国
united states	noun	美国
united states virgin islands	noun	美属维尔京群岛
united states of america	noun	美国|美國
universe	noun	宇宙
uonuma	noun	魚沼
upanishad	noun	奥义书
upper canada	noun	上加拿大
upper egypt	noun	上埃及
upper normandy	noun	上諾曼地
upper volta	noun	上沃尔特
uppsala	noun	乌普萨拉
ural	noun	乌拉尔河
ural mountains	noun	乌拉尔河
uranus	noun	天王星|乌拉诺斯
urdu	noun	烏爾都語
uri	noun	烏里州
ursa major	noun	大熊座
ursa minor	noun	小熊座
uruguay	noun	乌拉圭
uruma	noun	宇流麻
ushiku	noun	牛久
uskudar	noun	于斯屈达尔
usonia	noun	美国|美國
utrecht	noun	乌得勒支
uyghur	noun	维吾尔语
uzbek	noun	乌兹别克语
uzbekistan	noun	乌兹别克斯坦|乌兹别克
uzbekistani	adjective	乌兹别克语
vaduz	noun	瓦杜兹
vairocana	noun	大日如来
valence	noun	巴伦西亚|价值
valencia	noun	巴倫西亞
valencian community	noun	巴倫西亞
valladolid	noun	巴利亚多利德
valletta	noun	瓦莱塔
vancouver	noun	温哥华
vanessa	noun	凡妮莎
vanuatu	noun	瓦努阿图|瓦努阿圖
varangian	noun	瓦良格人
vatican	noun	梵蒂冈
vatican city	noun	梵蒂冈
veda	noun	吠陀
vela	noun	船帆座
velcro	noun	魔术贴
vendémiaire	noun	葡月
veneto	noun	威尼托
venezuela	noun	委内瑞拉|委內瑞拉
venice	noun	威尼斯
ventôse	noun	风月
venus	noun	金星|维纳斯
venus flytrap	noun	捕蠅草
veracruz	noun	韦拉克鲁斯
verben	noun	韋爾邊
vercingetorix	noun	维钦托利
verona	noun	维罗纳
veronese	noun	維羅納人
versailles	noun	凡尔赛
vesuvius	noun	維蘇威火山
vicenza	noun	维琴察
victorian	adjective	維多利亞時代
vienna	noun	維也納|维也纳
vienne	noun	维也纳|維也納
viennese	adjective	維也納邦
vientiane	noun	永珍
vietnam	noun	越南
vietnamese	adjective	越南语|越南人|越南語
viking	noun	維京人
vilnius	noun	维尔纽斯
vincent	noun	文森
vinnytsia	noun	文尼察
virgil	noun	维吉尔
virgin islands	noun	維爾京群島
virginia	noun	弗吉尼亚
virgo	noun	室女座
vishnu	noun	毗湿奴
vistula	noun	维斯瓦河
vladimir	noun	弗拉基米尔
vladivostok	noun	海参崴
vlieland	noun	弗利蘭島
vltava	noun	伏尔塔瓦河
vojvodina	noun	伏伊伏丁那
volans	noun	飞鱼座
volapük	noun	沃拉普克语
volga	noun	伏尔加河
volgograd	noun	伏尔加格勒
volhynia	noun	沃里尼亞
voronezh	noun	沃罗涅日
votic	noun	投票
vuladdore reef	noun	烏拉多礁
vulcan	noun	祝融星
vulpecula	noun	狐狸座
vytkiv	noun	維特基夫
vítkov	noun	維特科夫
wc	noun	洗手间
wales	noun	威尔士
wallis and futuna	noun	瓦利斯及富图纳群岛
walloon	adjective	瓦龙语
wanderwort	noun	漫游词
warsaw	noun	华沙
warta	noun	瓦尔塔河
washington	noun	华盛顿哥伦比亚特区
washington, d.c.	noun	华盛顿哥伦比亚特区
waterloo	noun	滑铁卢
way of the cross	noun	苦路
wednesday	noun	星期三
weimar	noun	威玛
weimar republic	noun	魏瑪共和國
wellington	noun	威靈頓
welsh	noun	威尔士语|威爾士語
welshman	noun	威尔士人
wend	noun	斯拉夫
west	noun	西|西洋
west asia	noun	西亞 西亚
west bank	noun	約旦河西岸地區
west flemish	noun	西佛蘭德語
west frisia	noun	弗里斯兰省
west frisian	noun	弗里西亚语 弗里西语
west indies	noun	西印度群岛
west slavic	noun	西斯拉夫
western australia	noun	西澳大利亚州
western hemisphere	noun	西半球
western sahara	noun	西撒哈拉
white house	noun	白宮
white russian	adjective	白|白俄罗斯
white sea	noun	白海
whitsunday	noun	五旬节
whitsuntide	noun	五旬节
wie	noun	魏
wijchen	noun	韋亨
wikipedia	noun	维基百科|維基百科
wiktionary	noun	维基词典|維基字典|維基詞典
wild west	noun	冰斗
william	noun	威廉
windhoek	noun	温得和克
winterthur	noun	温特图尔
wisconsin dells	noun	威斯康星德尔斯|威斯康星德爾斯
wow	noun	山口山|哦
woden	noun	奥丁
wolfgang	noun	沃尔夫冈
won buddhism	noun	圓佛教
woop woop	noun	大草原
worcestershire sauce	noun	辣酱油
word	noun	詞|词|单词
world bank	noun	世界银行
world exposition	noun	萬國博覽會
world health organization	noun	世界卫生组织
world trade organization	noun	世界贸易组织
world war i	noun	第一次世界大战
world war ii	noun	第二次世界大战
world wide web	noun	捕捉网
wrocław	noun	弗罗茨瓦夫
wu	noun	㵲水|烏江|巫水|吴语|烏|巫
wuhan	noun	武汉
wyandot	noun	貂
x-ray diffraction	noun	X射线衍射
xhtml	noun	XHTML
xanthi	noun	克桑西
xavier	noun	格扎维埃
xhosa	noun	科萨语
xiang	noun	湘语
xinjiang	noun	新疆
xiongnu	noun	匈奴
y chromosome	noun	Y染色体
yhwh	noun	雅威
yahweh	noun	雅威
yakovenkove	noun	亞科文科韋
yakutsk	noun	雅库茨克
yamatokōriyama	noun	大和郡山
yamatotakada	noun	大和高田
yamoussoukro	noun	亚穆苏克罗
yangtze	noun	揚子江
yaoundé	noun	雅温得
yasugi	noun	安來
yatsushiro	noun	八代
yekaterinburg	noun	叶卡捷琳堡
yellow river	noun	黄河
yellow sea	noun	黄海
yemen	noun	也门|也門
yenisei	noun	葉尼塞河
yenish	noun	耶尼什人
yerevan	noun	埃里温|葉里溫
yggdrasil	noun	世界之树
yiddish	adjective	意第绪语|意第緒語
yokohama	noun	横滨
yongsan	noun	龍山
york	noun	约克
your excellency		先生
your imperial majesty	noun	陛下
your majesty	noun	陛下
yugoslavia	noun	南斯拉夫
yugoslavian	adjective	南斯拉夫的
yule	noun	圣诞节
yule log	noun	圣诞树干蛋糕
yunnan	noun	云南
zachary	noun	撒迦利亚书
zagreb	noun	萨格勒布
zaire	noun	薩伊
zambezi	noun	赞比西河
zambia	noun	赞比亚|贊比亞
zamboanga sibugay	noun	三寶顏錫布格
zamboanga del norte	noun	北三寶顏
zamboanga del sur	noun	南三寶顏
zanzibar	noun	桑给巴尔
zaozerne	noun	扎奧澤爾內|扎奧焦爾諾耶|扎奧澤爾涅
zaragoza	noun	萨拉戈萨
zealand	noun	西兰岛
zebulun	noun	西布伦
zechariah	noun	撒迦利亚书
zeeland	noun	泽兰省
zen	noun	禅
zen buddhism	noun	禅
zephaniah	noun	西番雅书
zeus	noun	宙斯
zhejiang	noun	浙江
zhuang	noun	壮语
zhvanets	noun	日瓦內茨
zimbabwe	noun	辛巴威|津巴布韦
zmiyovka	noun	茲米約夫卡
zoroaster	noun	琐罗亚斯德
zoroastrianism	noun	琐罗亚斯德教
zorro	noun	佐罗
zucker	noun	消渴病
zug	noun	(军队建制)排
zulu	noun	祖鲁族语
zurich	noun	苏黎世
zuricher	noun	苏黎世人
zwickau	noun	茨維考
a		一个
a cappella	adverb	无伴奏
a cold day in july	noun	从不
a few		一些
a friend in need is a friend indeed		患难见真情
a leopard cannot change its spots		江山易改，本性难移
a little	adverb	點兒
a lot	adverb	很|常|很多
a promise is a promise		一言既出，驷马难追
a rolling stone gathers no moss		滾石不生苔
a.m.	adverb	上午
aah	noun	啊
aardvark	noun	土豚
aardwolf	noun	土狼
abaca	noun	蕉麻
aback	adverb	后边
abacus	noun	算盘|算盤
abalone	noun	鮑魚
abandon	verb	放下|出去
abandoned	adjective	離開
abandonment	noun	放弃
abase	verb	降低
abasement	noun	羞辱
abashed	adjective	不好意思
abashment	noun	丢脸的事
abate	verb	中断|减少|击落
abatement	noun	推理
abattoir	noun	屠宰场
abbacy	noun	修道院
abbess	noun	女修道院院长
abbey	noun	修道院
abbeystead	noun	修道院
abbot	noun	方丈
abbreviate	verb	略稱
abbreviated	adjective	小型的
abbreviation	noun	缩写
abbreviature	noun	縮寫
abdicate	verb	辞职
abdication	noun	放弃
abdomen	noun	腹
abducens nerve	noun	外展神經|外展神经|外旋神經|外旋神经
abduction	noun	綁劫|勒索
abet	verb	激励|帮助
abeyance	noun	休假
abhor	verb	痛恨
abide	verb	住
abide by	verb	提交
abietic acid	noun	枞酸
ability	noun	人才
abiogenesis	noun	生命起源
abiotic	adjective	非生物的
abject	adjective	卑鄙
abjectly	adverb	沮丧地
abjure	verb	誓绝
ablation	noun	切除
ablative	adjective	离格
ablative case	noun	离格
ablaut	noun	元音變換
ablaze	adverb	火焰
able	adjective	有才能|干
ablution	noun	沐浴仪式
ably	adverb	有才能
abnormality	noun	反常
abolish	verb	取消
abolishment	noun	取消
abolition	noun	废止
abominable snowman	noun	雪人
abominably	adverb	可恨
abominate	verb	痛恨
abort	noun	堕胎|中止|流产
abortion	noun	堕胎|流产
abortive	adjective	徒劳的|堕胎
about	adverb	到处|差不多|多|信封|蜜蜂
about time	adverb	终于
about to		正要
above	adverb	上边|酸|多
above all		最重要的
above-mentioned	adjective	上面
abrasive	adjective	有研磨作用的
abreast	adverb	肩并肩地
abridged	adjective	小型的
abroad	adverb	海外|外面|国外
abrogate	verb	废除
abruptly	adverb	突然
abscess	noun	膿瘡
abscissa	noun	横坐标
abscond	verb	逃跑|掩藏
absence	noun	缺席|请假
absent	adjective	缺席
absinthe	noun	中亚苦蒿
absolute value	noun	绝对值
absolute zero	noun	絶對零度
absolution	noun	赦免
absolutism	noun	独裁政制
absolve	verb	完成
absorb	verb	吃|吸入
absorption	noun	吸收|集中
abstemious	adjective	中度
abstinent	adjective	中度
abstract	adjective	抽象|提要|偷
abstract noun	noun	抽象名词
abstraction	noun	抽象
absurd	adjective	不合理的
absurdity	noun	谬论
abundance	noun	複數|豐富
abundantly	adverb	丰富地
abuse	noun	濫權|強奸
abuttal	noun	国境
abysmal	adjective	地下
abyss	noun	无底洞|深淵
acacia	noun	金合欢
academia	noun	大学
academic	adjective	学术的
academic institution	noun	大学
academician	noun	学生|学术的
academy	noun	学院|神學院
acarology	noun	螨学
acarus	noun	壁蝨
accede	verb	参加
accelerate	verb	加速
acceleration	noun	加速度
accelerationism	noun	加速主义
accelerator	noun	加速器|催化剂
accelerometer	noun	加速计
accent	noun	尖音符
accentor	noun	岩鷚屬
accept	verb	接受
acceptable	adjective	可接受的
acceptance	noun	同化|同意
access	noun	进入|爆炸
accessible	adjective	可得到
accident	noun	事故
accidental	adjective	偶然|不幸的事
accidentally	adverb	偶然
acclaim	verb	赞扬
acclamation	noun	喝彩
acclimatization	noun	適應
accolade	noun	讚揚
accommodate	verb	容纳
accommodation	noun	住處
accompaniment	noun	伴奏
accompanist	noun	护送者
accomplish	verb	陈述
accomplished	adjective	有才能
accomplishment	noun	取得
accord	noun	符合
accordance	noun	一致
according as	adverb	按照
according to		按照|根據
accordingly	adverb	合适|那
accordion	noun	手风琴|手風琴
accoucheur	noun	助產士
accoucheuse	noun	姥姥
account	noun	帐
account for	verb	解说
accountability	noun	責任
accountable	adjective	负责
accountancy	noun	会计学
accountant	noun	会计师|會計員
accounting	noun	会计学
accounts receivable	noun	进步
accrue	verb	加剧|累
accuracy	noun	精度
accurate	adjective	准确
accurately	adverb	认真
accusation	noun	谴责
accusative	noun	宾格
accuse	verb	指控
accused	noun	收据
accuser	noun	原告
accustomed	adjective	通常的
ace	noun	一点点
ace up one's sleeve	noun	鬼牌
acedia	noun	冷漠
acerbic	adjective	粗糙|尖
acetaldehyde	noun	乙醛
acetaminophen	noun	对乙酰氨基酚
acetate	noun	乙酸盐
acetic acid	noun	乙酸
acetone	noun	丙酮
acetylcholine	noun	乙酰胆碱
acetylene	noun	乙炔
acetylsalicylic acid	noun	乙酰水楊酸
ache	noun	痛
achievable	adjective	可行的
achieve	verb	创作|取得
achievement	noun	成绩|紋章|成功
achoo		啊嚏
achromatic	adjective	消色差的|非染色性的
achromatopsia	noun	色盲
acid	adjective	酸
acid rain	noun	酸雨
acidic	adjective	酸
acidity	noun	酸度
acinus	noun	串
acknowledge	verb	認出
acknowledgment	noun	認出|谢谢
acme	noun	峰
acne	noun	痤
aconitic acid	noun	乌头酸
acorn	noun	橡子|栓皮櫟
acoustic	noun	声学
acoustic guitar	noun	原聲吉他
acoustics	noun	声学
acqua alta	noun	大水
acquaint	verb	教
acquaintance	noun	朋友
acquiescence	noun	默认
acquiescent	adjective	溫順
acquire	verb	獲得
acquired immune deficiency syndrome	noun	后天免疫力缺乏症候群
acquisition	noun	獲得
acquittal	noun	赦免
acreage	noun	面
acrid	adjective	苦的
acrimonious	adjective	粗糙
acritarch	noun	疑源类
acrogen	noun	頂生植物
acronym	noun	首字母縮寫詞
acrophobia	noun	惧高症|懼高症
across		对面|经过
across the board		常用
acrostic	noun	離合詩
acrostical	adjective	離合詩
acrylamide	noun	丙烯酰胺
acrylic acid	noun	丙烯酸
acrylic fiber	noun	树脂
act	noun	律|动作|釋迦|数|干|帶來
act of god	noun	不可抗力
act out	verb	吹
actin	noun	肌动蛋白
acting	noun	表演
actinide	noun	锕系元素
actinium	noun	錒|锕
actinoid	noun	锕系元素
actinolite	noun	阳起石
action	noun	行动|行動
activate	verb	使活动
active	adjective	主動|活动
active volcano	noun	活火山
actively	adverb	主動
activist	noun	积极分子
activity	noun	活动
actor	noun	演员|演員
actress	noun	女演員
actual	adjective	礼物|有效|本
actuality	noun	現實
actually	adverb	其實
actuate	verb	移动
actuator	noun	致动器
acuity	noun	知覺
acumen	noun	洞察力
acupuncture	noun	针灸
acute	adjective	尖|紧急|銳利|和
acute accent	noun	尖音符
acute angle	noun	銳角
acute triangle	noun	三角
acute-angled	adjective	銳角
ad infinitum	adverb	无限制
adage	noun	成語
adamant	adjective	顽固的
adapt	verb	適應|同化
adaptation	noun	適應
adaptive	adjective	适应性
add	verb	加
add up	verb	放|做
addend	noun	加数
adder	noun	蛇|蝰蛇
addiction	noun	成癮|中毒
addition	noun	總和
additionally	adverb	而且
address	noun	地址
adenine	noun	腺嘌呤
adenoid	noun	扁桃
adenoma	noun	腺瘤
adenosine	noun	腺苷
adenosine triphosphate	noun	三磷酸腺苷
adept	adjective	有才能|大家
adequate	adjective	適當
adherence	noun	支持
adherent	adjective	貼紙|会员
adhesive	adjective	貼紙|粘合剂 粘合劑
adhesive tape	noun	膠帶
adiabatic	adjective	絕熱
adipocyte	noun	脂肪細胞
adjectival	adjective	形容詞
adjective	noun	形容词
adjika	noun	阿吉卡
adjourn	verb	延緩
adjournment	noun	延期
adjudicate	verb	审判
adjudication	noun	审判
adjudicator	noun	法官
adjunct	noun	属性
adjust	verb	改
adjustable spanner	noun	英国人
adjustment	noun	劇場版
administer	verb	举
administration	noun	行政
admiral	noun	上将
admiration	noun	钦佩
admit	verb	住進|讓|留
admonish	verb	噌
admonition	noun	温和的责备
ado	noun	噪音|乾草
adobe	noun	土坯|黏土
adolescence	noun	青少年時期
adolescent	adjective	青少年|男儿
adopt	verb	收养
adoptee	noun	养子
adoption	noun	收養
adorable	adjective	可愛
adore	verb	崇拜|爱
adposition	noun	介詞
adrenaline	noun	肾上腺素
adult	adjective	大人|成年人
adulterate	verb	坏|卖
adulterer	noun	私通
adulteress	noun	私通
adulterous	adjective	私通
adultery	noun	通奸
adulthood	noun	成年
adumbration	noun	底子|写照
advance	noun	进展|升
advanced	adjective	高级|前
advantage	noun	利益|好处
advantageous	adjective	好处
advent	verb	用途 [yòngtú]
adventitious	adjective	助动词
adventure	noun	冒險
adventurer	noun	冒险者
adventurous	adjective	危
adverb	noun	副词|副詞
adversary	noun	敵手
adversity	noun	患难 [huànnàn]
advertise	verb	出版
advertisement	noun	廣告
advertising	noun	广告
advice	noun	劝告
advise	verb	勸導|通知
advisor	noun	顾问
advisory	noun	警惕
advocaat	noun	卵
advocate	noun	律师
adze	noun	錛子
aegis	noun	埃癸斯
aerial	adjective	空气|天線
aerodrome	noun	飛行場
aerodynamics	noun	空气动力学
aerogel	noun	气凝胶
aeronautics	noun	航空學
aerospace	adjective	空間的
aerospatial	adjective	空間的
aerostat	noun	飛艇
aesthetic	adjective	美学
aesthetics	noun	美学
aetiology	noun	病原学
afar	adverb	远
affable	adjective	仁慈
affair	noun	事|关系
affect	verb	影响|移动
affected	adjective	印象​深刻
affection	noun	爱|病
affectionate	adjective	亲切
affiliate	noun	女兒
affine space	noun	仿射空间
affinity	noun	親和力
affirmative	adjective	明确的
affix	noun	詞綴
afflatus	noun	灵感
affliction	noun	疼痛
affluence	noun	财富
affluent	adjective	富的|分流
afford	verb	放|供給
affordable	adjective	买得起
affreightment	noun	船
affront	noun	決鬥|睨
afghani	noun	阿富汗尼
aflatoxin	noun	黃麴毒素|黃麴黴素
aforethought	adjective	故意
afraid	adjective	害怕|可惜
afro	noun	爆炸頭
after	adverb	以后|后边|后
after all		畢竟|但是
after you		求
afterbirth	noun	最后的
aftercare	noun	事後照顧
aftereffect	noun	效果
aftermath	noun	答案
afternoon	noun	下午
afternoon tea	noun	品尝
aftershock	noun	余震
afterwards	adverb	后来
again	adverb	再次
again and again	adverb	重复
against		下|以前|信封
agapanthus	noun	百子蓮
agape	noun	愛
agarwood	noun	沉香
age	noun	老年|一輩子|小时|年龄|上年纪
age-mate	noun	同龄人
aged	adjective	老
ageless	adjective	永恒
agency	noun	意志|办公室|办
agenda	noun	程序
agent	noun	经纪人
agglomeration	noun	彙
aggression	noun	攻击
aggressive	adjective	好斗的
aggressively	adverb	好斗的
aggressor	noun	侵略者
aggro	verb	惹起
agha	noun	阿迦
agility	noun	針
aging	noun	老化|衰老
agnosticism	noun	不可知论
agnotology	noun	比較無知學
ago		前
agony	noun	痛苦
agoraphobia	noun	廣場恐懼症
agree	verb	贊成|忖度
agreeable	adjective	好
agreement	noun	一致|協議|配合
agricultural	adjective	农业
agriculture	noun	農業
agriculturist	noun	农业家
agrimony	noun	龙芽草属
agroforestry	noun	混农林业
agronomy	noun	一门农业科学
ah		啊
ahead	adverb	前边
ahoy		你好
aid	noun	帮|帮助
aid worker	noun	志愿者
aiglet	noun	生面团
aikido	noun	合气道
ail	noun	疾病
ailment	noun	疾病
aim	noun	目的|对准
air	noun	空气|空氣
air base	noun	空军基地
air carrier	noun	航空承运人
air commodore	noun	大校
air conditioner	noun	空调
air conditioning	noun	空调
air filter	noun	空气过滤器
air mass	noun	氣團
air pollution	noun	空气污染|空氣污染
air pump	noun	唧筒座
air ticket	noun	机票
air vice-marshal	noun	少将
airbag	noun	氣囊
airbrush	noun	喷枪
aircraft	noun	航空器
aircraft carrier	noun	航空母舰
airfield	noun	飞机场
airhead	noun	笨
airliner	noun	客机
airman	noun	飛行員
airplane	noun	飞机
airplane ears	noun	飛機耳
airplane mode	noun	飞行模式
airport	noun	機場|飞机场
airscrew	noun	螺旋
airspace	noun	领空
airstrip	noun	跑道
airwaves	noun	电视
aisle	noun	船|走廊|经过|甬道
akin	adjective	類似
akçe	noun	白
al-andalus	noun	安达卢斯
alabaster	noun	珉
alacritous	adjective	急
alacrity	noun	欢喜
alanine	noun	丙氨酸
alar	adjective	有翼的
alarm	noun	恐怖|闹钟
alarm clock	noun	闹钟
alas		可惜
alb	noun	天亮
albatross	noun	信天翁
albedo	noun	反照率
albeit		即使
albertosaurus	noun	艾伯塔龍
albinism	noun	白化症
album	noun	照相簿
albumen	noun	蛋白
albumin	noun	白蛋白
alchemist	noun	方士
alchemy	noun	炼金术
alcohol	noun	酒精|醇
alcoholic	adjective	酒客
alcoholism	noun	酗酒
aldehyde	noun	醛
alder	noun	榿
aldolase	noun	醛縮酶
aldosterone	noun	醛固酮
ale	noun	不过
aleatory	adjective	偶然
aleph	noun	艾禮富數
alert	adjective	警惕
alertly	adverb	认真
alexandrite	noun	變石
alfalfa	noun	苜蓿
alga	noun	藻類
algebra	noun	代数|代数学
algebraic integer	noun	代数整数
algebraic number	noun	代数数
algid	adjective	冷
alginate	noun	海藻酸盐|海藻酸鹽
alginic acid	noun	海藻酸
algology	noun	疼痛管理
algophilia	noun	受虐癖
algorithm	noun	算法
alias	noun	化名
alibi	noun	不在场证明
alien	adjective	外国|外來|外星人|外國人|外国人
alienate	verb	出售|盜竊
alight	verb	下車
alignment	noun	连词
alike	adjective	相似的
alimony	noun	招待所
alive	adjective	活著
alive and kicking	adjective	安然无恙
alkali	noun	碱
alkali metal	noun	鹼金屬
alkaline earth metal	noun	鹼土金屬
alkalinity	noun	碱度
alkaloid	noun	生物鹼
alkane	noun	烷烃
alkene	noun	烯烃
alkyne	noun	炔烃
all	adverb	都
all along	adverb	总是
all and sundry		大家
all around	adjective	完全
all at once	adverb	忽然
all but	adverb	几乎
all hail		万岁
all in	noun	地毯
all in all	adverb	畢竟
all of a sudden	adverb	忽然
all over	adverb	都|到处
all over the place		到处
all right	adjective	好|棒|商品|因此
all roads lead to rome		条条大路通罗马
all talk and no action	noun	光說不做|光說不幹|只說不做|耍嘴皮子|雷声大，雨点小|雷聲大，雨點小
all that glitters is not gold		金玉其外，败絮其中
all the same	adverb	然而
all the time	adverb	老是|總是
all there	adjective	傻子
all things considered	adverb	畢竟
all wet	adjective	镰刀
all's well that ends well		结局好，样样好
all-boys	adjective	男孩
all-girls	adjective	女儿
all-in-one	adjective	完全
all-inclusive	adjective	全部
all-out	adjective	全部
all-powerful	adjective	全能的
allative	noun	(xiàng gé, xiang4 ge2)
allative case	noun	(xiàng gé, xiang4 ge2)
allay	verb	和缓
allegation	noun	异议
allege	verb	聲稱
allegiance	noun	丹心
allegory	noun	託寓
allele	noun	等位基因
alleluia	noun	哈利路亚
allergen	noun	过敏原
allergic	adjective	过敏的
allergy	noun	过敏
alley	noun	弄
alley cat	noun	胡同猫
alleyway	noun	甬道
alligator	noun	短吻鱷
alliteration	noun	双声
allocate	verb	交给
allophone	noun	同位異音
allosaurus	noun	異特龍 异特龙
allot	verb	交给
allotment	noun	园地
allow	verb	讓|放
allowance	noun	游戏
alloy	noun	合金
allude	verb	喝
allure	noun	魔法|勾引
alluring	verb	迷人
allusion	noun	提及
allusive	adjective	影射的
ally	noun	同盟的
almanac	noun	年鑑
almandine	noun	鐵鋁榴石
almond	noun	扁桃|杏仁
almost	adverb	几乎
alms	noun	施捨
aloe	noun	芦荟
alone	adjective	一|唯一|单|只
along	adverb	一块|后
along with		一起
alongside	adverb	肩并肩地
aloof	adverb	远程
aloofness	noun	距离
alopecia	noun	禿頭
aloud	adverb	厉害
alpaca	noun	羊驼
alphabet	noun	字母
alpine accentor	noun	领岩鹨
alpine skiing	noun	高山滑雪
already	adverb	已经
alrighty		美
also	adverb	也
alt-right	noun	另类右派
altar	noun	祭壇
altar boy	noun	輔祭
alter	verb	变更
alter ego	noun	另我
alteration	noun	变化|换
altercation	noun	争吵
alternate	adjective	交替的|另外的美
alternating current	noun	交流電
alternation	noun	回答
alternative	adjective	另外的美
alternative medicine	noun	替代医学
alternator	noun	交流发电机
although		即使|不过
altitude	noun	海拔
altocumulus	noun	高積雲
altogether	adverb	全部
altostratus	noun	高層雲
altruism	noun	利他主义
aluminium	noun	铝|鋁
aluminium oxide	noun	氧化铝
aluminoxane	noun	铝氧烷
alumna	noun	学生
alumnus	noun	大学生
alunite	noun	明礬石
always	adverb	總是
amalgam	noun	汞齊
amalgamate	verb	汞
amalgamation	noun	合金
amanita	noun	鹅膏菌
amanuensis	noun	秘書
amaranth	noun	苋属|白苋
amaretto	noun	意大利苦杏酒
amass	verb	累
amateur	noun	愛好者
amateurish	adjective	作風​馬虎​的
amazed	adjective	惊讶
amazement	noun	惊奇
amazing	adjective	棒
ambassador	noun	外交官
ambassadorship	noun	大使館
amber	noun	琥珀
ambergris	noun	龙涎香
ambiance	noun	周围
ambient	adjective	环境
ambiguous	adjective	含糊 的
ambit	noun	球面
ambition	noun	奢望
ambitus	noun	音域
amble	noun	对侧步
ambulance	noun	救护车
ambulate	verb	走
ambulation	noun	散步
ambush	noun	陷阱
ameliorate	verb	改善
amen	adverb	阿门
amenable	adjective	平易近人
amend	verb	改|修改
amendment	noun	修正条款|变化
amends	noun	补偿
amenorrhoea	noun	閉經
americium	noun	鋂|镅
amethyst	noun	紫水晶
amiable	adjective	仁慈
amianthus	noun	石棉
amicable	adjective	好
amid		中
amide	noun	酰胺
amidst		下
amine	noun	胺
amino acid	noun	氨基酸
amity	noun	友情
amla	noun	餘甘子
ammeter	noun	电流表
ammonia	noun	氨
ammonic	adjective	氨
ammonical	adjective	氨
ammunition	noun	彈藥
amnesia	noun	失憶症
amnesty	noun	特赦
amnion	noun	羊膜
amniotic fluid	noun	羊水
amoeba	noun	變形蟲
among		中
amongst		在…之間
amorous	adjective	爱情
amount	noun	笔|了
amount of substance	noun	物质的量
ampere	noun	安培
ampere-hour	noun	安培小时
amphetamine	noun	苯丙胺
amphibian	noun	两栖动物|兩棲動物
amphibious	adjective	兩棲
amphibious assault ship	noun	兩棲突擊艦
amphibologia	noun	歧義句構
amphigory	noun	胡话
amphitheatre	noun	圆形剧场
amphora	noun	双耳瓶
ample	adjective	不少
amplify	verb	加强
amplitude	noun	大小|振幅
amputate	verb	截肢
amputation	noun	截肢
amulet	noun	护身符
amuse	verb	打
amusement park	noun	游园地
amusement ride	noun	玩具
amusing	adjective	好玩
amygdalin	noun	扁桃苷
amylase	noun	淀粉酶
an		一个
an arm and a leg	noun	腎
an eye for an eye, a tooth for a tooth		以眼还眼，以牙还牙
anabolism	noun	同化作用
anadiplosis	noun	成语接龙
anagram	noun	易位构词游戏
anal	adjective	吹毛求疵的
anal fin	noun	臀
anal fissure	noun	肛裂
anal sex	noun	肛交
anal-retentive	adjective	仔細|吹毛求疵的
analgesic	noun	镇痛药
analog	adjective	模拟
analogical	adjective	模拟
analogy	noun	類推
analphabet	noun	不識一丁
analysis	noun	分析
analyst	noun	分析师
analytic	adjective	分析学
analytic mechanics	noun	分析力學
analytics	noun	分析学
analyze	verb	分析
anamnesis	noun	病史
anaphase	noun	早后期
anarchism	noun	无政府主义
anarcho-capitalism	noun	無政府資本主義
anarcho-communism	noun	無政府共產主義
anarchy	noun	无政府状态
anastylosis	noun	原物归位
anathema	noun	詛咒
anatomist	noun	剖析家
anatomy	noun	解剖学|解剖學
ancestor	noun	宗|字源
ancestry	noun	本
anchor	noun	錨|锚
anchorman	noun	东
anchovy	noun	鳳尾魚
ancient	adjective	前
ancient history	noun	古代
ancientness	noun	古代
ancillary	adjective	次要|中
and a partridge in a pear tree		云雀
andalusite	noun	红柱石
androcentrism	noun	男性中心主義
androgen	noun	雄激素
android	noun	人形机器人
andrology	noun	男科學
androphobia	noun	男性恐懼症
anecdote	noun	軼事
anemia	noun	贫血|貧血
anemometer	noun	風速計
anesthesia	noun	麻醉
anesthesiology	noun	麻醉學
anesthetic	adjective	麻药|麻醉學
anesthetization	noun	麻醉學
aneurysm	noun	动脉瘤
anew	adverb	重新
angel	noun	天使
angel of death	noun	死亡
angel shark	noun	天使
angel wings	noun	奇迹
angelica	noun	当归
anger	noun	憤怒|生气
angioedema	noun	血管性水腫
angiogram	noun	血管攝影
angiography	noun	血管攝影
angioma	noun	血管瘤
angiosperm	noun	被子植物
angiotensin	noun	血管紧张素
angle	noun	角
angle bracket	noun	椽
angling	noun	捕魚
angora	noun	安哥拉兔
angry	adjective	不对
anguish	noun	十字
angular momentum	noun	角动量
anhydrite	noun	硬石膏
anhydrous	adjective	无水
anicca	noun	无常
anil	noun	木藍
aniline	noun	苯胺
animacy	noun	有生性|生命度
animadvert	verb	审查
animal	adjective	动物|動物
animal feed	noun	定量
animal kingdom	noun	动物界
animal rights	noun	动物权利
animal-like	adjective	动物
animalistic	adjective	动物
animated cartoon	noun	动画片
animation	noun	動畫片
animatronic	adjective	电子动画
anime	noun	日本动画
animism	noun	万物有灵论
animosity	noun	厌恶
animus	noun	厌恶
anion	noun	阴离子
anise	noun	八角
ankh	noun	生命之符
ankle	noun	腳踝
anklebone	noun	腳踝
ankyloglossia	noun	拗口令
annealing	noun	退火
annihilate	verb	廢除
anniversary	noun	周年
annotation	noun	評論|评论
announce	verb	解释
announcement	noun	公告
announcer	noun	主持人
annoy	noun	無聊|生气
annoyance	noun	愤怒
annoyed	adjective	酸
annual	adjective	一年生|年级
annual leave	noun	假
annuity	noun	年金
annul	verb	廢除|废除
annular	adjective	无名指
annulus	noun	戒指|环|冠冕
anoa	noun	倭水牛
anode	noun	陽極
anodyne	noun	镇痛药
anoint	verb	延伸
anointment	noun	受膏
anon	adverb	立刻|不久
anopia	noun	失明
anorak	noun	羽绒服
anorexia	noun	神经性厌食症
anorexia nervosa	noun	神经性厌食症
anosognosia	noun	病觉缺失
another		下次|其他
answer	noun	回答|回
answer back	verb	回答
answer for	verb	回
answer to	verb	回
ant	noun	螞蟻|蚂蚁
ante	verb	打赌
anteater	noun	食蚁兽
antebellum	adjective	戰前
antecedent	noun	來由
antelope	noun	羚羊
antenna	noun	天線
anterior	adjective	前面的
anthelmintic	adjective	抗蠕虫药
anthem	noun	国歌|圣歌
anther	noun	花药
anthill	noun	垤
anthimeria	noun	詞類活用
anthracite	noun	无烟煤
anthrax	noun	炭疽病
anthropic	adjective	人为的
anthropocentrism	noun	人類中心主義
anthropogenic	adjective	人为的
anthropology	noun	人类学|人類學
anthropomorphism	noun	拟人论
anthropomorphization	noun	拟人论
anthroposophy	noun	人智學
anti-		反對
anti-americanism	noun	反美情绪
anti-semitism	noun	反犹太主义
anti-gravity	noun	反重力
anti-intellectualism	noun	反智主义
antibiotic	noun	抗生素
antiblue	adjective	反蓝
antibody	noun	抗体
antic	adjective	奇怪|諷刺畫|小丑
anticapitalism	noun	反資本主義
anticipate	verb	預知
anticipated	adjective	预订的
anticolonialism	noun	反殖民主义
anticyclone	noun	反气旋
antiderivative	noun	原函数
antidiuretic hormone	noun	抗利尿激素
antidote	noun	解毒剂|解藥
antifascism	noun	反法西斯主義
antifeminism	noun	反女權主義
antifogging	adjective	雾灯
antifungal	noun	抗真菌药
antigen	noun	抗原
antihero	noun	反英雄
antihistamine	noun	抗组胺
antihistaminic	adjective	抗组胺
antimatter	noun	反物质
antimicrobial	adjective	抗微生物
antimony	noun	銻|锑
antinode	noun	腹部
antioxidant	noun	抗氧化剂
antiparticle	noun	反粒子
antipode	noun	對蹠點
antiproton	noun	反质子
antipyretic	noun	退烧药 退燒藥
antiquark	noun	反夸克
antique	adjective	前
antired	adjective	反红
antiseptic	adjective	抗菌
antitoxin	noun	抗毒素
antivenom	noun	抗毒素
antler	noun	鹿角
antlion	noun	蚁狮
antonym	noun	反义词|反義詞
antonymous	adjective	反义词
antrum	noun	洞
anus	noun	肛门
anvil	noun	铁砧
anxiety	noun	焦虑
anxious	adjective	擔心
any	adverb	还|一些|什么|大家
any more	adverb	加
anybody		任何人
anyone		谁
anyone's guess	noun	神秘
anything		什么
anytime	adverb	始终
anyway	adverb	矮
anywhere	adverb	哪儿
ao dai	noun	奥黛
aorist	noun	不定過去時
aorist aspect	noun	不定過去時
aorta	noun	主動脈
apace	adverb	快
apanage	noun	甸
apart from		除了
apartheid	verb	种族隔离
apartment	noun	公寓
apartment building	noun	公寓
apathy	noun	冷漠
apatite	noun	磷灰石
ape	noun	猴子|学
apex	noun	峰
aphantasia	noun	心盲症
aphasia	noun	失语症
aphid	noun	蚜
aphorism	noun	格言
aphrodisiac	adjective	春藥
aphthous ulcer	noun	口内炎
aplomb	noun	主权
apocryphal	adjective	假話
apogee	noun	远地点
apograph	noun	副本
apologize	verb	原谅
apologue	noun	寓言
apology	noun	对不起
apoplexy	noun	脑卧中
aporia	noun	怀疑
apostasy	noun	变节
app	noun	应用
appalling	adjective	可怕
apparatus	noun	器官系統
apparel	noun	yīfu|穿
apparent	adjective	能见度|明白
apparently	adverb	见到
apparition	noun	效应
appeal	noun	要求|喜欢
appear	verb	出现
appearance	noun	效应|外表
appease	verb	和缓
append	verb	加
appendicitis	noun	盲肠炎
appendix	noun	阑尾
apperception	noun	明觉
appertain	verb	属于
appetite	noun	食慾
appetizer	noun	入口
applaud	verb	拍手|赞同
applause	noun	鼓掌
apple	noun	苹果|蘋果
apple cider vinegar	noun	苹果醋片
apple juice	noun	苹果汁|蘋果汁
apple pie	noun	苹果派
apple sauce	noun	苹果酱
apple tree	noun	苹果树
apple wine	noun	苹果酒
applewood	noun	苹果树
appliance	noun	具|器官系統
applicable	adjective	合适
applicant	noun	候选人
application	noun	程序|请求
applied mathematics	noun	应用数学
apply	verb	关
appoint	verb	指定
appointment	noun	命运|妥協|約會
apportion	verb	分配
apportionment	noun	分配
apposite	adjective	宜
apposition	noun	并列
appraisal	noun	分数
appraise	verb	认为
appreciate	verb	了解
appreciation	noun	评价
apprehend	verb	了解|住|害怕
apprehensive	adjective	心神不宁
apprentice	noun	席上
apprise	verb	報
approach	noun	方法|入口|进入
approachable	adjective	可得到
appropriate	adjective	宜
appropriately	adverb	合适
approval	noun	贊成|共识
approve	verb	贊成|赞成
approximant	noun	近音
approximate	adjective	大約
approximately	adverb	大約
apricot	noun	杏|杏子
apriorism	noun	先驗論
apron	noun	围裙
apropos	adjective	宜|合适
apse	noun	半圓形後殿
apt	adjective	合适
aptitude	noun	才能
aptly	adverb	合适
aptness	noun	天资
apéritif	noun	开胃酒
aqua regia	noun	王水
aquamarine	noun	海蓝宝石
aquaporin	noun	水通道蛋白
aquarelle	noun	水彩
aquarium	noun	水族箱|[[#
aquatic	adjective	水棲
aqueduct	noun	高架渠
araba	noun	小汽车
arachidonic acid	noun	花生四烯酸
aragonite	noun	霰石
arbiter	noun	裁判|先生
arbitrary	adjective	免費|任性
arbitrator	noun	裁判
arbor	noun	林荫道
arc	noun	弓
arcade	noun	拱廊|骑楼
arcane	adjective	秘密
arccosine	noun	反余弦
arch	noun	弓形|拱
archaeologist	noun	考古学家
archaeology	noun	考古学
archaeon	noun	古菌
archaic	adjective	古代的
archaism	noun	古詞
archangel	noun	天使長
archbishop	noun	總主教
archbishopric	noun	都
archdiocese	noun	都
archenemy	noun	宿敌
archenteron	noun	原肠
archeopteryx	noun	始祖鸟
archer	noun	射手
archery	noun	射箭|射技
archetypal	adjective	原始模型
archetype	noun	原型
archipelagic	adjective	群島的
archipelago	noun	群島|群岛
architect	noun	建筑师
architecture	noun	建筑|建筑学
architrave	noun	額枋
archive	noun	文件|文件档案
archway	noun	骑楼
arcsine	noun	反正弦
arctangent	noun	反正切
ardent	adjective	虔诚
ardor	noun	激情
arduous	adjective	力|重的
are	noun	公亩|公畝
are you ok		你好吗
are your ears burning		說曹操，曹操到
area	noun	面积|地區|角
arena	noun	阿雷纳
arene	noun	竞技场
areometer	noun	比重计
arf		汪
argent	adjective	銀色|银币
argon	noun	氩|氬
argot	noun	隐语
arguably	adverb	也许
argue	verb	商议|吵架
argument	noun	争吵|論點|主題
aria	noun	詠嘆調
arid	adjective	乾旱
aridity	noun	乾旱
arigato		謝謝
arise	verb	起床|发生
arista	noun	穗
aristocracy	noun	贵族
aristocratic	adjective	高贵的
arithmetic	adjective	算术
ark	noun	拱架
arm	noun	胳膊|手臂|武器
armature	noun	錨
armband	noun	带
armed	adjective	武裝的
armed conflict	noun	武装冲突
armed forces	noun	武装部队
armillary sphere	noun	浑象
armistice	noun	停戰協定
armless	adjective	企鹅
armor	noun	盔甲
armoury	noun	紋章
armpit	noun	腋窝
armrest	noun	手臂
army	noun	陸軍
aroma	noun	香味
aromatic	adjective	香
aromaticity	noun	芳香性
around	adverb	大約|来
arouse	verb	制造|激动|起床
arpeggio	noun	琶音
arrange	verb	安排|办
arrangement	noun	安排|一致
array	noun	打扮|简介|扇子|阵列
arrest	verb	逮捕
arrhythmia	noun	心律失常
arris	noun	边
arrival	noun	到
arrive	verb	到達|创作
arrogant	adjective	傲慢
arrow	noun	箭
arsecheek	noun	屁股
arsehole	noun	屁眼
arsenic	noun	砷
arson	noun	火灾
art	noun	艺术|藝術
art gallery	noun	藝廊
artemisia	noun	艾
arteriosclerosis	noun	动脉粥样硬化
artery	noun	動脈|动脉
artful	adjective	拉登語
arthritis	noun	关节炎
arthropod	noun	节肢动物
artichoke	noun	洋蓟
article	noun	文章|冠詞
articulate	adjective	明确
articulation	noun	關節
artifact	noun	乘积|干涉
artificial	adjective	人造的
artificial intelligence	noun	人工智能
artillery	noun	炮兵部队
artilleryman	noun	炮兵
artiodactyl	noun	偶蹄目
artisan	noun	工匠
artisanate	noun	手工业
artist	noun	藝術家
arugula	noun	芝麻菜
arum	noun	海竽
arum lily	noun	海竽
arvo	noun	下午
arête	noun	边
as	adverb	当|例如|因为
as a matter of fact		其實
as a whole		到头来
as far as the eye can see		一望无际
as follows	adverb	如下
as for		关于
as good as	adverb	几乎
as if		好像|嗯
as in	adverb	当
as is	adjective	原样
as it is	adverb	原样
as long as		但愿|同時
as luck would have it		侥幸
as much as	adverb	几乎
as much as possible	adverb	例如
as of		从
as per		高声
as regards		关于
as the case may be		若时机合适
as though		仿佛
as to		关于|亚军
as well	adverb	也|一樣地
as well as		以及
as yet	adverb	仍旧
as you make your bed, so you must lie in it		种瓜得瓜，种豆得豆
asana	noun	體位
asbestos	noun	石棉
asbestosis	noun	石棉肺
ascendancy	noun	好处
ascender	noun	符干
ascertain	verb	安排
ascesis	noun	禁慾主義
asceticism	noun	禁慾主義
ascorbic acid	noun	抗坏血酸
asexuality	noun	無性戀
ash	noun	灰
ash tree	noun	桉树
ashamed	adjective	不好意思
ashcan	noun	垃圾桶
ashen	adjective	铅色的
ashtray	noun	煙灰缸
aside	noun	评论
aside from		除了
asinine	adjective	笨
ask	verb	问
ask for	verb	请
ask out	verb	陈述
askance	adverb	嫌疑 [xiányí]
asleep	adjective	宿
asp	noun	极北蝰
asparagus	noun	芦笋
aspartame	noun	阿斯巴甜
aspartic acid	noun	天冬氨酸
aspect	noun	方面
aspen	noun	杨树
asphalt	noun	瀝青|柏油
asphyxia	noun	窒息
aspic	noun	肉冻
aspirate	verb	吸
aspirator	noun	吸尘器
aspire	verb	希望
aspirin	noun	阿司匹林
ass	noun	驢|波河|驴子|屁股
ass-kisser	noun	拍馬屁的人
ass-licker	noun	巴儿狗
assail	verb	攻击
assailant	noun	侵略者
assailment	noun	攻击
assassin	noun	刺客
assassination	noun	殺人
assault	noun	袭击|攻擊
assay	noun	散文|分析
asscheek	noun	屁股
assemblage	noun	组合
assemble	verb	装订
assembler	noun	汇编程序
assembly	noun	集会|会|机器语言
assembly language	noun	汇编语言
assemblyman	noun	[[#
assent	noun	制裁
assert	verb	断言
assertion	noun	解释
assess	verb	評價
assessment	noun	分数
asset	noun	資產
assets	noun	資產
assfuck	verb	鸡奸
asshole	noun	屁眼
assiduous	adjective	急
assiduously	adverb	刻苦
assign	verb	指定
assignment	noun	工作|作业|赋值
assimilate	verb	同化
assimilation	noun	同化作用|同化
assist	noun	帮助|帮
assistance	noun	帮
assistant	noun	帮
associate	noun	爱人|同事
associate professor	noun	讲师
association	noun	合作|协会
association football	noun	足球
associative array	noun	字典
associativity	noun	结合律
assorted	adjective	各
assortment	noun	收藏
assuage	verb	和缓
assuagement	noun	利益
assume	verb	忖度|擔任
assumption	noun	假设
assurance	noun	信任|保險
assure	verb	称
astatine	noun	砹
aster	noun	紫菀
asterisk	noun	星號
asterism	noun	星座
asteroid	noun	小行星
asthma	noun	哮喘
astigmatic	adjective	乱视
astigmatism	noun	散光
astonish	verb	惊喜
astonished	adjective	惊讶
astonishment	noun	惊喜|惊奇
astride	adverb	橫跨兩側|跨騎
astringent	adjective	銳利
astrochemistry	noun	天体化学
astrodynamics	noun	航天动力学
astroid	noun	四尖瓣线
astrolabe	noun	星盘
astrologer	noun	占星家
astrological sign	noun	黄道十二宫
astrology	noun	占星术
astronaut	noun	宇航员
astronomer	noun	天文学家
astronomical unit	noun	天文单位
astronomy	noun	天文学
astrophysical	adjective	天体物理学
astrophysicist	noun	天体物理学家
astrophysics	noun	天体物理学
astute	adjective	精明
astuteness	noun	洞察力
asymmetric	adjective	不对称
asymmetrical	adjective	不对称
asymptomatic	adjective	无症状的
asymptote	noun	渐近线
at		在|上|后边
at a glance		大概
at a loss		不知所措
at all	adverb	还
at bay		远程
at ease		放心
at first glance		大概
at hand		不久
at it		忙
at large		满|一般
at last		最后|终于
at latter lammas		从不
at least		至少
at length		满|好久|最后
at most		至多
at night		晚上
at once	adverb	一块|随叫随到
at one time		下次
at present		现在
at random		偶然
at sign	noun	公羊
at that		也
at that time		当时
at the bottom of		后边
at the end of the day		到头来
at the expense of		代价
at the moment		当前
at the same time	adverb	同时
at the very least	adverb	至少
at this moment in time		正
at times		偶尔
ataxia	noun	共濟失調
atelier	noun	实验室
atheism	noun	无神论
atheist	noun	無神論者
atheistic	adjective	无神论者
atherosclerosis	noun	动脉粥样硬化
athlete	noun	体育家|运动员
athletic shoe	noun	球鞋
athletics	noun	田径
atmosphere	noun	大气层
atmospheric pressure	noun	大气压
atoll	noun	環礁
atom	noun	原子
atomic	adjective	原子
atomic bomb	noun	原子弹
atomic clock	noun	原子钟
atomic mass	noun	原子量
atomic nucleus	noun	原子核
atomic number	noun	原子序|原子序数
atomic weight	noun	原子量
atomism	noun	原子論
atop		上
atrium	noun	中庭|海岬
atrocious	adjective	可怕
atrophy	noun	萎縮
atropine	noun	阿托品
attaboy		可以
attachment	noun	附件|依赖性
attaché	noun	随员
attack	noun	攻擊|击
attacking midfielder	noun	短襪
attain	verb	取得
attempt	noun	嘗試|试
attend	verb	上|照顾
attend to	verb	办
attendance	noun	在场|出现
attendant	adjective	固有的|來賓
attention	noun	注意
attention deficit hyperactivity disorder	noun	注意力不足過動症
attentive	adjective	細緻
attentively	adverb	认真
attestation	noun	证明
attire	noun	打扮
attitude	noun	态度
attitudinize	verb	奏
attorney	noun	律师
attorney-at-law	noun	律師 律师
attosecond	noun	原秒
attract	verb	迷|拉
attractive	adjective	有吸引力的|吸引人的
attribute	noun	属性|决定性的
attrition	noun	磨损
attuned	adjective	调的
au revoir		再见
auburn	adjective	赤褐色
auction	noun	拍卖
audacious	adjective	鲁莽的
audacity	noun	脸
audience	noun	觀眾
audient	adjective	急
audio	adjective	音频
audiobook	noun	有声书
audiology	noun	聽力學|听力学
audit	noun	審計
audition	noun	随笔|听觉
augend	noun	被加数
aught	noun	零
augite	noun	普通辉石
augment	verb	增大|加剧
augmented fourth	noun	增四度
auk	noun	海雀科
aunt	noun	姨母|阿姨
auntie	noun	姨
aura	noun	細微身|气场|神宇
aural	adjective	小拇指|听
auricular	adjective	耳朵|小拇指
aurochs	noun	原牛
auspices	noun	保护
auspicious	adjective	便宜
austenite	noun	奥氏体
austerity	noun	缺乏|苦修
austral	adjective	南方
australopith	noun	南方古猿
australopithecine	noun	南方古猿
autarky	noun	封閉經濟
auteur	noun	作者
authentic	adjective	右
authentication	noun	保证
author	noun	作者
authoress	noun	女作者
authoritarian	adjective	独裁主义的
authoritarianism	noun	威权主义
authoritative	adjective	官方|中指|独裁主义的
authority	noun	权威
authorize	verb	授權
autism	noun	自閉症|自闭症
auto body	noun	车身
auto racing	noun	賽車
auto rickshaw	noun	嘟嘟车
autobus	noun	公交车
autocannon	noun	機炮
autochthon	noun	土着
autochthonous	adjective	土着
autocracy	noun	独裁
autocrat	noun	独裁者
autodidact	noun	自学
autodidacticism	noun	独学
autograph	adjective	手笔
autogyro	noun	旋翼机
autoist	noun	司机
automated teller machine	noun	自动柜员机
automatic	adjective	模控学
automatic rifle	noun	自动步枪 自動步槍
automation	noun	自动化
automobile	noun	汽车
automotive	adjective	汽车|汽車
automotive industry	noun	汽車產業
autonomous	adjective	自治|獨立
autonomy	noun	自治權
autopilot	noun	自動駕駛
autopsy	noun	屍檢
autorickshaw	noun	嘟嘟车
autumn	noun	秋天|秋
autumnal	adjective	秋天
autunite	noun	钙铀云母
auxiliary	adjective	助动词
auxiliary verb	noun	助动词
avail	noun	好处|帮|享受
availability	noun	可及性
avalanche	noun	雪崩
avant-garde	noun	先头部队
avarice	noun	貪婪
avaricious	adjective	慳吝的（人)
avatar	noun	化身
avenge	verb	復仇
avenger	noun	复仇者
avenue	noun	大道
aver	verb	断言|带来
average	adjective	中|普通|平均
average joe	adjective	张三李四
aversion	noun	厌恶
avian influenza	noun	禽流感
aviation	noun	航空
avitaminosis	noun	維生素缺乏症
avocado	noun	鳄梨|牛油果
avoid	verb	避免
avow	verb	承認
avowal	noun	供認
await	verb	候
awake	adjective	酵母|喚醒
awaken	verb	喚醒
awakening	noun	闹钟
award	noun	判決|奖|獎勵
aware	adjective	清醒
awareness	noun	知识|意識
away	adjective	离|外邊|远
awe	noun	敬畏
awesome	adjective	匪夷所思
awful	adjective	可怕|优秀
awkward	adjective	拙劣|不愉快
awl	noun	錐子
awn	noun	芒
awning	noun	侯爵
awry	adjective	弯|壞
axe	noun	斧
axil	noun	夹肢窝
axiom	noun	公理
axolotl	noun	墨西哥蠑螈
axon	noun	轴突
ayatollah	noun	什叶派宗教学者等级|阿亞圖拉
aye	noun	是
aye aye, sir		吃
aye-aye	noun	指猴
azalea	noun	杜鹃花|杜鵑花
azimuth	noun	方位角
azoic	adjective	无生物时代的
azure	adjective	蓝色|蔚蓝
azurite	noun	蓝铜矿
baaing	noun	咩
baba	noun	爸爸|父
babble	noun	胡话|扯淡|交谈
babe	noun	玩偶
baboon	noun	狒
baby	noun	嬰兒|宝贝|婴儿|娇惯
baby boom	noun	婴儿潮
baby bottle	noun	奶瓶
baby boy	noun	娃娃
baby face	noun	勇士
baby hatch	noun	弃婴保护舱
baby powder	noun	滑石
babyhood	noun	儿童期
babysitter	noun	保姆
bachelor	noun	学士学位|学士|单身汉
bachelor's degree	noun	学士
bachelorette	noun	单身
bachelorhood	noun	獨身
back	noun	背
back at you		彼此
back cover	noun	封四
back end	noun	厨房
back in the day		下次
back vowel	noun	后元音
backache	noun	下背痛
backbite	verb	弄脏
backboard	noun	黑板
backbone	noun	背骨
backdrop	noun	腰線
background	noun	以往|历史
background music	noun	背景音樂
backhoe	noun	挖掘装载机
backing	noun	匾
backlash	noun	游戏|反应
backpack	noun	背包
backrest	noun	靠背
backscratcher	noun	不求人
backside	noun	屁股
backstabber	noun	伪善者
backstop	noun	保护
backstory	noun	故事|毯子
backtalk	noun	回答
backup	adjective	帮助|支持
backup camera	noun	倒車鏡頭
backward	adjective	背|回
backwardness	noun	中世紀
backwater	noun	村|闪动
bacon	noun	熏鹹肉
bacon rind	noun	兽皮
bacteriochlorophyll	noun	菌綠素
bacteriology	noun	細菌學
bacterium	noun	細菌
baculum	noun	阴茎骨
bad	adjective	坏|壞
bad apple	noun	恶性肿瘤
bad luck	noun	不 走运
bad news	noun	问题
bad news travels fast		[[好事不出門，惡事行千里]]
bad-tempered	adjective	暴躁
badass	noun	头
baddie	noun	坏人
badge	noun	斑块|胸卡|的
badger	noun	獾
badly	adjective	坏|惡
badminton	noun	羽毛球
bag	noun	包
baguette	noun	法式长棍面包
bah		呸
baht	noun	銖
bail	noun	水桶
bail out	verb	炒|摒棄
bailout	noun	援救
bairn	noun	儿童
bait	noun	誘餌
bak kut teh	noun	肉骨茶
bake	verb	烘烤
baked	adjective	烤
baked alaska	noun	热烤阿拉斯加
baker	noun	面包师傅
bakery	noun	麵包店
baking powder	noun	发酵粉
baking soda	noun	碳酸氢钠
baklava	noun	巴拉瓦饼
balalaika	noun	巴拉莱卡琴
balance	noun	資產負債表|弥补
balance beam	noun	横梁
balance sheet	noun	資產負債表
balcony	noun	阳台
bald	adjective	禿|平滑
bald eagle	noun	白頭海鵰
bald person	noun	禿
bald spot	noun	太阴
bale	noun	捆包|舞会|靴子|子彈
baleen	noun	钢圈
baleful	adjective	险恶
balk	noun	横梁
ball	noun	球|舞会|舞會
ball game	noun	球赛|问题
ball-and-socket joint	noun	膝盖骨
ballad	noun	叙事曲
ballast	noun	堤岸
ballet	noun	芭蕾舞
ballistics	noun	弹道学
balloon	noun	气球
balloon plant	noun	路燈
ballot box	noun	壷
ballpark	adjective	大約
ballpoint pen	noun	圓珠筆
balls	noun	他媽的
ballsiness	noun	勇气
ballsy	adjective	勇敢的
balmy	adjective	疯狂的
balneology	noun	浴疗学
baloney	noun	奶酪
balsam	noun	香脂|鳳仙花
balun	noun	換衡器
bamboo	noun	竹子|竹
ban	noun	禁止
banal	adjective	平凡
banana	noun	香蕉
banana bread	noun	香蕉麵包
banana peel	noun	果皮
banana republic	noun	香蕉共和国
band	noun	带|背|球队|童黨
band-aid	noun	片
bandage	noun	繃帶
bandit	noun	土匪
bandstand	noun	亭子
bandwagon	noun	党
bandwidth	noun	带宽
bane	noun	害人虫
bang	noun	盾, 越南盾|爆炸|感叹词|吻
bang away	verb	火刑
bangs	noun	矮種馬
banister	noun	扶手
bank	noun	銀行|银行
bank account	noun	銀行帳戶
bank card	noun	银行卡
bank holiday	noun	假日
bankbook	noun	存折 存摺
banker	noun	庄家|河床
banknote	noun	鈔票
bankroll	noun	证券投资基金
bankrupt	adjective	破产
bankruptcy	noun	破产
banner	adjective	旗|优秀|旗子|军旗
banquet	noun	宴會
banshee	noun	报丧女妖
banter	noun	戏弄|奏
baobab	noun	猴麵包樹
baptism	noun	洗禮
baptismal name	noun	名字
bar	noun	巴|酒吧
barb	noun	胡子
barbarian	adjective	野蠻人
barbaric	adjective	蛮人
barbecue	noun	炙烤
barbell	noun	哑铃
barber	noun	理发师
barberry	noun	小蘖
barbershop	noun	理发店
barbiturate	noun	巴比妥类药物
barbituric	adjective	巴比妥类药物
barcode	noun	條形碼
bard	noun	诗人
bardolatry	noun	莎士比亚崇拜
bare	adjective	裸体
bare-bones	adjective	简单
barefoot	adjective	赤腳
barehanded	adverb	赤手空拳
barely	adverb	但|刚
bargain	noun	便宜|討價還價
barista	noun	咖啡師
barite	noun	重晶石
barium	noun	鋇|钡
bark	noun	叫声|壳|三桅帆船|吠
barking	noun	叫声
barking dogs seldom bite		善吠的狗很少咬人
barley	noun	大麦
barn	noun	孩子
barn owl	noun	仓鸮
barn swallow	noun	家燕
barnacle	noun	藤壺
barometer	noun	气压表
baron	noun	男爵
barque	noun	三桅帆船|帆船
barrack	noun	兵营
barrage	noun	壩|炮击
barre chord	noun	睫毛
barrel	noun	桶
barrel organ	noun	手摇风琴
barrel roll	noun	桶
barrel vault	noun	筒形拱頂
barren	adjective	不孕的|荒芜
barrier	noun	障|国境
barring		除了
barrister	noun	律师
barroom	noun	巴
barrow	noun	坟墓
barse	noun	狼
barter	noun	商品
baryon	noun	重子
basalt	noun	玄武岩
base	noun	基地
baseball	noun	棒球
baseball player	noun	棒球運動員
basement	noun	地下室
bash	verb	批評
bashful	adjective	羞怯
basic	adjective	基本的|本
basilica	noun	巴西利卡
basilisk	noun	罗勒
basin	noun	洗手池|碗|流域|髖
basis	noun	本|基礎|什么|數字
bask	verb	享受
basket	noun	籃子|篮
basketball	noun	篮球|籃球
bass	adjective	男低音|低|低音谱号|吧
bass clef	noun	低音谱号
bass guitar	noun	低
bassoon	noun	低音管
bassoonist	noun	大管
basswood	noun	椴树属
bast	noun	韌皮
bastard	noun	私生子
bastille	noun	力气
bastion	noun	堡壘 堡垒
bat	noun	蝙蝠
bat-eared fox	noun	大耳狐
batch	noun	游戏
batchim	noun	收音
bath salt	noun	浴鹽
bath towel	noun	毛巾
bathe	verb	洗澡
bathhouse	noun	更衣室
bathing	noun	沐浴
bathrobe	noun	浴衣
bathroom	noun	浴室|洗手间
bathtub	noun	浴缸
batik	noun	蜡染
baton	noun	棍棒|小棍|接力棒
batt	noun	腹部
battalion	noun	营
batter	noun	面团|击球员
battering ram	noun	破城槌
battery	noun	电池
batting	noun	腹部
battle	noun	争斗|戰役|反對
battle axe	noun	扁 斧
battlefield	noun	战场
battleground	noun	战场
battler	noun	军人
batty	adjective	疯狂的
bauble	noun	拔火罐
baud	noun	波特
bauxite	noun	铝土矿
bawdy	adjective	黄色
bawl	verb	流泪
bay	adjective	白语|海湾|海灣|月桂树|叫声|狗叫
bay leaf	noun	月桂葉
bayard	adjective	白语|狐狸
bayonet	noun	刺刀
bazaar	noun	商场
bazooka	noun	巴祖卡火箭筒
be	verb	是|在
be able to	verb	会
be about	verb	去
be all about	verb	走
be ashamed	verb	感到
be born	verb	出生
be called	verb	叫
be down with	verb	热
be mother	verb	茶
be my guest	verb	求
be sick	verb	病
be to	verb	还有
beach	noun	海滩
beach apple	noun	毒番石榴
beach episode	noun	七八定律
beach volleyball	noun	沙滩排球
beacon	noun	烽火|狼烟|燈塔
bead	noun	佛珠|帐|滴
bead tree	noun	金铃子
beagle	noun	打火机
beak	noun	喙
beaker	noun	烧杯|杯
beakhead	noun	距
beaksedge	noun	刺子莞属
beam	noun	横梁|符杠|宽度|臂|半径
bean	noun	豆
bean sprout	noun	綠豆芽
beanie	noun	帽子
beanpole	noun	炸丸子
bear	noun	熊|魋
bear in mind	verb	注意
bear meat	noun	熊肉
beard	noun	胡子|鬍子
bearded clam	noun	屄
bearing	noun	轨座|方位角|秉性
beast of burden	noun	馱畜
beastly	adjective	動物
beat	adjective	累坏|全音符|打
beat around the bush	verb	拐弯抹角
beat it	verb	消
beat to	verb	先
beat to the punch	verb	先
beautiful	adjective	漂亮|美
beautifully	adverb	美
beautifulness	noun	漂亮
beauty	noun	美
beauty is in the eye of the beholder		情人眼裡出西施
beauty pageant	noun	选美
beauty parlor	noun	美容院
beauty queen	noun	小姐
beaver	noun	海狸
beaver away	verb	火刑
because		因为|由于
beck	noun	涓
become	verb	成|成为
becoming	noun	成
bed	noun	床
bed of roses	noun	一帆风顺
bedboard	noun	床板|铺板
bedbug	noun	图钉
bedding	noun	床
bedlam	noun	浑沌
bedpan	noun	小提琴
bedroom	noun	卧室|寝室
bedsheet	noun	床单
bedspread	noun	毯子
bedstead	noun	床
bedtime story	noun	历史
bee	noun	蜜蜂|蜂
bee in one's bonnet	noun	迷住
bee-eater	noun	蜂虎科
beech	noun	山毛榉
beech marten	noun	貂
beechnut	noun	书
beef	noun	牛肉
beefsteak	noun	牛排
beehive	noun	蜂巢|酸菜
beekeeping	noun	養蜂
beer	noun	啤酒
beer belly	noun	瘤胃
beer parlour	noun	啤酒厂
beeswax	noun	蜂蜡 蜂蠟
beet	noun	甜菜
beetroot	noun	甜菜
before	adverb	之前|最先|以前|前|先
beforehand	adverb	之前
befriend	verb	忖度
beg	verb	丐|请
beget	verb	制造
beggar	noun	乞丐
begging	noun	袖
begin	verb	開始
beginner	noun	初学者
beginning	noun	開始
begone		嘘
beguile	verb	欺騙|带
beguiling	adjective	迷人
behave	verb	带领|留
behavior	noun	举止
behaviorism	noun	行为主义
behavioural	adjective	举止
beheading	noun	斬首
behemoth	noun	貝赫莫特
behest	noun	命令
behind	adverb	後面的|背|屁股|后边|以后
behind time		迟到
behold	verb	看见
beige	adjective	米色
beignet	noun	贝奈特饼
being	noun	生物|在
bejel	noun	máfēngbìng
belatedly	adverb	迟到
belay	verb	无名指
belch	noun	打嗝
belfry	noun	鐘樓|攻城塔|瞭望塔
belie	verb	黑
belief	noun	相信|信仰|信條
belief system	noun	世界观
believe	verb	相信
believer	noun	信徒
belittle	verb	淡化
belive	verb	住
bell	noun	鐘
bell jar	noun	鐘
bell pepper	noun	椒
bell tower	noun	鍾塔
bell-end	noun	结
bellboy	noun	战斗机
belle	noun	美人
bellicism	noun	黩武主义
belligerent	adjective	战争
bellow	verb	吒
bellows	noun	风箱|手风琴
bellwether	noun	徵兆
belly	noun	肚子
belly flop	noun	平
belong	verb	屬於|听
belonging	noun	东西
beloved	adjective	最喜愛的|爱人
below	adverb	下|下边
belt	noun	腰帶
beluga	noun	白鲸|房子
bemol	noun	降
bench	noun	长椅
benchmark	noun	准则
bend	noun	曲线|结|轉動|折叠
bend over backwards	verb	拚命
bender	noun	醉態
bendlet	noun	單子
beneath	adverb	下
benefactor	noun	恩人
beneficial	adjective	好处
benefit	noun	利益|好处|享受
benevolence	noun	仁慈|慈善
benign	adjective	親切|轻
bentgrass	noun	剪股颖
bento	noun	便當
benzaldehyde	noun	苯甲醛
benzene	noun	苯
benzoic acid	noun	苯甲酸
benzol	noun	苯
benzopyrene	noun	苯並芘
bequeath	verb	交出|有
berate	verb	叱
berceuse	noun	催眠曲
bereave	verb	取
bereavement	noun	丧
beret	noun	貝雷帽
bergamot	noun	佛手柑
beriberi	noun	脚气病
berkelium	noun	锫
berry	noun	浆果|漿果
beryl	noun	綠柱石
beryllium	noun	鈹|铍
beseech	verb	求
beside		旁边
beside oneself		陈旧
besides	adverb	以其|除了
besiege	verb	攻击
besmirch	verb	弄脏
besom	noun	帚
best	noun	花朵|坠毁
best friend	noun	朋友
best man	noun	乾爹
bestiality	noun	動物戀
bestow	verb	使用
bet	noun	打賭
betide	verb	发生
betoken	verb	表示
betray	verb	背叛
betroth	verb	訂婚|订婚
betrothal	noun	訂婚
betrothed	noun	未婚夫
better	adjective	更好|不如|改
better late than never	adverb	亡羊补牢，犹未晚也
better than nothing	adjective	有胜于无
between		中
between scylla and charybdis		才出狼窝又入虎口
between a rock and a hard place		前門拒虎，後門進狼
between jobs		失业者
betwixt		在…之間
beverage	noun	饮料
bevor	noun	胡子
bevy	noun	收藏
bewail	verb	哭
beware	verb	小心
bewilderment	noun	混亂
bewitch	verb	施魔法於
bewitching	adjective	吸引人的
bezel	noun	奶猫
bhikkhu	noun	喙
bi	adjective	蜜蜂
bi-		两个
bias	noun	趋势
biathlon	noun	冬季兩項
biaxial	adjective	两轮
bib	noun	围兜
biblical	adjective	圣经
bibliography	noun	目录学
bibliometrics	noun	文献计量学
biceps	noun	二頭肌
biceps brachii	noun	肱二頭肌
bicker	verb	吵架
bicorn	noun	饺子
bicuspid	noun	前磨齒
bicycle	noun	自行車
bicycle crunch	noun	甲虫
bicycle kick	noun	单车
bicycle lane	noun	单车径
bicycle path	noun	单车径
bid	noun	招标|投标 投標|请|告诉
bidding	noun	招标
biddy	noun	小
bide	verb	等
bidet	noun	坐浴桶
bidon	noun	骗子
biennale	noun	双年展
biennial	adjective	二年生
bier	noun	担架|灵柩台
big	adjective	大
big air	noun	冒险
big baby	noun	男孩
big cheese	noun	僧
big data	noun	大数据
big deal	noun	那又怎麼樣|山
big toe	noun	拇指
bigamy	noun	重婚
bight	noun	海湾
bigwig	noun	恶吏
bike	noun	自行车|母牛|摩托
biker	noun	半人馬
bikini	noun	比基尼
bilabial	noun	双唇音
bilateral	adjective	双方
bilaterian	noun	两侧对称动物
bilberry	noun	蓝莓
bile	noun	胆汁
bilgewater	noun	幹話
bilinear	adjective	双系
bilirubin	noun	胆红素
bill	noun	发票|喙|公告|戍|吹口|出版
bill of fare	noun	地图
bill of materials	noun	命名法
billiard		一千万亿
billiards	noun	台球
billion		十亿
billionaire	noun	亿万富翁
billow	noun	波浪
billy goat	noun	公山羊
bimbo	noun	二百五
bin	noun	凵 凵|垃圾桶
binary star	noun	联星
binary tree	noun	二叉树
bind	verb	扎
bindle	noun	流浪者
binge	noun	旗子
binge watching	noun	马拉松
binoculars	noun	双筒望远镜
binomial	noun	二项式
binturong	noun	熊貍 熊狸
biochemist	noun	生物化学
biochemistry	noun	生物化学|生物化學
biodiversity	noun	生物多样性
biogas	noun	生物燃氣
biogenesis	noun	生源说
biogeography	noun	生物地理学
biography	noun	傳記
biological	adjective	生物
biologist	noun	生物学家
biology	noun	生物学|生物學
biomass	noun	生物质
biome	noun	生物群系
bionics	noun	仿生学
biosphere	noun	生物圈
biotechnology	noun	生物工程學
biotic	adjective	生命的
biotite	noun	黑云母
biotope	noun	生存空间
bioweapon	noun	生物武器
biphobia	noun	雙性戀恐懼
bipulmonary	adjective	双肺
birch	noun	樺樹
bird	noun	鸟|鳥
bird cherry	noun	稠李
bird of prey	noun	猛禽
birdie	noun	小鳥
birdlife	noun	鸟类
birds of a feather flock together		物以类聚
birdsong	noun	歌声
birdwatching	noun	观鸟
biretta	noun	四角帽
birth	noun	出生
birth canal	noun	產道
birth certificate	noun	出生证明书
birthday	noun	生日
birthday cake	noun	生日蛋糕
birthday suit	noun	一丝不挂
birthmark	noun	痣
birthrate	noun	出生率
biscuit	noun	餅乾 饼干|饼干
bisector	noun	二等分線
bisexual	adjective	双性恋的
bisexuality	noun	双性恋
bishop	noun	主教|象
bismuth	noun	鉍|铋
bison	noun	欧洲野牛
bisque	noun	汤|饼干
bissextile	adjective	闰年的
bit	noun	嚼子|位|块|分钟|份|胡子
bit by bit	adverb	逐漸
bit of skirt	noun	裙
bitch	noun	母狗
bitch slap	noun	掴
bitcoin	noun	比特币
bite	noun	咬|口|买
bite me		干你
bite off more than one can chew	verb	以卵吉石
bite someone's style	verb	模擬
biting	adjective	波音
bitter	adjective	苦澀|严格|苦
bitter orange	noun	苦橙
bittern	noun	小苇鳽
bitumen	noun	瀝青
bixin	noun	胭脂素
bizarre	adjective	奇怪
blabber	noun	愛說閒話的人
black	adjective	黑|黑色
black and white	noun	母狗
black beetle	noun	蟑蜋
black bile	noun	惆悵
black bloc	noun	黑塊
black box	noun	黑箱
black child	noun	黑孩子
black coal	noun	烟煤
black coffee	noun	清咖啡
black flag	noun	海盗旗
black francolin	noun	黑鷓鴣
black hole	noun	黑洞
black humor	noun	黑色幽默
black ice	noun	黑冰
black kite	noun	黑鸢
black magic	noun	黑魔法
black market	noun	黑市
black panther	noun	黑豹
black poplar	noun	楊樹
black powder	noun	火药
black pudding	noun	血腸
black radish	noun	长羽裂萝卜
black rhinoceros	noun	黑犀
black sheep	noun	原始的|不合群的人
black swan	noun	黑天鹅
black tea	noun	赤汤茶|红茶
black tetra	noun	黑寡妇
black widow	noun	黑寡妇
black-and-white	adjective	黑白
black-eyed pea	noun	牛豆
black-headed gull	noun	红嘴鸥
black-legged kittiwake	noun	三趾鷗
black-throated diver	noun	黑喉潛鳥
blackamoor	noun	代笔作家
blackberry	noun	黑莓
blackbird	noun	乌鸫|烏鶇
blackboard	noun	黑板
blackbody	noun	黑体
blackcurrant	noun	黑加仑
blacken	verb	弄脏
blackjack	noun	二十一
blacklist	noun	黑名單
blackmail	noun	勒索
blackness	noun	黑
blackout	noun	昏迷|白
blacksmith	noun	铁匠
bladder	noun	膀胱|氣囊|球膽
bladder cancer	noun	膀胱癌
bladdernut	noun	省沽油属
blade	noun	刀片
blame	noun	毛病
blameworthy	adjective	有罪
bland	adjective	軟|淡|朋友
blank	adjective	无表情|干|白|白色|时期|取消
blanket	noun	毯子
blasphemy	noun	褻瀆
blast	noun	爆炸
blasted	adjective	死了
blastema	noun	胚基
blastomere	noun	卵裂球
blastula	noun	囊胚
blatant	adjective	明确
blaze	noun	火|燃烧
blazon	noun	纹章描述
bleach	noun	漂白水
bleak	adjective	苍白|沙漠|哀伤|欧白鱼
bleakness	noun	悲傷
bleariness	noun	疲劳
bleary	adjective	累
blech		呸
blee	noun	颜色
bleed	noun	出血|血液|使洁净|碰
bleeding	noun	出血
blemish	noun	污跡
blend	noun	混合物|混
blender	noun	混合器
bless	verb	[[#
bless you		一百歲
blessing	noun	[[#
blight	noun	害人虫
blimp	noun	飞艇
blind	adjective	盲|百葉窗
blind spot	noun	盲点|盲目性|陌生人
blindfold	noun	繃帶|帆
blindness	noun	盲目性
bliss	noun	得体
blissful	adjective	奇妙
blister	noun	膀胱
blistering	adjective	尖
blithe	adjective	漫不经心的|开心
blitz	noun	閃電戰
blitzkrieg	noun	閃電戰
blizzard	noun	雪暴|山
blob	noun	面团
blobfish	noun	水滴鱼
bloc	noun	联合
block	noun	公寓|令|立方體|島|堵塞
blockade	verb	堵塞
blockchain	noun	区块链
blockhead	noun	傻子
blog	noun	博客
blogger	noun	博主
blogpost	noun	票
bloke	noun	男生
blood	noun	血液|血
blood brother	noun	兄弟
blood clot	noun	血栓
blood donation	noun	捐血 juān xùe
blood flow	noun	血流
blood is thicker than water		血浓于水
blood loss	noun	出血
blood orange	noun	血橙
blood plasma	noun	血浆
blood pressure	noun	血压
blood relation	noun	同族
blood sausage	noun	糯米肠
blood sugar	noun	血糖
blood transfusion	noun	輸血
blood type	noun	血型
blood vessel	noun	血管
bloodhound	noun	侦探
bloodstream	noun	血流
bloody	adjective	該死的
bloody mary	noun	血腥瑪麗
bloom	noun	放大鏡|花朵|天鹅绒|帆
bloomers	noun	灯笼裤
blooper	noun	青蛙
blossom	noun	花|开
blot	noun	缎纹
blot out	verb	去世
blotch	noun	缎纹
blow	verb	吹
blow out	verb	熄滅
blow over	verb	击落|升級
blow the whistle	verb	吹口哨
blow up	verb	激增
blower	noun	吹风机
blowjob	noun	口交
blubber	noun	脂肪
blubbo	noun	海象
bludgeon	noun	棍棒
blue	adjective	蓝|蓝色
blue cheese	noun	蓝干酪
blue giant	noun	蓝超巨星
blue hour	noun	華燈初上
blue mussel	noun	蓝贝
blue state	noun	蓝州
blue whale	noun	蓝鲸
blue-eyed	adjective	清白
blue-eyed boy	noun	发圈
blueberry	noun	藍莓
blueprint	noun	安排
blues	noun	悲哀
bluff	noun	悬崖
blunt	adjective	鈍|二百五|韭葱
bluntly	adverb	意外
blur	noun	品牌|拭除
blurb	noun	封四
blurry	adjective	懵
blush	noun	红色|胭脂|鮭魚
blustery	adjective	暴风雨的
boar	noun	公豬
board	noun	木板|碟|黑板|委员会|抚恤金|旗子
board up	verb	禁止
boarder	noun	海盜
boarding gate	noun	口
boarding house	noun	抚恤金|寄宿学校
boarding school	noun	寄宿学校
boards	noun	籬笆
boast	noun	吹嘘|吹牛
boastful	adjective	吹嘘
boat	noun	船|小船
bob	noun	铅|搖晃
bob haircut	noun	四方形
bobbin	noun	易拉罐
bobby	noun	公狗
bobcat	noun	短尾貓
bobsleigh	noun	有舵雪橇
bocce	noun	地板滾球
bodhicitta	noun	菩提心|道意
bodhisattva	noun	菩提萨埵
bodily	adjective	身
bodily fluid	noun	體液
body	noun	身体|身體
body hair	noun	毛
body of water	noun	水
body shop	noun	車體風格
bodybuilding	noun	健美运动|車體風格
bodywork	noun	車體風格|车身
boffin	noun	科学家
bog	noun	沼澤
bog bilberry	noun	𣛭柿
bogeyman	noun	椰子
boggle	verb	是
bogue	noun	牛眼鯛
bogus	adjective	骗子|丑
bohrium	noun	𨨏
boil	verb	煮
boil down	verb	減少
boiled egg	noun	煮鸡蛋
boiler	noun	锅炉
boiler suit	noun	青蛙
boink	verb	肏
boisterous	adjective	高声|动物
bok choy	noun	大白菜
bold	adjective	勇敢|胖
bole	noun	树干
boll	noun	种子|包
bollard	noun	系缆桩
bollock	noun	卵|使腐烂
bollocks	noun	放屁
bolster	noun	长枕|生長
bolt	noun	弩箭|闩|螺栓|闪电|消
bolt cutter	noun	斷線鉗
bolt from the blue	noun	晴天霹雳 晴天霹靂
bolus	noun	口
bomb	noun	炸弹
bombard	verb	炮擊
bombardment	noun	炮击
bombe	noun	气雾剂
bomber	noun	轰炸机
bombing	noun	轟炸
bombshell	noun	气雾剂
bon appétit		慢慢吃
bon voyage		一路平安
bona fide	adjective	右|誠意
bond	noun	部|義務|结合|器官系統|扎
bondage	noun	奴隶制度
bondman	noun	奴隶
bone	noun	骨|骨头
bone marrow	noun	髓
bone meal	verb	骨粉
bone-idle	adjective	惰
bonfire	noun	營火
bongo	noun	邦哥鼓
bonk	noun	疙瘩|冲击|肏
bonkers	adjective	傻
bonnet	noun	贝雷帽|引擎蓋
bonnie	adjective	快乐|漂亮
bonobo	noun	倭黑猩猩
bonsai	verb	盆景
bonsho	noun	佛鐘
bonus	noun	奖金
bonze	noun	僧
bonzer	adjective	优秀
boo hoo		嗚嗚
boob	noun	咪咪
booby	noun	傻子|乳房|疯狂的
booger	noun	鼻屎
book	noun	書|书
bookcase	noun	书架
booking	noun	預訂
bookkeeper	noun	會計員
bookkeeping	noun	[[#
bookmark	noun	书签
bookseller	noun	旧书商|书局
bookshelf	noun	书架
bookshop	noun	书店
bookworm	noun	书呆子
boom	noun	乔木|矛
boomerang	noun	回飞棒
boon	noun	意外收获|天才
boondock	noun	大草原
boor	noun	乡巴佬
boost	noun	衝力|支持|增加|推|偷窃
booster	noun	支持
booster dose	noun	交叉引用
boot	noun	靴子
booth	noun	摊位|細胞
bootleg	adjective	黑|走私
bootlicker	noun	拍马者
bootmaker	noun	靴匠
bootstrap	noun	蹦床|引导程序
booty	noun	抢劫|屁股|一夜情
booze	noun	分|加油
borage	noun	琉璃苣
border	noun	国境|兰特
border guard	noun	邊防軍 边防军
borderland	noun	边塞
borderline	adjective	国境
bore	noun	口徑
boreal	adjective	北
boredom	noun	烦
boric acid	noun	硼酸
boring	adjective	讨厌的
boron	noun	硼
borough	noun	市政當局
borrow	verb	借
bosom	adjective	乳房
bosom friend	noun	好朋友
boson	noun	玻色子
bosozoku	noun	暴走族
boss	noun	老板|插座|釦子|头目
bot	noun	机器人
botanical	adjective	植物学
botanical garden	noun	[[#
botanist	noun	植物学家
botany	noun	植物学
botched	adjective	作風​馬虎​的
both		两
bother	verb	粪|困扰
bottle	noun	瓶子|瓶
bottle brush	noun	洗瓶刷
bottle cap	noun	胶囊剂
bottleneck	noun	交通堵塞
bottom	noun	下面|屁股|受动
bottom line	noun	提要
bottoms up		一口干
bough	noun	枝
bougie	adjective	草莓
bouillon	noun	汤
boulder	noun	岩石
boules	noun	地擲球
bounce off the walls	verb	是
bounced cheque	noun	空头支票
bouncer	noun	大猩猩
bound	noun	端子|跃迁|炒
bound morpheme	noun	规范词素
boundary	noun	國境|兰特
bounteous	adjective	优厚
bounty	noun	天才|奖金
bounty hunter	noun	赏金猎人
bouquet	noun	花束
bourgeoisie	noun	中产阶级
boustrophedon	noun	牛耕式轉行書寫法
bout	noun	波|打|袭击
bovine	adjective	牛
bow	noun	弓
bow grip	noun	婴儿车
bow out	verb	退出
bowdlerize	verb	审查
bowel	noun	肠
bowel movement	noun	排便
bowels	noun	肠
bowl	noun	碗
bowler hat	noun	圆顶礼帽
bowline	noun	稱人結
bowling	noun	保齡球
bowling alley	noun	保龄球
bowser	noun	伏地挺身
bowstring	noun	繩子
box	noun	箱子
box office	noun	售票
box plot	noun	箱形圖
box seat	noun	总部
boxer	noun	拳击手
boxer shorts	noun	四角裤
boxful	noun	匣
boxing	noun	拳击
boy	noun	男孩|男孩儿
boy scout	noun	童子军
boycott	noun	抵制
boyfriend	noun	男朋友
boyhood	noun	婴儿期
boyish	adjective	男儿
bra	noun	胸罩|奶罩
brace	noun	蛙泳|部|力矩
bracelet	noun	手镯
braces	noun	器官系統
brachiosaur	noun	腕龍 腕龙
brachiosaurus	noun	腕龍 腕龙
bracket	noun	괄호(括弧)|區間
brackish	adjective	咸
bradycardia	noun	徐脈
brag	verb	吹嘘
bragger	noun	虛
braid	noun	辫子
braille	noun	点字
brain	noun	脑|头脑
brain death	noun	脑死
brain drain	verb	头脑流出
brain stem	noun	脑干
brainstorming	noun	脑力激荡法
brainwash	verb	洗脑
brainwashing	noun	洗脑
braise	verb	焖
brake	noun	剎車
bran	noun	麸皮
branch	noun	树枝|枝|分流|科|分
branch off	verb	轉彎
brand	noun	品牌|背 面|门
brandy	noun	白兰地
brane	noun	膜
brashness	noun	厚顏
brass	noun	黃銅|妓女|意大利麵
brass band	noun	铜管乐队
brass instrument	noun	金属
brasserie	noun	啤酒厂
brat	noun	侏儒
bratwurst	noun	德国碎肉香肠
brave	adjective	勇敢
bravery	noun	勇氣
brawl	noun	打群架|吵架
brazilwood	noun	苏木
breach of contract	noun	違約
breach of the peace	noun	破壞社會安寧
bread	noun	麵包|面包
bread and circuses	noun	面包与马戏
bread maker	noun	製麵包機
bread roll	noun	包
breadstick	noun	喙
breadth	noun	宽度
breadwinner	noun	生计
break	noun	休息|时期|時間|黎明|变化|入口|坏
break a lance	verb	打
break camp	verb	滾
break down	verb	分析
break ground	verb	揭下
break in	verb	盯
break one's fast	verb	早飯
break out	verb	逃跑|爆裂
break up	verb	中断|压制
break wind	verb	放屁
breakdown	noun	故障
breaker	noun	刀片
breakfast	noun	早飯|早饭
breaking news	noun	快報
breakout	noun	爆炸
breakthrough	adjective	资本|交
breakup	noun	分开
breakwater	noun	防波堤
bream	noun	东方欧鳊(引进)
breast	noun	乳房
breastaurant	noun	餐馆|母亲
breastbone	noun	胸骨
breastfeed	verb	喂奶
breastfeeding	noun	母乳餵養
breaststroke	noun	蛙泳
breath	noun	气
breathe	verb	呼吸
breather	noun	全休止符
breathing	noun	呼吸作用
breech	noun	短衬裤
breeches	noun	短衬裤
breed	noun	種族|制造|栽培種
breeze	noun	微風|工作
breve	noun	二全音符
brewery	noun	啤酒厂
brewing	noun	酿酒
bribe	noun	贿赂|賄賂
bribery	noun	賄賂
brick	noun	磚
bricklayer	noun	磚匠
bridal	noun	婚礼
bride	noun	新娘
bridegroom	noun	新郎
bridge	noun	橋|桥
bridle	noun	轡
brief	adjective	短
briefcase	noun	公文包
briefly	adverb	短
brigade	noun	旅
brigadier general	noun	大校
brigand	noun	土匪
bright	adjective	明亮|快乐|智能
bright spark	noun	头
brightness	noun	光度
brill	noun	蘭姆酒
brilliant	adjective	亮|明亮|珍珠
brim	noun	兰特|帽邊
brimstone	noun	柠檬
brindled	adjective	茶色的
bring	verb	带
bring about	verb	带来|实现
bring back	verb	使再现
bring home the bacon	verb	谋生
bring in	verb	请求
bring into play	verb	介绍
bring on	verb	取|交给
bring to bear	verb	借
bring to mind	verb	记得
bring up	verb	培养
brink	noun	兰特
brinkmate	noun	必死
briny	adjective	咸
brio	noun	火
brisk	adjective	使兴奋的
brisket	noun	五花肉
bristle	noun	丝|毛
bristletail	noun	衣魚
brittle	adjective	容易破碎|脆弱
bro	noun	兄弟|哥
broad	adjective	厉害
broad bean	noun	蠶豆
broadcast	noun	廣播|节目
broadcasting	noun	廣播
broadside	noun	侧面
broccoli	noun	西兰花
brochure	noun	小册子
brogue	noun	方言
broke	adjective	浅滩
broker	noun	经纪人
brokerage	noun	经纪人
brome	noun	溴
bromine	noun	溴
bronchitis	noun	支气管炎
bronchoscopy	noun	支气管镜检查
bronchus	noun	支氣管
brontosaur	noun	雷龙
brony	noun	小馬迷
bronze	noun	青銅|青铜
bronze medal	noun	銅牌
brood	verb	孵化
broody	noun	鸡
brook	noun	小河
broom	noun	帚
broth	noun	肉湯
brothel	noun	妓院
brother	noun	哥哥|兄弟|弟弟
brother-in-law	noun	女婿
brotherhood	noun	兄弟会
brouhaha	noun	剧场
brown	adjective	褐色|棕色
brown bear	noun	棕熊
brown rat	noun	褐鼠
brown rice	noun	糙米
brown study	noun	基调
brown sugar	noun	粗红糖
brown trout	noun	尊魚
brownnose	noun	巴儿狗
browse	verb	复习|看
bruise	noun	瘀青
bruiser	noun	动物|大猩猩
brunch	noun	午餐
brunette	adjective	棕色|昏暗
brush	noun	刷|刷子
brushless	adjective	刷
brushwood	noun	饭
brusque	adjective	無禮
brutal	adjective	残忍的
brute	adjective	笨|兽|动物
bryony	noun	泻根
bryophyte	noun	沼泽
bubble	noun	泡|风
bubblegum	noun	口香糖
bubonic plague	noun	腺鼠疫
buccaneer	noun	海盗
buck	noun	公山羊|块
bucket	noun	水桶
buckle	noun	扣環|放弃
buckle up	verb	繫上安全帶
buckler	noun	盾
buckshot	noun	冰雹
buckwheat	noun	荞麦
bud	noun	笌
buddleia	noun	醉鱼草
buddy		同伴|朋友
budgerigar	noun	虎皮鹦鹉
budget	adjective	便宜|財政預算案
buff	adjective	岩羚羊|吸引人的
buffet	noun	冷餐台
buffoon	noun	小丑
bug	noun	窃听器|西布格河|病毒|激情|蟲|传声器
bugger	noun	屎|屁眼|鸡奸
bugger off		图钉
buggy	noun	全地形車
bugle	noun	军号
build	verb	建|编纂
build up	verb	加强
builder	noun	建构子
building	noun	建筑物
building block	noun	砖|立方
building material	noun	建筑材料
bulb	noun	鳞茎
bulbous	adjective	球根的
bulge	noun	疙瘩
bulimia	noun	暴食症
bulk	adjective	大|体积|一起
bull	noun	公牛|牛
bull ring	noun	竞技场
bulldog	noun	牛头犬
bulldozer	noun	推土機
bullet	noun	子彈
bullet point	noun	尖峰
bullet train	noun	新干线
bulletin	noun	音符|小册子
bulletproof	adjective	防弹
bullfight	noun	鬥牛
bullfighter	noun	斗牛
bullfighting	noun	鬥牛
bullfrog	noun	牛蛙
bullion	noun	獾
bullock	noun	小牛 [xiǎoniú]|牛
bullseye	noun	一千|船窓
bullshit	noun	假话|任何事物|夸大
bullshitter	noun	撒谎者
bully	adjective	de primera clase|軋轢
bulwark	noun	堡壘 堡垒
bum	adjective	噅|屁股|流浪汉
bumblebee	noun	熊蜂
bumfodder	noun	文書工作
bump	noun	疙瘩|肿大|球
bump into	verb	掉
bumper car	noun	碰碰车
bumpkin	noun	乡巴佬
bun	noun	包
bunch	noun	一串|包|住所
bunch of fives	noun	便便
bundle	noun	捆|包|扎
bung	noun	堵塞
bungalow	noun	平房
bungee jumping	noun	蹦极
bunion	noun	洋葱
bunk	verb	逃学
bunk bed	noun	擔架床
bunker	noun	掩體
bunny girl	noun	兔女郎
bunting	noun	鵐
buoy up	verb	激励
buoyant	adjective	开心
burden	noun	衝鋒|裝
burdensome	adjective	困难的
burdock	noun	牛蒡
bureau	noun	办公室
bureau de change	noun	外汇交易场所
bureaucracy	noun	官僚制
bureaucratese	noun	胡话
burette	noun	滴定管
burgeon	noun	笌|开
burger	noun	汉堡人
burgher	noun	市民
burglar	noun	盗贼
burgomaster	noun	市长
burial	noun	丧
burl	noun	木瘤
burlesque	noun	戏仿
burly	adjective	厉害
burn	noun	烧伤|涓|灼傷|烧|燃烧|戕杀
burn one's bridges	verb	背水一战 背水一戰
burn one's fingers	verb	搬起石头砸自己的脚
burn the midnight oil	verb	火刑
burner	noun	火|光盘刻录器
burning	adjective	火辣辣|奶油|灼傷
burnt out	adjective	累坏
buro	noun	书桌
burp	noun	噯氣|打嗝
burqa	noun	波卡
burr	noun	胡子|刺猬
burrow	noun	隧道|挖
burst	noun	爆炸 [bàozhà]|爆裂
burst into flame	verb	发火
bury	verb	下葬
bury the hatchet	verb	冰釋前嫌
bus	noun	公共汽车|公共汽車|总线
bus route	noun	巴士路線
bus station	noun	客车站
bus stop	noun	车站
bush	noun	灌木|欧芹
bush dog	noun	藪犬 薮犬
bush-cricket	noun	希望
bushel	noun	斗
bushing	noun	轨座
business	noun	事業|功|工作|景氣|事
business administration	noun	企业经济学
business card	noun	名片
business class	noun	商务舱
business plan	noun	商业计划
business suit	noun	西装
businesslike	adjective	业务上的
bust	noun	逮捕|停住|銷毀
bustard	noun	鸨
buster	noun	傻子|伴侶
bustle	verb	煮
busy	adjective	忙
busybody	noun	凤头麦鸡
but		但是|可是
butane	noun	丁烷
butch	adjective	男
butcher	noun	卖肉|击落
butchershop	noun	屠宰场
butene	noun	丁烯
buteo	noun	猎鹰
butler	noun	管家
butt	noun	屁股|波河|活塞|风筝|煙頭|桶
butt crack	noun	臀沟
butte	noun	高原
butter	noun	黄油|黃油
butter one's bread on both sides	verb	一石二鳥
buttercup	noun	毛茛
butterfingers	noun	拙劣
butterfly	noun	蝴蝶
butterfly effect	noun	蝴蝶效应
butterfly pea	noun	蝶豆花
butterfly stroke	noun	蝶泳
butterfly valve	noun	蝴蝶
buttermilk	noun	酪漿
butterscotch	noun	糖果|焦糖
buttock	noun	屁股
button	noun	釦子|扣子
button mushroom	noun	洋菇
buttonhole	noun	家
buttress	noun	熊|山
butyric acid	noun	丁酸
buxom	adjective	凹凸有致
buy	verb	买|買
buy into	verb	买
buy-in	noun	支持
buyer	noun	買主
buying	noun	买
buzzard	noun	普通鵟|姜饼
buzzer	noun	小苇鳽
by		旁边|上|坐|依|和|后
by and by	adverb	日后
by any chance		可能
by chance		碰巧
by means of		在
by night		晚上
by no means		很
by now		就
by oneself		一
by the book		文字上
by the way		順帶一提
by way of		太
by-product	noun	副产物
bye		再见
bye-bye	noun	你好
byform	noun	變體
bygone	adjective	以往
byhove	verb	适合
bylaw	noun	議事規則
byname	noun	姓氏
bypass	noun	變體|橋
byproduct	noun	副产物
byre	noun	牛舍
bystander	noun	热闹的人
byte	noun	字節
byword	noun	成語
béarnaise sauce	noun	蛋黄酱
cabaret	noun	卡巴萊
cabbage	noun	捲心菜|包心菜
cabin	noun	棚屋
cabin crew	noun	空中乘务员
cabin fever	noun	幽闭恐惧症
cabinet	noun	櫥櫃|內閣
cabinetmaker	noun	木匠
cable	noun	电线|索|挑逗
cable length	noun	链
cable tie	noun	束线带 束線帶
cabriolet	noun	敞篷車|敞篷车
cacao	noun	可可树|可可
cache	noun	快取
cachet	noun	声望
cack	noun	便便|屎|拉大便
cacoethes	noun	溃疡
cactus	noun	仙人掌
cadastre	noun	地籍
cadaver	noun	屍體
cadence	noun	节奏
cadge	verb	丐
cadmium	noun	鎘|镉
cadre	noun	环境|干部
caecum	noun	盲
caesium	noun	铯
cafeteria	noun	餐厅
caffeine	noun	咖啡因
café	noun	咖啡馆
café au lait	noun	咖啡歐蕾|昂列咖啡
cahoots	noun	同盟
caiman	noun	凱門鱷
cajole	verb	拉
cajón	noun	櫃桶
cake	noun	蛋糕
cake shop	noun	糕点制作法
calabash	noun	葫芦
calamari	noun	魷魚
calamity	noun	浩劫
calcareous	adjective	石灰岩
calcite	noun	方解石
calcium	noun	鈣|钙
calcium oxide	noun	氧化鈣
calculate	verb	計算
calculation	noun	算術|計算
calculator	noun	計算器|电脑
calculus	noun	計算|数学|石
caldera	noun	破火山口
calendar	noun	日历|日曆
calendar year	noun	岁
calendula	noun	万寿菊
calf	noun	小牛
calf bone	noun	腓骨
caliber	noun	口徑|能力|价值
californium	noun	鉲|锎
calimocho	noun	海綿
caliper	noun	腭
caliph	noun	哈里發
calisthenics	noun	美容体操
calk	noun	狮鹫
call	verb	叫
call a spade a spade	verb	实话实说
call for	verb	升級
call it a day	verb	撤回
call it quits	verb	停住
call names	verb	侮辱
call off	verb	取消
call on the carpet	verb	叱
call out	verb	叫喊
call the shots	verb	决定
calla	noun	水芋
calligrapher	noun	书法家
calligraphy	noun	書法|书法
calling card	noun	粪便
callow	adjective	无经验的
callus	noun	雞眼
calm	adjective	平安|平|无风|安|安静|和缓
calm down	verb	放心
calmness	noun	安
calorie	noun	卡路里
calorimeter	noun	热量计
calque	noun	仿譯
caltrop	noun	蒺藜
calumniate	verb	黑
calumny	noun	讒言
calve	verb	丟
calyx	noun	花萼
camaraderie	noun	友誼
came	noun	铅
camel	noun	骆驼|駱駝
camellia	noun	山茶
camera	noun	照相机|照相機
camera obscura	noun	暗室
camomile	noun	甘菊茶
camomile tea	noun	甘菊茶
camouflage	noun	迷彩樣式
camp	noun	媚俗|露营
campaign	noun	活动
campfire	noun	營火
campground	noun	露营
camphor	noun	樟腦
campus	noun	学园
can	noun	听|花瓶|屁股|会|能
can i help you		我可以幫你嗎？
can of worms	noun	棘手的問題
can opener	noun	開罐器
can't be bothered	verb	不
canal	noun	运河
canard	noun	日报
canary	noun	金丝雀
canary grass	noun	金絲雀虉草
cancan	noun	康康舞
cancel	verb	停止支付|取消
candela	noun	坎德拉
candelabrum	noun	燭臺
candid	adjective	物镜|真心
candidate	noun	考生|候选人
candidiasis	noun	念珠菌症
candle	noun	蜡烛|蠟燭
candlepower	noun	蜡烛
candor	noun	中立國
candy	noun	糖果糕點|蜜饯
candy floss	noun	棉花糖
cane	noun	莖|手杖
cane sugar	noun	甘蔗糖
canefield	noun	甘蔗田
canella	noun	桂皮
canid	noun	犬科
canine	adjective	犬
canine tooth	noun	尖牙
canker	noun	癌症|黄色
cannabis	noun	大麻
canned	adjective	罐头
cannibalism	noun	同类相食
cannon	noun	炮|加农
cannon bone	noun	卡农
cannon fodder	noun	砲灰
cannonball	noun	炸弹
canny	adverb	很
canoe	noun	獨木舟
canola	noun	油菜
canon	noun	法政牧師|卡农
canopy	noun	天|侯爵
cant	noun	行話|隐语
cantata	noun	康塔塔
canteen	noun	餐厅|水壶
canthus	noun	眼角
canto	noun	歌唱
canvas	noun	畫布
canyon	noun	交
cap	noun	帽子|胶囊剂|冠冕|天棚|头|鸭舌帽
capability	noun	前景
capable	adjective	干
capacitance	noun	电容
capacitor	noun	电容器
capacity	noun	工作
caparison	noun	马甲
cape	noun	斗篷
capillarity	noun	毛细现象
capillary	noun	毛发的
capillary action	noun	毛细现象
capital	noun	首都|柱头
capital city	noun	首都
capital gains tax	noun	資本增值稅
capital letter	noun	泰
capital punishment	noun	死刑
capitalism	noun	资本主义
capitulate	verb	接受
capotasto	noun	吉他变调夹
cappuccino	noun	卡布其諾
capric acid	noun	癸酸
capriccio	noun	奇想曲
capricious	adjective	任性
caprid	noun	山羊
caproic acid	noun	己酸
capsaicin	noun	辣椒素
capsicum	noun	椒
capsule	noun	胶囊
captain	noun	上尉
caption	noun	传奇|字幕
captious	adjective	吹毛求疵的
captive	noun	犯人
capture	verb	取
capybara	noun	水豚
car	noun	汽车|汽車
car bomb	noun	汽车炸弹
carafe	noun	瓶
caramel	noun	焦糖
caramelize	verb	使成焦糖
carapace	noun	貝
carat	noun	克拉
caravan	noun	商隊|商队
caraway	noun	葛縷子
carb	noun	碳水化合物
carbamic acid	noun	胺甲酸
carbine	noun	卡宾枪
carbohydrate	noun	碳水化合物|糖类
carbon	noun	碳
carbon copy	noun	备份
carbon dioxide	noun	二氧化碳
carbon monoxide	noun	一氧化碳
carbon neutral	adjective	碳中和​的
carbonara	noun	培根蛋面
carbonate	noun	碳酸盐
carbonic acid	noun	碳酸
carboxyl	noun	羧基
carboxylic acid	noun	羧酸
carburetor	noun	化油器
carcass	noun	尸身 屍身 尸体 屍體 尸首 屍首|骨骼系統
carceral	adjective	监狱
carcinogen	noun	致癌物質
carcinogenic	adjective	致癌物質
carcinoma	noun	癌
card	noun	卡
card game	noun	牌
cardamom	noun	白豆蔻
cardiac	adjective	心
cardigan	noun	羊毛衫
cardinal	noun	樞機
cardinality	noun	势
cardioid	noun	心脏线
cardiology	noun	心臟病學
cardiopulmonary resuscitation	noun	心肺复苏
cardoon	noun	刺苞菜蓟
care	noun	關懷|照顾|关心
care of		地址
careen	verb	上床
career	noun	職業|職業生涯
careful	adjective	細緻
careless	adjective	玩忽职守
carelessness	noun	大意
caress	noun	爱抚
caret	noun	屋頂
caretaker	adjective	监护人|禮賓部
carfentanil	noun	卡芬太尼
cargo	noun	衝鋒
cargo ship	noun	货船
cargo vessel	noun	货船
caribou	noun	北美产驯鹿
caricature	adjective	諷刺畫|讽刺
caricaturist	noun	漫画家
caries	noun	龋齿
carmine	noun	紅
carnage	noun	大屠杀
carnassial	noun	牙
carnation	adjective	肉色|康乃馨
carnival	noun	狂歡節
carotene	noun	胡萝卜素
carousel	noun	部
carp	noun	鯉
carp bream	noun	东方欧鳊(引进)
carpe diem		及时行乐
carpet	noun	地毯
carpet bombing	noun	地毯式轰炸
carriage	noun	小汽车|秉性
carriage return	noun	入口
carrion	noun	腐肉
carrion crow	noun	小嘴乌鸦
carrot	noun	胡萝卜
carrot cake	noun	胡萝卜蛋糕
carry	verb	带
carry on	verb	带
carry oneself	verb	带
carry out	verb	出|陈述
carry water for	verb	服务
carrying pole	noun	扁担
cartel	noun	卡特尔|博物館標籤
cartilage	noun	软骨
cartography	noun	地图学
cartoon	noun	侄女|諷刺畫|笔记|动画片
cartridge	noun	墨盒
cartwheel	noun	明星
carve	verb	切
carving	noun	刻板
carving knife	noun	砍肉刀
cascade	noun	瀑布|人工​阶梯形​瀑布
case	noun	格|箱|手提箱|原因|展示橱窗|房子
case law	noun	判例
cash	noun	快取
cash desk	noun	收银处
cash in	verb	享受
cash in hand	adverb	黑
cash register	noun	收银机
cashbox	noun	扑满
cashew	noun	腰果
cashew nut	noun	腰果
cashier	noun	出纳员
cashmere	noun	开司米
casing	noun	書皮
casino	noun	賭場
casiornis	noun	卡西霸鶲
cask	noun	桶
casket	noun	壷
casque	noun	头盔
cassava	noun	木薯
casse-croute	noun	小吃
casserole	noun	砂鍋|鍋
cassette	noun	卡式
cast	noun	分布|石膏|模具|罐頭|掉|一
cast away	verb	倒
cast iron	noun	铸铁
cast net	noun	投网
cast off	verb	关
cast one's vote	verb	投票
cast pearls before swine	verb	对牛弹琴
castanet	noun	響板
caste	noun	种姓制度
castell	noun	城堡
caster	noun	轮子
caster sugar	noun	砂糖
castigate	verb	批評|修订
castle	noun	城堡
castrato	noun	宦官
casual	adjective	偶然|体操
casualty	noun	事故|受害人
casus belli	noun	战争借口
cat	noun	猫|貓
cat café	noun	貓咪咖啡館
cat food	noun	貓糧
cat's claw	noun	香脂
cat-o'-nine-tails	noun	九尾猫
catabolism	noun	异化作用
catafalque	noun	灵柩台
catalogue	noun	目录
catalysis	noun	催化
catalyst	noun	催化
catalytic converter	noun	催化
catalyzer	noun	催化
catamaran	noun	雙體船
catamite	noun	男孩
catapult	noun	彈射器
cataract	noun	大瀑布
catarrh	noun	痰
catastrophe	noun	災難|灾害
catastrophic	adjective	災難的
catch	noun	防守|门扣|抓住|办
catch fire	verb	发火
catch up	verb	遇到
catchment	noun	盆地
catchment basin	noun	流域
catechism	noun	教义问答
category	noun	类别|類別
catena	noun	无穷级数
catenary	noun	高架電纜
caterpillar	noun	毛毛蟲
caterpillar track	noun	履带
catharsis	noun	宣洩
cathedral	noun	大教堂
cathetus	noun	直角边
cathode	noun	陰極
cation	noun	阳离子
catkin	noun	柔荑花序
catshark	noun	貓
cattish	adjective	刻毒
cattle	noun	家畜
cattle car	noun	母狗
catty	adjective	刻毒
catwalk	noun	船桥
caucus	noun	分数
caudal	adjective	后
caudal fin	noun	尾鰭
caudate	adjective	屌
cauldron	noun	釜
cauliflower	noun	花椰菜|花菜
caulk	verb	艌
causation	noun	來由
cause	noun	原因
causeway	noun	立交橋
caustic	adjective	尖
caution	noun	警告|謹慎
cautionary tale	noun	教训
cavalier	noun	骑士
cavalry	noun	骑兵
cavalryman	noun	骑士
cave	noun	洞穴
cave painting	noun	石洞壁画
caveat	noun	警告
cavern	noun	洞|洞穴
caviar	noun	魚子醬|鱼子酱
cavity	noun	洞|龋齿
cavort	verb	嫐|撕罗
cease	verb	中断
ceasefire	noun	休战
cedar	noun	車
ceiling	noun	天花板
celadon	noun	青瓷
celeb	noun	明星
celebrate	verb	慶祝
celebrated	adjective	著名的
celebration	noun	节日
celebrity	noun	明星
celeriac	noun	芹菜
celery	noun	芹菜
celesta	noun	钢片琴
celestial	adjective	天國|天蓝色
celestial body	noun	天体
celestial equator	noun	天球赤道
celestial mechanics	noun	天体力学
celestial sphere	noun	天球
celestine	noun	天青石
celibacy	noun	獨身
celibate	adjective	单身
cell	noun	细胞|細胞
cellar	noun	地窖|尾巴
cello	noun	大提琴
cellophane	noun	玻璃紙
cellular	adjective	細胞
cellulite	noun	橘皮组织
celluloid	noun	赛璐珞|电影
cellulose	noun	纤维素
cement	noun	水泥
cement mixer	noun	混凝土搅拌车
cementum	noun	水泥
cenotaph	noun	纪念碑|衣冠冢
censer	noun	香爐
censor	verb	审查
censorship	noun	审查制度
census	noun	人口普查
cent	noun	分
centaur	noun	半人马
centennial	noun	世纪
center	noun	中心
center fielder	noun	中外野手
centime	noun	分
centimetre	noun	公分
central	adjective	中央|中心
central bank	noun	中央银行
central business district	noun	中心
central committee	noun	中央委員會
centre mark	noun	中点
centrifugal force	noun	離心力
centripetal force	noun	向心力
century	noun	世纪|世紀
century egg	noun	松花蛋
cephalea	noun	頭疼
cephalic	adjective	头
cephalothorax	noun	頭胸部
ceramic	adjective	陶器|陶瓷
ceramics	noun	陶瓷材料
ceratosaur	noun	刺龍
cereal	noun	粮食
cerebellum	noun	小脑
cerebral	adjective	脑|知识
cerebral hemisphere	noun	半球
cerebrum	noun	大脑
ceremonial	noun	仪式
ceremony	noun	儀式|仪式
cerise	noun	樱桃
cerium	noun	铈
certain	adjective	有的|一些|在
certainly	adverb	當然
certainty	noun	確信
certifiable	adjective	瘋狂
certificate	noun	證書
certification	noun	保证
cervical vertebra	noun	頸椎
cervix	noun	子宮頸
cessation	noun	中止
cetacean	noun	選擇
cetology	noun	鲸类学
cf.	verb	参见
cha-cha	noun	恰恰舞
chaebol	noun	财阀
chafe	noun	不和|忿怒|削皮|銅
chaff	noun	吸管|戏弄
chaffinch	noun	苍头燕雀
chain	noun	山脉
chain reaction	noun	链反应
chain store	noun	连锁店
chainring	noun	托盘
chair	noun	椅子
chairman	noun	总统
chairperson	noun	总统
chaise longue	noun	躺椅
chakra	noun	查克拉
chalice	noun	花萼
chalk	noun	粉笔
chalk up	verb	入仓
chalkboard	noun	黑板
challenge	noun	挑戰
challenging	adjective	难
chamber	noun	卧室|房間
chamber music	noun	室内乐
chamber of commerce	noun	商会 商會
chamber pot	noun	马桶
chameleon	noun	变色龙|變色龍
chamois	noun	臆羚
champac	noun	黃玉蘭|黃蘭|黄兰|黄玉兰
champion	noun	冠軍
championship	noun	錦標賽
chance	adjective	偶然|机会|好运
chance upon	verb	掉
chancellery	noun	丞相
chancellor	noun	丞相
chandelier	noun	吊灯
change	noun	改变
changeover	noun	变化
changeroom	noun	试衣间
changing room	noun	试衣间
channel	noun	频道|運河|运河
chanson	noun	歌
chant	verb	唱
chanter	noun	歌手
chanyu	noun	队长
chaos	noun	纷乱
chap	noun	旅客
chapbook	noun	小册子
chapel	noun	小圣堂
chaperone	noun	卡賓槍
chaplain	noun	祭司
chapter	noun	章
char	noun	煤炭|女佣
character	noun	人物|性格
character assassination	noun	坏话
character encoding	noun	编码
character set	noun	字符集
characteristic	adjective	特性的|特徵 特征|特色
charade	noun	鬧劇
charcoal	noun	煤炭|石炭
chard	noun	莙薘菜
charge	noun	价格|衝鋒|谴责|子弹|[[#|家具|指控
charge carrier	noun	载流子
charger	noun	充电器|充電器
chariot	noun	双轮战车|手推車
charioteer	noun	马车夫
charism	noun	魅力
charisma	noun	魅力
charitable	adjective	不错
charity	noun	慈善
charity begins at home		先顧自己 ，後顧別人
charlatan	noun	骗子
charm	noun	魔法|魅力|施魔法於
charming	adjective	可爱
chart	noun	地图|图解|画
charter	noun	卡
charwoman	noun	nǚyòng
chase	noun	狩猎|追求
chase after	verb	跑
chasm	noun	困难|无底洞
chaste	adjective	貞
chastity	noun	貞節
chastity belt	noun	贞操带
chat	noun	网络聊天|聊天|说语
chat up	verb	唱歌
chateaubriand	noun	夏多布里昂
chatter	noun	廢話|呼噜|扯淡
chauffeur	noun	司機
chauvinism	noun	沙文主义
chayote	noun	佛手瓜
cheap	adjective	便宜|吝嗇的
cheaply	adverb	便宜
cheapskate	noun	慳吝的（人)|吝嗇
cheat	noun	撒谎者|作弊碼|卖|偷|欺騙
cheat on	verb	使戴綠帽
cheat sheet	noun	作弊条|小抄
check	noun	考试|國際象棋|检查|象棋|的|帐|比
check out	verb	检查|取
check through	verb	检查
check up	verb	查
check-in	noun	值机
checkerboard	noun	棋盘
checkered	adjective	國際象棋
checkmate	noun	将死
checkout	noun	收银处
checkpoint	noun	经过
checkup	noun	检查
cheek	noun	脸|屁股|前額|臂
cheek by jowl	adjective	肩并肩地
cheekbone	noun	颊骨
cheeky	adjective	放肆
cheep	verb	唱
cheer on	verb	加油
cheer up		開心點
cheerful	adjective	wéixiàode|明
cheerio		你好|喂
cheerleader	noun	拉拉队长
cheers		干杯
cheese	noun	奶酪|芝士
cheese it		注意
cheesecake	noun	乳酪蛋糕 起士蛋糕
cheesemaker	noun	吉贝
cheesemonger	noun	吉贝
cheeseparing	adjective	吝嗇的
cheesy	adjective	奶酪|镰刀
cheetah	noun	猎豹|獵豹
chef	noun	厨师
chemical	adjective	化学的
chemical biology	noun	生物化学
chemical compound	noun	化合物
chemical element	noun	化學元素
chemical formula	noun	化学式
chemical reaction	noun	化学反应
chemical symbol	noun	化学符号
chemical weapon	noun	化学武器
chemist	noun	化学家
chemistry	noun	化学|化學
chemotherapy	noun	化学疗法
chengyu	noun	成语
chenille	noun	履带
cheque	noun	支票
cherimoya	noun	秘魯番荔枝
cherry	noun	樱桃|櫻桃
cherry angioma	noun	櫻桃血管瘤|硃砂痣
cherry blossom	noun	樱花
cherry tree	noun	樱桃树
chert	noun	燧石
cherub	noun	智天使
chess	noun	国际象棋|國際象棋
chessboard	noun	棋盘
chest	noun	胸
chest of drawers	noun	五斗櫃
chestnut	noun	栗
chestnut tree	noun	栗子樹
chevron	noun	椽
chew	verb	嚼
chew the cud	verb	觉得
chewing gum	noun	口香糖
chez		蜜蜂
chi	noun	西|气
chiaroscuro	noun	明暗对照法
chic	adjective	优雅的
chick	noun	雛|蛞蝓
chickadee	noun	山雀
chicken	noun	鸡|雞
chicken pox	noun	水痘
chicken wire	noun	铁丝网
chickenshit	noun	軟體動物
chickpea	noun	鹰嘴豆
chicory	noun	菊苣
chide	verb	叱
chief	adjective	主要|经理|老板
chief executive officer	noun	最高执行官
chiefly	adverb	主要
chieftain	noun	老板|首領
chikungunya	noun	契昆根亚热
chilblain	noun	冻疮
child	noun	孩子|小孩
child labour	noun	童工
child pornography	noun	兒童色情
child prodigy	noun	神童
child soldier	noun	童兵
child's play	noun	教宗
childbirth	noun	分娩
childcare	noun	幼兒園 幼儿园
childhood	noun	婴儿期|儿童期
childminder	noun	乳母
children's home	noun	孤兒院
chili	noun	辣椒
chili con carne	noun	辣椒
chili pepper	noun	辣椒
chiliagon	noun	一千邊形
chill	adjective	冷|寒冷
chiller	noun	雪柜
chilly	adjective	冷
chimango caracara	noun	叫隼
chime	noun	时钟|接觸
chime in	verb	点头
chimney	noun	煙囪|烟囱
chimpanzee	noun	黑猩猩
chin	noun	下巴
chin up		勇气
chinchilla	noun	栗鼠
chink	noun	屄豁儿
chinless	adjective	力不胜任
chinois	noun	中国
chip	noun	破片|晶片
chip off the old block	noun	天
chip on one's shoulder	noun	建筑群
chipmunk	noun	花栗鼠
chirality	noun	手征性
chiropter	noun	蝙蝠
chisel	noun	凿子
chitin	noun	甲壳质
chitosan	noun	几丁聚醣
chivalry	noun	騎兵
chive	noun	北葱
chlamydia	noun	衣原体
chloramine	noun	氯胺
chloric acid	noun	氯酸
chloride	noun	氯化物
chlorine	noun	氯
chlorite	noun	綠泥石
chloroform	noun	氯仿
chlorophyll	noun	叶绿素
chloroquine	noun	氯奎
chock	noun	楔
chocolate	adjective	巧克力
chocolate cake	noun	巧克力蛋糕
chocolate milk	noun	巧克力牛奶
chocolatier	noun	巧克力商
choice	noun	選擇
choir	noun	心|类
choirmaster	noun	合唱指挥家
choke	noun	引物|鶇|溺水
cholera	noun	霍乱
cholesterol	noun	膽固醇
choline	noun	胆碱
chondrite	noun	球粒隕石
choose	verb	選擇|决定
choosy	adjective	难
chop	noun	排骨
chopper	noun	直升机|屌
chopstick	noun	筷子
choral	adjective	珊瑚
chorale	noun	珊瑚
chord	noun	和弦|弦|快捷鍵
chordophone	noun	弦乐器
chore	noun	家務
choreographer	noun	编舞家
choronym	noun	郡望
chortle	verb	咯咯笑
chorus	noun	心|副歌
chow	verb	吃
christening	noun	洗禮 洗礼
chromakey	noun	色键
chromatic	adjective	色彩的
chromatid	noun	染色单体
chromatin	noun	染色质
chromium	noun	铬
chromosomal	adjective	染色體
chromosome	noun	染色体|染色體
chromosphere	noun	色球
chronicle	noun	编年体
chronicler	noun	的編年史家
chronogram	noun	纪年铭
chronology	noun	年表
chronometer	noun	精密手表
chrysalis	noun	蛹
chrysanthemum	noun	菊花|菊
chu nom	noun	喃字
chubby	adjective	丰满
chuck	noun	铁铲
chuckle	verb	咯咯笑
chum	noun	伴侶
chummy	adjective	社会的
chump	noun	二百五
chunk	noun	块|破片
church	noun	教堂|&
churchyard	noun	公墓
churlish	adjective	无修养的
chute	noun	滑梯|伞|管
chutney	noun	酸辣醬
chutzpah	noun	厚顏
chyme	noun	食糜
chytridiomycosis	noun	壺菌病
château	noun	城堡
cicada	noun	蟬
cicisbeo	noun	情夫
cider	noun	苹果酒
cigar	noun	雪茄
cigarette	noun	香烟
cilantro	noun	香菜
cilium	noun	纖毛|纤毛
cinch	noun	玩具
cinder	noun	灰
cinema	noun	电影院
cinematography	noun	攝影
cinnabar	noun	朱砂
cinnamon	adjective	肉桂|桂皮
cipher	noun	數字
circa		大約
circle	noun	圓|圆圈
circuit	noun	周长|圆圈|电子回路
circuit board	noun	匾
circular	adjective	圓形的
circular arc	noun	圆弧
circular breathing	noun	循环换气
circular saw	noun	圆锯
circular sector	noun	扇形
circular segment	noun	段
circulation	noun	血液循環
circulatory system	noun	循环系统
circumcision	noun	包皮環切術
circumference	noun	圆周
circumflex	noun	屋頂
circumnavigate	verb	撞倒
circumnavigation	noun	環遊世界
circumscribe	verb	介绍
circumspect	adjective	谨慎
circumstance	noun	事勢
circumvent	verb	避免
circus	noun	杂技 [zájì]
cirque	noun	冰斗
cirrocumulus	noun	卷積雲
cirrostratus	noun	卷層雲
cirrus	noun	卷云
cistern	noun	水槽
citation	noun	传票|約會
citation needed		来源请求
citizen	noun	公民
citizenship	noun	國籍
citric acid	noun	柠檬酸|檸檬酸
citron	noun	柠檬|枸橼
citrus	noun	柑橘
citrus fruit	noun	桔子
city	noun	城市
city block	noun	岛|街
city hall	noun	城镇厅
city slicker	noun	市民
city state	noun	城邦
civet	noun	非洲靈貓
civic	adjective	人民
civil	adjective	公民的
civil aviation	noun	民用航空
civil code	noun	民法典
civil disobedience	noun	公民不服從
civil engineer	noun	土木工程师
civil law	noun	民法
civil society	noun	公民社会
civil war	noun	内战|內戰
civilian	adjective	公民的|平民
civility	noun	礼貌
civilization	noun	文明|文化
civilized	adjective	有禮貌
clad	verb	覆盖
clade	noun	演化支
cladogram	noun	分支图
claim	noun	书名|称
claimant	noun	演员
clairvoyant	noun	先见者
clam	noun	蚌
clamber	verb	攀
clamor	noun	噪音|抗議
clamp down on	verb	压制
clamshell	noun	貝
clan	noun	氏族
clap	noun	棕榈|拍手
clapperboard	noun	场记板
claptrap	noun	胡话
clarinet	noun	单簧管
clasp	noun	鎻
class	noun	班|类
class struggle	noun	阶级斗争
classic	adjective	古典
classical	adjective	古典
classical antiquity	noun	古代
classical music	noun	古典音乐
classicism	noun	古典主義
classification	noun	分類
classified advertisement	noun	分類廣告
classifieds	noun	分類廣告
classifier	noun	量词
classism	noun	階級主义
classless	adjective	無階級
classmate	noun	类
classroom	noun	教室
classy	adjective	优雅
clastic	adjective	碎屑
clause	noun	短句
claustrophobia	noun	幽闭恐惧症
clavicle	noun	鎖骨
claw	noun	指甲|爪|豎琴|剪刀|抓
claw clip	noun	食人鲳
clay	noun	黏土
clean	adjective	干净|乾淨|纯洁的|打掃|洗涤
clean up	verb	洗涤
cleaning lady	noun	女佣
cleanroom	noun	净室
cleanse	verb	清洗
cleansing	adjective	清洁剂
clear	adjective	清楚|免費|解释|升級|拒絕
clear cut	adjective	明确
clear out	verb	倒
clearance	noun	间隔|时期|休假|矸石|拒絕
clearcutting	noun	皆伐
clearly	adverb	清楚
cleavage	noun	解理
cleaver	noun	砍肉刀
clef	noun	谱号
cleft	noun	豁口
clemency	noun	仁慈
clergy	noun	圣职者
clergyman	noun	教士
clergyperson	noun	教士
cleric	noun	牧師
clerihew	noun	克萊里休詩
clerk	noun	會計員|教士
clever	adjective	聰明
cliché	noun	老生常谈
client	noun	顧客
cliff	noun	峭壁
climate	noun	氣候|气候
climate change	noun	氣候變化
climate denier	noun	气候变暖异议者
climate sceptic	noun	气候变暖异议者
climatic	adjective	氣候
climatologist	noun	氣候學家
climatology	noun	气候学
climax	noun	高潮
climb	verb	爬
climbing	noun	攀岩
clinging vine	noun	跟屁虫
clingy	adjective	连裤袜
clinical	adjective	临床
clinical psychology	noun	臨床心理學
clip	noun	钳子|回形针
clipboard	noun	剪贴板
clit	noun	阴蒂
clitoris	noun	阴蒂
cloaca	noun	泄殖腔
cloak	noun	層
cloakroom	noun	更衣室
cloakroom attendant	noun	更衣室
clobber	verb	坠毁
clock	noun	時鐘|时钟
clock face	noun	球面
clockwork	noun	弦
clod	noun	草皮|傻子
clog	noun	木鞋
cloister	noun	修道院|回廊
clone	noun	克隆
close	verb	关|關
close down	verb	关
close to		旁边
close-fitting	adjective	正义
close-up	noun	特写
closed	adjective	不|关着|太
closed interval	noun	闭区间
closely	adverb	近
closemouthed	adjective	嘴严
closet	noun	碗柜
closeup	noun	特写
closing	adjective	结尾
clot	noun	二百五
cloth	noun	布|织物|奩
clothe	verb	穿
clothes	noun	衣服
clothes don't make the man		人不可貌相
clothes dryer	noun	烘干机
clothes iron	noun	熨斗
clothes moth	noun	蛾
clothes peg	noun	曬衣夾
clotheshorse	noun	晾衣架
clothing	noun	服装
cloud	noun	雲|云
cloud over	verb	覆盖
cloudberry	noun	云莓
cloudburst	noun	暴雨
clouded leopard	noun	云豹
cloudy	adjective	多云|不透光
clout	noun	影響|尿布
clout nail	noun	丁香花
clove	noun	丁香
clover	noun	三葉草
cloverleaf interchange	noun	三叶草属
clown	noun	小丑
clownfish	noun	小丑魚
club	noun	棍棒|俱乐部|夜店|梅花
clubs	noun	十字
cluck	verb	咯咯笑
clue	noun	线索|告知
clueless	adjective	孤陋寡聞
clump	noun	山脉
clumsy	adjective	笨
clunker	noun	口弦
clunky	adjective	粗
cluster	noun	串|星团
clutch	noun	離合器
co-ed	noun	女生
co-sister-in-law	noun	妯娌
co-wife	noun	媵
coach	noun	车厢|教练|公共汽車|练
coach driver	noun	御夫座
coachwork	noun	车身
coal	noun	煤炭
coal tit	noun	煤山雀
coalfish	noun	无须鳕
coalition	noun	联合
coarse	adjective	粗
coast	noun	海岸
coast guard	noun	海岸巡防队
coastal	adjective	海岸
coasteering	noun	捆邊
coastline	noun	海岸線
coat	noun	外衣|低|覆盖
coat hanger	noun	衣架
coat of arms	noun	紋章
coati	noun	獾
coating	noun	尿布
coaxial cable	noun	同轴电缆
cob	noun	天鵝
cobalt	noun	鈷|钴
cobber	noun	大
cobble	verb	铺 [pū]
cobbler	noun	鞋匠
cobra	noun	眼鏡蛇|眼镜蛇
cocaine	noun	可卡因
coccus	noun	椰子
coccyx	noun	尾骨
cochlea	noun	耳蜗
cock	noun	大便|男性的|雄鸡|傻子|吻
cock pigeon	noun	鴿
cock tease	noun	骚包
cock-a-doodle-doo		咕咕咕
cock-and-bull story	noun	短篇小说
cockatoo	noun	凤头鹦鹉
cocked	adjective	屁
cockerel	noun	雛
cockroach	noun	蟑螂
cocktail	noun	雞尾酒|鸡尾酒
cocktail dress	noun	小礼服
cocktail party	noun	酒会
cocky	adjective	傲慢
cocoa	noun	可可|巧克力
cocoa butter	noun	可可脂
cocoa powder	noun	可可粉
coconut	noun	椰子
coconut milk	noun	椰奶
coconut palm	noun	椰子
cocoon	noun	茧
cocoyam	noun	芋头
cod	noun	鳕鱼
cod liver oil	noun	鱼肝油
coda	noun	尾声
coddle	verb	娇惯
code	noun	代碼|代码|编程
codeine	noun	可待因
codimension	noun	余维数
coding	noun	代码
coelacanth	noun	腔棘魚
coelenterate	noun	腔肠动物
coelenteric	adjective	腔肠动物
coeliac disease	noun	乳糜泻
coercion	noun	约制
coeval	adjective	同时代
coffee	adjective	咖啡
coffee cup	noun	杯
coffee pot	noun	咖啡壶
coffeemaker	noun	咖啡机
coffeewoman	noun	咖啡壶
coffer	noun	保险柜
coffin	noun	棺材
cog	noun	牙齿|步兵
cogent	adjective	理则
cognate	adjective	同源词
cognition	noun	认识
cognizance	noun	知识
cognizant	adjective	清醒
cognize	verb	认识
cognomen	noun	姓氏
cohabitant	noun	姬妾
cohere	verb	迷
cohesion	noun	銜接
cohort	noun	类别
coif	noun	发型
coil	noun	弹簧|线圈|邐
coin	noun	硬币|硬幣
coin purse	noun	钱包
coin-op	adjective	薄荷
coincide	verb	一致
coincidence	noun	巧合
coincidental	adjective	偶然
coitus interruptus	noun	体外射精法
col	noun	山口
cola	noun	可樂
colander	noun	筛
colchicine	noun	秋水仙素
cold	adjective	冷
cold day in hell	noun	太阳从西边出来
cold fish	noun	木头人 木頭人
cold fusion	noun	冷核聚变
cold sore	noun	感冒疮
cold weapon	noun	冷兵器
cold-sensitive	adjective	怕冷的
coldness	noun	寒冷
cole	noun	包心菜
colic	noun	绞痛
collaborate	verb	合作|协作
collaboration	noun	合作|阴谋
collaborative	adjective	一起
collaborator	noun	合作者
collagen	noun	膠原蛋白
collar	noun	軛|領子|项链
collateral	adjective	间接|质权
colleague	noun	同事
collect	verb	累|取
collection	noun	彙
collective memory	noun	集体回忆
collective noun	noun	集合名詞|集合名词
college	noun	大学|扇形
collegiate	adjective	学术的
collide	verb	入
collision	noun	撞击
colloquial	adjective	使魔
colloquy	noun	会话
collude	verb	勾结
colly	verb	黑
colonel	noun	上校
colonialism	noun	殖民主义
colonize	verb	殖民
colonoscopy	noun	大腸鏡檢查
colony	noun	殖民地
color	adjective	颜色
color blindness	noun	色盲
color space	noun	色彩空间
colored pencil	noun	蜡笔
colorization	noun	染色
colostrum	noun	产妇的初乳
colt	noun	小马
coltan	noun	鈳鉭鐵礦
columbine	noun	耧斗菜
column	noun	柱
colza	noun	芥花
coma	noun	昏迷
comb	noun	梳子
combat	noun	争斗|反對
combe	noun	昏迷
combinatorics	noun	组合数学
combustion	noun	燃烧
come	verb	来|來
come about	verb	发生
come across	verb	碰到
come after	verb	隨
come again		什么
come along	verb	出去
come back	verb	回
come down	verb	落
come down with	verb	抓住
come off	verb	成功
come on		加油|什么
come out	verb	出
come over	verb	来
come round	verb	升級
come to	verb	作
come to light	verb	出来
come to pass	verb	发生
come true	verb	发生
come up	verb	出版
come up with	verb	得
come upon	verb	掉
comedian	noun	喜剧演员
comedy	noun	喜劇
comely	adjective	吸引人的
comestible	noun	埃森
comet	noun	彗星
comfort	noun	方便
comfort woman	noun	慰安妇
comfort zone	noun	舒适区
comfortable	adjective	方便|舒服
comfortably	adverb	方便
comfy	adjective	舒服
comic	adjective	好玩|侄女|漫畫
comic book	noun	漫画
comic strip	noun	漫画
comical	adjective	奇怪
comics	noun	漫畫
comma	noun	逗號
command	noun	命令|令
commandant	noun	少校
commander	noun	队长|中校
commanding officer	noun	队长
commandment	noun	命令
comme ci comme ça	adjective	差不多|mamahuhu
commemoration	noun	纪念
commence	verb	開始
commencement	noun	畢業典禮
commend	verb	讚揚|介绍
commendation	noun	介绍
commensalism	noun	偏利共生
commensurately	adverb	对应
comment	noun	评论|評論
commentary	noun	評論
commerce	noun	貿易
commercial	adjective	商業|广告
commie	noun	惯用左手的
commiserate	verb	体谅
commiseration	noun	悲
commissar	noun	委员
commission	noun	代表团|佣金
commissioner	noun	公证
commit	noun	修改|错
commit suicide	verb	自殺
commitment	noun	妥協|义务
committed	adjective	专注
committee	noun	委员会
commode	noun	鞍
commodity	noun	商品|原料
common	adjective	共同
common european adder	noun	极北蝰
common bean	noun	豆
common buzzard	noun	普通鵟
common carp	noun	鯉魚
common chickweed	noun	长毛箐姑草
common clothes moth	noun	蛾
common cold	noun	感冒
common columbine	noun	耧斗菜
common crane	noun	灰鹤
common cuckoo	noun	布谷鸟
common dandelion	noun	西洋蒲公英
common difference	noun	所为
common gull	noun	红嘴鸥
common kingfisher	noun	普通翠鳥
common law	noun	英美法系
common ling	noun	魣鱈
common logarithm	noun	常用對數
common moorhen	noun	黑水鸡
common pochard	noun	红头潜鸭
common quail	noun	鵪鶉
common ratio	noun	所为
common raven	noun	乌鸦
common redshank	noun	红脚鹬
common reed	noun	芦苇
common sandpiper	noun	矶鹬
common sense	noun	常识
common shelduck	noun	翘鼻麻鸭
common sorrel	noun	酸模
common starling	noun	椋鳥
common tern	noun	普通燕鷗
common wheat	noun	普通小麦
common yarrow	noun	蓍
commoner	noun	平民
commonly	adverb	常
commonplace	adjective	一般
commonplaceness	noun	流行
commons	noun	公有地
commonwealth	noun	聯邦
commotion	noun	剧场
communal	adjective	共同
commune	noun	市政當局
communicate	verb	交
communication	noun	传播学
communion wafer	noun	圣体
communism	noun	共产主义|共產主義
communist	adjective	共产|红色
communistic	adjective	共产主义
community	noun	社群|共同体
commutativity	noun	交换律
commute	verb	上班
comp	verb	设计
compact	noun	一致
compact disc	noun	光盘
compactor	noun	乳钵
companion	noun	伴侶
companion animal	noun	宠物
companionable	adjective	社会的
companionship	noun	帮助
company	noun	公司
comparative	noun	比较级
comparative literature	noun	比較文學
compare	verb	比
comparison	noun	比較
compartment	noun	車廂
compartmentalize	verb	分
compass	noun	指南针
compass rose	noun	羅盤玫瑰
compassion	noun	同情
compassionate	adjective	基于同情的
compatible	adjective	有才能
compatriot	noun	同乡
compel	verb	強迫
compellation	noun	名
compensate	verb	弥补
compensation	noun	补偿
compete	verb	競爭
competition	noun	竞争|比賽
competitiveness	noun	竞争力
competitor	noun	对手
compilate	verb	编纂
compilation	noun	彙|翻译
compile	verb	编纂
compiler	noun	编译器|編譯器
complain	verb	告发
complainant	noun	道理
complainer	noun	爱发牢骚的人
complaint	noun	不 满意|疾病
complaisant	adjective	好
complete	adjective	完全|满
completely	adverb	全部
completeness	noun	完整性
complex	adjective	綜合大樓|总体
complex fraction	noun	繁分數
complex number	noun	复数
complex plane	noun	复平面
complexion	noun	性
complexity	noun	复杂性
compliant	adjective	溫順
complicated	adjective	复杂
compliment	noun	奉承话
complimentary	adjective	无偿
component	noun	元件
compose	verb	交
composed	adjective	平安
composer	noun	作曲家
composite pattern	noun	合成词
composition	noun	合金|樂曲
compost	noun	堆肥
composure	noun	秉性
compound	noun	合成词|化合物|建筑群
compound interest	noun	複利
compound word	noun	合成词
comprehend	verb	包括
comprehensibility	noun	可读性
comprehensible	adjective	明白
comprehension	noun	理解
compress	verb	壓縮
comprise	verb	包括
compromise	noun	妥協
compulsorily	adverb	禁不住地
compulsory acquisition	noun	沒收
compulsory education	noun	[[#
compulsory purchase	noun	沒收
computation	noun	结果
compute	verb	計算
computed tomography	noun	计算机体层成像
computer	noun	电脑|计算机|電腦
computer game	noun	电子游戏
computer program	noun	软件
computer science	noun	计算机科学
computer scientist	noun	信息學
computer virus	noun	計算機病毒
computing	noun	计算机科学
comrade	noun	伙伴
con	noun	詐騙
con artist	noun	流氓
con game	noun	政变
concatenation	noun	鎖鏈 [suǒliàn]
concave	adjective	凹
conceal	verb	掩藏
concede	verb	接受
conceit	noun	思想
conceited	adjective	自豪的
conceive	verb	设计|了解
concentrate	verb	接
concentration	noun	集中|浓度
concentration camp	noun	集中营
concept	noun	概念
concept album	noun	概念专辑
conception	noun	受胎
conceptualize	verb	使概念化
concern	noun	擔心|涉及
concerning		关于
concert	noun	音乐会
concertina	noun	手风琴
concerto	noun	[[協奏曲#
conchology	noun	貝殼學
concierge	noun	禮賓部|守门人
concise	adjective	短
conclave	noun	教宗选举
conclude	verb	决定
conclusion	noun	最后的|分数|結論
conclusive	adjective	决定性的
concoction	noun	混合物
concord	noun	协和
concrete	noun	混凝土
concretize	verb	具体化
concubinage	noun	妾
concubine	noun	側室
concupiscence	noun	色欲
concur	verb	适合
concurrence	noun	贊成
concurrent	adjective	同时代
concurrently	adverb	同时
concussion	noun	冲击
condemn	verb	批评
condemnation	noun	判決書 判决书
condensation	noun	冷凝|脱水
condensed milk	noun	炼奶
condenser	noun	电容器
condescending	adjective	屈尊俯就
condiment	noun	調料
condition	noun	問題|状态|条件
conditional	adjective	有條件的
condole	verb	体谅
condom	noun	避孕套
condominium	noun	公寓
condone	verb	原諒|接受
condor	noun	神鷹
conduct	verb	举行|跑
conductance	noun	电导
conductivity	noun	电导率
conductor	noun	乐队指挥|导体
conduit	noun	管|运河|配线槽
condyle	noun	关节
cone	noun	锥体
confection	noun	糕点制作法
confederacy	noun	邦聯
confederation	noun	邦聯
conference	noun	会议
confess	verb	承認
confession	noun	供認|自白
confessional	noun	告解室
confessor	noun	学生|精神
confidant	noun	亲信
confidante	noun	亲信
confidence	noun	信任|信心
confident	adjective	保險
confidential	adjective	秘密
confinement	noun	分娩
confiscate	verb	没收
conflagration	noun	火灾
conflate	verb	接
conflict	noun	衝突|冲突的|和
confront	verb	东西
confused	adjective	不好意思
confusion	noun	混乱|混亂
congee	noun	粥
congeniality	noun	社交性
congeries	noun	建筑群
congestion	noun	交通堵塞
conglomerate	noun	礫岩
congrats		恭喜
congratulate	verb	祝賀
congratulation	noun	祝贺
congratulations		恭喜
congregation	noun	会|共同体
congressman	noun	[[#
conic section	noun	圆锥曲线
conifer	noun	松柏門
conjecture	noun	猜想
conjugation	noun	合并
conjunction	noun	连词
conjunctiva	noun	[[#
conjunctivitis	noun	[[#
conjurer	noun	巫师
conk	noun	舌
conman	noun	流氓
connect	verb	聯|接
connection	noun	連接|聯絡
connections	noun	维他命B
connective	noun	连词
connector	noun	电子连接器
connoisseur	noun	鉴定家
connotation	noun	含义
connote	verb	指定
conquer	verb	征服
conquest	noun	戰勝
consanguinity	noun	血親
conscience	noun	良知
conscientious	adjective	认真
conscious	adjective	清醒
consciously	adverb	故意
consciousness	noun	意識
conscription	noun	征兵
consecutive	adjective	下次
consensus	noun	共識
consent	noun	承諾|点头
consequence	noun	後果
consequently	adverb	所以
conservation	noun	保护
conservatism	noun	保守主义
conservative	adjective	中度|古体
conservatoire	noun	音乐学校
conservatory	adjective	音乐学校|暖房
consider	verb	考慮|对准
considerable	adjective	不少
consideration	noun	原因|報酬
considering		鉴于
console	noun	控制台
consolidate	verb	加强
consonant	noun	辅音|子音
consort	noun	聯盟
consortium	noun	聯盟
conspicuous	adjective	出色
conspiracy	noun	陷阱|阴谋
conspiracy theory	noun	阴谋论
conspire	verb	勾结
constable	noun	宪兵
constancy	noun	康斯坦茨
constant	adjective	常|常數|定数
constantly	adverb	老是
constellation	noun	星座
constipation	noun	便秘
constituent	noun	元件|件
constitute	verb	占
constitution	noun	宪法
constitutional monarchy	noun	君主立宪制
construct	noun	集会|[[建設#|建設
constructed language	noun	人工語言
constructible	adjective	[[建設#
construction	noun	[[建設#|啟迪|建設
construction worker	noun	磚匠
constructor	noun	建构子
construe	noun	翻譯|分析|包括
consul	noun	领事
consulate	noun	使馆
consultant	noun	顾问
consultation	noun	縣
consume	verb	耗费|吃|破坏
consumer	noun	消费者
consummate	adjective	完美的|耗费
contact	noun	接觸|角膜接触镜|接触|聯繫
contact lens	noun	隐形眼镜
contagion	noun	傳染
contain	verb	內含
container	noun	集装箱
container ship	noun	貨櫃船
containment	noun	抑制
contaminate	verb	污染
contamination	noun	污染
contemn	verb	鄙夷
contemplate	verb	全神贯注
contemplation	noun	冥想
contemporaneous	adjective	同时代
contemporary	adjective	同时代
contempt	noun	鄙夷
content	adjective	满意|物質|多少|使满意
content word	noun	实词
contention	noun	不調和|位置
contentious	adjective	好斗的
contentment	noun	满意
contest	noun	辯論|比赛|竞争
context	noun	語境
contiguous	adjective	近
continent	noun	大陆|洲
continental shelf	noun	大陆架
contingency	noun	补偿|中立國
contingent	adjective	可能
continue	verb	接着|繼續
continued	adjective	持續
continuous	adjective	持續
continuously	adverb	一向
continuum	noun	无穷级数
contort	verb	扭曲
contraband	noun	走私
contrabass	noun	低音提琴
contrabassoon	noun	低音巴松管
contraception	noun	避孕
contract	noun	合約|忖度
contractual	adjective	契约的
contradiction	noun	矛盾
contradiction in terms	noun	矛楯
contrapuntal	adjective	对位法的
contrary	adjective	任性
contretemps	noun	意外情况
contribute	verb	貢獻
contribution	noun	貢獻
contrite	adjective	和
contrivance	noun	器官系統
contrive	verb	设计
contrived	adjective	假
control	noun	检查|控制
control rod	noun	控制棒
control tower	noun	塔台
controversy	noun	爭論
contusion	noun	瘀斑
conundrum	noun	谜语|困境
conurbation	noun	組合城市
convalesce	verb	复
convalescence	noun	恢期
convection	noun	對流
convene	verb	举行
convenience	noun	方便
convenience store	noun	便利商店
convenient	adjective	便宜
convent	noun	女修道院
convention	noun	条约
conversation	noun	会话
converse	noun	倒数|说
convertible	noun	敞篷车
convex	adjective	凸
convey	verb	带|交
conveyance	noun	运输|交通方式
convict	noun	罪犯|禁止
convince	verb	說服
convocation	noun	会
convoluted	adjective	复杂
convolutional neural network	noun	卷积神经网络//卷積神經網絡
convoy	noun	队
convulsion	noun	抽搐
cony	noun	兔
coochy	noun	屄
cook	noun	厨师|做飯|做菜
cookbook	noun	菜谱
cooker	noun	厨房
cookie	noun	餅乾 饼干|屄
cooking	noun	烹饪
cooking pot	noun	炖锅
cool	adjective	冷|吸管|平安|好玩|凉快
cool down	verb	冷
coolant	noun	软饮料
cooling	adjective	软饮料
coolness	noun	冷
coop	noun	鸡窝
cooperate	verb	协力
cooperation	noun	合作|協作
cooperative	noun	合作社
coordinate	noun	坐标|协同
coordinate system	noun	坐标系
coot	noun	骨顶
cootie catcher	noun	算命师
cop	noun	公狗
cop-out	noun	放弃
copacetic	adjective	棒
copal	noun	柯巴脂
cope	verb	创作
cope with	verb	创作
copernicium	noun	鎶|鿔
copilot	noun	副驾驶员
copolymer	noun	共聚物
copper	noun	銅|铜
coprime	adjective	互素
coprocessor	noun	协处理器
coprolalia	noun	穢語症
coprolite	noun	粪化石
copula	noun	系词 係詞
copulate	verb	交媾
copulation	noun	合并
copy	noun	备份|摹本|复制|取
copy-paste	verb	复制和贴上
copying	noun	备份
copyright	noun	版权
copywrite	verb	撰写
copywriter	noun	作者
coquette	noun	骚包
coral	adjective	珊瑚
corbel	noun	乌鸦
cord	noun	弦|绳子|部
cordial	noun	糖浆
corduliid	noun	弓蜓
core	noun	心|红心|腹部|内核|胡萝卜
core sample	noun	胡萝卜
coreopsis	noun	金鸡菊
coriander	noun	香菜
corium	noun	堆芯熔化物
cork	noun	軟木|软木
cork oak	noun	软木
corkscrew	noun	开塞钻
corm	noun	球茎
cormorant	noun	鸬鹚
corn	noun	玉米|雞眼
corn oil	noun	粟米油
corn poppy	noun	罌粟
corn salad	noun	萵苣纈草
corncockle	noun	麦仙翁
corned beef	noun	粗盐腌牛肉
corner	noun	角|角落
corner kick	noun	角球
cornerstone	noun	基石
cornett	noun	鋅
cornflour	noun	淀粉
cornflower	noun	矢車菊
cornice	noun	壁帶
cornstarch	noun	淀粉
cornucopia	noun	丰裕之角
corolla	noun	花冠
corollary	noun	推論
corona	noun	冠冕
coronary artery	noun	冠状动脉
coronation	noun	加冕
coronavirus	noun	冠状病毒|冠狀病毒
coroner	noun	死因裁判官
coronet	noun	冠冕
corporal	noun	班长
corporal punishment	noun	體罰
corporation	noun	股份有限公司
corps	noun	身
corpse	noun	尸体
corral	noun	圈
correct	adjective	正確|修正
correcting fluid	noun	修正液
correction fluid	noun	修正液
correctly	adverb	也
correlation	noun	相关
correspond	verb	對應|写
correspondent	noun	记者
corresponding	adjective	对应
corridor	noun	甬道|走廊
corrie	noun	冰斗
corrosion	noun	腐蚀
corrugate	verb	周
corsair	noun	盗版|私掠
corset	noun	束腹
cortege	noun	火車
cortisol	noun	皮質醇
cortisone	noun	可的松
corundum	noun	剛玉
corvee	noun	徭役
corvette	noun	护卫舰
corvette captain	noun	少校
coset	noun	层
cosmetics	noun	化妆品
cosmic	adjective	宇宙
cosmodrome	noun	航天发射中心
cosmogony	noun	天体演化学
cosmology	noun	宇宙学
cosmonaut	noun	太空人
cosmopolitan	adjective	洋气
cosmos	noun	大波斯菊
cosset	verb	娇惯
cost	noun	費用
cost of living	noun	生活费
costly	adjective	昂贵
costmary	noun	費用
costume	noun	西裝|偽裝
cosy	adjective	好
cot	noun	搖籃
coterie	noun	圆圈
cottage	noun	棚屋
cottage cheese	noun	茅屋起司
cotton	adjective	棉布|线|棉花
cotton swab	noun	棉棒
cotton wool	noun	棉花
cottonwood	noun	杨树
cotyledon	noun	子叶
couch	noun	沙发|撰写
couch potato	noun	电视迷
cougar	noun	美洲狮
cough	noun	咳嗽
cough up	verb	吐痰
coulomb	noun	库仑
coulter	noun	刀子
council	noun	勸告
counsel	noun	勸告|地图|律师
count	noun	数|伯爵|号码|數
countenance	noun	面|支持|赞同
counter	noun	櫃檯
counteraction	noun	抵消
counterespionage	noun	反间谍 反間諜
counterterrorist	noun	反恐人员
counting rhyme	noun	儿歌
counting rod	noun	算筹
countless	adjective	不可数
country	noun	国家|国
country bumpkin	noun	乡巴佬
countryman	noun	同乡
countryside	noun	国|國家
countrywide	adverb	国
county	noun	省
coup	noun	政变
coup d'état	noun	政變
coup de grâce	noun	安乐死
couple	noun	两|对|力矩
coupler	noun	凸透鏡
coupling	noun	凸透鏡|依赖性
coupon	noun	好
courage	noun	勇氣
courageous	adjective	勇敢的
courageousness	noun	灵魂
courgette	noun	西葫蘆
courier	noun	信使|郵件
course	noun	課程
coursebook	noun	课本
court	noun	法庭
court jester	noun	疯狂的
court of law	noun	法庭
court shoe	noun	高跟鞋
courteous	adjective	有禮貌
courtesy	noun	禮貌|气量
courtesy of		和
courthouse	noun	法庭
courtyard	noun	霍夫
couscous	noun	古斯米
cousin	noun	党哥|親戚
cove	noun	男生|拱頂|小海湾
coven	noun	氏族
covenant	noun	协定
cover	noun	天花板|書皮|毯子|覆盖
cover charge	noun	入场费
cover letter	noun	求职信
cover story	noun	頭條新聞|毯子
cover up	verb	覆|覆盖
coverage	noun	毯子
covert	adjective	秘密
covetous	adjective	慳吝的（人)
cow	noun	母牛|牛
cow's milk	noun	牛奶
coward	noun	胆小鬼
cowardice	noun	膽怯
cowardly	adjective	膽小
cowbell	noun	拔浪鼓|馬克杯
cowboy	noun	牛仔
cower	verb	貘
cowgirl position	noun	安德洛玛刻
cowherd	noun	牛仔
cowlick	noun	穗
coworker	noun	同事
cowpox	noun	牛痘
cowrie	noun	货贝|瓷
coxswain	noun	舵手
coy	adjective	羞怯
coyote	noun	郊狼
coypu	noun	海狸鼠
crab	noun	螃蟹
crab louse	noun	羊
crack	noun	裂縫|缝隙|記|豁口|争执|黑客
crack cocaine	noun	石
crackpot	noun	疯狂的
cradle	noun	搖籃
craft	noun	艺术|船
craftsman	noun	工匠
cramp	noun	抽搐
cranberry	noun	大果蔓越梅
crane	noun	鶴
cranefly	noun	大蚊
cranesbill	noun	老鹳草属
crank	noun	曲柄|原始的
crank up	verb	增加
crap	noun	屎|垃圾
crapper	noun	宝座
crappy	adjective	噅
crapula	noun	醉态
crash	noun	坠机
crash helmet	noun	头盔
crass	adjective	无修养的
crate	noun	箱
crave	verb	恳求
crawl	noun	捷泳|爬|爬行
crawler	noun	毛蟲
cray-cray	adjective	瘋狂
craye	noun	乌鸦
crayfish	noun	癌症
crayon	noun	彩色蜡笔
craze	noun	发热
craziness	noun	狂
crazy	adjective	疯狂的
cream	noun	奶油
cream of the crop	noun	奶油
cream puff	noun	奶油泡芙
creamy	adjective	分音符
create	verb	創造
creatinine	noun	肌酸酐
creation	noun	創作
creative	adjective	独创 獨創
creativity	noun	創造力
creator	noun	創作者
creature	noun	在
credence	noun	宗教|相信
credit	noun	功劳|單位|相信
credit card	noun	信用卡
credit rating	noun	级
creditor	noun	債權人
creed	noun	信條|假設
creek	noun	小海湾|水流
creek bed	noun	床
creep	noun	爬行
creeper	noun	爬蟲|藤本植物
cremate	verb	烧|焚化
cremation	noun	火葬
crematorium	noun	火葬场
crepe	noun	可丽饼
crepuscule	noun	黃昏
crescendo	noun	渐强|漸強
crescent	noun	新月
cress	noun	豆瓣菜屬
crest	noun	峰|冠|馬鬃|音色
crested ibis	noun	朱鹮
crevice	noun	缝隙
crew	noun	人的|团队|机务人员|犁
crew cut	noun	刷
cri du chat syndrome	noun	猫叫综合症
crib	noun	搖籃|槽
cricket	noun	蟋蟀|板球
crikey		小海湾
crime	noun	罪
crime against humanity	noun	危害人类罪
crime scene	noun	犯罪现场
criminal law	noun	刑事法
criminology	noun	犯罪學
crimson	adjective	紅
cringe	verb	困扰
crinkle	verb	弄皱
cripple	verb	毁坏 [huǐhuài]
crisis	noun	危機
criterion	noun	准则
critical point	noun	临界点
criticize	verb	批評|衡量
critter	noun	动物
croak	verb	杀
crochet	noun	符尾
crochet hook	noun	針
crock	noun	鍋 锅|击
crockery	noun	食具
crocket	noun	符尾
crocodile	noun	鱷魚|鳄鱼
crocodile tear	noun	猫哭耗子假慈悲
crocodilian	noun	鳄鱼
crocoite	noun	铬铅矿
crocus	noun	番红花
cromulent	adjective	還行
crone	noun	女巫|奶奶
crony	noun	朋友
crook	noun	曲线
crooked	adjective	弯
crop	noun	粮食|收穫|大量|鞭子|花|剃
croquette	noun	炸丸子
crosier	noun	拐杖
cross	noun	十字
cross my heart and hope to die	verb	我对天发誓，否则不得好死
cross over	verb	接受
cross to bear	noun	十字
cross-dress	verb	女扮男装 女扮男裝
cross-dressing	noun	女扮男装 女扮男裝
cross-examination	noun	反覆詢問
cross-reference	verb	取得
crossbow	noun	石弓
crossing	noun	路口|斑马线|巡洋艦
crossroads	noun	路口
crosswalk	noun	斑马线
crotch	noun	会阴|餐叉
crotchet	noun	四分音符
croupier	noun	荷官
crouton	noun	烤面包
crow	noun	乌鸦|烏鴉
crowbar	noun	铁棒
crowd	noun	人群|民族
crowded	adjective	擁擠
crown	noun	王冠
crown cap	noun	胶囊剂
crucible	noun	坩堝
crucifix	noun	十字
crucifixion	noun	十字架
crud	noun	大便
crude	adjective	总的|明显|原料
crude oil	noun	石油
cruet	noun	瓶
cruise	noun	巡航
cruise ship	noun	巡洋艦
cruiser	noun	巡洋艦
crumb	noun	渣
crumple	verb	弄皱
crunch	verb	编纂
crusader	noun	十字軍
crush	noun	喜欢|坠毁
crust	noun	面包(Simplificado)|地殼
crustacean	noun	介蟲
crutch	noun	拐杖
crux	noun	要旨|神秘
cry	noun	流泪|喊|喊聲|哭|叫喊
cry out	verb	叫
crybaby	noun	愛哭鬼
crying	noun	哭
cryogenics	noun	低温物理学
cryolite	noun	冰晶石
cryptanalysis	noun	密码分析
cryptocurrency	noun	加密货币
cryptographic	adjective	密码的
cryptography	noun	密码学
crystal	noun	晶体
crystal set	noun	矿石收音机
crystallization	noun	結晶作用
crystallography	noun	晶体学
crème brûlée	noun	焦糖奶油
csardas	noun	恰尔达什
cub	noun	小|小狐狸
cube	noun	立方體
cubic	adjective	立方|常用
cubic metre	noun	立方米
cubicle	noun	试衣间
cubism	noun	立体主义
cubit	noun	肘
cuck	noun	乌龟
cuckold	noun	乌龟|使戴綠帽
cuckoo	noun	布谷鸟|杜鹃鸟
cucumber	noun	黄瓜|黃瓜
cucumiform	adjective	黄瓜
cue	noun	信号
cuff	noun	拳头|打耳光
cuff on the ear	noun	蛋糕
cufflink	noun	袖扣
cuisine	noun	餐
cul-de-sac	noun	包
culantro	noun	刺芹
culet	noun	肋骨
culinary	adjective	厨房的
culinary art	noun	厨房
cull	verb	摘
culpable	adjective	有罪
culprit	noun	有罪
cult	noun	崇拜
cult film	noun	邪典電影
cultivar	noun	栽培種
cultivate	verb	栽培種
cultivated	adjective	有学问|被耕种的
cultural	adjective	文化
cultural identity	noun	文化認同
cultural imperialism	noun	文化帝國主義
cultural studies	noun	文化研究
culture	noun	文化
culture hero	noun	文化英雄
culture shock	noun	文化冲击
cultured	adjective	有学问
culvert	noun	下水道
cum	noun	奶|以及|享
cum dumpster	noun	姘头
cum laude	adverb	好
cumbersome	adjective	重的|困难的|慢
cumdump	noun	姘头
cumin	noun	孜然
cummingtonite	noun	铁镁闪石
cumulative	adjective	积累
cumulonimbus	noun	積雨雲
cuneiform	noun	楔形文字
cunning	adjective	奸诈|精明
cunt	noun	屄
cupboard	noun	櫥櫃
cupcake	noun	玛芬
cupful	noun	杯子
cupola	noun	圓頂
cupping glass	noun	吸盤
cupronickel	noun	白銅
cur	noun	犬
curate	noun	教区牧师
curb	noun	法兰
cure	noun	治疗|治療
curfew	noun	宵禁
curiosity	noun	好奇
curiosity killed the cat		好奇惹祸
curious	adjective	好奇
curium	noun	鋦|锔
curl	noun	卷曲|词形变化
curlew	noun	白腰杓鹬
curling	noun	冰壶
curling iron	noun	烫发钳
curly	adjective	曲线
curly bracket	noun	扳手
curly kale	noun	羽衣甘藍
curmudgeon	noun	年老的，老的
currant	noun	醋栗
currency	noun	货币
current	adjective	活期|流
current account	noun	往來戶口
current asset	noun	流動資產
currently	adverb	目前
curriculum	noun	學校的全部課程
curriculum vitae	noun	履历
curry	noun	咖喱|咖哩
curry powder	noun	咖哩
curse	noun	詛咒
cursor	noun	游標
cursory	adjective	快速
curt	adjective	严厉|短
curtailment	noun	縮寫
curtain	noun	簾
curtsey	noun	不
curvature	noun	曲率
curve	noun	曲线
curved	adjective	歪
cushion	noun	垫子
cushy	adjective	方便
cusp	noun	交|分
cuss	verb	发誓
custard	noun	奶油
custodian	noun	监护人|守门人
custody	noun	監護|取保候审
custom	adjective	单|习惯|習慣|关税（關税）
custom house	noun	关税（關税）
customary	adjective	通常的
customer	noun	客人
customer service	noun	顧客服務
customs	noun	關稅
customs officer	noun	海关人员
cut	noun	块|理发|切|缺席
cut down	verb	砍伐|减少
cut off	verb	去
cut off one's nose to spite one's face	verb	搬起石头砸自己的脚
cut out	verb	停住
cut scene	noun	电影
cut the mustard	verb	够
cutaneous	adjective	皮肤
cute	adjective	可爱
cutie	noun	可爱
cutie pie	noun	硅片
cutlet	noun	排骨
cutoff	noun	极限
cutter	noun	雪橇
cutting board	noun	俎
cutting edge	noun	刀片
cuttlefish	noun	烏賊
cwm	noun	冰斗
cyan	adjective	青色
cyanide	noun	氰化物
cyberattack	noun	网络攻击
cybercrime	noun	网络犯罪
cybernetics	noun	控制论
cyberpunk	noun	赛博朋克
cyberspace	noun	虚拟空间
cyberwarfare	noun	網絡戰
cyborg	noun	賽博格
cyclamen	noun	一品冠
cycle	noun	循环|自行车
cycle rickshaw	noun	三轮车
cycleway	noun	单车径
cycling	noun	自行车运动
cycloalkane	noun	环烷烃
cyclobutane	noun	环丁烷
cycloheptane	noun	环庚烷
cyclohexane	noun	环己烷
cycloid	adjective	圆滚滚
cyclone	noun	气旋
cyclopentane	noun	环戊烷
cyclopropane	noun	環丙烷
cyclops	noun	独眼巨人
cylinder	noun	圆柱体|圆柱|瓶
cymbal	noun	鈸
cynical	adjective	挖苦
cynicism	noun	犬儒學派
cynosure	noun	导游|焦点
cypress	noun	柏木属
cyst	noun	囊肿
cystic fibrosis	noun	囊胞性纖維症
cystoscopy	noun	膀胱镜
cytokine	noun	細胞因子
cytology	noun	細胞學
cytoplasm	noun	細胞質
cytoskeleton	noun	细胞骨架
d'oh		该死
dab	noun	接触|滴
dabbler	noun	愛好者
dace	noun	榛
dad	noun	爸爸
dadaism	noun	达达主义
daddy	noun	爸爸
daemon	noun	惡魔
daffodil	noun	水仙
daft	adjective	傻子
dagger	noun	匕首
dagger-axe	noun	戈
dahlia	noun	天竺牡丹
daikon	noun	白萝卜
daily	adjective	每天的|天天|日常
dainty	adjective	可愛
dairy	adjective	奶|雜貨店
dairy cow	noun	乳牛
dais	noun	台
daisy	noun	雛菊
daisy-chain	verb	登录
dale	noun	谷地
dally	verb	闲荡
dam	noun	壩
damage	noun	遗憾的|坏
damages	noun	补偿金
damask	noun	织锦缎
dame	noun	女
dammit		该死
damn	adjective	該死的|他媽的|詛咒|禁止
damn it		恶魔
damned	adjective	該死的
damp	adjective	湿|濕度
dampen	verb	弄湿
damper	noun	蛾
damping	noun	阻尼
damsel	noun	女孩
damsel in distress	noun	英雄救美
damson	noun	鴨
dance	noun	舞蹈|跳舞
dance pad	noun	跳舞毯
dancer	noun	跳舞者
dancing	noun	舞蹈
dandelion	adjective	茶色的|西洋蒲公英
dander	noun	头皮屑
dandruff	noun	头皮屑
dandy	adjective	好
danger	noun	危險|危险
dangerless	adjective	安全
dangerous	adjective	危
dank	adjective	厉害
daoshi	noun	道士
daphne	noun	人
dapper	adjective	优雅
dare	verb	敢
daredevil	noun	疯子
daring	adjective	勇敢的|勇敢
dark	adjective	黑|黑暗
dark chocolate	noun	黑巧克力
dark energy	noun	暗能量
dark horse	noun	行星
dark matter	noun	暗物质
dark-skinned	adjective	昏暗
darkness	noun	黑暗
darknet	noun	黑暗網絡
darkroom	noun	暗室
darling	adjective	可爱|心爱
darmstadtium	noun	鐽
darnel	noun	毒麥
dart	noun	标枪|飛鏢|钳子
darts	noun	飛鏢
dash	noun	粪|笔|短跑|滴|跑|过
data	noun	数据
data centre	noun	数据中心
data mining	noun	数据挖掘
database	noun	数据库
date	noun	椰枣|日期
date of death	noun	死亡日期
date palm	noun	枣子
dated	adjective	陈旧
dative	adjective	与格
dative case	noun	与格
datum	noun	数据
daub	noun	涂鸦|掩盖
dauber	noun	習畫的小學徒
daughter	noun	女儿
daughter-in-law	noun	媳
daughterling	noun	小姑娘
dawdle	verb	闲荡
dawn	noun	天亮
dawn on	verb	到
day	noun	天|日
day after	noun	次日
day after tomorrow	adverb	后天|两天后
day before yesterday	adverb	前天|两天前
daybreak	noun	亮
daydream	noun	理想|幻想
daydreamer	noun	幻想的人
daylight	noun	天|一天
daylight robbery	noun	抢劫
daylight saving time	noun	夏时制
days	noun	生命
daytime	noun	白天
dazed	adjective	惊讶|无言的
dazibao	noun	大字报
de facto	adjective	实际上
de jure	adjective	法律上
de-		出
deacon	noun	执事
dead	adjective	死|鈍|死的|笑死|仔細|中
dead end	noun	僵局
dead fish	noun	海星
deadline	noun	截止日期
deadly	adjective	致命
deadly nightshade	noun	颠茄
deadpan	adjective	无表情
deadwood	noun	无用的人或物
deaf	adjective	聋
deaf person	noun	耳聋
deafness	noun	聾
deal	noun	部份|手|卖|安排|东西|办理
deal breaker	noun	难题
deal with	verb	办理|办
dealer	noun	荷官
dean	noun	樞機團團長
deanery	noun	合約
dear	adjective	昂贵|贵|宝藏
dearth	verb	災荒
death adder	noun	死亡蛇屬
death knell	noun	丧钟
death penalty	noun	死刑
death rate	noun	死亡率
death squad	noun	處決小隊
death throe	noun	痛苦
death's-head	noun	顱骨
debate	noun	辯論
debonair	adjective	典雅
debone	verb	去骨
debris	noun	残骸|墟
debt	noun	人情債
debug	verb	调试
debugger	noun	调试器
decade	noun	年代
decagon	noun	十边形
decahedron	noun	十面体
decalcify	verb	脫鈣
decametre	noun	公丈
decamp	verb	滾
decane	noun	癸烷
decant	verb	滗析
decapitation	noun	斬首
decathlete	noun	男子十项全能运动员
decathlon	noun	十項全能
decay	noun	腐朽|使腐烂
decease	noun	死亡|亡
deceased	adjective	死|死者
deceit	noun	欺诈
deceive	verb	欺騙
decelerate	verb	减速
deceleration	noun	减速度
decent	adjective	不错|充實
deception	noun	騙局
deceptive cadence	noun	不完全终止
decibel	noun	分貝
decide	verb	决定
deciduous	adjective	转变的
decilitre	noun	分升
decimal point	noun	一點
decimetre	noun	分米
decipher	verb	解碼
decision	noun	決定
decisive	adjective	决定性的
deck	noun	甲板
deck chair	noun	躺椅
declaration	noun	告白|宣言
declaration of will	noun	意思表示
declarator	noun	告白
declare	verb	解说|解释|報單
declension	noun	變格
declinable	adjective	不一样
decline	noun	變格|陷入險境|拒绝|变格
decoction	noun	汤剂
decolonization	noun	非殖民化
decommission	verb	工作
decompiler	noun	反编译器
decompose	verb	分|融化
decomposition	noun	分解作用
decompression	noun	减压|減壓
decoration	noun	装潢
decorator	noun	染房
decorous	adjective	宜
decorum	noun	禮儀
decoy	noun	誘餌
decrease	verb	减少
decree	noun	禁制令
dedicate	verb	奉獻
deduce	verb	请求
deduction	noun	推理
deductive	adjective	推理的
deed	noun	工作|成绩|文字
deejay	verb	混
deem	verb	认为|找到
deep	adjective	响亮的|深的|粗|低|大海
deep fryer	noun	油炸锅
deep water	noun	水
deep-fried	adjective	油煎
deer	noun	鹿
deer horn knife	noun	鉞
defamation	noun	诽谤
defeat	noun	败仗|打敗|无名指
defecate	verb	排便
defecation	noun	排便
defect	verb	投敵
defend	verb	保衛
defendant	noun	被告
defense	noun	防守|禁止
defense mechanism	noun	心理防卫
defenseless	adjective	无保护的
defensive	noun	防御
defer	verb	延期
defiance	noun	不問|挑战
deficient	adjective	残疾人
deficit	noun	缺乏
defile	verb	褻瀆
definite	adjective	清楚
definite article	noun	定冠詞
definitely	adverb	一定
definition	noun	定义
definitive	adjective	最后
definitively	adverb	最后
deflation	noun	通货紧缩
deflower	verb	开苞
defraud	verb	詐取
defray	verb	支付，付钱
deft	adjective	力有能
defunction	noun	死亡
degauss	verb	消磁
degenerate	verb	退化
degradable	adjective	上
degree	noun	文凭|度
degree celsius	noun	度
degree of comparison	noun	度
degree of freedom	noun	自由度
dehiscence	noun	开裂
dehumidifier	noun	烘乾機
dehydrate	verb	渴
dehydration	noun	脱水
deictic	adjective	直证的
deity	noun	神
dejection	noun	忧郁
delation	noun	告密 [gàomì]
delayed-onset muscle soreness	noun	酸疼
delectable	adjective	合口
delegate	noun	代表
delete	verb	拭除
deleterious	adjective	妨害
deletion	noun	刪除
deliberate	adjective	故意|斟酌
deliberately	adverb	故意|认真
delicacy	noun	糖果糕點
delicate	adjective	精緻|昨天的|容易
delicatessen	noun	熟食店
delicious	adjective	好吃
delight	noun	欢乐|高兴
delighted	adjective	快乐
delineate	verb	勾划|描寫|分开
delineation	noun	底子
delinquent	noun	犯法者
delirium	noun	譫妄
delirium tremens	noun	震顫性譫妄
deliver	verb	生|送|好
delivery	noun	投遞|起源
delivery room	noun	产房
delta	noun	三角洲
deltoid	adjective	三角肌
delude	verb	欺騙
delusion	noun	幻想
delusion of grandeur	noun	夸大狂
demand	noun	問題|索取
demarcate	verb	分开
demeanor	noun	秉性
dementia	noun	痴呆
demerit	noun	毛病
demi-		半
demigod	noun	半神半人
demilitarized zone	noun	非军事区
demine	verb	扫雷
deminer	noun	扫雷员
demise	noun	倒台|死
demisemiquaver	noun	三十二分音符
demo	noun	证明
democracy	noun	民主
democratic	adjective	民主的
democratic centralism	noun	民主集中制
democratization	noun	民主化
demolition	noun	拆除
demon	noun	惡魔|魔鬼
demonstration	noun	证明|示威
demonstrator	noun	抗议者
demure	adjective	朴素
den	noun	客厅|洞
denazification	noun	非纳粹化
dengue	noun	登革热
dengue fever	noun	登革热
denial	noun	否定|拒绝
denier	noun	錢
denigrate	verb	黑
denims	noun	牛仔裤
denizen	noun	居民
denomination	noun	物种
denominator	noun	分母
denounce	verb	告知收到
dense	adjective	密|粗|傻子
density	noun	密度
dent	noun	疙瘩
dental	adjective	牙齒|齿音
dental calculus	noun	韃靼語
dental caries	noun	龋齿
dental floss	noun	牙线
dental hygienist	noun	洗牙師
dentifrice	noun	牙膏
dentin	noun	牙本質
dentist	noun	牙医|牙科医生
dentistry	noun	牙医学|牙科
denture	noun	假牙
deny	verb	否定|拒绝
deodorant	noun	體香劑
deontology	noun	义务伦理学
deoxyribonucleic acid	noun	脱氧核糖核酸
depart	verb	出发|死|摒棄
departing tone	noun	去聲
department	noun	部门|扇形
department store	noun	百貨公司
departure	noun	出发
depend	verb	关心|靠
dependence	noun	依赖性
dependency	noun	依赖性
dependent	adjective	子
depict	verb	描寫
depiction	noun	节目
depleted	adjective	累坏
depleted uranium	noun	貧鈾
deplorable	adjective	遗憾
deponent	adjective	異態|異相
deport	verb	放逐
deportation	noun	放逐
deposit	noun	存款
depot	noun	站|存款
deprecate	verb	拒絕
deprecated	adjective	老式 [lǎoshì]
deprecating	adjective	屈尊俯就
deprecation	noun	抗议
depreciation	noun	折旧
depression	noun	抑鬱症|低氣壓
deprivation	noun	丧失
deprived	adjective	穷
depth	noun	深度
depths	noun	心脏|勇气
deputy	noun	代表
derailment	noun	脫軌
derelict	adjective	離開|漫不经心的
deride	verb	嘲笑
derivation	noun	語源學
derivative	noun	导数|衍生性金融商品
derive	verb	导出|使分流
dermal	adjective	皮肤
dermatologist	noun	皮肤科医生
dermatology	noun	皮肤病学
derogatory	adjective	贬义
derrière	noun	屁股
descend	verb	降
descendant	adjective	後裔
descender	noun	尾
descending	adjective	後裔
descent	noun	原因
describe	verb	描述
description	noun	描寫
descry	verb	看见
desecrate	verb	褻瀆
desecration	noun	褻瀆
desert	adjective	沙漠
desert island	noun	无人岛|無人島
desert rose	noun	沙漠座莲
deserted	adjective	沙漠
desertification	noun	沙漠化
desertion	noun	离开
deserve	verb	值得
design	noun	地图|模型|意图|设计
designate	verb	指定
designer	noun	设计师
designer stubble	noun	胡子茬
desire	noun	慾望
desk	noun	书桌
desklamp	noun	台灯
desktop	noun	书桌
desolate	adjective	沙漠|絕望
desolation	noun	沙漠
despair	noun	绝望
desperate	adjective	絕望
desperate times call for desperate measures		重症需下猛药
desperately	adverb	必死
desperation	noun	绝望
despicable	adjective	卑鄙
despise	verb	鄙夷
despite		儘管
despite that		即使
despondency	noun	绝望
despondent	adjective	悲伤
despotism	noun	专制主义
dessert	noun	点心
destalinization	noun	去斯大林化
destination	noun	目的地
destitute	adjective	寒苦
destitution	noun	貧窮
destroy	verb	銷毀
destruction	noun	毀滅
desuetude	noun	取消
desynchronosis	noun	时差问题
detail	noun	細節
detain	verb	住
detect	verb	发现
detection	noun	发现
detective	noun	侦探
detention	noun	逮捕
detergent	noun	清洁剂
determinant	noun	行列式
determination	noun	词
determine	verb	安排
determiner	noun	行列式
determinism	noun	決定論
deterrent	adjective	威慑的|威慑因素|威慑物
detest	verb	痛恨
dethrone	verb	废黜
detonation	noun	爆炸 [bàozhà]
detonator	noun	雷管
detrain	verb	下
deuce	noun	两|二|恶魔
deuterium	noun	氘
devastation	noun	灾害
develop	verb	發展
developed country	noun	发达国家
developer	noun	程序员
developing country	noun	发展中国家
development	noun	發展
developmental biology	noun	发育生物学
developmental psychology	noun	發展心理學
deviant	adjective	不同
deviation	noun	罪过
device	noun	措施
devil	noun	恶魔|魔鬼
devilry	noun	恶意|巫术
devise	verb	设计
devote	verb	花
devotee	noun	虔诚
devotion	noun	热心
devour	verb	吞食
dew	noun	露水
dewar	noun	保温瓶
dewy	adjective	湿
dexter	adjective	右
dexterity	noun	手指灵巧
dexterous	adjective	力有能
dextrose	noun	葡萄糖
dharma	noun	法
di-		两
diabetes	noun	糖尿病
diabetes mellitus	noun	糖尿病
diadem	noun	冠冕
diaeresis	noun	分音符
diagnose	verb	诊断
diagnosis	noun	诊断
diagonal	adjective	对角线|對角線
diagonal matrix	noun	对角矩阵
diagram	noun	圖
dial tone	noun	调
dialect	noun	方言
dialectic	adjective	辩证法
dialectical	adjective	辩证法
dialecticism	noun	方言詞
dialectics	noun	辩证法
dialectology	noun	方言學
dialogue	noun	对话
dialysis	noun	透析
diameter	noun	直径
diamond	noun	金剛石|钻石
diamonds	noun	弩箭
diaper	noun	尿布
diaphragm	noun	橫膈膜|横膈膜
diapositive	noun	投影片
diarrhea	noun	拉肚子
diary	noun	日記
diaspora	noun	流散
diatomaceous earth	noun	矽藻土
diatonic scale	noun	自然音阶
dicarboxylic acid	noun	二羧酸
dicey	adjective	危险
dichloromethane	noun	二氯甲烷
dichotomy	noun	二分法
dick	noun	雞巴|屁眼|屌
dickhead	noun	栓皮櫟|白痴
dictate	noun	修道会|听写
dictation	noun	听写|修道会
dictator	noun	獨裁者
dictatorship	noun	专政
dictatorship of the proletariat	noun	无产阶级专政
dictionary	noun	字典|词典
dictyota	noun	網地藻
didactic	adjective	教学
didgeridoo	noun	蒂杰利多
die	noun	骰子|死|去世
die laughing	verb	笑死
diehard	adjective	反动
diencephalon	noun	间脑
diesel	noun	柴油
diesel engine	noun	柴油
diet	noun	飲食|国会
dietary fibre	noun	膳食纖維
dietary supplement	noun	膳食补充剂
diethyl ether	noun	乙醚
dietitian	noun	营养学家
differ	verb	不同
difference	noun	差
different	adjective	不同|不一樣的
differentiate	verb	使不同|使分流
differentiation	noun	分化
differently	adverb	不同
difficult	adjective	难
difficulty	noun	困難|难题
diffident	adjective	羞怯
diffraction	noun	衍射
diffusion	noun	擴散
dig	verb	挖
dig up	verb	更新
digest	noun	易消化的|消化
digestion	noun	消化|腐朽
digestive	adjective	消化的
digestive tract	noun	消化系统
digit	noun	数字|手指
digital	adjective	手指
digital divide	noun	數位落差
digitalis	noun	指頂花
digits	noun	号码
dignitary	noun	要人
dignity	noun	尊严|行列
digraph	noun	四象
dilatory	adjective	延期|慢
dildo	noun	假阴茎
dilemma	noun	困境
dilettante	noun	愛好者
diligence	noun	使命
diligent	adjective	勤劳
diligently	adverb	急
dill	noun	莳萝|蒔蘿
dilophosaur	noun	双脊龙
dim	adjective	黑|降低
dimension	noun	尺寸
dimensional	adjective	维度
dimethylmercury	noun	二甲基汞
diminish	verb	减少
dimple	noun	酒窝
dimwit	noun	二百五
din	noun	噪音
dinar	noun	吃午飯
dine	verb	晚饭
diner	noun	餐車
ding	verb	罚款 [fákuǎn]
dingleberry	noun	桨叉
dingo	noun	澳洲野犬
dining car	noun	餐车
dining hall	noun	餐厅
dining room	noun	客厅
dinky	adjective	可愛
dinner	noun	晚餐|吃
dinosaur	noun	恐龙
diocese	noun	教區
diode	noun	二极管|二極管
diopter	noun	屈光度
dioritic	adjective	闪长岩状的
dioxin	noun	戴奧辛
dioxygen	noun	氧气
dip	verb	回火
dip one's wick	verb	犁
diphtheria	noun	白喉
diphthong	noun	二合元音
diplodocus	noun	梁龍
diploma	noun	文凭
diplomacy	noun	外交
diplomat	noun	外交官
diplomatic	adjective	外交 的
diplomatics	noun	古代文献学
dipper	noun	勺
dipshit	noun	屁眼
dipyramid	noun	钻石
dire	adjective	恶|可怕
direct	adjective	直接|导演|令
direct case	noun	主格
direct current	noun	直流電
direct democracy	noun	直接民主
directed edge	noun	弓
direction	noun	方向
directive	noun	命令
director	noun	導演
directorate	noun	方向
directory	noun	目录
dirge	noun	挽歌
dirham	noun	迪拉姆
dirigible	adjective	飛艇|飞艇
dirt	noun	地|埃|垃圾
dirty	adjective	髒|猪|好看|弄脏
dirty bomb	noun	髒彈
dirty minded	adjective	黄色
dirty money	noun	黑钱
dirty power	noun	正體
dirty word	noun	脏话
dis-		出
disability sport	noun	残疾人体育
disable	verb	关
disabled	adjective	残疾人
disadvantage	noun	坏处
disagreeable	adjective	讨厌的|令人 不快 的
disagreement	noun	争吵
disappear	verb	消失
disappoint	verb	失望
disappointed	adjective	失望
disappointment	noun	失望
disarm	verb	解除武装|裁軍
disarmament	noun	裁军
disarray	noun	混乱|扰乱
disaster	noun	灾难
disband	verb	拆卸
disbelief	noun	惊奇
disc jockey	noun	唱片騎師
discern	verb	辨识|了解
discharge	noun	脓|开
disciple	noun	弟子
discipline	noun	纪律|枝
disclaimer	noun	反駁​聲明
disclose	verb	发现
disco	noun	夜店
disconcert	verb	扰乱
disconnect	noun	下线
disconsolate	adjective	无望
discontent	noun	不满
discontinue	verb	停住
discord	noun	不調和|不和|噪音|不协和音
discordant	adjective	不同
discount	noun	折扣
discourage	verb	令人愁悶
discourse	noun	争执|会话|演說|说
discover	verb	发现
discovery	noun	發現
discriminant	noun	判别式
discriminate	verb	歧視
discrimination	noun	歧视
discus	noun	铁饼 鐵餅|唱片
discuss	verb	商议
discussion	noun	討論
disdain	noun	鄙夷
disease	noun	疾病
disembark	verb	下車
disfavour	verb	冷遇
disguise	noun	偽裝|伪装起来|掩藏
disgust	noun	厭惡
dish	noun	盘子|对比|卡农
dish towel	noun	抹布
dishcloth	noun	抹布
dishes	noun	食具
dishware	noun	食具
dishwasher	noun	洗碗机
disillusion	noun	醒悟
disillusionment	noun	失望
disinfect	verb	消毒
disinfection	noun	消毒
disinformation	noun	誤傳
disinterest	noun	不感兴趣
disjunction	noun	逻辑或
disk	noun	圆盘|唱片
dislike	verb	拒絕
dislocation	noun	位移
disloyalty	noun	不忠诚
dismantle	verb	拆卸
dismay	noun	恐怖
dismiss	verb	不同意|撤回
dismissively	adverb	屈尊俯就
dismount	noun	出口
disorder	noun	混乱|紊乱
disparagement	noun	鄙夷
disparaging	adjective	漠視
disparate	adjective	不同
disparity	noun	不同
dispatch rider	noun	信使
dispensary	noun	药店
dispense	noun	代价|准备
displace	verb	代替
displacement	noun	位移
display	noun	表演|屏幕|放
display window	noun	櫥窗
displease	verb	生气
displeased	adjective	不满
displeasure	noun	不满
disposable	noun	一
disposition	noun	特性
disprove	verb	反駁
dispute	noun	争执|商议
disqualify	verb	取消
disquietude	noun	焦虑
disquisition	noun	检查|条约
disrespect	noun	無禮
disrespectful	adjective	不恭
disrobe	verb	脱衣
disrupt	verb	扰乱
disruption	noun	阻礙|混亂
diss	noun	车|侮辱
dissatisfaction	noun	不满
dissatisfied	adjective	不满
dissemble	verb	隐藏|去
dissertation	noun	博士論文
dissident	noun	持不同政见者
dissimilate	verb	使不同
dissipate	verb	消
dissociate	verb	分开
dissolution	noun	解散
dissolve	verb	取消|解散
dissonance	noun	不协和音
distance	noun	距离
distant	adjective	远
distasteful	adjective	讨厌的
distended	adjective	怀孕的
distichous	adjective	二列的
distil	verb	蒸餾
distillation	noun	蒸餾|蒸馏
distinction	noun	分別
distingue	adjective	高贵的
distinguish	verb	使不同
distinguished	adjective	优秀|高贵的
distraction	noun	阻礙|疯狂
distress	noun	危险|怕
distribute	verb	分|分配
distribution	noun	分配
district	noun	区|地区
district attorney	noun	检察院
distrust	noun	不信
disturb	verb	打擾|扰乱
disturbance	noun	暴动|阻礙
dit	noun	噸
ditch	noun	水沟|摒棄|翘课
ditto	noun	备份
ditzy	adjective	愚笨
diurnal	adjective	日常
diva	noun	女名
divan	noun	沙發
dive	noun	酒店|燕子|游泳
dive bomber	noun	俯衝轟炸機
diver	noun	跳水员
diverge	verb	轉彎
diverse	adjective	各|不一样
diversification	noun	多元化
diversify	verb	多元化
diversion	noun	兴趣
diversity	noun	多样性
divestment	noun	剝奪
divide	noun	水沟|分水岭|分
divide and conquer	verb	分而治之
divide and rule	verb	分而治之
dividend	noun	股息
dividual	adjective	分开
divination	noun	预言
divine	verb	猜
diving	noun	跳水
divinity	noun	神
divisible	adjective	可分的
division	noun	分割
division ring	noun	身
divisive	adjective	分
divorce	noun	离婚|離婚
dizziness	noun	頭暈
do	verb	做
do it	verb	喜欢
do it yourself	noun	修修弄弄
do someone's head in	verb	抓狂
do the dishes	verb	洗
do the laundry	verb	洗
do the trick	verb	走
do time	verb	坐
do you have any pets		有
do-goodism	noun	社会改革
docile	adjective	溫順
dock	noun	码头|牛蒡
dockworker	noun	码头工人
doctor's office	noun	实用
doctorand	noun	博士班学生
doctrine	noun	信條
document	noun	文件
documentary	noun	紀錄片
documentation	noun	文档
dodder	noun	菟丝子
dodecagon	noun	十二边形
dodecahedron	noun	十二面体
dodecane	noun	十二烷
dodge	verb	溜
dodgeball	noun	(lin)
dodgy	adjective	圆滑 [yuánhuá]|八分音符|危险|奇怪
dodo	noun	渡渡鳥|化石
doe	noun	母鹿|螺母
doff	verb	取出
dog	noun	狗|犬
dog collar	noun	项链|項鏈
dog days	noun	热浪
dog whelk	noun	紫红色
dog-ear	noun	耳
dogfight	noun	鬥狗
dogged	adjective	钳子
doggy style	noun	后背体位
dogleg	noun	肘
dogma	noun	宗教教義
dogmatism	noun	教条主义
doing	noun	做
doldrums	noun	安静
dolefully	adverb	难过
doll	noun	娃娃
dollar	noun	元|美元
dollop	noun	份
dolly	noun	狐狸
dolomite	noun	白云石
dolour	noun	丧
dolphin	noun	海豚
dolt	noun	傻子
domain	noun	球面|域 w:zh
dombra	noun	冬不拉
dome	noun	拱顶
domestic	adjective	在家|国家
domestic cat	noun	家猫
domestic partner	noun	姬妾
domestic violence	noun	家庭暴力
dominant	adjective	先生
domino	noun	骨
domino mask	noun	狼
dominoes	noun	骨牌
domovoy	noun	在家
don't	verb	别
don't mention it		不客氣
don't try to teach grandma how to suck eggs		关公面前耍大刀
don't worry		擔心
donate	verb	赠送
donation	noun	捐贈
done	adjective	有限|死了
done for	adjective	沒救了
dong	noun	盾, 越南盾|屌
dong quai	noun	当归
donkey	noun	驢
donkey work	noun	家務
doodle	noun	屌
doodlebug	noun	蚁狮
doohickey	noun	鐵路列車
doom	noun	命运|厄運|审判|死了|禁止
doomed	adjective	罪犯
doomsday	noun	最后的审判
doona	noun	被
door	noun	门|門
doorbell	noun	门铃
doorkeeper	noun	禮賓部
doorknob	noun	梨果
doorman	noun	守门人
doormat	noun	门毡
doorstep	noun	门槛
doorstop	noun	砖
doorway	noun	进入
dopamine	noun	多巴胺
dope	noun	海绵|物質|二百五|奖赏
doping	noun	兴奋剂
dorayaki	noun	銅鑼燒|铜锣烧
dork	noun	傻子|屌
dormant volcano	noun	休火山
dormitory	noun	臥室
dorsal	adjective	背
dorsum	noun	背
dose	noun	劑量
dosh	noun	生面团
dot	noun	句點|点
dotard	noun	遲鈍的
dote	noun	宝藏
double	verb	改
double dutch	noun	胡话
double english	noun	小说
double bass	noun	低音提琴
double star	noun	双星
double track	noun	复线铁路 tiě lù 複綫鐵路 鉄路
double whole note	noun	二全音符
double-decker bus	noun	雙層公共汽車
double-track	adjective	双线铁路 雙綫鐵路
doubles	noun	雙打
doublet	noun	两
doubt	noun	怀疑|疑惑
douche	noun	淋浴
douchebag	noun	傻子
douchecanoe	noun	屁眼
dough	noun	生麵團|意大利麵
doughnut	noun	甜甜圈|环面
dour	adjective	严格|任性|哀伤
dove	noun	鴿子|鸽子
dove grey	adjective	斑鸠
dovetail	verb	装订
dowel	noun	脚腕
down	adjective	低|悲的|下边|南|丘|嘗試|喝
down below	noun	不满
down payment	noun	存款
down the hatch		一口干
down the track		以後
down with		打倒
downbeat	adjective	悲伤
downfall	noun	倒台
download	verb	下載|下载
downplay	verb	淡化
downpour	noun	阵雨
downright	adverb	果然
downsize	verb	减少
downstairs	adjective	下边
downtime	noun	全休止符
downtown	noun	市中心
dowry	noun	嫁妆
doxology	noun	三一頌
doze	verb	打瞌睡
doze off	verb	出发
dozen	noun	打
dozer	noun	推土機
drab	adjective	浅灰色|灰|外表
drachma	noun	德拉克馬
draft	noun	草案
draft horse	noun	馬
drag	noun	(军队建制)排|木鞋|闲荡
drag on	verb	闲荡
dragon	noun	龙|龍
dragon arum	noun	秘书鸟
dragon boat	noun	龙舟
dragon fruit	noun	火龙果
dragonfly	noun	蜻蜓
dragoon	noun	龍騎兵|天龙座
dragée	noun	糖衣丸
drain	noun	排水系統
drainage basin	noun	流域
drake	noun	鴨|母老虎
dram	noun	手指
drama	noun	戲劇
drapery	noun	窗帘
drapes	noun	窗帘
drastically	adverb	非常
drat	verb	屎|发誓
draught	noun	科
draughts	noun	西洋跳棋
draw	noun	瓦地|草|推斷|拉|畫|买
draw attention	verb	关心
draw lots	verb	随机抽取
draw up	verb	撰写|構|停住
drawback	noun	坏处
drawbridge	noun	钓桥
drawer	noun	抽屉|抽屜
drawers	noun	短衬裤
drawing	noun	圖畫|画
dread	noun	恐怖|害怕
dreaded	adjective	可怕
dream	noun	夢|夢想|梦|夢見
dreamboat	noun	卡农
dreamer	noun	幻想的人
dreamland	noun	乐园
dreamlike	adjective	幻想的人
dreary	adjective	不快的
drench	verb	回火
drenched	adjective	湿
dress	noun	裙|yīfu|穿
dress shirt	noun	衬衫
dress suit	noun	晚礼服
dress up	verb	穿
dressage	noun	盛裝舞步
dresser	noun	冷餐台|多屉柜 多屜櫃
dressing	noun	绑带 綁帶|沙司
dressing gown	noun	浴衣
dressing room	noun	更衣室
dressing table	noun	梳妆台
dribble	noun	滴|開車
dried	adjective	干
drift	verb	使分流
drifter	noun	流浪汉
drill	noun	凹槽|电钻|中学|锻炼|吻
drill sergeant	noun	军士
drink	noun	飲料|饮料|喝|饮
drink like a fish	verb	豪饮
drinkable	adjective	喝
drinking	noun	喝
drinking straw	noun	吸管
drip	noun	滴|獎學金
dripstone	noun	石筍
drive	noun	火車|衝力|骑|散步|本能|站|开
driver	noun	司機|駕駛
driver's license	noun	驾驶执照
driveshaft	noun	乔木
driving	noun	开车
drizzle	noun	蒙蒙细雨|毛毛雨|舰队|弄湿
droit de seigneur	noun	初夜權
dromedary	noun	单峰骆驼
drone	noun	雄蜂
droop	noun	吹口|落
drop	noun	滴
drop by	verb	升級
drop in the bucket	noun	一点儿
drop like a bad habit	verb	弃之如敝屣
drop off	verb	送|下沉
drop out	verb	摒棄
dropbox	noun	壷
dropout	noun	学生
drought	noun	乾旱|干旱
drove	noun	人群|开车
drown	verb	否認
drowse	verb	打瞌睡
drowsiness	noun	昏迷
drowsy	adjective	困
drudge	noun	走狗
drudgery	noun	家務
drug	noun	药物|毒品
drug dealer	noun	毒販
druglord	noun	蛇头
druid	noun	德魯伊
drum	noun	鼓
drum kit	noun	爵士鼓
drum roll	noun	连串的鼓声
drummer	noun	鼓手
drumstick	noun	鼓棒
drumstick tree	noun	辣木
drunk	adjective	醉|醉态
drunk tank	noun	醉鬼拘留所
drunkenness	noun	醉态
drupe	noun	核果
dry	adjective	乾|干|白
dry ice	noun	乾冰
dry out	verb	干
dry rot	noun	海綿
dry season	noun	旱季
dryer	noun	烘干机
dual	adjective	決鬥
dualism	noun	二元論
duality	noun	双重性
dubbing	noun	配音
dubitation	noun	懷疑|焦虑
dubnium	noun	𨧀
dubstep	noun	迴響貝斯
ducat	noun	公國
duchy	noun	公国
duck	noun	鸭子|鴨
duckboard bridge	noun	槓桿
duckling	noun	鴨
ducktail	noun	腰包
duckweed	noun	浮萍属
duct	noun	管
dud	noun	失敗
dude	noun	大|哥
due	adjective	满
due date	noun	名词
due to		经过
duel	noun	決鬥
duffel bag	noun	香肠
dugong	noun	儒艮
duke	noun	公爵
dulcimer	noun	扬琴
dull	adjective	钝
dullard	noun	二百五
duma	noun	杜马
dumb	adjective	愚蠢
dumbass	noun	傻子
dumbbell	noun	哑铃|傻子
dumbfounded	adjective	惊讶
dumbfuck	noun	笨蛋
dumbstruck	adjective	无言的
dummkopf	noun	傻子
dummy	noun	傻子|死了
dumpling	noun	饺子
dumpster	noun	容器
dun	adjective	褐灰色|棕色
dunce	noun	木頭
dune	noun	沙丘
dung	noun	粪
dungarees	noun	猴子
dungeon	noun	地牢
dunnock	noun	岩鷚屬
duodenum	noun	十二指肠
duopoly	noun	雙頭壟断 双头垄断
dupe	verb	欺騙
duplex	noun	双工|火焰
duplicate	noun	备份|复习
durability	noun	电阻
durable	adjective	持久
duralumin	noun	杜拉铝
duration	noun	期间
duress	noun	约制
durian	noun	榴梿
during		同時
durum wheat	noun	硬粒小麦
dusk	noun	日落
dust	noun	塵土
dust bunny	noun	猫
dust devil	noun	尘暴
dust jacket	noun	襯衫
dust mask	noun	面具
dust up	verb	攻擊
duster	noun	抹布
dustpan	noun	罐頭
dustup	noun	争吵
duty	noun	任务|关税（關税）|工作
duvet	noun	被子
dwarf	adjective	侏儒|矮人|坠毁
dwarf planet	noun	矮行星
dwarfism	noun	侏儒症
dwell	verb	住
dwelling	noun	家
dwindle	verb	消失
dyad	noun	两
dye	noun	颜料
dyer	noun	染房
dyestuff	noun	颜料
dyke	noun	壕
dynamic	adjective	动力的|動力學
dynamics	noun	動力學
dynamite	noun	炸药
dynamo	noun	發電機
dynamometer	noun	動力計
dynasty	noun	朝代|王朝
dyne	noun	達因
dysentery	noun	痢疾
dysgraphia	noun	書寫障礙
dyslexia	noun	失讀症
dysmenorrhea	noun	經痛
dysmorphia	noun	軀體變形障礙
dyspareunia	noun	性交疼痛
dysphemism	noun	双曲线
dysphoria	noun	煩躁
dysplasia	noun	異型增生
dysprosium	noun	镝|鏑
dystopia	noun	反乌托邦
dzud	noun	冬季嚴寒
déjà vu	noun	既視感
département	noun	省
e		五色话
e-bike	noun	电动自行车 電動自行車
e-book	noun	电子书
e-mail address	noun	电子函件
e-paper	noun	电子纸
e-sport	noun	电子竞技
each		每
each and every		每
eager	adjective	急
eagle	noun	老鷹|老鹰
eagle owl	noun	雕鸮
ear	noun	穗|耳|耳朵
ear lobe	noun	朵
eardrum	noun	鼓膜
eared seal	noun	海狮
earl	noun	伯爵
earless seal	noun	海豹
earlier	adverb	之前
early	adjective	早
early to bed, early to rise, makes a man healthy, wealthy and wise		捷足先登
earmuff	noun	耳套
earmuffs	noun	耳套
earn	verb	掙
earnest	adjective	真心|引力
earpick	noun	耳挖
earplug	noun	耳塞
earring	noun	耳環
earthbound	adjective	地上|平
earthenware	noun	土器
earthly	adjective	地上
earthly branch	noun	地支
earthquake	noun	地震
earthshine	noun	行星照
earthworm	noun	蚯蚓
earthy	adjective	和
earwax	noun	耳垢
earwig	noun	蠼螋
earworm	noun	口香糖
ease	verb	方便
easel	noun	画架
easily	adverb	容易
easiness	noun	方便
eastern	adjective	東方的|东
easy	adjective	容易
easy does it		逐漸
eat	verb	吃|吃饭
eat a dick		干你
eat away	verb	吃
eat away at	verb	吃
eat like a horse	verb	狼吞虎咽
eat out	verb	外餐
eat up	verb	吞食|吃
eater	noun	飯廳
eatery	noun	酒家
eating	noun	埃森
eau de toilette	noun	淡香水
eaves	noun	宇
eavesdrop	noun	偷听
ebb	verb	下載
ebb and flow	noun	潮涨潮落 潮漲潮落
ebony	adjective	黑
eccentric	adjective	怪人
ecchymosis	noun	瘀斑
ecdysozoan	noun	蛻皮動物
echelon	noun	球面
echidna	noun	針鼴
echolocation	noun	回聲定位
echt	adjective	真
eclampsia	noun	子癇
eclectic	adjective	异质
eclipse	noun	日蚀
ecliptic	noun	黄道
eclose	verb	孵化
eclosion	noun	孵化
eco-		生
ecology	noun	生态|生态学
econometrics	noun	计量经济学
economic	adjective	經濟學|便宜
economic corridor	noun	经济走廊
economic crisis	noun	經濟危機
economic growth	noun	个子
economics	noun	经济学
economist	noun	经济学者
economize	verb	節省
economy	noun	经济
ecosystem	noun	生态系统
ecozone	noun	生物地理分布区
ectoderm	noun	外胚层
ectopic pregnancy	noun	異位妊娠
eddy	noun	渦旋
edelweiss	noun	高山火絨草
edema	noun	水肿
edge	noun	边|好处|刀刃
edible bird's nest	noun	燕窝
edible crab	noun	公牛
edification	noun	啟迪|建筑物
edifice	noun	楼
edit	noun	修改|编辑
editio princeps	noun	初版
edition	noun	版本
editor	noun	编辑
editor in chief	noun	总编辑
editorial	adjective	出版社的|评论
educate	verb	教育
educated	adjective	有学问
educatee	noun	学生
education	noun	教育
educational	adjective	教育
eejit	noun	傻子
eel	noun	鳗鱼
eerie	adjective	古怪|羞怯
effect	noun	效果
efficiency	noun	效率
effigy	noun	写照
effort	noun	努力
effortless	adjective	容易
effrontery	noun	无耻
effusive	adjective	优厚
eft	adverb	再
eftsoons	adverb	不久
egg	noun	蛋|鸡蛋
egg roll	noun	春卷
egg timer	noun	沙漏
egg tooth	noun	钻石
egghead	noun	书呆子
eggnog	noun	蛋奶酒
eggplant	noun	茄子
eggshell	noun	蛋壳
ego	noun	我
egoist	noun	私
egoistical	adjective	自私
egotism	noun	自我中心癖
egotist	noun	私
egress	noun	出口
egret	noun	鹭科
eh		不
eidetic	adjective	异常清晰的
eigenvalue	noun	本征值
eight		八
eight hundred		八百
eighteen		十八
eighth	adjective	第八
eighth rest	noun	八分休止符
eighty		八十
eighty-eight		八十八
eighty-one		八十一
einsteinium	noun	锿|鎄
either	adverb	也|或者|两
ejaculate	noun	射出
ejaculation	noun	射出
eject	verb	倒
ejecta	noun	噴發
eke out	verb	失速
el	noun	她
elaborate	verb	陈述
elapse	verb	升級
elastic	adjective	橡皮筋
elastic band	noun	合金
elasticity	noun	弹性
elbow	noun	肘
elbow grease	noun	努力
elbow room	noun	时期
elder	adjective	父母|前|接骨木|老龄
elderberry	noun	接骨木
elderly	adjective	老人
elecampane	noun	土木香
elect	verb	决定|選舉
election	noun	竞选|選舉
electoral	adjective	选举的
electric	adjective	电|电子
electric charge	noun	子弹
electric current	noun	电流
electric guitar	noun	电吉他
electric locomotive	noun	電力機車
electrical energy	noun	[[#
electrical engineering	noun	電機工程學
electrical resistance	noun	电阻
electrician	noun	电学家
electricity	noun	電|电
electrify	verb	激动
electrochemist	noun	电化学
electrochemistry	noun	电化学
electrode	noun	电极
electrodynamics	noun	电动力学
electrolysis	noun	电解
electromagnet	noun	电磁体
electromagnetic	adjective	电磁
electromagnetic force	noun	电磁力
electromagnetic radiation	noun	电磁波
electromagnetic spectrum	noun	电磁波谱
electromagnetic wave	noun	電磁波
electromagnetism	noun	电磁学
electron	noun	电子
electron microscope	noun	电子显微镜
electron volt	noun	電子伏特
electronegativity	noun	电负性
electronic	adjective	电子
electronic cigarette	noun	电子烟
electronic circuit	noun	電子電路
electronics	noun	电子学|電子學
electroweak	adjective	电弱
electrum	noun	电子
elegant	adjective	典雅
elegy	noun	哀乐
element	noun	元素
elemental	noun	基本
elementary	adjective	初级的
elementary charge	noun	基本电荷
elementary particle	noun	基本粒子
elementary substance	noun	单质
elephant	noun	象|大象
elephantiasis	noun	象皮病
eleven		十一
elf	noun	精灵
elicit	verb	得出
elide	verb	出去|接
eligible	adjective	准备
elitism	noun	精英主义
elixir	noun	治癒
ell	noun	肘|翅膀
ellipse	noun	椭圆
ellipsis	noun	删节号|椭圆
elm	noun	榆屬
elongate	adjective	瘦
elopement	noun	私奔
eloquence	noun	口才
eloquent	adjective	口才
else	adjective	其他|不同
elucidate	verb	放
elude	verb	忘记
elusive	adjective	躲避的|难
elve	noun	精灵
elytron	noun	鍘刀車門
email	noun	电子邮件|电子函件
emanation	noun	魅力|氡
embargo	noun	禁運
embarrass	verb	困扰
embarrassment	noun	羞恥|丢脸的事
embassy	noun	大使館|大使馆
embayment	noun	海湾
embellish	verb	掩盖
ember	noun	碳
embers	noun	餘燼
embezzle	verb	贪污
embezzlement	noun	盗用
emblem	noun	象徵
embolden	verb	激励
embolism	noun	栓塞
emboss	verb	固定
embouchure	noun	河口
embrace	noun	偎抱|拥抱|抱
embroidery	noun	刺绣
embryo	noun	胚胎
embryogenesis	noun	胚胎发育
embryology	noun	胚胎学
emerald	adjective	綠寶石|绿宝石
emerald green	noun	碧綠
emerge	verb	出版|出
emergence	noun	出现
emergency	noun	緊急事故
emergency exit	noun	太平门
emetophobia	noun	呕吐恐惧症
emigration	noun	移民出境
eminent	adjective	显赫的
eminent domain	noun	沒收
emir	noun	埃米尔
emirate	noun	君主国
emissary	noun	信使
emission	noun	发射
emoji	noun	绘文字
emolument	noun	工资
emoticon	noun	表情符号
emotion	noun	情绪
emotional	adjective	热
empathize	verb	体谅
empathy	noun	同理心
emperor	noun	皇帝
emperor penguin	noun	皇帝企鹅
emphatic	adjective	明白
empire	noun	帝國
empirical	adjective	实证
empiricism	noun	经验主义
employ	noun	工作|使用
employability	noun	就業能力
employee	noun	职员|職員
employer	noun	僱傭
employment	noun	工作
empress	noun	女皇
emptiness	noun	無
empty	adjective	空
empty set	noun	空集
empyema	noun	積膿
emu	noun	鴯鶓|鸸鹋
emulate	verb	模拟|仿真
emulsion	noun	乳浊液
en homme	adverb	女扮男装 女扮男裝
en route		途中|路上
enable	verb	能够|开
enabler	noun	催化剂 [cuīhuàjì]
enact	verb	奏|陈述
enamel	noun	琺瑯
enamor	verb	愛上
enby	noun	中性人
encampment	noun	合金
encephalitis	noun	脑炎
encephalopathy	noun	腦病
enchantment	noun	咒語
enchantress	noun	巫
enclosure	noun	附件
encode	verb	加密
encoding	noun	代码
encompass	verb	包括
encore	noun	交叉引用
encounter	noun	会|碰到
encourage	verb	激励
encroachment	noun	入侵
encrypt	verb	加密
encryption	noun	加密
encyclopedia	noun	百科全书
end	noun	最后|完成
end lockdown	verb	解封
end up	verb	完成
endbutton	noun	扣子
endearing	adjective	可愛
endeavor	noun	公司|努力
endemic	noun	地方性流行
ending	noun	最後
endless	adjective	无限
endnote	noun	音符
endocrine gland	noun	內分泌腺
endocrinology	noun	內分泌學
endoderm	noun	内胚层
endometrium	noun	子宫内膜
endorse	verb	赞同
endorsement	noun	支持
endoscope	noun	內視鏡
endoscopy	noun	內視鏡
endowment	noun	岁费
endpin	noun	黑桃
endpoint	noun	极端
endurance	noun	持久
endure	verb	好|制止
enemy	noun	敵人
energetic	adjective	能源
energy	noun	能量|能源
energy source	noun	能量源
enervate	verb	减弱
enforce	verb	加强
enforcement	noun	约制
engage	verb	攻擊
engaged	adjective	未婚夫
engagement	noun	訂婚
engender	verb	制造
engine	noun	馬達
engine order telegraph	noun	車鐘
engine trouble	noun	故障
engineer	noun	工程师|工程師
engineering	noun	工程学
engorge	verb	狼吞虎咽|狼吞虎嚥
engrave	verb	刻
engraving	noun	刻板
engross	verb	字母
enhance	verb	生長|改
enigma	noun	謎|谜
enjoin	verb	禁止
enjoy	verb	享受
enjoyable	adjective	好玩
enjoyment	noun	乐趣
enkindle	verb	点燃
enlarge	verb	加剧
enlighten	verb	发现
enlist	verb	报名
enneadecagon	noun	十九边形
enneagon	noun	九角形
ennui	noun	冷漠
enormous	adjective	不錯
enough	adverb	够|还
enough is enough		过了
enrage	verb	生气
enriched uranium	noun	濃縮鈾
enroll	verb	内接
ensemble	noun	一起
ensiform	adjective	剑形的
ensign	noun	旗子
enslave	verb	奴役
ensuing	adjective	下
ensure	verb	带来
enterprise	noun	公司
entertain	verb	打
entertaining	adjective	好玩
entertainment	noun	娱乐
enthalpy	noun	焓
enthrall	verb	奴役
enthusiasm	noun	熱心
enthymeme	noun	省略推理法
entice	verb	迷
entire	adjective	整個
entirely	adverb	全部
entirety	noun	一块
entitle	verb	称
entitled	adjective	自負的（人）
entity	noun	物
entomology	noun	昆虫学
entourage	noun	帮助
entrails	noun	肠
entrance	noun	入口
entrance examination	noun	入学考试
entrecôte	noun	排骨肉
entrench	verb	挖
entrepreneurship	noun	创业
entropy	noun	熵
entrust	verb	相信
entry	noun	进入|介绍|入口|条目
entryway	noun	进入
entrée	noun	入口
enunciate	verb	读
enunciation	noun	解释|發聲
envelope	noun	信封
envious	adjective	嫉妒的
environment	noun	环境|環境
environmental	adjective	环境的
environmentalist	noun	绿
environmentally friendly	adjective	环保
envisage	verb	交
envision	verb	想
envoy	noun	特命全權公使
envy	noun	妒嫉|妒忌
enzyme	noun	酶
eo ipso	adverb	所以
eon	noun	万古
eparchy	noun	省
epee	noun	刀
epenthesis	noun	插音
epexegesis	noun	并列
ephedrine	noun	麻黃鹼
ephemeral	adjective	蜉蝣
epic	adjective	叙事诗的|叙事诗
epicentre	noun	震中
epicycloid	noun	外摆线
epidemic	noun	流行病
epidemiologist	noun	流行病学家
epidemiology	noun	流行病学
epidermis	noun	表皮
epididymis	noun	附睾
epidote	noun	綠簾石
epigenetics	noun	表觀遺傳學
epiglottis	noun	会厌
epilation	noun	脱毛
epilepsy	noun	癫痫
epiphyte	noun	附生植物
episiotomy	noun	會陰切開術
episode	noun	事件
epistaxis	noun	流鼻血
epistemology	noun	知识论
epistle	noun	信
epitaph	noun	墓志铭 墓誌銘|哀乐
epithelium	noun	上皮
epithet	noun	形容词
epitome	noun	提要|擬人化|小型的
epitrochoid	noun	外旋轮线
epoch	noun	时代|稀有
eponym	noun	名祖
epopee	noun	传说
epoxide	noun	环氧化合物
equable	adjective	中度
equal	adjective	平等
equal sign	noun	平等
equality	noun	平等
equally	adverb	一樣地
equanimity	noun	放心
equation	noun	方程
equator	noun	赤道
equatorial	adjective	赤道仪
equestrian	adjective	馬
equilateral triangle	noun	[[#
equine	adjective	馬
equinox	noun	分点
equipment	noun	設備
equitable	adjective	正义
equity	noun	公义|股
equivalence	noun	等价
equivalent	adjective	等于
equivocation	noun	誤解
era	noun	时代
erase	verb	拭除
eraser	noun	橡皮
erbium	noun	铒|鉺
ere		之前
erect	adjective	直|修
erection	noun	勃起
ergo		因此
ergonomics	noun	人因工程学
erhu	noun	二胡
erm		那个
ermine	noun	白鼬
erogenous zone	noun	性感带
erosion	noun	侵蚀作用
erotica	noun	性感
eroticism	noun	性感
err	verb	错
errand	noun	使命|事
errant	adjective	不对
erroneous	adjective	不对
error	noun	錯誤|失誤|失败
errorless	adjective	不错
ersatz	noun	摹本
erstwhile	adjective	前
eruct	verb	打嗝
erudition	noun	中西
eruption	noun	噴發|爆炸 [bàozhà]
erysipelas	noun	蔷薇
erythema	noun	红斑
erythrocyte	noun	红血球
erythromycin	noun	红霉素
escalation	noun	升级
escape	verb	逃生
escapee	noun	难民
eschar	noun	痂
eschew	verb	溜
escort	noun	护卫
escudo	noun	埃斯庫多
escutcheon	noun	紋章
esoteric	adjective	秘密
esotericism	noun	秘教
esoterism	noun	秘教
especially	adverb	特別
espionage	noun	间谍
esplanade	noun	广场
espouse	verb	和|收养
espy	verb	看到
essay	noun	散文
essence	noun	本质|性格|香水
essential	adjective	本质|要旨
essential oil	noun	精油
essentially	adverb	吃
establish	verb	建立|办
establishment	noun	系統
estado	noun	蛙泳
estate	noun	法则|所有權
estate agent	noun	房屋中介
esteem	verb	赞扬
ester	noun	酯
estimate	verb	认为
estivate	verb	夏眠
estrange	verb	盜竊
estrogen	noun	雌激素
estuary	noun	河口
et al.		等
et tu, brute		et tu, Brute
etc.		等
etch	verb	划|雕刻
etching	noun	蚀刻版画
eternal	adjective	永恆
ethane	noun	乙烷
ethanol	noun	乙醇
ether	noun	乙醚|醚
ethereal	adjective	轻
ethical	adjective	伦理
ethics	noun	伦理学
ethnic	adjective	外国|外國人
ethnic cleansing	noun	种族清洗
ethnic group	noun	人种
ethnicity	noun	种族
ethnographic	adjective	人种志的
ethnography	noun	人种志
ethnolinguistic	adjective	民族语言学
ethnolinguistics	noun	民族语言学
ethnologist	noun	民族学家
ethnology	noun	民族学
ethology	noun	动物行为学
ethylene	noun	乙烯
etiquette	noun	禮儀|标签
etude	noun	練習曲
etymology	noun	语源学|语源
etymon	noun	語源
eucalyptus	noun	桉树
eudiometer	noun	測氣管
eugenics	noun	優生學
eunuch	noun	宦官|太监
euphemism	noun	委婉
euphonium	noun	粗管上低音號
euphoria	noun	欣快
eureka		尤里卡
euro	noun	歐元|欧元
europium	noun	铕|銪
eusocial	adjective	真社会性
eusociality	noun	真社会性
euthanasia	noun	安乐死
eutocia	noun	順產
eutrophication	noun	富营养化
evacuation	noun	疏散
evade	verb	溜
evaluate	verb	評價
evaluation	noun	分数
evaporate	verb	汽化 气化|消
evaporation	noun	蒸发
even	adjective	平
even homer nods		智者千慮，必有一失
even if		纵使
even number	noun	雙數
even though		即使
evenhanded	adjective	公平
evening	noun	晚上|黄昏
evening prayer	noun	晚祷
evening star	noun	長庚
event	noun	活动|事件|不幸的事
event horizon	noun	事界
eventual	adjective	最后
eventually	adverb	最后
ever	adverb	老是|越来越|从不
ever since		从
evergreen	adjective	常绿
everlasting	adjective	永恒
evermore	adverb	始终
every		每
every cloud has a silver lining		塞翁失马，焉知非福
everybody		大家
everyday	adjective	卑鄙
everyday life	noun	天天
everyone		每一個
everything		什么
everywhere	adverb	到处
evidence	noun	證據
evident	adjective	明显
evil	adjective	坏|邪恶
evil eye	noun	邪眼|眼睛
evildoer	noun	坏人
evoke	verb	喚起
evolution	noun	演化
evolutionary biology	noun	演化生物学
evolutionary theory	noun	演化
evolve	verb	發展|进步
ew		呸
ewe	noun	母羊
ewer	noun	瓶
ex-wife	noun	前妻
exa-		艾可萨
exacerbate	verb	加剧
exact	adjective	正確|仔細|索取
exacting	adjective	吹毛求疵的
exactly	adverb	正确|认真
exaggerate	verb	夸大
exam paper	noun	备份
examination	noun	考试|检查
examine	verb	检查
example	noun	例子
exanimate	adjective	死了
exasperation	noun	憤慨
excavator	noun	挖土机
exceed	verb	超过
exceedingly	adverb	非常
excellent	adjective	优秀的
excelsior	noun	钻石
except	verb	除了|关
exception	noun	例外
exceptional	adjective	非常
exceptionally	adverb	非常
excerpt	noun	段
excess	verb	太过
excessive	adjective	太过
excessively	adverb	过于
exchange	noun	交換|獎學金|交流|换
exchange rate	noun	课
excite	verb	激动
exclaim	verb	叫
exclamation	noun	惊叹号|感叹词
exclamation mark	noun	感叹词
exclude	verb	关
exclusive	adjective	獨一|獨一無二
exclusive right	noun	专有权|專有權
excrement	noun	大便
excrete	verb	排泄
excretion	noun	排泄作用
excursion	noun	正體
excuse	noun	口實|原谅
excuse me		对不起|请问|劳驾
execrable	adjective	可怕
execrate	verb	痛恨
execration	noun	詛咒
execute	verb	执行
execution	noun	處死
executive	noun	干部
executive order	noun	禁制令
exegesis	noun	注释
exegete	noun	解经学家
exemplar	noun	典範|例
exemplary	adjective	樣本
exercise	noun	練習|练习|练
exercise book	noun	册子
exertion	noun	花费
exhaust	noun	蒸发
exhaust pipe	noun	蒸发
exhausted	adjective	累
exhaustiveness	noun	完整性
exhibit	noun	展覽會|展|见|发
exhibition	noun	展覽會
exhibitionism	noun	露体癖
exile	noun	流亡
exist	verb	存在
existence	noun	存在
existentialism	noun	存在主义
exit	noun	出口
exon	noun	外显子
exonerate	verb	放
exoplanet	noun	太陽系外行星
exoskeleton	noun	外骨骼
exosphere	noun	外气层
exotic	adjective	外來
expanse	noun	范围
expansion	noun	膨胀
expatriate	verb	流亡
expect	verb	候
expectancy	noun	期望
expectant	adjective	怀孕的
expectation	noun	期待
expected value	noun	希望
expecting	adjective	怀孕的
expectorate	verb	吐
expedience	noun	几乎
expedient	adjective	便宜
expedite	verb	加速
expel	verb	倒|開除
expend	verb	开销
expenditure	noun	花费
expense	noun	花费
expensive	adjective	貴|贵
expensively	adverb	貴
experience	noun	經驗|经验
experienced	adjective	老
experiment	noun	实验
expert	noun	家
explain	verb	解释|解釋
explanation	noun	解释|说明
explicit	adjective	清楚|黄色
explicitly	adverb	清楚
explode	verb	激增
exploit	noun	伟业|壓榨
exploitation	noun	探险
exploration	noun	探险
explore	verb	探索
explorer	noun	研究员
explosion	noun	爆炸
explosive	adjective	炸藥
exponent	noun	指數
export	noun	出口
exposition	noun	展
exposure	noun	展
express	verb	表示
express train	noun	城際快車
expression	noun	表示
expressionism	noun	表现主义
expressionist	adjective	表现主义的
expressionless	adjective	无表情
expressly	adverb	清楚
expressway	noun	公路
expropriation	noun	沒收
expulsion	noun	放逐
exquisite	adjective	优秀的
extend	verb	延伸
extended	adjective	大
extended family	noun	关系
extension	noun	延期
extensive	adjective	很 hěn 非常
extent	noun	范围|尺寸
exterior	adjective	外
external	adjective	外
extinct	adjective	死
extinction	noun	滅絕
extinguish	verb	熄滅
extinguisher	noun	灭火器
extirpate	verb	根除
extol	verb	赞扬
extra	adverb	余多
extract	verb	得出
extraction	noun	本
extractor hood	noun	宇
extraneous	adjective	外国人
extraordinarily	adverb	非常
extraordinary	adjective	非常
extraterrestrial	adjective	地球外的
extraterritoriality	noun	治外法权
extravagant	adjective	奢华
extreme	adjective	极端|极端的|極度的
extremely	adverb	非常
extremophile	noun	嗜極生物
extremum	noun	极端
extricate	verb	根除
exuberance	noun	熱心
exuberant	adjective	丰富
exultation	noun	大喜
eye	noun	眼睛
eye doctor	noun	眼科医生
eye for an eye	noun	以眼还眼
eye patch	noun	眼罩
eye shadow	noun	眼影
eye washer	noun	洗眼器
eyebrow	noun	眉毛
eyehole	noun	门镜
eyelash	noun	睫毛
eyelet	noun	家
eyelid	noun	眼皮
eyepiece	noun	眼的
eyeshade	noun	眼影
eyesight	noun	目光
eyewitness	noun	目击者
fable	noun	寓言
fabric	noun	构造|织物
fabric softener	noun	柔軟剤
fabricate	verb	制造
fabulous	adjective	难以置信的
facade	noun	外觀|國境
face	noun	脸|面
face cloth	noun	洗 脸 毛 巾
face to face	adverb	面对面
face up to	verb	睨
face value	noun	面值|吧
facepalm	noun	捂臉
facet	noun	百叶窗
facial expression	noun	态度
facile	adjective	易懂的
facilitate	verb	方便
facility	noun	中央|单位|方便
facsimile	noun	傳真機
fact	noun	数据|事实|現實
faction	noun	幫派
factor	noun	因數
factorial	noun	階乘
factoring	noun	因式分解
factory	noun	厰
factual	adjective	有效
facultative	adjective	有才能
faculty	noun	回廊|學院|系
fad	noun	时尚
fade	adjective	淡|暗淡
fade away	verb	消失
faff	noun	徭役
fag	noun	同性恋者
faggot	noun	同性恋者
fail	verb	忘记
failure	noun	失敗|萝卜
faint	adjective	弱|酸软|昏迷
fainthearted	adjective	勇气
fainting	noun	暈眩
faintly	adverb	差
fair	adjective	优美|明确|公平|博覽會
fair-haired boy	noun	发圈
fair-weather friend	noun	朋友
fairly	adverb	力氣
fairness	noun	公正
fairway	noun	路
fairy	noun	仙女
fairy dust	noun	狗皮膏药
fairy ring	noun	仙女圈
fairy tale	noun	童话
faith	noun	信仰
faith will move mountains		愚公移山
faithful	adjective	忠實|仔細
fake	adjective	假|镰刀
fakir	noun	法基爾
falcon	noun	猎鹰|獵鷹
falconry	noun	鹰猎
fall	noun	倒台|倒|落|亡
fall asleep	verb	睡着
fall at the last hurdle	verb	功敗垂成|功虧一簣
fall behind	verb	慢
fall between two stools	verb	鸡飞蛋打 雞飛蛋打
fall down	verb	倒
fall for	verb	落
fall guy	noun	梨|代罪羔羊
fall ill	verb	得
fall in love	verb	愛上
fall pregnant	verb	怀
fall short	verb	是
fallacious	adjective	虚假
fallacy	noun	謬論
fallen angel	noun	墮天使
fallout	noun	灰
fallow	noun	汽 [qì]
fallow deer	noun	黇鹿
falls	noun	瀑布
false	adjective	假|人造的|虚假
falsehood	noun	谎话|谎言
falsetto	noun	假聲
falsework	noun	衣架|支持
falter	verb	闪动|懷疑
fame	noun	名譽
familial	adjective	家庭
familiar	adjective	使魔|朋友
familiarity	noun	信任
familiarization	noun	熟悉
familiarize	verb	熟悉
family	noun	家庭|家
family planning	noun	家里
famine	noun	饥荒|災荒
famous	adjective	有名
fan	noun	扇子
fanart	noun	粉絲繪圖
fanaticism	noun	狂热
fanciful	adjective	不切实际
fancy	adjective	优雅的|幻想|要|想
fancy-free	adjective	单身
fanfare	noun	军乐队
fang	noun	尖牙|犬齒
fanny pack	noun	腰包
fanservice	noun	殺必死|飯撒
fanslation	noun	翻譯
fansub	noun	字幕組
fantasize	verb	幻想
fantastic	adjective	匪夷所思
fantastical	adjective	幻想的
fantasy	noun	幻想|奇幻
fanzine	noun	爱好者杂志
far	adverb	远
farad	noun	法拉
faraway	adjective	緬
farce	noun	鬧劇
fare	noun	車費|乘客|旅游|走|晚饭
fare dodger	noun	偷渡者
farewell	noun	再见|告别
farm	noun	農場|农场
farm shop	noun	農產品直銷所|農產品直銷處|農產物直賣所
faro	noun	法老
farrier	noun	鍛工
farsightedness	noun	遠視
fart	noun	屁
fascination	noun	魅惑
fascism	noun	法西斯主义|法西斯主義
fascist	adjective	法西斯
fashion	noun	时尚|风格
fashionista	noun	羊
fast	adjective	住|急|内心的|容易|面前|快|斋
fast food	noun	快餐
fasten	verb	夹住
fastidious	adjective	仔細|仔细|吹毛求疵的
fasting	noun	禁食
fat	adjective	胖
fat cat	noun	僧
fatalism	noun	宿命论
fatality	noun	命运 / 命運
fatback	noun	肥肉
fate	noun	命運
father-in-law	noun	公公|岳父
fatherhood	noun	父性
fatherland	noun	祖國
fathom	noun	蛙泳|了解|包括
fathomable	adjective	可懂的
fatigue	noun	疲劳|家務|累
fatigued	adjective	疲倦
fatigues	noun	家務
fatty	adjective	胖
fatty acid	noun	脂肪酸
fatuous	adjective	傻子
fatwa	noun	法特瓦
faucet	noun	水龙头
fault	noun	错|毛病|不足
faultless	adjective	不错
fauna	noun	动物
faux	adjective	仿製
favela	noun	貧民窟
favor	noun	恩惠
favourable	adjective	好|便宜
favourite	adjective	最喜愛的|发圈|颊髯
fawn	noun	男孩子|爬行
fax	noun	传真
fax machine	noun	傳真機
fay	noun	仙女
fealty	noun	丹心|誓言
fear	verb	害怕
fearful	adjective	胆小的
fearless	adjective	勇敢
fearlessness	noun	勇氣
fearsome	adjective	可怕
feasibility	noun	可行性
feasible	adjective	可能
feast	noun	节日
feast day	noun	假日
feat	noun	成绩
feather	noun	羽毛|羽
feather duster	noun	鸡毛掸子
feature	noun	特徵|文章|特色|和|出現
feceate	verb	排粪|排糞
feces	noun	大便
feckless	adjective	没用
fed up	adjective	困
federal district	noun	聯邦區
federalism	noun	联邦主义
federation	noun	联邦
fee	noun	直线
feeble	adjective	尢
feed	noun	供电|流|养|吃
feedback	noun	反应
feeding bottle	noun	瓶
feedstock	noun	原料
feel	noun	思想|感到|了解|好像
feel free	verb	求
feel like	verb	想要
feeler	noun	传感器|觸角
feeling	adjective	一触即痛的|感觉|感情
feet on the ground	noun	脚踏实地
feign	verb	去|隐藏
feisty	adjective	勇敢的
felicitations		恭喜
felicity	noun	得体
felid	noun	猫
feline	adjective	猫
fell	noun	山|砍伐
fellate	verb	吸
fellatio	noun	口交
fellow	noun	同时代|伙伴|偶|同伴|旅客
fellow man	noun	同胞
fellowship	noun	帮助
felon	noun	犯法者
felony	noun	罪
felt	noun	毛毡
female	adjective	女性|雌
femicide	noun	殺害女性
feminine	adjective	阴性
feminism	noun	女性主義
feminist	adjective	女权主义者
femme fatale	noun	妖姬|蛇蝎美人
femsplainer	noun	女士
femtosecond	noun	飞秒
fen	noun	分
fence	noun	籬笆
fencing	noun	击剑
fend off	verb	排斥
fender	noun	翅膀|防御
fender-bender	noun	輕微擦撞
fenghuang	noun	凤凰
fennel	noun	小茴香
fenugreek	noun	胡芦巴
feral	adjective	栗
ferment	noun	酵母|發酵
fermentation	noun	發酵
fermion	noun	费米子
fermium	noun	镄|鐨
fern	noun	蕨
ferret	noun	貂|发现
ferromagnetism	noun	鐵磁性
ferrous	adjective	鐵
ferry	noun	渡船
ferryboat	noun	渡船
fertile	adjective	丰富
fertilization	noun	受精
fertilizer	noun	肥料
fervent	adjective	虔诚
fervor	noun	激情
fescennine	adjective	咸
fess	noun	带
festival	noun	节日
festoon	noun	花彩
fetch	verb	使再现|创作
fetching	adjective	吸引人的
fetishism	noun	偶像崇拜
fetter	noun	障礙|使固定|阻礙
fettle	noun	状况
fetus	noun	胎
feud	noun	争吵
feudal	adjective	封建的
fever	noun	发热
feverfew	noun	短舌匹菊
few		少
fewer		减
fiancé	noun	未婚夫
fiasco	noun	薄烤餅
fiat	noun	命令|批准
fib	noun	谎话|說謊
fibre	noun	纖維|纤维
fibreglass	noun	玻璃纤维
fibroblast	noun	成纤维细胞
fibrocyte	noun	纖維細胞
fickle	adjective	任性
fiction	noun	小说
fictional	adjective	虚拟
fictionist	noun	小說家
fictitious	adjective	虚拟
fictive	adjective	虚拟
fiddly	adjective	难
fie		丢脸的事
fiefdom	noun	帝国
field	noun	场
field bindweed	noun	田旋花
field hockey	noun	草地曲棍球
field horsetail	noun	問荊
field marshal	noun	元帅
field of view	noun	视场
field of vision	noun	视场
field ration	noun	作战口粮|口粮包|野戰口糧|食品包
field trip	noun	遠足
fiend	noun	妖魔|恶魔|疯狂的
fiendish	adjective	恶魔似|惡魔似
fiery	adjective	火
fiesta	noun	节日
fifteen		十五
fifteenth	adjective	十五
fifth	adjective	第五
fifth gear	noun	五子
fifth wheel	noun	电灯泡
fifty		五十
fig	noun	无花果
fight	noun	鬥爭|争斗|吵架|打|反對|以前
fighter	noun	勇士|战斗机
figment	noun	幻想
figurative	adjective	比喻
figure	noun	画|人|物理学家|数字|包括
figure skating	noun	花式溜冰
figurehead	noun	装饰船头的|柑橘
figwort	noun	攻城戰
filament	noun	线
filch	verb	偷窃
file	noun	文件|銼|柱|文件档案
file out	verb	圆柱
file system	noun	文件系统
filibuster	noun	海盗|冗長辯論
fill	noun	填充|裝滿
fill out	verb	增長
fill up	verb	加油
filled	adjective	满
fillet	noun	部|花丝|兰特|去骨
filling	adjective	饱|馅子|鉛
filly	noun	小雌马
film	noun	电影|录像
film director	noun	電影導演
filming	noun	攝影
filmmaking	noun	电影
filter	noun	滤器 濾器|发生
filter bubble	noun	过滤气泡 / 過濾氣泡
filth	noun	埃
filthy	adjective	淫秽
fin	noun	鰭
final	adjective	最後|最后|决赛
finale	noun	[[#
finally	adverb	终于
finals	noun	决赛
finance	noun	金融学|支付
finch	noun	苍头燕雀
find	verb	找到
find out	verb	猜測|发现
finding	noun	发现
fine	adjective	好|好玩|优美|小|罚款|七
fine arts	noun	美术
fineness	noun	书名
finger	noun	手指
fingerboard	noun	鏡
fingering	noun	打字
fingernail	noun	指甲
fingerprint	noun	指纹|指印
finical	adjective	仔細
finicky	adjective	吹毛求疵的|难
finish	noun	最后|有限|完成
finished	adjective	有限|准备
finishing move	noun	安乐死
finite	adjective	有限
finite-state machine	noun	有限状态机
finocchio	noun	同性恋者
fir	noun	冷杉
fire	noun	火|火災|火灾
fire ant	noun	火蟻
fire drill	noun	消防演习
fire exit	noun	太平门
fire extinguisher	noun	灭火器 滅火器
fire hydrant	noun	消防栓
firebrand	noun	火炬
firecracker	noun	爆竹|鞭炮
firefighter	noun	消防员
firefighting	noun	消防
firefly	noun	萤
fireman	noun	消防员
fireplace	noun	壁爐
firestriker	noun	打火机
firewall	noun	防火牆
firewood	noun	柴火
fireworks	noun	烟火
firm	adjective	但是|公司
firmament	noun	苍天
firmware	noun	固件
first	adjective	第一|先
first aid	noun	急救
first baseman	noun	一壘手 / 一垒手
first class	adjective	de primera clase|一等舱
first floor	noun	二楼
first leg	noun	去
first of all	adverb	先
first person	noun	第一人称
firstly	adverb	先
fiscal	adjective	检察院
fish	noun	鱼|魚
fish bowl	noun	水族箱
fishbone	noun	刺
fisherman	noun	魚夫
fishery	noun	钓鱼
fishhook	noun	釣鉤
fishing	noun	钓鱼
fishing cat	noun	渔猫
fishing net	noun	鱼网
fishing rod	noun	钓竿
fishplate	noun	轡
fishpond	noun	养鱼池塘
fishy	adjective	鱼|泡泡
fissiparous	adjective	人造的
fissure	noun	豁口
fist	noun	拳头
fistball	noun	浮士德球
fit	adjective	適當|卡农|危机|袭击|適合
fitful	adjective	心神不宁
fitted carpet	noun	地毯
fitting	adjective	宜|考试
five	noun	五
five hundred		五百
five o'clock shadow	noun	胡子茬
fix	noun	困境|修理|準備
fixation	noun	苍天
fixed asset	noun	固定資產
fixed point	adjective	定点
fizzle out	verb	不了了之
fjord	noun	峡湾
flaccid	adjective	软
flag	noun	旗子|旗
flag down	verb	拦
flagpole	noun	旗杆
flagship	noun	灯塔
flagstone	noun	瓦|黑板
flail	noun	害人虫|使缠绕
flair	noun	天資|风格
flake	noun	薄片
flambeau	noun	火榘
flamboyant	adjective	奢华
flame	noun	火焰
flamenco	noun	火鶴
flamethrower	noun	火焰喷射器
flamingo	noun	火烈鳥|火烈鸟
flammable	adjective	可燃
flange	noun	法兰|兰特
flank	noun	侧面|粉红色
flap	noun	襟翼|帽邊
flare	noun	火榘|兰特|点燃
flare up	verb	带
flash	noun	闪电
flash drive	noun	闪存盘
flash in the pan	noun	昙花一现
flashlight	noun	手電筒
flask	noun	瓶子|小瓶
flat	adjective	平|盘子|降音符|累|电池|鞋
flat peach	noun	扁桃
flat tyre	noun	故障
flatly	adverb	无表情
flatshare	noun	公寓房間分租
flatten	verb	等于|睡觉
flattery	noun	奉承话
flatulence	noun	屁
flatworm	noun	扁蟲
flaunt	verb	詡
flavor	noun	口味|味道
flaw	noun	坏处
flawless	adjective	完美的
flax	noun	亚麻
flea	noun	跳蚤
flea market	noun	跳蚤市场
fleck	noun	元粒子|缎纹
fledgling	adjective	年輕|新手
flee	verb	跑
fleece	noun	波|皮膚|削皮
fleet	noun	海军舰队
fleeting	adjective	蜉蝣
flerovium	noun	鈇
flesh	noun	肉|皮肤
flesh out	verb	充实
flex	noun	不可思議|奏
flexible	adjective	靈活
flexing	noun	词形变化
flick off	verb	手淫
flicker	noun	即时的|闪动
flight	noun	飛行|花束|走
flight attendant	noun	空中乘务员
flight of fancy	noun	幻想
flimsy	adjective	容易|稀少|借译
fling	noun	冒險|丟
flint	noun	燧石|石
flip	verb	丟
flip out	verb	休息
flip-flop	noun	触发器
flippant	adjective	放肆
flipper	noun	鰭|鱼鳍
flirt	verb	写
flitch	noun	箭
float	noun	花车|漂浮
floating point	adjective	浮点
floating-point unit	noun	浮点运算器
flock	noun	群
floe	noun	海冰
flood tide	noun	流
flooding	noun	洪水
floodplain	noun	水田
floor	noun	地上|土地|层|房子|歌词
floor lamp	noun	街燈
floor tile	noun	弩箭
floorboard	noun	木板
floorcloth	noun	抹布
flooring	noun	土地
flop	noun	炉|失败
floppy	adjective	懒散|懶散|磁盘|磁碟
floppy disk	noun	软盘
flora	noun	植物群
floral	adjective	花
florescence	noun	花
florist	noun	花匠
floss	noun	棉花糖|牙线|头发
flotilla	noun	小船队
flounce	noun	方向盘
flounder	verb	摇摇晃晃
flour	noun	麵粉
flourish	noun	装潢
floury	adjective	面
flout	verb	嘲笑
flow	noun	流
flow chart	noun	組織圖
flower	noun	花|花儿
flower head	noun	章
flowerbed	noun	花坛
flu	noun	流行性感冒
flue	noun	炮
fluency	noun	川|液体
fluently	adverb	流利
fluffy	adjective	軟
fluid	adjective	流体|液体
fluke	noun	铁锹
fluorescence	noun	荧光
fluoride	noun	氟化物
fluorine	noun	氟
fluorite	noun	萤石
flurry	noun	波
flush	adjective	富的|色|sciacquone
flush toilet	noun	sciacquone
flute	noun	長笛
fluting	noun	槽
fluvial	adjective	川
flux	noun	多样性|流
fly	noun	苍蝇|蝇|飞
fly agaric	noun	毒蠅傘
fly ball	noun	丢手绢
fly by the seat of one's pants	verb	决定
fly in the ointment	noun	骨
fly off the handle	verb	气得发狂
flycatcher	noun	捕蠅草
flyer	noun	小册子|飛行員|袋鼠
flying	adjective	方向盘
flying machine	noun	飛機
flying saucer	noun	飞碟
flyover	noun	高架橋
flywheel	noun	方向盘
foal	noun	滑行
foam	noun	泡沫
foamy	adjective	泡沫
focus	noun	焦點|焦点
foehn	noun	吹风机
fog	noun	霧|帆
foggy	adjective	麻木
foghorn	noun	雾号 霧號
foie gras	noun	鹅肝
foil	noun	叶|花剑|使破灭
fold	noun	羊圈|摺|折叠|上床
fold up	verb	折叠
folder	noun	衬衫|目录
folding chair	noun	折叠椅 折疊椅
folding screen	noun	屏风
foley	noun	音响效果
foley artist	noun	音响技师
foliage	noun	葉子
foliation	noun	叶层结构
folic acid	noun	叶酸
folk	adjective	人民|常见
folk music	noun	民間音樂
folklore	noun	历史
folklorist	noun	民俗学者
folks	noun	兩親
folktale	noun	传说
follicle	noun	卵泡|毛囊
follow	verb	隨
follow suit	verb	学
follower	noun	学生
following	adjective	下列|以后
folly	noun	愚蠢|玩忽职守|疯狂
fomite	noun	传染物
fond	verb	好
fondle	verb	愛撫
font	noun	本|字
fontanelle	noun	囟脑门儿
food	noun	食物
food additive	noun	食品添加剂
food poisoning	noun	食物中毒
foodstuff	noun	粮食
foof	noun	阴道
fool	noun	愚人|疯狂的
foolery	noun	疯狂
foolhardy	adjective	鲁莽的
foolish	adjective	笨|傻子
foolishness	noun	愚蠢
foosball	noun	桌上足球
foot	noun	脚
football	noun	足球
football club	noun	足球俱樂部
footbridge	noun	船桥
footing	noun	状况
footman	noun	走狗
footpath	noun	人行道
footprint	noun	脚印
footstep	noun	脚印|不|边塞
footwear	noun	鞋
for		因为|上|以前
for better or worse		不論好壞
for example		例如
for free		免費的
for good measure		余多
for one	adverb	帶頭|為首
for real	adjective	正确|当然
for the sake of		上
for what it's worth		对了
foramen	noun	孔
forbear	verb	拒绝
forbearance	noun	耐性|气量
forbid	verb	禁止
forbidding	adjective	敌对
force	noun	力氣|原力
force majeure	noun	不可抗力
forcefully	adverb	強壯
forcefulness	noun	力气
forcemeat	noun	鬧劇
forceps	noun	產鉗
ford	noun	津
fore	adjective	前|鼻
forebear	noun	宗
foreboding	noun	预兆
forebody	noun	西布格河
forecast	noun	天气预报|預報|預測
forecastle	noun	城堡
foredoom	noun	運命
forefather	noun	宗
forefinger	noun	食指
foregoing	adjective	上
foregone	adjective	上|以往
forehead	noun	前額|前额
foreign	adjective	外國的|奇怪
foreign country	noun	海外
foreign currency	noun	外幣
foreign language	noun	外语
foreign national	noun	国民
foreigner	noun	外国人
foreknow	verb	知道
forelock	noun	厚顏
foreman	noun	老板
foremost	adjective	先|前边
forename	verb	名字
forenoon	noun	上午
forensic	adjective	法庭|修辞
foresee	verb	預知
foreshadowing	noun	前兆
foreship	noun	西布格河
foreshortening	noun	快捷
foreskin	noun	包皮
forest	noun	森林
forest fire	noun	森林大火
forestation	noun	林學
forestry	noun	林业
forever	adverb	永远|老是|始终
forevermore	adverb	永远
forfeit	noun	质权|摒棄
forfend	verb	禁止
forgather	verb	会合
forged	adjective	假
forger	noun	铁匠
forgery	noun	镰刀
forget	verb	忘记|忘記
forget it		忘记|不 否
forget-me-not	noun	勿忘草
forgive	verb	原諒
forgiveness	noun	宽恕|气量
forgo	verb	放弃|放下
forgotten	adjective	忘記
fork	noun	叉子
forkful	noun	叉子
forklift	noun	叉车
forkload	noun	口
forlorn	adjective	沙漠
form	noun	形狀|表|構
formal	adjective	正式|官方
formaldehyde	noun	甲醛
formalin	noun	福尔马林
format	noun	格式
former	adjective	前|前者
former yugoslav republic of macedonia	noun	前南斯拉夫马其顿共和国
formerly	adverb	之前
formic acid	noun	甲酸
formula	noun	公式
forsake	verb	摒棄
forsaken	adjective	对不起
forsythia	noun	連翹
fort	noun	城堡
forte	adjective	強
forth	adverb	前边
forthcoming	adjective	下一個
forthwith	adverb	立刻
fortification	noun	防禦工事
fortify	verb	加强
fortitude	noun	力气
fortress	noun	要塞
fortuitous	adjective	偶然性
fortuitously	adverb	偶然|好在
fortuity	noun	机会
fortunate	adjective	便宜|快乐
fortunately	adverb	好在|僥倖
fortune	noun	命運|快乐
fortune cookie	noun	幸運餅乾|幸福饼干
fortune-teller	noun	先见者
fortune-telling	noun	占卜
forty		四十
forty-nine		四十九
forty-one		四十一
forty-six		四十六
forty-two		四十二
forum	noun	論壇
forward	adjective	前面的|将来|早|前边|翅膀|西布格河
fossick	verb	寻找
fossil	noun	化石
fossil fuel	noun	化石燃料
foster	verb	收养|生長
foul	adjective	下流|单一|不好|不足
found	verb	办
foundation	noun	基金会|基础
founder	verb	沉下
founding	noun	基金会
fount	noun	噴泉
fountain	noun	水井|噴泉|泉
fountain pen	noun	鋼筆|钢笔
four	noun	四
four hundred		四百
four of a kind	noun	四方形
four thousand		四千
four-and-twenty		二十四
four-leaf clover	noun	四叶草|四葉草
four-legged	adjective	四足动物
fourscore		八十
fourteen		十四
fourth	adjective	第四
fourth official	noun	法官
fowl	noun	家禽
fox cub	noun	小狐狸
foxglove	noun	指頂花
foxhole	noun	壕
foxhunt	noun	獵狐
foxy	adjective	尖
foyer	noun	門口
fracas	noun	暴动
fraction	noun	分數
fracture	noun	骨折
fragile	adjective	容易破碎
fragment	noun	段
fragmentary	adjective	支离
fragrance	noun	香味
frail	adjective	脆弱|尢
frame	noun	骨骼系統|框|画|袖|设计
framework	noun	环境|结构|构造
franc	noun	法郎
francium	noun	钫
francolin	noun	口蝦蛄
frankincense	noun	乳香
fraternal nephew	noun	侄
fraternity	noun	兄弟会|共同体
fraud	noun	詐騙
fraudulent	adjective	欺诈|假
fraught	adjective	冰雹|实际上的 (shíjìshangde)
fraulein	noun	小姐
fray	noun	吵架
freak	noun	原始的|疯狂的
freak out	verb	失控
freckle	noun	雀斑
free morpheme	noun	自由词素
free of charge	adjective	无偿
free period	noun	孔
free radical	noun	游离基
free software	noun	自由软件
free time	noun	空暇
free trade	noun	自由貿易
free will	noun	自由意志
free world	noun	自由世界
freebie	noun	干杯
freebooter	noun	寇
freebooting	noun	山寨
freedom	noun	自由
freedom of religion	noun	宗教自由
freedom of the press	noun	新闻自由
freekeh	noun	翡麦
freelance	adjective	自主|雇佣兵
freeloader	noun	寄生物
freely	adverb	免費
freestyle	noun	捷泳
freeze	noun	霜|冻
freeze up	verb	冻
freeze-drying	noun	冷冻 干燥
freezer	noun	冰櫃
freezing cold	noun	天寒地冻
freezing point	noun	冰点
freight	noun	衝鋒
french fries	noun	薯條
frenulum	noun	花丝
frenzied	adjective	实际上的 (shíjìshangde)
freon	noun	冷媒
frequency	noun	頻率
frequency modulation	noun	调频
frequent	adjective	常|頻繁
frequently	adverb	常
frequently asked questions	noun	常见问题
fresco	noun	新鮮
fresh	adjective	新鮮|新鲜
freshman	noun	瘀青
fret	verb	吃|啃
friar	noun	男修道士
friary	noun	修道院
fricative	noun	塞擦音
friction	noun	不和
fried	adjective	油煎
fried egg	noun	荷包蛋
friend	noun	朋友
friendly	adjective	好|朋友
friendly fire	noun	友军炮火
friendship	noun	友誼|友情
frieze	noun	腰線
frigate	noun	巡防艦|巡防舰
frigate captain	noun	中校
frigatebird	noun	巡防舰
fright	noun	恐怖
frighten	verb	嚇唬
frightened	adjective	害怕
frightening	adjective	可怕
frightful	adjective	可怕
frigid	adjective	冷
frill	noun	方向盘
fringe	adjective	兰特|矮種馬|剧场
frisk	adjective	蹦达
frisky	adjective	蹦达
fritillary	noun	棋盘
fritter	noun	贝奈特饼
frivolous	adjective	無價值
frock	noun	裙
frog	noun	青蛙|蛙
frog in one's throat	noun	喉咙不舒服
froglike	adjective	蛙
frogman	noun	跳水员
from		來自
from an early age		从小
from now on	adverb	现在
from scratch		重新
from the bottom of one's heart		衷心地
front	adjective	前|前線|屏幕
front page	noun	封一
front vowel	noun	前元音
front yard	noun	公园
frontal	adjective	前額
frontal bone	noun	额骨
frontier	noun	边
frosh	noun	瘀青
frost	noun	霜
frost fair	noun	冰凍博覽會
frosty	adjective	冰淇淋|冷
froth	noun	泡沫
frown	noun	皱眉
frozen	adjective	冰淇淋
fructify	verb	结果
fructose	noun	果糖
frugal	adjective	节俭的
fruit	noun	水果|果
fruit juice	noun	果汁
fruit tree	noun	果树
fruitcake	noun	伯母
fruitless	adjective	不孕的
frumpy	adjective	陈旧
frustration	noun	挫折
frustum	noun	树干
fry	noun	浮条|炒
frying pan	noun	平底锅
fuchsia	noun	倒挂金钟
fuck	noun	他媽的|号码|屁眼|幹
fuck all	noun	祖赫語
fuck around and find out	verb	引火烧身
fuck buddy	noun	性伙伴
fuck me		大便
fuck off	verb	干你|拉屎
fuck over	verb	幹
fuck you		干你
fuck your mother		操你妈
fucker	noun	祖赫語
fucking hell		聖體
fuckshit		他妈的
fuckwit	noun	傻子
fuddle	verb	喝
fudge	noun	焦糖|避开
fuel	verb	加油|开车
fuet	noun	鞭子
fugitive	adjective	蜉蝣|逃亡者
fugue	noun	賦格
fulfill	verb	滿足
fulfilling	adjective	满意
full	adjective	满
full moon	noun	满月
full name	noun	全名
full of oneself	adjective	私
full stop	noun	句号|点
full up	adjective	满
full-blown	adjective	完全
full-scale	adjective	将军
fuller	noun	凹槽
fullerene	noun	富勒烯
fullwidth	adjective	全形
fully	adverb	全部
fume	noun	烟
fume hood	noun	小圣堂
fun	adjective	好玩|玩
function	noun	函数
function word	noun	虚词
functional	adjective	工作|具
fund	noun	資本|以资金供给
fundamental	adjective	基本
fundamentalism	noun	原教旨主義
fundamentally	adverb	至关重要地
funds	noun	錢
funeral	noun	葬礼|葬禮
funereal	adjective	葬礼
fungicidal	adjective	抗真菌剂
fungicide	noun	抗真菌剂
fungus	noun	真菌
funk	noun	臭气|恐怖
funnel	noun	漏斗
funny	adjective	好笑|奇怪|笑话
fur	noun	皮膚
fur seal	noun	海熊
furan	noun	呋喃
furlong	noun	凹槽|片
furlough	noun	假
furnace	noun	炉|暖氣
furnish	verb	供給
furniture	noun	家具
furrow	noun	凹槽
further	adjective	接着|后来的|生長
furthermore	adverb	而且
fury	noun	狂怒
fuse	noun	导火线|保險絲|雷管|繩子|接
fuselage	noun	軀幹
fusil	noun	枪
fusion	noun	核聚变
fuss	noun	噪音|剧场|爱抚
fussbudget	noun	难
fussock	noun	鯨
fussy	adjective	吹毛求疵的
futile	adjective	徒劳的
futsal	noun	室内五人制足球
futtock	noun	光线
future	noun	未来
future bass	noun	未來低音|未來貝斯
future house	noun	未来浩室
future tense	noun	将来
futurism	noun	未来主义
futurology	noun	未来学
fuzzy	adjective	含糊 的
gab	verb	交谈
gabapentin	noun	加巴喷丁
gabbro	noun	輝長岩
gable	noun	松子
gadolinium	noun	钆|釓
gaffe	noun	失誤
gag	noun	子囊
gaga	adjective	瘋狂
gain	adjective	基因
gainaxing	noun	乳搖
gait	noun	步
gala	noun	节日
galactagogic	adjective	催乳剂
galactagogue	noun	催乳剂
galactic	adjective	奶
galactose	noun	半乳糖
galaxy	noun	星系
galaxy cluster	noun	星系团
galaxy group	noun	星系群
gale	noun	爆炸 [bàozhà]
galena	noun	方铅矿
galette	noun	蛋糕
galimatias	noun	胡言乱语
gall	noun	厚顏|扣子|困扰
gall bladder	noun	胆囊
galleon	noun	西班牙大帆船
gallerist	noun	画廊主
galley	noun	厨房
gallimaufry	noun	混合物
gallium	noun	镓
gallium arsenide	noun	砷化镓
gallon	noun	加仑
gallop	noun	奔馳
gallows	noun	絞刑架
galosh	noun	木鞋
gamble	noun	赌博|奏
gambler	noun	玩家
gambling	noun	赌博
gambling house	noun	赌场
game	noun	游戏
gameboard	noun	棋盘
gamebook	noun	游戏书
gameplay	noun	游戏
gamer	noun	玩家|球员
gamete	noun	配子
gamma	noun	音阶
gamma-aminobutyric acid	noun	γ-氨基丁酸
gamut	noun	調色板|音阶|色域
gander	noun	鹅|公鹅|罐頭
gang	noun	童黨|伙
gang rape	noun	輪姦
ganglion	noun	头
gangrene	noun	坏疽
gangster	noun	土匪
gangue	noun	矸石
gangway	noun	经过|船桥|通过
gannet	noun	塘鹅
gap	noun	屄豁儿|休息|山口
gar	noun	針
garage	noun	车库
garb	noun	捆
garbage	noun	垃圾
garbage can	noun	垃圾桶
garbage collector	noun	垃圾桶
garbage truck	noun	垃圾車
garbanzo	noun	鹰嘴豆
garden	noun	花園|花园
garden city	noun	田园城市
garden cress	noun	水芹
gardenia	noun	栀子
gardening	noun	园艺
garfish	noun	針
gargle	verb	漱
gargoyle	noun	滴水嘴兽|石像鬼
garish	adjective	亮
garlic	noun	大蒜|蒜
garlic bread	noun	蒜蓉包
garlic press	noun	蒜茸钳
garment	noun	衣服
garner	noun	筒倉|入仓
garnet	noun	石榴石
garnish	verb	供給
garniture	noun	西装
garrison	noun	卫戍部队
garter	noun	合金
garçon	noun	男孩
gas	noun	气体|氣體
gas giant	noun	气态巨行星
gas pipeline	noun	煤气管
gas station	noun	加油站
gas up	verb	加油
gaseous	adjective	氣體
gasify	verb	汽化 气化
gasket	noun	领带
gaskin	noun	腿
gasoline	noun	汽油
gasp	noun	(军队建制)排|喘氣
gastric	adjective	胃
gastric acid	noun	胃酸
gastritis	noun	胃炎
gastroenteritis	noun	胃肠炎
gastroenterology	noun	胃肠学
gastronomy	noun	美食學
gate	noun	门|口
gateau	noun	蛋糕
gated community	noun	門禁社區
gatekeeper	noun	守門員
gateway	noun	进入|船桥
gather	verb	汤匙|装订|接
gathering	noun	再会合|会|册子
gauche	adjective	粗魯的
gauge	noun	号|种公马|口徑|认为
gauge boson	noun	规范玻色子
gaunt	adjective	稀少|简陋
gauntlet	noun	手套
gaur	noun	印度野牛
gauze	noun	丝网|布
gavel	noun	锤子
gavotte	noun	加沃特舞
gaw		该死的，见鬼
gawky	adjective	拙劣
gay	adjective	同志|快乐
gazebo	noun	亭子
gazelle	noun	瞪羚属
gazette	noun	报纸
gear	noun	竞走|物質
gear wheel	noun	松子
gecko	noun	壁虎
geek	noun	极客
geez		上帝
geezer	noun	仔|古
gegenschein	noun	对日照
geisha	noun	艺伎
gel	noun	冰
gelatin	noun	明膠
gelato	noun	冰淇淋
gelding	noun	去势的
gelid	adjective	冰淇淋
gem	noun	宝石|珍珠
gemstone	noun	寶石
gendarme	noun	宪兵
gender	noun	性|性別
gender identity	noun	性別認同
gender identity disorder	noun	性別認同障礙
gendersex	noun	性
gene	noun	基因
gene pool	noun	基因庫
genealogy	noun	家谱
general	adjective	将军
general formula	noun	通式
general public	noun	社会|平信徒
general store	noun	百貨公司
generalist	noun	通才
generally	adverb	一般|主要
generate	verb	制造|办|出来
generation	noun	輩|一代
generator	noun	发电机
generosity	noun	大度
generous	adjective	贵|慷慨
genetic	adjective	遗传学
genetic engineering	noun	基因工程
genetics	noun	遗传学
genicular	adjective	膝
genie	noun	神灵
genitalia	noun	生殖器
genitive	adjective	属格
genitive case	noun	属格
genius	noun	神灵
genocide	noun	种族灭绝|種族滅絕
genome	noun	基因組
genotype	noun	基因型
genre	noun	風格
genteel	adjective	典雅|高贵的
gentile	adjective	异教
gentle	adjective	和蔼的|溫順
gentleman	noun	先生
gentleman's agreement	noun	君子协定
gentlemanly	adverb	高贵的
gentlewoman	noun	夫人
genual	adjective	膝
genuflect	verb	有
genuine	adjective	右
genuinely	adverb	果然
genus	noun	性
geocentrism	noun	地心说
geochemistry	noun	地球化学
geodesy	noun	大地测量学
geographer	noun	地理学者
geography	noun	地理学
geologic	adjective	地質
geologist	noun	地质学家
geology	noun	地质学|地質學
geometric	adjective	几何学的
geometry	noun	几何|几何学
geomorphology	noun	地貌学
geonomy	noun	地理学
geophysics	noun	地球物理学
geopolitics	noun	地缘政治学
geranium	noun	老鹳草属
gerbil	noun	沙鼠
geriatric	noun	白发老人
germ	noun	病菌
germander	noun	香科科属
germane	adjective	有关的|哥哥
germanium	noun	锗|鍺
germinate	verb	發芽
gerontocracy	noun	老人政治
gerontology	noun	老人學
gerund	noun	動名詞
gest	noun	动作
gesture	noun	手勢
get	verb	了|忖度|在|得|到达
get ahead	verb	先
get along	verb	了解|大难不死|走
get around	verb	避开
get at	verb	得出
get back	verb	回
get by	verb	坚持
get fucked		干你
get hold of	verb	取得|接
get it	verb	了解
get laid	verb	吻
get married	verb	娶|取
get off	verb	停|下車|激动
get off one's chest	verb	畅所欲言
get on	verb	騎
get out	verb	出口|跑|出|下|出来
get out of dodge	verb	滾
get ready	verb	准备
get to	verb	会
get to know	verb	結識
get up	verb	起床|起|接
get up on the wrong side of the bed	verb	吃错药
get wet	verb	弄湿
get-together	adjective	联欢会 聯歡會
gharial	noun	恆河鱷
gherkin	noun	小黃瓜
ghetto	noun	猶太區
ghost	noun	鬼
ghost town	noun	鬼镇
ghosting	noun	冰|鬼
ghostly	adjective	精神
ghostwriter	noun	代笔作家
ghoul	noun	撒旦
giant	adjective	巨人
giant cheetah	noun	巨獵豹
giant panda	noun	大熊猫
giant-killing	noun	[[金星#
gibberish	noun	胡话
gibbet	noun	絞刑架
gibbon	noun	长臂猿
giblet	noun	下水
giddyup		嗯
gift	noun	天才
gift of the gab	noun	口才
giftbox	noun	礼物
gig	noun	介绍|工作
gigabyte	noun	吉字节
giggle	verb	咯咯笑
gilded	adjective	金的
gill	noun	鳃
gilt	adjective	金的
gimlet	noun	卷须
gimp	noun	勇氣
gin	noun	杜松子酒
gin and tonic	noun	金汤力
ginger	noun	姜|薑
gingerbread	verb	姜饼
gingerbread man	noun	姜饼人
ginkgo	noun	银杏
ginormous	adjective	不錯
ginseng	noun	人参
giraffe	noun	長頸鹿|长颈鹿
gird	verb	扎
girdle	noun	束腰
girl	noun	女孩|女儿
girlfriend	noun	女朋友
girlish	adjective	女儿
girly	adjective	阴性
girth	noun	圆周|腰
gist	noun	要旨
git	noun	傻子
give	verb	给|給
give away	verb	分
give back	verb	还
give birth	verb	生
give head	verb	吹
give off	verb	解开
give or take	adverb	差不多
give someone five	verb	演奏
give up	verb	投降|放弃|摒棄
given	adjective	骰子
given name	noun	名字
given that		根据...的程度
giving	adjective	优厚
gizmo	noun	東西|玩意兒
gizzard	noun	砂囊
glabella	noun	十字
glacier	noun	冰川|冰河
glaciology	noun	冰川学
glad	adjective	高兴
glade	noun	清楚
gladly	adverb	乐意
glaive	noun	枪
glamour	noun	魅力
glance	noun	看法|烟煤|看 一下
glance coal	noun	烟煤
gland	noun	封墊
glanders	noun	泗
glans	noun	栓皮櫟
glans penis	noun	栓皮櫟
glass	noun	玻璃|杯子|杯
glassy	adjective	冷
glaucoma	noun	青光眼
glaze	noun	琺瑯|雾凇
glazier	noun	装玻璃工人
gleam	noun	镜像
glee	noun	快乐|歌
gleek	noun	意外收获
glen	noun	谷
glib	adjective	浅
glide	verb	滑
glider	noun	滑翔机
glimpse	verb	看到
glioblastoma	noun	成胶质细胞瘤
glissando	noun	滑音
glitch	noun	毛病|阻礙
glitter	noun	霜
gloaming	noun	日落
gloat	noun	幸災樂禍
global	adjective	世界的|圆球|地球
global village	noun	地球村
global warming	noun	全毬暖化
globalisation	noun	全球化
globe	noun	球面|}}
globe-trot	verb	一
globetrotter	noun	环球旅行者
globular cluster	noun	球狀星團
glomerulus	noun	腎小球
gloom	noun	黑暗|悲傷
gloomy	adjective	黑|不快的
glorious	adjective	有名
gloss over	verb	预订
glossary	noun	术语表
glossolalia	noun	說方言
glossy	adjective	亮
glottal stop	noun	聲門塞音
glove	noun	手套
glove compartment	noun	手套箱
glover	noun	手套箱
glow	noun	热|發亮
glow plug	noun	預熱塞
glowworm	noun	萤
glucose	noun	葡萄糖
glue	noun	粘合剂 粘合劑
glug	verb	咽
gluon	noun	胶子
gluteal cleft	noun	臀沟
gluteus maximus	noun	位子
glutinous rice	noun	糯稻
glutton	noun	狼獾
gluttonous	adjective	狼獾
gluttony	noun	貪食
glycemia	noun	血糖
glycerine	noun	甘油
glycerol	noun	丙三醇
glycine	noun	紫藤
glycogen	noun	糖原
glycoside	noun	糖苷
glyph	noun	字形
glyphosate	noun	草甘膦
gnat	noun	蚊子
gnaw	verb	啃
gneiss	noun	片麻岩
gnome	noun	地精
gnomon	noun	樣式
gnu	noun	牛羚
go	noun	围棋|圍棋|去
go dutch	verb	AA制
go a long way	verb	够
go ahead	verb	请
go away	verb	旅游|消失
go bad	verb	使腐烂
go by	verb	升級
go down	verb	下載|减少|落|发生
go for	verb	关|喜欢
go fuck oneself		干你
go off	verb	激增
go on	verb	持续|发生
go out	verb	出
go over	verb	去
go past	verb	升級
go postal	verb	失控
go rogue	verb	休息
go through	verb	被|到达
go to bed	verb	上床
go to hell	verb	坏
go to waste	verb	浪费
go too far	verb	夸大
go up	verb	举
go with	verb	合适
go-between	noun	调停者 / 調停者
goad	verb	带来|惹起
goal	noun	目的|球門
goalframe	noun	环境
goalie	noun	监护人
goalkeeper	noun	守门员
goat	noun	羊|山羊
goat's-beard	noun	下巴
goatee	noun	山羊胡
goatfish	noun	髓
goatherd	noun	山羊倌
gob	noun	口水
gobble	verb	咯咯笑
gobbledygook	noun	胡话
gobbler	noun	狼獾
goblin	noun	高扁
gobo	noun	filter
gobsmacked	adjective	无言的
gochujang	noun	苦椒醬
goddamn	adjective	该死
godfather	noun	乾爹
godlike	adjective	似神
godly	adjective	孝顺
godmother	noun	干妈
goggles	noun	眼罩
going	noun	出发
going to		去
gold medal	noun	金牌
gold rush	noun	淘金潮
golden	adjective	金|金的
golden eagle	noun	红头雕
golden pheasant	noun	錦雞|鷩
golden ratio	noun	黄金比
golden staph	noun	金黃色葡萄球菌
golden years	noun	晚年
goldeneye	noun	鹊鸭
goldenly	adverb	金
goldenrod	noun	一枝黄花
goldfinch	noun	红额金翅雀
goldfish	noun	金鱼|金魚
goldsmith	noun	冶金匠
golem	noun	魔像
golf	noun	高尔夫
golf ball	noun	高爾夫球
golf course	noun	爾夫球場
gonad	noun	他媽的|生殖腺
gondola	noun	贡多拉
gone	adjective	去
goner	noun	失能开关
gong	noun	锣
goniometer	noun	测角仪
goo	noun	魚
good	adjective	好
good lord		上帝
good afternoon		早上好
good day		你好
good evening		晚上好
good grief		聖體
good guy	noun	好
good heavens		上帝
good job	noun	讚讚讚
good luck	noun	祝你好運|屁股
good morning		早上好
good news	noun	福音
good night		晚安
good offices	noun	仲裁
good riddance		一路顺风
good things come to those who wait		好事多磨
good to go	adjective	准备
good-for-nothing	adjective	不中用的
good-looking	adjective	优美
good-tempered	adjective	好
goodbye		再見
goodheartedness	noun	仁慈
goodness	noun	好|该死的，见鬼
goods	noun	產品
goods and services tax	noun	增值稅
goods train	noun	货物列车
goodwill	noun	仁慈
gooey	adjective	軟
goof	noun	失誤
goofball	noun	面条
google	noun	google
googol		古戈尔
googolplex		古戈尔普勒克斯
goose	noun	鹅|鵝
goose bump	noun	鸡皮疙瘩
gooseberry	noun	卡賓槍
goosefish	noun	𩸣魚
gopher	noun	华夫饼
gore	noun	血
gorge	noun	strubehoved|咽喉|吃
gorgeous	adjective	壮丽
gorget	noun	嗓子
gorilla	noun	大猩猩
gorse	noun	荆豆
gosh		哎呀
gospel	noun	福音
gospel music	noun	福音音乐
gossip	noun	愛說閒話的人|扯淡
gossiper	noun	愛說閒話的人
gossipy	adjective	愛說閒話的人
got it	verb	光線
gouge	noun	槽
goulash	noun	匈牙利汤
gourd	noun	葫芦
gourmand	noun	狼獾
gout	noun	痛風|痛风
goutte	noun	滴
govern	verb	治理
governance	noun	方向
government	noun	政府
governor	noun	省长
gown	noun	晚礼服|连衣裙
grab	verb	拿|抓住|使固定
graben	noun	地堑 地塹
grace	noun	多谢
grace note	noun	花音
graceful	adjective	优美
gracefully	adverb	典雅
gracefulness	noun	魅力
gracious	adjective	优雅
grade	noun	分数|屈光度|年
grader	noun	平地机
gradin	noun	度
graduate	verb	完成
graduate school	noun	研究生院
graduation	noun	畢業|畢業典禮
graft	noun	圆规|政变|股
grain	noun	粮食
gram	noun	克
grammar	noun	语法|文法|語法
grammatical aspect	noun	方面
grammatical case	noun	格
grammatical mood	noun	模式
gramps	noun	外公
granary	noun	筒倉
grand	adjective	大|托盘
grand duke	noun	大公
grand piano	noun	三角琴
grand unification theory	noun	大统一理论
granddaddy	noun	外公
granddaughter	noun	外孙女
grandee	noun	大
grandfather	noun	爷爷|外公
grandma	noun	奶奶
grandmother	noun	奶奶
grandnephew	noun	侄外孙
grandniece	noun	侄外孙女
grandpa	noun	爷爷
grandparent	noun	外公
grandson	noun	外孙
granite	noun	花崗岩
granny	noun	外婆|老女人
grant	verb	住進
grape	noun	葡萄
grapefruit	noun	葡萄柚|西柚
grapeshot	noun	刷
grapevine	noun	藤|以訛傳訛
graph	noun	图
graph paper	noun	坐标纸
graphic	noun	画
graphic novel	noun	侄女
graphics processing unit	noun	图形处理器
graphite	noun	石墨
graphologist	noun	字相学者
graphology	noun	筆跡學
grappa	noun	白兰地
grapple	noun	摔跤|抓住
grasp	noun	明白|距离|抓住|了解
grasp all, lose all		鸡飞蛋打 雞飛蛋打
grass	noun	草
grass mud horse	noun	草泥马
grasshopper	noun	蚱蜢
grasshopper warbler	noun	黑斑蝗莺
grassland	noun	草地
grater	noun	擦子
gratify	verb	满足
gratitude	noun	感恩
gratuitous	adjective	没用|免費
gratuity	noun	小费
grave	adjective	认真|嚴重|坟墓
grave accent	noun	重音符
gravel	noun	礫石
gravelly	adjective	粗糙
graveness	noun	引力
graveyard	noun	公墓
gravid	adjective	怀
gravitas	noun	意思
gravitation	noun	引力
gravitational	adjective	引力的
gravitational force	noun	引力
graviton	noun	引力子
gravity	noun	引力
gray	adjective	灰色|灰
grayish	adjective	浅灰色
grayling	noun	阴影
grease	noun	脂肪
great	adjective	漂亮|有名|大|好玩儿|棒|元音
great ape	noun	人科
great auk	noun	大海雀
great circle	noun	大圆
great egret	noun	大白鷺
great minds think alike		英雄所见略同
great northern diver	noun	普通潜鸟
great power	noun	超级大国
great spotted woodpecker	noun	大斑啄木鳥
great tit	noun	大山雀
great white shark	noun	大白鲨
great-		曾
great-granddaughter	noun	外曾外孙女
great-grandfather	noun	外曾外祖父
great-grandmother	noun	外曾外祖母
great-grandparent	noun	曾祖父
great-grandson	noun	外曾外孙
great-great-grandfather	noun	外高祖父
great-great-grandmother	noun	外高祖母
great-uncle	noun	伯公
greatcoat	noun	最重要的
greater	adjective	长大的
greater flamingo	noun	大红鹳
greatest common divisor	noun	最大公因数
greatly	adverb	很 hěn 非常
greatness	noun	多少
greave	noun	罢工
greed	noun	貪婪
greedy	adjective	愛財
green	adjective	绿|綠色|绿色
green alga	noun	綠藻
green bean	noun	豆
green light	noun	绿灯
green tea	noun	綠茶 / 绿茶 ǜ chá
green woodpecker	noun	木匠
greenery	noun	绿
greengrocer's	noun	蔬菜店
greenhorn	noun	瘀青
greenhouse	noun	溫室
greenhouse effect	noun	温室效应
greenhouse gas	noun	温室气体
greenlight	verb	绿灯
greensward	noun	草地
greenway	noun	公园
greet	verb	欢迎
greeting	noun	問候
greeting card	noun	贺卡
gregariousness	noun	社交性
grenade	noun	手榴弹
grep	verb	寻找
grey area	noun	灰色地带
grey heron	noun	苍鹭
grey partridge	noun	灰山鶉
grey wolf	noun	狼
greyhound	noun	灰狗
greylag goose	noun	鹅
grid	noun	烤架|枷|互联网
gridiron	noun	烤架
gridlock	noun	交通堵塞
grief	noun	悲伤
grieve	verb	哀悼
grievous	adjective	认真
grievously	adverb	认真
griffin	noun	狮鹫
griffon vulture	noun	西域兀鹫
grift	verb	胸腺
grill	noun	面具|烤架|问
grim	adjective	险恶|刻板的|悲伤
grimace	noun	鬼脸|扮鬼脸
grime	noun	油煙
grind	verb	磨碎
grinder	noun	臼齿|磨子
grip	noun	帮助|抓住
gripe	noun	怨言|绞痛
gristle	noun	软骨
grit	noun	沙|勇氣
gritty	adjective	勇敢的
grizzly bear	noun	灰熊
groan	noun	呻吟声|呵责
grocer	noun	杂货商
grocer's	noun	雜貨店
groceries	noun	食品
grocery	noun	雜貨店
grok	verb	了解
groom	noun	圉人|准备
groove	noun	凹槽|井|跳舞
gross	adjective	努力|总的|子囊|粗|密|簍
gross domestic product	noun	国内生产总值
gross national product	noun	国民生产总值
ground	noun	地|基金会|场|地線|呵责
ground beef	noun	漢堡 (食物)
ground floor	noun	一楼
ground frost	noun	霜|地表霜
groundbreaking	adjective	革命家
grounding	noun	理由
grounds	noun	原因|地域
groundwork	noun	基础
group	noun	帮|聯隊
group of death	noun	死亡之組
grouse	noun	雷鳥 / 雷鸟
grout	noun	粗粒小麦粉
grove	noun	小树林
grovel	verb	爬行
grow	verb	生長|成
grow up	verb	生長
growing	noun	增长
growl	verb	呵责
grown-up	adjective	成人
growth	noun	增长|植物
groyne	noun	防波堤
grub	noun	泥巴|幼虫|打猎
grudge	noun	怨恨
grudging	adjective	适度
gruesome	adjective	可怕
grumble	verb	呵责|嘟囔
grumbler	noun	爱发牢骚的人
guacamole	noun	鳄梨酱
guanaco	noun	原駝
guarana	noun	瓜拿納
guarantee	verb	带来
guard	noun	衛兵|监护人|保护
guard dog	noun	看家狗
guard of honour	noun	儀仗隊|儀隊
guardian	noun	监护人|头目
guardian angel	noun	守护天使
guardianship	noun	保护
guardrail	noun	扶手
guava	noun	番石榴果|番石榴
guberniya	noun	政府
guelder rose	noun	雪球
guess	noun	推测|猜|獲得|假設|记得
guesstimate	noun	大概
guest	noun	客人
guesthouse	noun	抚恤金
guff	noun	奶酪|呼吸
guffaw	noun	笑聲
guidance	noun	指导|方向
guide	verb	導游
guide book	noun	参观 指南
guide dog	noun	导盲犬
guideline	noun	指示的
guild	noun	花束
guilder	noun	弗洛林
guile	noun	騙局|欺騙
guillemet	noun	引号
guillotine	noun	断头台|刀
guilt	noun	罪狀|內疚|悔改
guilty	adjective	有罪
guilty conscience	noun	亏心|內疚|内疚|虧心
guinea pig	noun	受试者
guise	noun	外表
guitar	noun	吉他|六弦琴
guitarfish	noun	中提琴
gulag	noun	古拉格
gules	adjective	紅|紅色
gulf	noun	海湾
gull	noun	海
gullet	noun	食管
gully	noun	困难
gum	noun	齿龈|橡皮|口香糖
gummi	noun	橡胶
gumption	noun	進取心
gun	noun	手槍|大炮|手枪|枪|射
gun dog	noun	猎狗
gun down	verb	射
gunboat	noun	巡邏艦
gunfire	noun	火
gunk	noun	埃
gunner	noun	炮兵
gunpowder	noun	火药
guqin	noun	古琴
gurney	noun	担架
guru	noun	上师
gusle	noun	古斯尔
gust	noun	呼吸|爆炸 [bàozhà]
gustation	noun	味道
gusto	noun	熱心
gut	noun	肠|肚子|频道
gut feeling	noun	预感
guts	noun	肠|胆|心脏
gutsy	adjective	勇敢的
gutta	noun	滴
gutter	noun	運河
gutter oil	noun	地沟油
guv	noun	厨师
guy	noun	仔
gym	noun	健身
gymnasium	noun	健身房
gymnast	noun	体操运动员
gymnastic	adjective	健身
gymnastics	noun	体操
gynaecologist	noun	妇科医生
gynecology	noun	婦科
gypsum	noun	石膏
gyrate	verb	轉動
gyroscope	noun	陀螺儀
habit	noun	习惯|制服
habitat	noun	栖息地|棲息地
habitation	noun	家
habitual	adjective	習慣的
hack	verb	咳嗽
hackathon	noun	编程马拉松
hacker	noun	黑客
hacking	adjective	尖
hackney	adjective	寻常的
had better	verb	不如
haddock	noun	黑線鱈
hadith	noun	聖訓
hadron	noun	强子
haematologist	noun	血液学家
haematology	noun	血学
haemophilia	noun	血友病
haemorrhoids	noun	痔
hafnium	noun	铪
hag	noun	女巫
haggard	adjective	憔悴|枯槁
haggle	verb	討價還價
haha		哈哈
haiku	noun	俳句
hail	noun	冰雹|雹
hail from	verb	來
hailstone	noun	冰雹
hair	noun	毛|头发|发
hair clip	noun	回形針
hair conditioner	noun	润发精华素
hair iron	noun	直发器
hair of the dog	noun	回魂酒
hair roller	noun	捲髮卡子
hair salon	noun	理发店
hair spray	noun	漆
hair tie	noun	橡皮筋
haircut	noun	理发
hairdresser	noun	理发师
hairdryer	noun	吹风机
hairless	adjective	禿
hairpiece	noun	假发
hairstyle	noun	发型 髮型
hairy	adjective	困
hairy-eared dwarf lemur	noun	毛耳鼠狐猴
hake	noun	歐洲無鬚鱈
halal	adjective	清真
halberd	noun	斧槍
halberdier	noun	戍
halcyon	adjective	快乐
half	noun	半
half a dozen		半打
half a loaf is better than none		有胜于无
half dozen	noun	半打
half title	noun	半扉页
half-back	noun	凸透鏡
half-century	noun	半世纪
half-moon	noun	半月
half-plane	noun	半平面
half-year	noun	半年
halfhearted	adjective	软弱
halfwidth	adjective	半形
halibut	noun	大比目鱼
hall	noun	樓道|客厅
hallelujah	noun	哈利路亚
hallmark	noun	考
hallow	noun	圣|花
hallucination	noun	幻想
halo	noun	晕
halogen	noun	卤属
halt	noun	停止|躊躇|停住
halter	noun	笼头
haltere	noun	哑铃
halyard	noun	升降索
ham	noun	火腿
ham-fisted	adjective	拙劣
hamlet	noun	村
hammer	noun	锤子
hammer and sickle	noun	锤子与镰刀
hammer throw	noun	擲鏈球
hammock	noun	吊床
hamper	verb	关
hamster	noun	倉鼠
hand	noun	手
hand down	verb	交出
hand fan	noun	团扇 團扇
hand grenade	noun	手榴弹
hand in	verb	交
hand job	noun	吸管
hand off	verb	交
hand out	verb	分
hand over	verb	呈递|交给
hand towel	noun	洗手巾
hand truck	noun	老虎车
hand-held	adjective	手机
handbag	noun	皮包
handball	noun	手球
handbell	noun	门铃
handbook	noun	课本
handcuff	noun	手銬
handcuffs	noun	手銬
handgun	noun	手槍
handicapped	adjective	残疾人
handicraft	noun	手工艺
handkerchief	noun	手帕
handle	noun	把手|具|梨果|接触|办理
handling	noun	操縱
handout	noun	捐赠
handrail	noun	扶手
hands off	adjective	自由放任
hands up		举起手来
hands-on	adjective	主動
handsome	adjective	好看
handsomeness	noun	美
handstand	noun	松屬
handwriting	noun	文字|字
handwritten	adjective	手抄本
handy	adjective	实用|容易获得的
hang	verb	闲荡|停
hang around	verb	闲荡
hang out	verb	闲荡
hang up	verb	放下
hangar	noun	机库
hangdog	adjective	不好意思
hanger	noun	衣架
hanger-on	noun	卫
hanging	noun	绞刑 絞刑
hangover	noun	宿醉
hangul	noun	谚文
hanja	noun	汉字
hanker	verb	要
hanky-panky	noun	魔法
haphazard	adjective	偶然性
haphazardly	adverb	偶然
happen	verb	发生
happen upon	verb	掉
happenstance	noun	机会
happily	adverb	快乐|僥倖|乐意
happiness	noun	幸福
happy	adjective	快乐
happy easter		圣诞节快乐
happy new year		新年快乐
happy birthday		%E7%94%9F%E6%97%A5%E6%84%89%E5%BF%AB%21
happy ending	noun	大团圆
happy holidays		圣诞节快乐
happy hour	noun	歡樂時光|歡樂時間
haptic	adjective	触觉
hara-kiri	noun	切腹
haram	adjective	哈拉姆
harass	verb	打擾
harassment	noun	烦扰
harbinger	noun	前兆
harbor	noun	棲身之地|口
harbormaster	noun	港务长
harbour porpoise	noun	鼠海豚
hard	adjective	厉害|硬|努力|难|坚硬
hard candy	noun	糖果
hard cider	noun	苹果酒
hard copy	noun	打印
hard disk	noun	硬盘
hard drive	noun	硬盘
hard hat	noun	头盔
hard shoulder	noun	路肩
hard water	noun	硬水
hard work	noun	努力
hard-and-fast	adjective	严格
hard-boiled	adjective	硬
hardcore	adjective	极端|淫秽
hardly	adverb	不大可能|坚硬
hardship	noun	困難
hardware	noun	计算机硬件|硬件|五金店
hardware store	noun	五金店
hardwood	noun	木头
hardworking	adjective	努力
hare	noun	野兔
harem	noun	後宮
harlot	noun	妓女
harlotry	noun	卖淫
harm	noun	惡|邪惡
harmful	adjective	危险
harmonica	noun	口琴
harmonize	verb	使调和
harmony	noun	和声
harness saddle	noun	鞍
harp	noun	竖琴|豎琴
harpoon	noun	魚叉|鱼叉
harpsichord	noun	大鍵琴
harpy	noun	哈耳庇厄
harpy eagle	noun	哈耳庇厄
harridan	noun	母老虎
harrier	noun	鹞
harsh	adjective	坚硬|严格
harshly	adverb	粗糙
hart	noun	鹿
harvest	noun	果|收穫|水果|收获|汤匙
harvest moon	noun	满月
harvest time	noun	收获
harvestman	noun	木匠
hash	noun	井号|设计
hashish	noun	哈希什
hasp	noun	门扣
hassium	noun	𨭆
hassle	noun	悲伤|争吵|惹起
hassock	noun	草皮|垫子
hasten	verb	奔
hastening	noun	加速度
hastily	adverb	急
hasty	adjective	不注意
hat	noun	帽子
hatbrim	noun	帽邊
hatch	verb	出生|孵化
hatchet	noun	斧
hate	verb	恨
hatred	noun	怨恨
hats off		帽子
hatter	noun	帽匠
haughtily	adverb	自豪的
haughtiness	noun	傲慢
haughty	adjective	自豪的
haul	verb	拉
haulm	noun	稻草
haunt	verb	追求
haunted house	noun	鬼屋
have	verb	有
have a laugh	verb	笑
have a nice day		早安
have a seat	verb	坐
have eyes bigger than one's stomach	verb	眼馋肚饱
have it	verb	买
have it in one	verb	会
have second thoughts	verb	犹豫
have sex	verb	幹
have the hots for	verb	过
have to	verb	得
haven	noun	口|棲身之地
havoc	noun	混乱
hawk	noun	隼|猎鹰|卖
hawser	noun	索
hawthorn	noun	山楂
hawthorn berry	noun	之
hay	noun	乾草
hay fever	noun	花粉过敏
haystack	noun	草垛
hazard	noun	危险|机会
haze	noun	霾|浊度|帆|雾
hazelnut	noun	榛子
hazy	adjective	波浪
he-ass	noun	驴
he-wolf	noun	狼
head	adjective	头|頭
head honcho	noun	纸型
head of hair	noun	发
head of household	noun	家长
head over heels	adverb	疯狂的
headache	noun	头疼 頭疼|头痛
headband	noun	头带|带
headbutt	noun	头
header	noun	头|结构楣
heading	noun	书名|海角
headlamp	noun	灯塔
headland	noun	岬
headless	adjective	头
headlight	noun	灯
headline	noun	頭條新聞
headliner	noun	天
headmaster	noun	经理
headphone	noun	耳机
headphones	noun	头盔
headpiece	noun	尖端
headquarters	noun	司令部|总部
heads	noun	头
heads up		注意
heads-up	noun	交叉引用
headset	noun	耳机
headstock	noun	琴头|琴頭
headstrong	adjective	頑固
headteacher	noun	校長
headwaters	noun	来源
headword	noun	入口
heady	adjective	急
heal	verb	办理|(使)愈合, 治愈
heal-all	noun	岩鷚屬
healing	noun	看病
health	noun	健康
health care	noun	医疗
healthful	adjective	健康
healthy	adjective	健康
heap	noun	山|电池
hear	verb	听|听见
hear, hear		看
hearing	noun	聽覺
hearken	verb	偷听
hearsay	noun	传说
hearse	noun	坟墓|灵车
heart	noun	心脏|心臟
heart attack	noun	心肌梗死
heart failure	noun	心力衰竭
heart of gold	noun	有你的心在你的手
heart rate	noun	心搏
heartbeat	noun	心搏
hearten	verb	激励
heartfelt	adjective	真心
hearth	noun	壁炉|坩埚|一月
heartland	noun	中央
hearts	noun	勇气
heartthrob	noun	心跳
hearty	adjective	富的
heat	noun	热
heat capacity	noun	热容
heat stroke	noun	中暑
heat wave	noun	热
heater	noun	大麻烟卷
heathen	adjective	异教|蛮|蛮人
heathenism	noun	異教
heather	noun	帚石楠|丁香紫
heating	noun	暖氣
heave	verb	丟
heaven	noun	天|天堂
heavenly	adjective	天國
heavenly body	noun	天体
heavenly stem	noun	天干
heavens	noun	天
heavy	adjective	重|重的
heavy industry	noun	重工業
heavy metal	noun	重金属
heavy water	noun	重水
heavy-handed	adjective	拙劣|太过
heck	noun	恶魔
hectare	noun	公顷
hectic	adjective	实际上的 (shíjìshangde)
hectometre	noun	粨
hectopascal	noun	百帕
heddle	noun	平滑
hedge	noun	树篱
hedgehog	noun	刺猬|蝟
hedonism	noun	享樂主義
heebie-jeebies	noun	鸡皮疙瘩
heed	noun	注意
heedless	adjective	漫不经心的
heel	noun	腳跟|跟
hefty	adjective	強壯|努力
hegemony	noun	霸權
hehe		哈哈
heifer	noun	金枪鱼
height	noun	个子|高
heir	noun	繼承人
heirloom	noun	遗产
heist	noun	越界果实掉落|盜竊
heliconia	noun	赫蕉
helicopter	noun	直升机 [zhíshēngjī]
heliosphere	noun	太陽圈
helipad	noun	直升机机场
heliport	noun	直升机机场
helium	noun	氦
helix	noun	螺旋
hell	noun	地狱|地獄
hellebore	noun	鐵筷子屬
hellfire	noun	地獄之火
hellish	adjective	可恶的
hello		你好|喂
helm	noun	舵|舵工
helmet	noun	头盔
helminth	noun	chóng
helmsman	noun	舵手
help	noun	救命|幫|帮助|帮
helper	noun	助动词
helpful	adjective	有用
helpless	adjective	無助的
helpmate	noun	同伴
hem	noun	邊界|兰特
hematic	adjective	血液
hematite	noun	赤铁矿
hematoma	noun	血肿
hemicrania	noun	偏頭痛
hemidemisemiquaver	noun	六十四分音符
hemisphere	noun	半球
hemlock	noun	铁杉
hemodialysis	noun	透析
hemodynamics	noun	血流動力學
hemoglobin	noun	血红蛋白
hemorrhage	noun	出血
hemorrhoid	noun	痔
hemostasis	noun	止血
hemp	noun	大麻
hen	noun	母鸡|母雞
hen pigeon	noun	鴿
hence	adverb	因此
hendecagon	noun	十一边形
henhouse	noun	雞舍
henpecked	adjective	老婆当家的
hentaigana	noun	變體假名
heparin	noun	肝素
hepatic	adjective	肝臟
hepatitis	noun	肝炎
heptadecagon	noun	十七边形
heptagon	noun	七角形
heptane	noun	庚烷
her		她的|她
herald	noun	信使
heraldic	adjective	纹章学
heraldry	noun	纹章学
herb	noun	草
herbage	noun	草
herbal tea	noun	花草茶
herbalism	noun	本草学
herd	noun	群|牧师
herdsman	noun	牧师
here	adverb	这里|这儿
here you are		不客氣
heredity	noun	遗传
hereinafter	adverb	以下
heresy	noun	異端
heretofore	adverb	至今
heritage	noun	继承
hermeneutics	noun	解釋學
hermit	noun	隐士
hermit crab	noun	寄居蟹
hernia	noun	疝氣 疝气
hero	verb	英雄
heroin	noun	海洛因
heroine	noun	女主人公
heroism	noun	英雄主义
heron	noun	苍鹭
herpes	noun	疱疹
herpetologist	noun	爬虫学家
herpetology	noun	爬虫两栖类学
herring	noun	青魚
hers		她的
herself		同一
hertz	noun	赫兹
hesitate	verb	犹豫
heterogeneous	adjective	异质
heteropolymer	noun	共聚物
heuristic	adjective	启发式|启发法
heuristics	noun	启发法
hew	verb	切
hex	noun	詛咒|女巫
hexadecagon	noun	十六边形
hexagon	noun	六边形|六邊形
hexagonal	adjective	六角形的
hexahydrocannabihexol	noun	六氢大麻己酚
hexane	noun	己烷
hexene	noun	己烯
hey		你|你好
hi		你好
hiatus	noun	休息|假
hibernal	adjective	冬
hibernate	verb	冬眠
hibernation	noun	冬眠
hic		打嗝
hiccup	noun	打嗝
hiccups	noun	打嗝
hick	noun	乡巴佬
hickey	noun	草莓
hidden	adjective	隐藏的
hide	noun	皮|隐藏
hide and seek	noun	迷藏
hideous	adjective	好看
hierarchy	noun	等級制度
hieroglyph	noun	象形文字
higgledy-piggledy	adjective	混乱
high	adjective	高
high jump	noun	跳高
high school	noun	高級中學
high school student	noun	高中生
high tide	noun	大水
high-class	adjective	de primera clase
high-end	adjective	优雅的
high-grade	adjective	de primera clase
high-handed	adjective	傲慢
high-pitched	adjective	高
high-tension	adjective	高压
highbrow	noun	知識份子
higher education	noun	高等教育
highland	noun	丘
highlight	noun	光|凸显
highlighter	noun	熒光筆
highlights	noun	提要
highly	adverb	很
hight	verb	叫
highway	noun	高速公路
hijack	noun	越界果实掉落
hike	verb	行
hiker	noun	徒步旅行者
hill	noun	小山
hill-fort	noun	丘堡
hillbilly	noun	乡巴佬
hillock	noun	乳头
hillside	noun	裙
hilltop	noun	顶点
hilum	noun	眼睛
him		他的|好
himself		同一
hind	adjective	后|母鹿
hinder	adjective	后|屁股|保持
hindrance	noun	打擾
hinge	noun	鉸鏈|铰链
hinny	noun	欣尼
hint	noun	一点|暗指
hip	adjective	时髦的|水果|臀部
hip bone	noun	髋骨
hip-hop	noun	嘻哈
hippie	noun	嬉皮士
hippocampus	noun	海马体
hippodrome	noun	賽馬場
hippogriff	noun	骏鹰
hippopotamus	noun	河马|河馬
hiragana	noun	平假名
hircine	adjective	山羊
hire	noun	工作|租金|租|雇傭
his		他的|是
hiss	noun	耳語|吹口哨
histamine	noun	組織胺
histidine	noun	組氨酸
histology	noun	组织学
historian	noun	历史学家
historic	adjective	历史
historical	adjective	历史
historiography	noun	史学史
history	noun	历史|歷史
hit	noun	政变|袭击|答案|契約|击|打擊
hit it off	verb	交朋友
hit on	verb	掉
hit point	noun	生命值
hit the hay	verb	上床
hit the roof	verb	气得发狂
hit-by-pitch	noun	觸身球
hitch	noun	措施|問題
hither	adverb	这里
hitherto	adverb	至今
ho	noun	妓女|屄
ho, ho, ho		嚯，嚯，嚯|霍，霍，霍
hoar frost	noun	熟的
hoard	noun	珍宝|累
hoary	adjective	白色
hoatzin	noun	麝雉
hoax	noun	騙局
hob	noun	盔甲
hobby	noun	爱好
hobgoblin	noun	高扁
hobo	noun	乞丐|季节性的
hock	noun	腘
hockey	noun	曲棍球
hodiernal	adjective	當代
hoe	noun	鋤|锄
hog	noun	猪|吸
hoi polloi	noun	数
hoist	noun	(军队建制)排|举
hokey	adjective	骗子
hold	verb	获得|夹住
hold off	verb	保持|放下
hold on	verb	等待
hold one's horses	verb	等待
hold out	verb	保持|候
hold up	verb	候
hole	noun	孔
hole in one	noun	一杆进洞 一桿進洞
hole punch	noun	打孔机
holiday	noun	节日|假期|假日
holiday season	noun	假期
holidays	noun	假期
holism	noun	整全觀
holler	verb	叫喊
hollow	adjective	干|耳聋|穆尔德河
hollow leg	noun	豪饮
holmium	noun	钬|鈥
holoblastic	adjective	全部
holotype	noun	主模式
holy	adjective	圣
holy shit		聖體
holy war	noun	圣战
holy water	noun	圣水
holystone	noun	浮岩
home	adverb	家|壁爐|故乡
home country	noun	故乡
home page	noun	主頁
home plate	noun	大理岩
home run	noun	全壘打 全垒打
home stretch	noun	droite
homebody	noun	宅女
homecoming	noun	回國
homeland	noun	故乡
homeless	noun	流浪者
homemade	adjective	在家
homemaker	noun	家庭主妇
homeopathy	noun	顺势疗法
homesickness	noun	思鄉病
homespun	adjective	便宜
homestead	noun	家
hometown	noun	故乡
homework	noun	作业
homicide	noun	殺人|兇手|牺牲
homie	noun	伴侶
hominid	noun	人科
homo	noun	同志|均脂牛奶
homogeneous	adjective	同类的
homoglyph	noun	同形字
homograph	noun	同音异义词
homophobia	noun	同性恋恐惧症
homophone	noun	同音
homophony	noun	主音音樂
homosexual	adjective	同性恋|同性戀的
homosexuality	noun	同性恋|同性戀
homosociality	noun	同性友爱
hone	verb	削尖
honest	adjective	誠實
honesty	noun	誠實
honesty is the best policy		诚实为上策
honey	noun	蜂蜜|蜜
honey badger	noun	蜜獾
honey bee	noun	蜜蜂
honeycomb	noun	片
honeydew	noun	树蜜
honeymoon	noun	蜜月
honeysuckle	noun	忍冬
honk	noun	喇叭|按喇叭
honor	noun	你好|традиционен-榮譽/опростен-荣誉|荣誉
honorific	noun	敬辞
hood	noun	引擎蓋|風帽|学士学位
hoodie	noun	跳水员
hoodlum	noun	土匪
hoodwink	verb	有
hoof	noun	蹄
hook	noun	符尾
hook up	verb	接
hookah	noun	水煙
hoop	noun	带
hoopoe	noun	戴勝
hoot	verb	讽刺
hooter	noun	喇叭
hop	noun	蛇麻草|跳|跳房子
hope	noun	希望
hopefully	adverb	但願
hopeless	adjective	无希望的
hopper	noun	漏斗
hopscotch	noun	跳房子
horde	noun	部队
horizon	noun	地平線|地平线
horizontal	adjective	水平
horizontal bar	noun	單槓
horizontally	adverb	水平
hormone	noun	激素
horn	noun	角|法國號
hornbeam	noun	鹅耳枥
horned owl	noun	猫头鹰
hornet	noun	大黃蜂
hornfels	noun	角岩
horny	adjective	欲火焚身
horrible	adjective	可怕
horrid	adjective	讨厌的
horrific	adjective	可怕
horror	noun	恐怖
horror movie	noun	恐怖片
hors d'oeuvre	noun	无
horse	noun	马|馬
horse chestnut	noun	栗
horsefly	noun	虻
horsehead	noun	馬頭
horseling	noun	矮種馬
horseman	noun	骑士
horsemeat	noun	馬肉
horsepower	noun	馬力
horseradish	noun	辣根
horseshoe	noun	马蹄铁
horseshoe crab	noun	鱟魚
horsy	adjective	馬
horticulture	noun	園藝
hose	noun	軟管
hose clamp	noun	项链
hose down	verb	凉快
hospital	noun	医院|醫院
hospitality	noun	款待|服务
hospitalize	verb	醫院
host	noun	聖體
hostage	noun	人质|人質
hostel	noun	客店
hostess	noun	女主人
hosting	noun	住處
hostler	noun	圉人
hot	adjective	热
hot air	noun	风
hot chocolate	noun	热巧克力
hot dog	noun	面包(Simplificado)|香肠|热狗
hot flush	noun	潮热
hot potato	noun	燙手山芋
hot water	noun	問題
hot water bottle	noun	汤婆子
hot-air balloon	noun	热气球
hotbed	noun	住所
hotel	noun	酒店|宾馆
hotfoot	verb	跑
hotshot	noun	機器
hottie	noun	气雾剂
hound	noun	猎狗
hour	noun	小时|小時
hour hand	noun	小針
hourglass	noun	沙漏
house	noun	房子|房屋
house martin	noun	燕科
house mouse	noun	小家鼠
house sparrow	noun	麻雀
housecloth	noun	抹布
household	noun	家庭
household appliance	noun	家用电器
househusband	noun	东
housekeeper	noun	家庭主婦
housemaid	noun	女佣
housewarming	noun	乔迁宴
housewife	noun	家庭主妇
housing	verb	住處|房子
housing estate	noun	住宅区
hover	verb	犹豫|移动
hovercraft	noun	氣墊船
how	adverb	如何|怎么|怎样
how are you		你好吗
how come	adverb	真
how do you do		你好
how many		几
how much		几
how's it going		你好吗
howbeit	adverb	然而
however	adverb	不过
howitzer	noun	榴弹炮
howl	verb	吼
hub	noun	子弹|中心|开关|木釘|方向
hubby	noun	古
hubris	noun	傲慢
huckleberry	noun	嬰兒
hue	noun	色
hug	noun	擁抱|拥抱
huge	adjective	庞大的
huggable	adjective	软
huh		嗯|什么|吗
hulijing	noun	狐狸精
hull	noun	軀幹
hullabaloo	noun	剧场
hum	verb	哼唱
human	noun	人
human being	noun	人
human body	noun	人體|軀
human resource management	noun	人力资源管理
human right	noun	人权
human rights	noun	人权
human shield	noun	人盾
human trafficking	noun	人口贩运
humanism	noun	人文主义
humanity	noun	人类
humanization	noun	人性化
humanoid	adjective	類人類
humble	adjective	謙卑|羞辱
humbug	noun	无籁
humdrum	noun	单调
humerus	noun	肱骨
humid	adjective	湿
humidity	noun	濕度|湿度
humiliate	verb	羞辱
humiliation	noun	羞辱
humility	noun	謙卑
hummingbird	noun	蜂鸟|蜂鳥
hummus	noun	鹰嘴豆泥
humongous	adjective	不錯
humoresque	noun	幽默曲
humorist	noun	喜剧演员
humorous	adjective	好玩
humour	noun	幽默|汁
hump	noun	驼背|笨蛋|吻
humpback	noun	肿大|驼
humpbacked	adjective	驼
humus	noun	腐殖质
hunch	noun	预感|丘
hunchback	noun	驼
hundred		百|一百
hundred thousand		十万
hundredfold	adjective	百倍的
hundredth	adjective	分之
hung	adjective	软弱
hunger	noun	飢餓|渴望|餓
hungry	adjective	饿
hunk	noun	块
hunker	verb	蹲
hunt	noun	狩猎|狩獵|打獵
hunter	noun	獵人|猎狗
hunter-gatherer	noun	狩猎收集者
hunting	noun	狩猎
hunting dog	noun	猎狗
hurdle	noun	跨欄
hurdy-gurdy	noun	手风琴
hurrah	noun	万岁
hurricane	noun	飓风|颶風
hurriedly	adverb	急
hurry	verb	急
hurt	verb	擊傷|疼
husband	noun	丈夫|老公
husband and wife	noun	夫婦
husbandry	noun	农业
hush	noun	沉默
hush money	noun	贿赂
husk	noun	貝
hussy	noun	妓女
hustle and bustle	noun	传说
hustler	noun	牛郎
hut	noun	棚屋
hutch	noun	犬
hyacinth	noun	红锆石
hyacinth bean	noun	扁豆
hyaluronic acid	noun	玻尿酸
hybridization	noun	杂交
hydrangea	noun	绣球花
hydrargyrum	noun	汞
hydrocarbon	noun	烃|烴
hydrochloric acid	noun	盐酸
hydrocyanic acid	noun	氰化氢
hydrofoil	noun	英语
hydrogen	noun	氢|氫
hydrogen bomb	noun	氢弹
hydrogen peroxide	noun	过氧化氢
hydrogen sulfide	noun	硫化氢
hydrographic	adjective	水道学的
hydrography	noun	水文地理学
hydrology	noun	水文学
hydrophobia	noun	恐水症
hydroponics	noun	水栽培
hydropower	noun	水力资源
hydrosphere	noun	水圈
hydroxide	noun	氫氧化物
hydroxychloroquine	noun	氢氧奎宁
hydroxyl	noun	羟
hyena	noun	鬣狗|土狼
hygiene	noun	卫生
hygrometer	noun	湿度计|濕度計
hygroscopy	noun	潮解
hymen	noun	處女膜
hymn	noun	圣歌
hyoid bone	noun	舌骨
hyper-		过
hyperbola	noun	双曲线
hyperbole	noun	双曲线
hypercapnia	noun	高碳酸血症
hyperlink	verb	扎
hypernym	noun	上位詞
hyperon	noun	超子
hyperplane	noun	超平面
hypertension	noun	高壓
hypertext	noun	超文本
hyperthermia	noun	中暑
hyphen	noun	连接号
hypnosis	noun	催眠
hypnotism	noun	催眠术
hypocapnia	noun	低二氧化碳血症
hypocorism	noun	昵称
hypocoristic	adjective	昵称
hypocrite	noun	伪善者
hypocritical	adjective	伪善者
hypocycloid	noun	内摆线
hypoglycemia	noun	低血糖
hypokalemia	noun	低鉀血症
hypophysis	noun	腦下垂體
hyposecretion	noun	分沁过少
hypotension	noun	低血压
hypotenuse	noun	弦|斜边|斜邊
hypothalamus	noun	下丘脑
hypothermia	noun	体温过低|失温症|失溫症|體溫過低
hypothesis	noun	假设
hypothesize	verb	假设
hypotrochoid	noun	内旋轮线
hysterectomy	noun	子宮切除術
hysterical	adjective	歇斯底里的
háček	noun	椽
i.e.	adverb	换句话说
iamb	noun	抑揚格
ibex	noun	羱羊
ibis	noun	䴉
ibuprofen	noun	布洛芬
ice	noun	冰
ice cream	noun	冰淇淋
ice cream maker	noun	冰川
ice cream parlor	noun	冰川
ice cream vendor	noun	冰川
ice cube	noun	冰
ice dancing	noun	冰舞
ice hockey	noun	冰球
ice rink	noun	溜冰場
ice skating	noun	冰鞋
ice swimmer	noun	海象
ice wine	noun	冰酒
ice-cold	adjective	冷
ice-skate	verb	溜冰
iceberg	noun	冰山
icebreaker	noun	破冰船
iced coffee	noun	冰咖啡
iced tea	noun	冰茶
icehouse	noun	冰窖
iceman	noun	刺客
ichthyology	noun	魚類學 鱼类学
ichthyosaur	noun	鱼龙
icicle	noun	冰柱
icing on the cake	noun	点睛之笔
icon	noun	字|圣像
iconoclasm	noun	圣像的破坏
iconoclast	noun	反传统
iconoclastic	adjective	反传统
icosagon	noun	二十边形
icosidodecahedron	noun	截半二十面体
icy	adjective	冰
idea	noun	主意
ideal	adjective	理想
ideal gas	noun	理想气体
idealism	noun	唯心主義
identical	adjective	连
identitarianism	noun	身份主义
identity	noun	個性
identity card	noun	身分證
identity theft	noun	身份盜竊
ideogram	noun	表意文字|意符
ideology	noun	意識形態
idiocy	noun	白痴
idiom	noun	方言
idiophone	noun	体鸣乐器
idiosyncrasy	noun	乖僻
idiosyncratic	adjective	单数
idiot	noun	傻子
idiotic	adjective	低能|傻子
idioticon	noun	术语表
idle	adjective	游手好闲|惰|空閑
idler	noun	惰
idolatry	noun	偶像崇拜
if		如果|要是
if ever there was one		过
if only		但是
if the shoe fits, wear it		對號入座
iffy	adjective	泡泡
igloo	noun	冰屋
igneous rock	noun	岩浆岩|火成岩
ignite	verb	點火
ignition	noun	出发
ignoble	adjective	粗暴
ignominy	noun	屈辱
ignorance	noun	無知
ignorant	adjective	懵
ignore	verb	不問
ignosticism	noun	漠视主义
iguana	noun	鬣蜥
ikebana	noun	插花
ileum	noun	回肠
ilium	noun	髂骨
ill	adjective	病人|不好|难受|难题
ill-gotten gains	noun	不義之財
ill-gotten gains never prosper		不义之财从来没有利润
ill-mannered	adjective	无修养的
illegal	adjective	黑
illegal immigration	noun	非法移民
illegally	adverb	不正当的
illegitimate	adjective	不正当的
illite	noun	伊利石
illiteracy	noun	文盲
illiterate	noun	文盲
illness	noun	病|疾病
illogical	adjective	杂乱无章 雜亂無章
illusion	noun	幻覺
illustrate	verb	做插图
illustration	noun	插画
illustrator	noun	插圖畫家
illustrious	adjective	漂亮
image	noun	图像|画
imaginary	adjective	虛擬
imaginary axis	noun	虚轴
imaginary number	noun	虚数
imaginary unit	noun	虚数单位
imagination	noun	想像力
imagine	verb	想像
imam	noun	阿訇
imbecile	noun	傻子|二百五, 傻瓜, 痴子
imbibe	verb	喝
imbroglio	noun	棘手的問題
imitate	verb	模擬
imitation	noun	模仿
imitator	noun	鹉
immaculate	adjective	無瑕疵的
immanent	adjective	坚持的
immature	adjective	不 成熟 的
immeasurable	adjective	不錯
immediately	adverb	立刻
immense	adjective	廣大|精彩
immigrate	verb	入境
immigration	noun	移民
imminent	adjective	近
immobilize	verb	作
immolate	verb	自焚
immolation	noun	牺牲
immoral	adjective	不道德
immortal	adjective	不朽的|不朽
immortality	noun	不朽
immunology	noun	免疫学
imp	noun	高扁
impact	noun	冲击|印刷
impair	verb	减弱
impairment	noun	阻礙
impala	noun	高角羚
impalement	noun	穿刺
impart	verb	交给|交
impasse	noun	欠行
impeachment	noun	弹劾
impedance	noun	阻抗
impede	verb	阻礙
impediment	noun	障礙
imperative	adjective	本质|祈使語氣
imperative mood	noun	命令式
imperfect	adjective	不完善|未完成時
imperial	adjective	王室的
imperialism	noun	帝国主义
imperil	verb	威胁|威脅
impersonate	verb	模擬
impertinent	adjective	放肆|不宜
impetigo	noun	小脓庖疹
impetuous	adjective	残忍的
impetus	noun	动量|衝力
implacable	adjective	固执
implement	noun	具|贯彻；实行；执行
implication	noun	意思
implicature	noun	含意
implicit	adjective	不言明的|隐含|隱含|內含|内含|固有
implosion	noun	爆炸 [bàozhà]
imply	verb	暗示
impolite	adjective	粗暴
impoliteness	noun	無禮
import	noun	進口|有關係
importance	noun	重要
important	adjective	重要
impose	verb	强加
imposing	adjective	有聲有色 有声有色
imposition	noun	烦扰
impossibility	noun	伟业
impossible	adjective	不行
impound	verb	没收
impoverish	verb	穷
imprecation	noun	詛咒
impregnable	adjective	不能攻占的
impregnate	verb	渗透
impregnation	noun	受精
impress	verb	固定
impressed	adjective	印象​深刻
impressionism	noun	印象派
impressive	adjective	有聲有色 有声有色
imprint	noun	熊|印章
imprison	verb	关押
imprisonment	noun	徒刑
impromptu	adjective	自发
improper	adjective	虚假
improper fraction	noun	假分數
improve	verb	改
improvisation	noun	即兴
impudence	noun	无耻
impudent	adjective	放肆
impugn	verb	攻擊
impulse	noun	衝動
in	adjective	在|裡邊|内|入口|中
in a nutshell	adverb	总而言之
in a word		总而言之
in addition	adverb	而且
in agreement		一致
in between		在…之間
in case		万一
in charge	adjective	负责
in cold blood		殘毒
in common		卑鄙
in effect	adjective	有效
in fact		其實
in favor of		以前
in focus		銳利
in for a penny, in for a pound		一不做，二不休
in front of		面前
in full		满
in general	adverb	一般
in kind	adverb	一样
in lieu	adverb	代替
in lieu of		改
in line	adjective	合适
in love		恋人
in one piece		平安
in one's own right		自己的
in order that		以便
in order to		以便
in other words		换句话说
in particular		尤其
in person		亲自
in place of		代替
in respect of		关于
in short		总而言之
in so many words		短信
in spite of		尽管
in stitches		笑死
in summary		总而言之
in that case	adverb	那
in the end		最后
in the face of		面前
in the first place		原则上
in the flesh		亲自
in the future		未来
in the land of the blind, the one-eyed man is king		山中無老虎，猴子稱大王
in the long run		長久
in the midst of		里头
in the nick of time		即时的
in the wake of		后
in the way		困扰
in the way of		能够
in three days	adverb	大后天
in tune		公平
in vain	adverb	无益
in-		不
in-home	adjective	在家
inability	noun	无才
inadequate	adjective	不够
inadmissible	adjective	不行
inane	adjective	徒劳的
inarticulate	adjective	无言的
inasmuch as		根据...的程度
inaugurate	verb	授予
inauguration	noun	就職典禮
incalculable	adjective	不测
incantation	noun	咒文|咒语
incapacity	noun	无才
incarcerate	verb	使固定
incautious	adjective	漫不经心的
incel	noun	非自願獨身
incense	noun	香
incense boat	noun	梭子
incentive	noun	动机|奖金
incest	noun	近親性交
inch	noun	英寸
incident	noun	事件
incidental	adjective	偶然
incidentally	adverb	偶然|对了
incinerate	verb	烧
incineration	noun	灼傷
incisor	noun	切牙
incivil	adjective	粗暴
inclination	noun	鞠躬
include	verb	包括|介绍
income	noun	回火
income tax	noun	入息税
incoming	adjective	下
incomparable	adjective	無雙
incomprehensible	adjective	不可理解的
inconsiderate	adjective	无情
incontestable	adjective	indisputable, inobjetable
inconvenient	adjective	不方便之处
incorrect	adjective	不对
increase	noun	增长|增加
increasingly	adverb	越来越
incredible	adjective	不可思議|奇妙
incubate	verb	孵化
incubation	noun	孵化|潜伏
incubation period	noun	潛伏期
incubator	noun	孵化器
incubus	noun	梦魇|十字
incur	verb	被
indecency	noun	无礼
indecent	adjective	下流
indecision	noun	优柔寡断
indeed	adverb	诚然|真的
indefensible	adjective	不行
indefinite	adjective	含糊 的
indefinite article	noun	不定冠词
indemnification	noun	补偿
indemnify	verb	赔偿
indemnity	noun	补偿
indentation	noun	段
independence	noun	独立|獨立
independent	adjective	自主
independent city	noun	城市
independently	adverb	自主​的
indeterminism	noun	非決定論
index	noun	索引
indicate	verb	表示|出来
indication	noun	符号
indicative	adjective	已然語氣
indicative mood	noun	已然語氣
indicator	noun	方向燈
indict	verb	告知收到
indifference	noun	冷漠
indifferent	adjective	冷漠
indigenous	adjective	在地的
indigent	adjective	可怜
indigestible	adjective	努力
indignation	noun	义愤
indigo	adjective	木藍
indigo bunting	noun	大臣
indirect	adjective	间接
indiscreet	adjective	不注意
indisputable	adjective	indisputable, inobjetable
indium	noun	銦|铟
individual	adjective	个人 的|单位
individualism	noun	个人主义
indoctrinate	verb	洗腦
indole	noun	吲哚
indolent	adjective	懶散的
indoors	adverb	内
inductance	noun	电感
induction	noun	归纳法
inductor	noun	电感
indulge	verb	娇惯
indulgence	noun	气量|兴趣
industrial	adjective	产业
industrialism	noun	工业主义
industrious	adjective	勤劳
industry	noun	产业|工业
inebriation	noun	醉态
ineffable	adjective	禁忌
ineffectual	adjective	徒劳的|力不胜任
inefficient	adjective	无效的
ineluctable	adjective	不可避免的
inept	adjective	力不胜任
ineptitude	noun	无才
inequality	noun	不平等|不等式
inertia	noun	惯性
inertness	noun	惯性
inessive	noun	內格
inexpensive	adjective	便宜
inexplicable	adjective	說明
inexpugnable	adjective	不能攻占的
infallibility	noun	无错误
infallible	adjective	无错误
infamous	adjective	卑鄙
infant	noun	嬰兒|男孩
infanticide	noun	殺嬰
infantry	noun	步兵
infantryman	noun	步兵
infatuation	noun	激情
infeasible	adjective	不行
infect	verb	傳染
infection	noun	感染
infectious disease	noun	傳染病
infelicitous	adjective	左
infer	verb	推斷
inference	noun	推理
inferior	adjective	子
infernal	adjective	可恶的
inferno	noun	地狱|地獄
infertile	adjective	不孕
infimum	noun	下确界
infinite	adjective	无限
infinitely	adverb	无限制
infinitive	noun	不定式
infinity	noun	无限
infirmary	noun	医院
inflame	verb	点燃
inflammable	adjective	可燃
inflammation	noun	炎症
inflatable	adjective	氣動力學
inflate	verb	吹
inflation	noun	通货膨胀
inflectable	adjective	不一样
inflected	adjective	不一样
inflection	noun	词形变化|海湾
inflexible	adjective	刚
inflorescence	noun	花序
influence	noun	影響
influencer	noun	影响因子
influenza	noun	流行性感冒 liúxíngxìnggǎnmào
inform	verb	通知
informal	adjective	非正式|使魔
informant	noun	間諜
informatics	noun	計算機科學
information	noun	信息
information society	noun	資訊社會
information system	noun	信息系统
information technology	noun	计算机科学
infra-		小於
infrared	adjective	红外线|熱線
infrasound	noun	次声波
infrastructure	noun	基础设施
infrequent	adjective	很少
infructescence	noun	受精
ingrained	adjective	根深蒂固的
ingratiating	adjective	伪善者
ingredient	noun	成份
ingress	noun	入口
inhabit	verb	住|办
inhabitant	noun	居民
inhale	verb	希望
inherent	adjective	固有的
inherit	verb	繼承|继承
inheritance	noun	遺產|继承
inhibitor	noun	抑制剂
inhumation	noun	葬礼
inimical	adjective	敌对
initial	adjective	先
initialism	noun	首字母縮寫詞
inject	verb	注射
injection	noun	注射
injunction	noun	禁止
injure	verb	擊傷
injury	noun	傷口
ink	noun	墨水|墨
inkhorn	noun	卖弄学问的人
inkling	noun	嫌疑|猜想
inkwell	noun	墨水池
inlay	noun	色键|填充
inlet	noun	小海湾
innate	adjective	自己的
inner city	noun	中心
inner ear	noun	内耳
inner tube	noun	肠
inning	noun	入口
innocent	adjective	無猜
innocuous	adjective	無害的
innominate	adjective	无名的
innovate	verb	創新
innovation	noun	創新
inoculation	noun	疫苗接種
inorganic	adjective	无机
inorganic chemistry	noun	无机化学
input	noun	份|进入|介绍
inquiry	noun	查讯|检查
inquisitiveness	noun	好奇
insane	adjective	疯狂的
insanity	noun	狂
inscribe	verb	写
inscription	noun	传奇
inscrutable	adjective	不可理解的
insect	noun	昆虫
insecticidal	adjective	殺蟲劑
insecticide	noun	杀虫剂
insemination	noun	受精
insert	noun	插画|倒扑|影射
inside	adverb	其中|裡邊
inside joke	noun	私人笑話
insider trading	noun	內線交易
insight	noun	知覺
insinuate	verb	影射
insipid	adjective	淡
insist	verb	坚持
insofar as		根据...的程度
insolence	noun	无耻
insolvency	noun	无力偿还
insomnia	noun	失眠
inspection	noun	检查
inspiration	noun	鼓舞|呼吸|灵感
installment	noun	事件
instance	noun	例子|便宜
instant	adjective	紧急|现在|即时的
instant coffee	noun	即溶咖啡
instant noodle	noun	方便面
instantaneous	adjective	现在
instantaneously	adverb	现在
instantly	adverb	直接
instar	noun	幼虫
instead	adverb	改
instead of		代替
instep	noun	跖骨
instinct	noun	本能
instinctively	adverb	本能
institute	noun	学院
institution	noun	单位
instruct	verb	教
instruction	noun	指令
instructor	noun	老师
instrument	noun	中國|乐器|工具
instrumentality	noun	帮助
instrumentalize	verb	利用
insufficiency	noun	缺乏
insufficient	adjective	不够
insufficiently	adverb	不够
insular	adjective	岛|偶见的
insulin	noun	胰岛素
insult	noun	侮辱
insurance	noun	保險
insurgency	noun	反抗
insurgent	noun	叛逆者
insurrection	noun	作乱
intact	adjective	举
intake	noun	壩
intangible	adjective	含糊 的
integer	noun	整数
integral	adjective	积分|整数
integrase	noun	整合酶
integrated circuit	noun	积体电路
intellectual	adjective	知识|知识分子
intellectual property	noun	知识产权
intelligence	noun	智力|心智
intelligence agency	noun	情报局
intelligence quotient	noun	智商
intelligent	adjective	聪颖
intelligentsia	noun	知識分子
intelligible	adjective	明白
intend	verb	去
intense	adjective	劇烈
intensity	noun	強度
intensiveness	noun	強度
intent	noun	意图
intention	noun	意向
intentional	adjective	故意
intentional walk	noun	敬而遠之
intentionally	adverb	故意
inter	verb	掩埋
inter alia	adverb	等
interactive	adjective	互动
interchange	noun	高速路路口|路口
intercourse	noun	会话|传播学|性
interdict	verb	禁止
interest	noun	利息
interest rate	noun	利息
interesting	adjective	有趣
interface	noun	交
interfere	verb	扰乱
interference	noun	干涉
interferon	noun	干扰素
interglacial	adjective	間冰期的|間冰期
intergovernmental	adjective	政府间
interim	noun	區間
interjection	noun	感叹词
interleukin	noun	白細胞介素
intermediary	adjective	中级
intermediate	adjective	中级
interment	noun	葬礼
intermission	noun	停顿
intermittent	adjective	散乱
intermix	verb	混
intern	noun	实习生
international	adjective	国际
international community	noun	国际社会
international law	noun	国际法
international organization	noun	国际组织
international unit	noun	国际单位
internaut	noun	网友
internecine	adjective	肠
interphase	noun	間期
interpret	verb	传译
interpretation	noun	传译
interpreter	noun	口譯員
interrogate	verb	问
interrogation	noun	检查
interrogative	noun	問題
interrupt	verb	打斷
interruption	noun	休息
intersection	noun	交集
interstate	noun	州际公路
interstitial	adjective	在…之間
intertidal zone	noun	潮間帶
interval	noun	音程
intervene	verb	进入|发生
intervention	noun	干涉|干預
intervertebral disc	noun	椎间盘
interview	noun	采访
intestinal	adjective	肠的
intestine	noun	肠
intimate	adjective	近|人的
into		进|到|在|上边
intonation	noun	语调
intoxicated	adjective	醉
intractable	adjective	顽固的
intransitive verb	noun	不及物动词
intrepid	adjective	勇敢的
intricacy	noun	困難
intricate	adjective	复杂
intrigue	noun	诡计|安排
introduce	verb	介紹|導入
introduction	noun	介绍|顯示|引子
intron	noun	内含子
introversion	noun	内向
introverted	adjective	内向
inundation	noun	洪水
inure	verb	上癮
invade	verb	侵權
invader	noun	侵略者
invaluable	adjective	不錯
invariable	adjective	常|不变
invasion	noun	侵占
inveigh	verb	貶
invent	verb	發明
invention	noun	發明
inventor	noun	发明者
inventory	noun	存貨
inverse	adjective	倒数
inversion	noun	转位
invert	verb	反转
invertebrate	adjective	无脊椎动物
invest	verb	投資|授予
investigate	verb	調查
investigation	noun	调查
investigator	noun	研究员
investment	noun	投资|投資
invigorate	verb	加强
invincibility	noun	不敗
invincible	adjective	不败
inviolable	adjective	碰不得
invisible	adjective	无形
invisibly	adverb	无形
invitation	noun	帖
invite	noun	邀请|请|邀請
invoice	noun	发票|开​账单
involution	noun	內卷|對合|退化
invulnerable	adjective	冷酷无情
iodine	noun	碘
ion	noun	离子
ion channel	noun	离子通道
ionic bond	noun	离子键
ionization	noun	电离
ionize	verb	使电离
ionosphere	noun	电离层
iota	noun	约塔
ir-		不
irascible	adjective	暴躁
ire	noun	忿怒
iridium	noun	铱|銥
iris	noun	虹膜
irksome	adjective	不愉快
iron	adjective	鐵|铁
iron ore	noun	铁矿
ironclad	adjective	混凝土
ironer	noun	熨烫器
ironworks	noun	铁工厂
irony	noun	反語
irrational	adjective	无理数, 無理數
irrational number	noun	无理数
irrefragable	adjective	indisputable, inobjetable
irregular	adjective	无常
irrelevant	adjective	无关的
irrespective	adjective	自主​的
irresponsible	adjective	不负责任
irreverence	noun	無禮
irrigation	noun	灌溉
irritable bowel syndrome	noun	大腸急躁症
irritate	verb	生气
isatin	noun	靛红
island	noun	島|岛
islander	noun	岛民
isn't	verb	不
isn't it so		不
isogamy	noun	配子同型
isogloss	noun	同言線
isolate	noun	偶见的
isolated	adjective	偶见的
isomer	noun	异构
isomorphism	noun	同构
isosceles	adjective	等腰
isosceles triangle	noun	等腰三角形
isotonicity	noun	等張
isotope	noun	同位素
issuance	noun	发射
issue	noun	出口|发射|号|水果|分数|問題|出
isthmus	noun	地峡
it can't be helped		不得已
it never rains but it pours		祸不单行
it's all greek to me		一无所知
it's an emergency		紧急
it's an ill wind that blows nobody any good		塞翁失马，焉知非福
it's nothing		不客气
it's raining		下雨
italicize	verb	靠
itch	noun	痒(癢)|想要
itchy	adjective	痒
item	noun	[[#|物件|分数
its		是|它的
itself		个人
ivory	noun	象牙
ivy	noun	常春藤
izakaya	noun	居酒屋
jab	noun	黑桃|戳
jabiru	noun	裸頸鸛
jacaranda	noun	蓝花楹属
jacinth	noun	红锆石
jack shit	noun	祖赫語
jack-ball	noun	小
jackal	noun	胡狼
jackalope	noun	鹿角兔
jackass	noun	蠢驴
jackdaw	noun	寒鸦
jacket	noun	夾克|毯子
jackfruit	noun	波罗蜜
jackhammer	noun	手提式气钻
jackpot	noun	蛋糕|胖
jackrabbit	noun	野兔
jade	noun	玉
jaded	adjective	累坏
jadeite	noun	玉
jag	noun	牙齒
jaguar	noun	美洲豹
jail	noun	监狱
jailbait	noun	萝莉
jailer	noun	鵪鶉
jalopy	noun	口弦
jam	noun	果醬
jam session	noun	果酱
janitor	noun	禮賓部
jar	noun	罐|坛子|争吵
jargon	noun	俚語|行话
jargoon	noun	行話
jasmine	noun	茉莉
jasper	noun	賈斯珀
jaundice	noun	黄疸
javelin	noun	标枪|標槍
jaw	noun	顎|嚼子
jawan	noun	军人
jawbone	noun	下颌骨|腭
jazz	noun	爵士|爵士乐
jealous	adjective	吃醋的|妒忌
jealousy	noun	羨慕|嫉妒
jeans	noun	牛仔裤
jebel	noun	丘
jeer	verb	嘲笑
jejunum	noun	空腸
jelly	noun	果凍|果酱
jellyfish	noun	水母
jeon	noun	约翰 約翰
jeopardize	verb	威脅
jeopardy	noun	危险
jequirity	noun	相思子
jerk	noun	口袋|笨蛋
jerk off	verb	打炮
jerkin	noun	背心
jerrycan	noun	骗子
jest	noun	玩笑|开玩笑
jester	noun	小丑
jet	noun	射流|節
jet bridge	noun	手指
jet lag	noun	时差
jet plane	noun	喷射机
jet-black	noun	瑿
jewel	noun	宝石|首饰|石
jewel box	noun	珠宝商
jeweler	noun	珠宝商
jewellery	noun	首饰
jewelry box	noun	珠宝商
jianbing	noun	仙貝 仙贝
jiangshi	noun	僵尸
jiaozi	noun	饺子
jib	noun	雪花
jiffy	noun	即时的
jig	noun	吉格舞|模型
jigger	noun	手指
jiggle	verb	搖晃
jiggle physics	noun	乳搖
jigsaw puzzle	noun	猜謎游戲
jihad	noun	圣战
jilt	verb	離開
jimsonweed	noun	曼陀罗花
jingoism	noun	黩武主义
jinx	noun	詛咒
jitter	noun	顫抖|吉格舞
jittery	adjective	銳利
jizz	noun	奶|来
jockstrap	noun	护身三角绷带
jocular	adjective	好玩
joe	noun	咖啡
joey	noun	小袋鼠
jog	verb	跑
join	noun	聯盟|加|接|参加
joiner	noun	木匠
joint	adjective	一起|关节|组合|國際象棋|巴|大麻烟卷
joint lock	noun	扳手
joint venture	noun	合资企业
joint-stock company	noun	有限公司
jointly	adverb	一块
joke	noun	笑話|玩笑|开玩笑
joker	noun	王牌
jokester	noun	滑稽的
jolt	verb	搖晃
jostle	verb	碰
jot	noun	点
jotter	noun	记事卡片
joule	noun	焦耳
journal	noun	本子|報紙|日記|历史
journalism	noun	新闻学
journalist	noun	记者
journey	noun	旅行|道|旅游
journeyman	noun	同伴
jovial	adjective	wéixiàode
joy	noun	高兴
joyful	adjective	开心
joyous	adjective	开心
joystick	noun	控制杆
judder	noun	顫抖
judge	noun	法官
judgement day	noun	最后的审判
judgment	noun	判斷|裁判
judiciary	noun	司法
judo	noun	柔道
jug	noun	水罐
juggernaut	noun	怪獸卡車
juggling	noun	雜技
juice	noun	果汁|汁
jujube	noun	棗
jukebox	noun	光碟柜
jumble	verb	混
jump	verb	跳
jump rope	noun	跳绳
jump someone's bones	verb	炒
jump the gun	verb	做
jumper	noun	毛衣
jungle	noun	丛林|叢林
junior	adjective	年轻
junior high school	noun	中学
juniper	noun	杜松
junk	noun	物質
junk dollar	noun	孫大頭|船洋
junket	noun	节日|叙事曲|酪
juridical	adjective	法律的
jurisdiction	noun	司法權
jurisprudence	noun	法学
jurist	noun	法学家
jury	noun	摊位
just	adjective	準確|仅有|但是|单一|刚刚
just a minute		一会
just a second		一会
just about	adverb	几乎
just compensation	noun	补偿金
just in case	adverb	以防萬一|万一
just intonation	noun	纯律
just now	adverb	马上|已经
just saying	adverb	我就那么一说，你就那么一听
justice	noun	公平|大臣|司法
justification	noun	道理
jute	noun	日德兰语
juvenile	adjective	小|年輕|少年|青少年
kabaddi	noun	卡巴迪
kabuki	noun	歌舞伎
kakapo	noun	鴞鸚鵡|鸮鹦鹉
kaki	noun	柿子
kakuro	noun	数和
kale	noun	羽衣甘藍
kaleidoscope	noun	万花筒
kana	noun	假名
kangaroo	noun	袋鼠
kanji	noun	汉字|日本汉字
kaoliang	noun	高粱
kaolin	noun	瓷土
kaolinite	noun	高嶺石
kaon	noun	K介子
kapok tree	noun	吉贝
kaput	adjective	有限
karaoke	noun	卡拉OK
karate	noun	空手道
karma	noun	業
karoshi	noun	过劳死
karting	noun	卡丁車
katabasis	noun	下降
katakana	noun	片假名
katana	noun	日本刀
kava	noun	卡瓦
kawaii	adjective	卡哇伊
kayak	noun	皮艇
keel	noun	龙骨
keen	adjective	尖
keep	noun	城堡主塔|保持
keep back	verb	保持
keep on	verb	接着
keep up	verb	持续
keeper	noun	监护人
keepsake	noun	记忆
kefir	noun	克非爾
keg	noun	桶
kek		笑死
kelp	noun	海帶 海带
kelpie	noun	凱爾派
kelvin	noun	开尔文
ken	verb	知道
kendo	noun	剑道 劍道
kennel	noun	狗屋|狗窝
keratitis	noun	角膜炎
kerb	noun	耙
kerchief	noun	手帕
kerfuffle	noun	混乱
kernel	noun	勇气|扁桃|果核
kerosene	noun	煤油
kestrel	noun	猎鹰
ketamine	noun	氯胺酮
ketchup	noun	番茄醬|番茄酱
ketone	noun	酮
ketose	noun	酮糖
kettle	noun	水壺
kettledrum	noun	定音鼓
key	adjective	鑰匙|钥匙
key fob	noun	胸卡
key signature	noun	调号
keyboard	noun	鍵盤
keyboard shortcut	noun	快捷鍵
keyboardist	noun	键盘手
keychain	noun	鑰匙圈
keyframe	noun	关键帧
keyhole	noun	锁
keynote	noun	男高音
keyring	noun	鑰匙圈
keystone	noun	本
khagan	noun	可寒
khaki	noun	卡其色
khan	noun	可汗
khat	noun	猫
khedive	noun	赫迪夫
khorovod	noun	全音符
kibble	noun	炸丸子
kibbutz	noun	基布兹
kibitzer	noun	凤头麦鸡
kick	verb	踢
kick off	verb	休息
kick someone's ass	verb	倒
kick the can down the road	verb	放下
kicker	noun	踢
kicksled	noun	雪橇
kickstand	noun	腿
kid	noun	小朋友|开玩笑
kiddie	noun	儿童
kiddo	noun	兒子
kidnap	noun	勒索
kidnapping	noun	勒索
kidney	noun	肾|肾脏
kidney stone	noun	石
kielbasa	noun	香肠
kike	noun	鼻子
kill	verb	杀|杀死
kill two birds with one stone	verb	一举两得
killer	noun	凶手
killer whale	noun	逆戟鲸
kiln	noun	炉
kilo	noun	公斤
kilobyte	noun	千字节
kilocalorie	noun	大卡
kilogram	noun	千克
kilohertz	noun	千赫
kilolitre	noun	竏
kilometre	noun	千米
kilter	noun	状况
kimchi	noun	泡菜
kimono	noun	和服
kin	noun	关系
kind	adjective	親切|门|自然|等級
kind of	adverb	一些
kindergarten	noun	幼儿园|公园
kindle	verb	生火|火
kindly	adjective	和蔼的|请
kindred	noun	部落
kindred spirit	noun	知己
kinetic energy	noun	动能
kinfolk	noun	关系
king	noun	王|国王
kingdom	noun	王國
kingfish	noun	翠鸟
kingfisher	noun	普通翠鸟
kinglet	noun	兔
kingly	adjective	高贵的
kingpin	noun	僧
kink	noun	皺紋
kinkajou	noun	蜜熊
kinky	adjective	怪人
kinship	noun	关系
kinsman	noun	同乡
kiosk	noun	售貨亭|便利商店
kip	noun	睡覺|宿
kippah	noun	卡巴
kirtle	noun	搖滾樂
kismet	noun	命
kiss	noun	吻
kiss me		吻
kiss my ass		屁股
kit	noun	必要的|一起|游戏
kitchen	noun	厨房
kitchen knife	noun	砍肉刀
kitchen paper	noun	纸巾
kitchen sink	noun	洗碗池
kite	noun	鳶|鸢|风筝
kith	noun	友誼
kitsch	noun	媚俗
kitten	noun	奶猫|小狐狸
kittiwake	noun	三趾鷗
kitty	noun	奶猫
kiwi	noun	奇異果
kiwi fruit	noun	奇異果
klaxon	noun	喇叭
klepht	noun	窃贼
kleptomania	noun	盗窃癖
klick	noun	端子
klutz	noun	拙劣
knack	noun	天資|玩具
knapsack	noun	背包
knave	noun	小厮|杰克
knead	verb	揉（麵團)
knee	noun	膝|膝盖
knee pad	noun	护膝
kneecap	noun	膝盖骨
knell	noun	丧钟|接觸
knife	noun	刀
knight	noun	骑士|馬
knight-errant	noun	侠客
knitting needle	noun	棒針
knob	noun	門把手|结|核桃
knobhead	noun	傻子
knock	verb	敲
knock it off	verb	停
knockoff	noun	模仿
knoll	noun	丘
knot	noun	节
knotgrass	noun	多边形
knout	noun	皮鞭
know	verb	知道|认识
know someone from adam	verb	懂得
know-how	noun	技巧
knowledge	noun	知识
knuckle	noun	指關節
koala	noun	无尾熊
kohlrabi	noun	苤藍
koi	noun	錦鯉
koi-koi	noun	來來
kokuji	noun	和字
kola	noun	可樂
komboskini	noun	念珠
kombu	noun	海帶 海带
kombucha	noun	红茶菌
kopek	noun	戈比
koruna	noun	冠
koumiss	noun	马奶酒
kowtow	noun	鞠躬|爬行
kraft paper	noun	牛皮纸
krai	noun	国
kreuzer	noun	巡洋舰
krona	noun	冠冕
krone	noun	冠冕
krypton	noun	氪
króna	noun	冠
kudos	noun	價錢|声望
kugel	noun	圆球
kumquat	noun	金橘
kung fu	noun	功夫
kurchatovium	noun	龲
kusoge	noun	糞作
kvass	noun	克瓦斯
kvetch	noun	哀恸|同情
kyudo	noun	弓道
kyūjitai	noun	旧字体
la	noun	羽
lab rat	noun	受试者
label	noun	标签|赞扬
labellum	noun	利珀河
labial	adjective	利珀河
labile	adjective	不稳定
labiodental	noun	唇齒音
labium	noun	阴唇
laboratory	noun	实验室|實驗室
laborer	noun	工人
laborious	adjective	勤奋
labour	noun	干活|工作|分娩
labour force	noun	勞動力
labyrinth	noun	迷宫|迷宮
labyrinth seal	noun	迷宮
labyrinthine	adjective	一
labyrinthitis	noun	迷路炎
lac	noun	漆
lace	noun	花边|奖赏
lack	noun	不足|少
lackadaisical	adjective	酸软|懒
lackey	noun	走狗
lackwit	adjective	笨
laconic	adjective	简洁
lacquer	noun	漆
lacrimal	adjective	泪
lacrosse	noun	長曲棍球 长曲棍球
lactase	noun	乳糖酶
lactic	adjective	乳
lactic acid	noun	乳酸
lactose	noun	乳糖
lad	noun	圉人|朋友|仔
ladder	noun	梯子|學
laden	adjective	重
ladette	noun	假小子
ladle	noun	勺
ladybird	noun	瓢虫
ladyship	noun	太太
laghman	noun	拉條子
lagniappe	noun	服务
lair	noun	洞
laissez faire	noun	自由放任
lake	noun	湖|湖泊
lallapalootza	noun	出发
lama	noun	喇嘛
lamb	noun	羊羔|小羊
lambada	noun	黏巴达
lambaste	verb	呵责
lame	adjective	瘸腿|差
lament	noun	悲痛|哀悼
lametta	noun	雨
lamina	noun	刀片
lamp	noun	灯|燈
lampion	noun	灯
lamppost	noun	街燈
lamprey	noun	七腮鳗
lampshade	noun	灯罩
lance	verb	矛
lancet	noun	手術刀
land	noun	土地|国家|著地|國家|釣魚
landau	noun	婴儿车
lander	noun	起落架
landing	noun	登陸|髓
landlady	noun	物主
landline	noun	座机电话
landlocked	adjective	國
landlord	noun	东
landmark	noun	苦|里程碑
landscape	noun	风景|环境
landslide	noun	滑坡
landslip	noun	山崩
lane	noun	弄|路|甬道
language	noun	语言|語言
language family	noun	語系
language island	noun	語言島//语言岛
language isolate	noun	孤立语言
languid	adjective	酸软
languish	verb	死|陷入險境
languorous	adjective	酸软
lank	adjective	瘦
lanolin	noun	羊毛脂
lantern	noun	燈籠|灯
lantern wheel	noun	灯笼
lanthanide	noun	镧系元素
lanthanum	noun	镧
lap	noun	懷|圆圈
laparoscopy	noun	腹腔鏡手術
lapel	noun	翻领
lapis lazuli	noun	青金岩
lapse	noun	过
laptop	noun	笔记本
lapwing	noun	田凫
larceny	noun	盗窃
larch	noun	红杉
lard	noun	豬油
larder	noun	食品储藏室
large	adjective	大
large-sized	adjective	长大的
largehead hairtail	noun	劍
largely	adverb	一般
lark	noun	云雀
larva	noun	幼虫|幼體
larynx	noun	喉|喉頭
lascivious	adjective	情欲的
laser	noun	激光
laser beam	noun	激光束
laserwort	noun	激光
lash	noun	皮鞭|呵责
lass	noun	女佣
lassie	noun	女孩
last	adjective	最后
last but not least	adverb	最后但同样重要的是
last straw	noun	压垮骆驼的最后一根稻草
last year	adverb	去年
last-ditch	adjective	最后
lastly	adverb	终于
latch	noun	门扣|触发器
latch on	verb	了解
late	adjective	先|晚
late to the party	adjective	晚
later	adjective	后来的|未來|以后|后|更晚
later on	adverb	以後
latex	noun	乳胶
lathe	noun	車床
lather	noun	泡沫
latitude	noun	纬度
latte	noun	昂列咖啡
latter	adjective	后者
lattice	noun	铁丝网|网
laud	verb	讚揚
laugh	noun	笑
laugh on the other side of one's face	verb	不好意思
laughable	adjective	好玩
laughing	verb	wéixiàode
laughing stock	noun	笑聲
laughter	noun	笑
launch	noun	开车|倒|執行
launder	verb	洗
laundry	noun	洗衣店|洗濯
laundry basket	noun	垃圾桶
laureate	adjective	优胜者
laurel	noun	月桂树|月桂花环
laurel wreath	noun	月桂花环
laurencia	noun	凹頂藻
lava	noun	熔岩
lava lake	noun	熔岩湖
lavabo	noun	洗手池
lavender	noun	薰衣草
law	noun	法律
law of nations	noun	国际法
law of the jungle	noun	強權即公理
lawful	adjective	合法的
lawlessness	noun	无政府
lawn	noun	草地
lawnmower	noun	割草机
lawrencium	noun	铹|鐒
lawsuit	noun	[[#
lawyer	noun	律師|律师
lax	adjective	慢
laxative	adjective	泻药
lay	adjective	世俗的|下蛋|睡觉
lay an egg	verb	下蛋
lay bare	verb	发现
lay down	verb	上床
lay hold of	verb	接
lay into	verb	叱
lay off	verb	放下
layabout	noun	惰
layer	noun	低|层|層|借译
layman	noun	世俗的
layoff	noun	裁員
layout	noun	构造|地图
layperson	noun	世俗的
laziness	noun	惰性
lazy	adjective	懒
lazy susan	noun	餐桌轉盤
lazybones	noun	惰
lea	noun	场
lead	noun	铅|鉛
lead shot	noun	铅
leaden	adjective	铅制
leader	noun	班长
leadership	noun	領導能力|遙控器|方向
leading tone	noun	导音
leaf	noun	叶子|葉|叶
leaf fat	noun	故障
leaf node	noun	叶子
leafworm	noun	毛毛蟲
league	noun	会|里
leak	noun	深灰棕色
lean	adjective	瘦|支持|赶
leap	noun	跃迁|跳
leap year	noun	闰年
learn	verb	学|學習
learned	adjective	学习
learned helplessness	noun	習得性失助
learner	noun	席上
learning	noun	学习|知识
lease	verb	出租
leash	noun	皮带
least	adverb	减
least common multiple	noun	最小公倍数
least weasel	noun	伶鼬
leather	noun	皮革
leatherette	noun	人造革
leave	verb	留
leave behind	verb	交给|忘記
leave it be	verb	交给
leave no stone unturned	verb	石
leaven	noun	酵母
lecher	noun	猪
lechery	noun	性欲
lecture	noun	演講|呵责
lecture theatre	noun	圆形剧场
lecturer	noun	讲师
lede	noun	入口
ledeburite	noun	莱氏体
ledge	noun	邊界|壁帶|尿布
ledger	noun	书
lee	noun	棲身之地
leech	noun	歐洲醫蛭|螞蟥
leek	noun	韭葱
leer	verb	盯
leet	adjective	优秀
leeway	noun	纬度
left	adjective	左
left bank	noun	左岸
left fielder	noun	左外野手
left wing	noun	左
left-handed	adjective	惯用左手的
left-hander	noun	惯用左手的
left-wing	adjective	左
left-winger	noun	左
leftist	adjective	左
leftover	noun	残羹剩饭
leg	noun	腿
leg up	noun	搭人梯
legacy	noun	字
legal	adjective	法律的
legal person	noun	法人
legend	noun	传奇|传说
legion	noun	军团
legislation	noun	律
legit	adjective	依法的
legitimacy	noun	合法性
legitimate	adjective	合法的
legume	noun	蔬菜
legumin	noun	豆素
leisure	noun	假|空閑
lek	noun	列克
lemma	noun	入口
lemming	noun	学生
lemon	noun	柠檬
lemon balm	noun	蜜蜂花
lemonade	noun	檸檬水|柠檬水
lemongrass	noun	香茅
lemur	noun	狐猴科
lend	verb	借
lend itself to	verb	合适
length	noun	長度|长度
lengthy	adjective	长
leniency	noun	气量
lenition	noun	弱音化
lens	noun	透镜|鏡|录像
lentil	noun	鏡|扁豆
leonine	adjective	狮子
leopard	noun	豹
leotard	noun	緊身衣
leper colony	noun	麻風村
leporine	adjective	兔
leprosy	noun	麻瘋病
lepton	noun	輕子
lesbian	noun	女同志
lesion	noun	病灶
lessee	noun	承租人
lessen	verb	减少
lesser white-fronted goose	noun	小白额雁
lesson	noun	课
let	noun	花丝|允許|出租|孩子
let be	verb	做
let down	verb	降低|失望
let go	verb	放|去
let it be	verb	交给
let know	verb	告诉
let out	verb	放|干
let someone go	verb	道谢
let there be light		要有光
let's	verb	使
let's go		加油
let's say		比如
lethal	adjective	致命的
lethally	adverb	致命
letter	noun	字母|信
letter carrier	noun	郵適員
letter of marque	noun	私掠許可證
letterbox	noun	信箱
lettering	noun	符号
lettuce	noun	萵苣
leukemia	noun	白血病
leukocyte	noun	白血球
lev	noun	列弗
level	adjective	平|安|关卡|深度|升
level crossing	noun	平交道
lever	noun	杠杆
leverage	noun	槓桿|利益|享受
levy	noun	稅
lewd	adjective	黄色
lexeme	noun	词位
lexical category	noun	词性 cí xìng
lexical item	noun	词项
lexicography	noun	辭書學
lexicology	noun	詞彙學
lexicon	noun	字典|词典|词汇
li	noun	Lǐ
liability	noun	受动|責任|可能性
liable	adjective	负责
liaise	verb	扎
liaison	noun	協作
liar	noun	说谎者
libation	noun	奠|奠祭
libel	noun	诽谤
liberalism	noun	自由主义
liberalization	noun	自由化
liberalize	verb	自由化
liberate	verb	放
libertarianism	noun	自由意志主義
libertine	noun	醉态
liberty	noun	气
libido	noun	性冲动
librarian	noun	图书管理员
library	noun	图书馆|圖書館
libre	adjective	自由
libretto	noun	歌劇劇本
license	noun	許可證|营 业 执 照
license plate	noun	匾
licentiousness	noun	学士学位
lichen	noun	地衣
licit	adjective	正
lick	noun	一点儿|吸|打败
lickspittle	verb	巴儿狗
licorice	noun	光果甘草|濃縮甘草
lido	noun	户外泳池
lie	noun	谎话|谎言|說謊|说谎
lie down	verb	躺
liege	noun	先生|人臣
lieutenant	adjective	中尉
lieutenant colonel	noun	中校
lieutenant commander	noun	少校
lieutenant junior grade	noun	中尉
life	noun	生命|生活
life belt	noun	救生圈
life insurance	noun	人寿保险‎ 人壽保險
life jacket	noun	救生衣
life preserver	noun	救生圈
lifeless	adjective	死
lifeline	noun	救生圈|脐带
lifer	noun	囚犯
lifespan	noun	长寿
lifetime	noun	寿命|生命
lift	noun	電梯|电梯|举
liftoff	noun	起飞
ligament	noun	韧带
ligase	noun	連接酶
ligature	noun	符杠
liger	noun	狮虎兽
light	adjective	輕|轻|光
light blue	noun	天蓝色
light bulb	noun	電燈泡|灯
light source	noun	光源
light switch	noun	开关
light year	noun	光年
light-emitting diode	noun	发光二极管
lighter	noun	打火机
lightfast	adjective	耐光
lighthearted	adjective	快乐|轻
lighthouse	noun	灯塔|燈塔
lightly	adverb	容易
lightness	noun	光度
lightning	noun	闪电|閃電
lightning fast	adjective	闪电
lightning rod	noun	避雷针
lights-out	noun	宵禁
lightsaber	noun	光剑
lightspeed	noun	光速
lightweight	noun	尢
lignite	noun	褐煤
like father, like son		虎父无犬子
like hell		可怕
like that		这样
like turkeys voting for christmas		搬起石头砸自己的脚
likelihood	noun	概率|相象
likely	adjective	可能
liken	verb	比喻
likeness	noun	写照
likewise	adverb	都|彼此
liking	noun	同情
lilac	adjective	紫色|丁香紫
lilliputian	adjective	小
lilt	noun	曲调
lily	noun	鳶尾花
lily of the valley	noun	铃兰
lima bean	noun	棉豆
limb	noun	肢|叶片|枝|手臂
lime	noun	石灰|萊檬|青檸
limestone	noun	石灰岩
limewood	noun	椴树属
limit	noun	极限|限制
limitation	noun	限制
limnology	noun	湖沼學
limp	adjective	软弱
linchpin	noun	脚腕
linden	noun	7月
lindworm	noun	龍騎兵
line	noun	直线
line of business	noun	枝
line segment	noun	线段
line up	verb	排队
lineage	noun	性
linear	adjective	线性
linear algebra	noun	线性代数
linen	noun	亚麻布|服装
ling	noun	魣鱈
linger	verb	住
lingo	noun	行话
lingonberry	noun	越橘
lingua franca	noun	舌
lingual	adjective	舌
linguist	noun	语言学家|传译
linguistic	adjective	言语学
linguistics	noun	语言学
lining	noun	山
link	noun	结合|扎
linnet	noun	赤胸朱顶雀
linoleic acid	noun	亚油酸
linoleum	noun	油布
lint	noun	毛绒玩具
lintel	noun	结构楣
lion	noun	狮子|獅子|狮
lion cub	noun	小母狮子
lion's share	noun	绝大部分
lioness	noun	母狮子
lip	noun	嘴唇|唇
lip sync	noun	假唱
lip-syncing	noun	假唱
lipid	noun	脂類
liplessness	noun	无唇畸形
lipogram	noun	漏字文
lipophilic	adjective	脂溶
lipread	verb	唇读
lipstick	noun	唇膏|口紅
liquefied natural gas	noun	液化天然气
liquefied petroleum gas	noun	液化石油气
liquefy	verb	液化
liquid	noun	液體
liquid crystal	noun	液晶
liquid crystal display	noun	液晶显示器
liquid nitrogen	noun	液氮
liquidity	noun	市场流通性
liquor	noun	汁|烈酒
liquor store	noun	酒店
lira	noun	里拉
list	noun	單子|歪位|名单|比武场|换|听
listen	verb	听|聽
listen in	verb	听到
listener	noun	听众
listenership	noun	听众
listless	adjective	懶散的
lit	adjective	屁|好玩
lite	adjective	光
literacy	noun	知识
literal	adjective	文字的
literally	adverb	按照字面
literate	adjective	字母
literati	noun	文人
literature	noun	文学|文學
lithe	adjective	安|瘦
lithification	noun	岩化作用
lithium	noun	锂|鋰
lithograph	noun	石印
lithography	noun	平版印刷
lithosphere	noun	岩石圈
lithotripsy	noun	碎石術
litigate	verb	起訴
litigation	noun	[[#
litmus	noun	石蕊
litmus paper	noun	石蕊试纸
litre	noun	升
litter	noun	稻草|擔架床|垃圾|丟
litter box	noun	貓砂盆
litterbug	noun	脏鬼
little	adjective	小|一点儿
little bittern	noun	瑞士
little boy	noun	小
little finger	noun	小拇指
little girl	noun	小姑娘
little one	noun	小
little owl	noun	貓頭鷹
littoral	noun	海岸
live	verb	住
live stream	noun	直播
livelihood	noun	生计
liveliness	noun	活力
lively	adjective	活着huó)
liver	noun	肝脏|肝臟
livermorium	noun	鉝
livestock	noun	家畜
livid	adjective	铅色的
living	adjective	住|寿命
living fossil	noun	活化石
living room	noun	客厅
lizard	noun	蜥蜴
llama	noun	喇嘛
lo		看
load	noun	装载|功率|消费者|裝
loaded	adjective	尖|蓝
loader	noun	充电器
loaf	noun	面包|面包(Simplificado)|混日子
loafer	noun	惰
loam	noun	壤土
loan	noun	貸款|借
loan shark	noun	高利貸
loanword	noun	外來語
loathe	verb	恨
loathing	noun	子囊
lob	noun	烛
lobe	noun	舌
lobster	noun	龙虾
local	adjective	地方
local government	noun	地方政府
locale	noun	地方|語言
location	noun	部位
loch	noun	湖
lock	noun	锁|船閘
lock down	verb	关
lock in	verb	住
lock picking	noun	開鎖
lock up	verb	使固定|关
lockdown	noun	行动限制
locker	noun	櫥櫃
lockjaw	noun	破伤风
locksmith	noun	锁匠
loco	noun	鐵路機車
locomotive	noun	机车
locus	noun	席|地方
locust	noun	蚱蜢
locution	noun	表示
lode	noun	泉
lodestar	noun	北极星
lodge	noun	棚屋|球門|商店|接待|倒
lodging	noun	住处
loess	noun	黃土
lofty	adjective	高
log	noun	树干|木頭|测程仪|内接|击落
log in	verb	登录
log out	verb	下线
logarithm	noun	对数
loggerhead	noun	二百五
loggia	noun	證人席
logic	noun	逻辑|邏輯
logical	adjective	理则
login	noun	用戶名
logistics	noun	物流管理
logjam	noun	交通堵塞
logogram	noun	语素文字
logopedics	noun	言語治療
logotype	noun	标识|符杠
logout	noun	登出
loin	noun	花丝
loiter	verb	闲荡
lolicon	noun	蘿莉塔情結
lollapalooza	noun	出发
lollipop	noun	棒棒糖
lollygag	verb	混日子
lollygagger	noun	懒
lone	adjective	单
lone wolf	noun	獨狼
loneliness	noun	孤独
lonely	adjective	单|偶见的
long	adjective	长
long absent, soon forgotten		眼不见，心不烦
long ago	adverb	早
long for	verb	思鄉
long in the tooth	adjective	大
long jump	noun	跳遠
long live	verb	万岁
long pepper	noun	蓽拔
long pig	noun	人肉
long story short	adverb	总而言之
long ton	noun	長噸
long weekend	noun	桥
long-distance	adjective	远
long-standing	adjective	前
long-tailed tit	noun	银喉长尾山雀
long-term	adjective	長久
longan	noun	龙眼
longbow	noun	弓
longevity	noun	长寿
longing	noun	怀念
longitude	noun	經度|经度
longitudinal	adjective	經度
longshoreman	noun	码头工人
loofah	noun	丝瓜
loogie	noun	牡蛎
look	verb	看
look after	verb	照顾
look at	verb	看
look down on	verb	鄙夷
look for	verb	找
look like	verb	好像
look out	verb	发现
look up	verb	搜索
look up to	verb	仰慕|崇拜|敬仰|钦佩
looker	noun	卡农
lookers-on see most of the game		当局者迷，旁观者清|當局者迷，旁觀者清
looks	noun	长
loom	noun	织布机
loon	noun	疯狂的|普通潜鸟
loop	noun	鎖鏈 [suǒliàn]|循环
loose	adjective	鬆動|易懂的|放|松开
loosen	verb	松开|解开
loot box	noun	虛擬抽獎
looting	noun	掠夺
lopsided	adjective	偏頗
loquat	noun	枇杷树|枇杷
lordly	adjective	高贵的|屈尊俯就
lordship	noun	先生|球面
lore	noun	传统
lose	verb	掉|輸掉了|撤回
lose face	verb	丢面子
lose one's mind	verb	失去理智|瘋了
lose one's shit	verb	气得发狂
lose one's temper	verb	气得发狂
lose track	verb	忘
lose weight	verb	减肥
loss	noun	败仗|估量
lost	adjective	遺失的
lot	noun	一起|理由|命
lotion	noun	洗剂
lottery	noun	抽奖
lottery ticket	noun	命
lotus	noun	荷
loud	adjective	大声
loudly	adverb	大声
loudness	noun	音量
loudspeaker	noun	喇叭
lounge	noun	客厅
loupe	noun	放大镜
louse	noun	虱|蝨毛目
louver	noun	百叶窗
lovage	noun	欧当归
love	noun	爱|喜爱|愛
love at first sight	noun	一見鍾情
love child	noun	私生子
love handle	noun	救生圈
love hotel	noun	汽車旅館
love triangle	noun	三角恋
lovebird	noun	斑鸠
loved one	noun	女朋友
loveliness	noun	魅力
lovely	adjective	好看|奇妙|宝藏
lover	noun	戀人
loving	adjective	我爱你
low	adjective	低
low blow	noun	不公平的事
low cost carrier	noun	廉價航空
lower	verb	放下|降低|下載
lower back	noun	十字
lower body	noun	下身
lower class	noun	亚纲
lowest common denominator	noun	最小公倍数
lowland	noun	低地
lowly	adjective	单一
lox	noun	鮭魚
loyalty	noun	丹心
lozenge	noun	芸香|藥丸
lubrication	noun	润滑
lucent	adjective	明确
lucid	adjective	透光|干净
luck	noun	運氣
luck out	verb	走运
luckily	adverb	好在
lucky	adjective	开心
lucky charm	noun	令牌
lug	noun	榫|闲荡
luge	noun	无舵雪橇
luggage	noun	行李
lukewarm	adjective	不冷不热
lull	noun	全休止符|和缓
lullaby	noun	催眠曲
lumbago	noun	腰痛
lumbar	adjective	腰椎
lumbar puncture	noun	腰椎穿刺
lumbar vertebra	noun	腰椎
lumber	noun	木
lumen	noun	流明
luminary	noun	光|恆星
luminosity	noun	光度
luminous	adjective	明
luminous flux	noun	光通量
lump	noun	肿大|块
lump together	verb	接
lunacy	noun	疯狂
lunar	adjective	透石膏
lunar eclipse	noun	月蚀
lunatic	noun	疯子
lunch	noun	午飯 午饭|吃午飯
lunchbox	noun	会阴
luncheon	noun	午餐
lung	noun	肺
lung cancer	noun	肺癌
lunge	noun	衝力
lunisolar calendar	noun	阴阳历
lunula	noun	新月形
lupin	noun	羽扇豆
lupine	adjective	狼
lurch	verb	摇摇晃晃
lure	noun	誘餌|迷
lurid	adjective	聳動|铅色的
lurk	verb	潛水
lurker	noun	潛水
luscious	adjective	可爱|黄色
lush	adjective	綠色
lusheng	noun	蘆笙
lust	noun	性欲|意志|欢乐
luster	noun	光泽
lustrum	noun	吊灯
lute	noun	魯特琴
lutein	noun	葉黃素
lutetium	noun	鎦
lux	noun	勒克斯
luxuriant	adjective	丰富
luxury	noun	豪华
lyceum	noun	高中
lychee	noun	荔枝
lycée	noun	高中
lye	noun	碱性
lymph	noun	淋巴
lymphocyte	noun	淋巴细胞
lymphoma	noun	淋巴瘤
lyophilization	noun	冷冻 干燥
lyre	noun	里拉
lyrical	adjective	抒情的
lyrics	noun	歌词
m	verb	米
ma	noun	妈
macabre	adjective	病的|险恶
macaque	noun	短尾猿
macaroni	noun	通心粉
macaronic	adjective	私生子|胡话
macaw	noun	金刚鹦鹉
mace	noun	錘
macerate	verb	腌
machete	noun	大砍刀
machination	noun	詭計
machine	noun	機
machine code	noun	机器码
machine gun	noun	機槍
machine language	noun	机器语言
machine learning	noun	机器学习
machine tool	noun	机床 機床
machine translation	noun	機器翻譯
machine-gunner	noun	機槍
machine-translate	verb	機器翻譯
machinery	noun	力学
machinist	noun	工程師
mackerel	noun	鲭鱼
macro	noun	宏
macro-		巨
macroeconomics	noun	宏观经济学
macroeconomy	noun	宏观经济学
macrolanguage	noun	宏语
macromolecule	noun	高分子
macula	noun	黃斑|缎纹
mad	adjective	瘋狂|恶
mad cow disease	noun	瘋牛病
madam	noun	夫人
madder	noun	茜草
mademoiselle	noun	小姐
madman	noun	疯子
madness	noun	狂
madrasah	noun	伊斯蘭學校
magazine	noun	杂志
mage	noun	法师
magenta	noun	洋红色
maggot	noun	幼虫|蟲
magic	adjective	有魔力|巫術|魔法
magic bullet	noun	万灵药
magic carpet	noun	飞毯|電動步道
magic square	noun	幻方
magic wand	noun	魔術棒
magic word	noun	咒文
magical	adjective	有魔力
magical girl	noun	魔法少女
magician	noun	魔术师|巫師
magister	noun	教授
magma	noun	岩漿
magnanimous	adjective	大方
magnesite	noun	菱鎂礦
magnesium	noun	鎂|镁
magnet	noun	磁石|磁鐵
magnetic field	noun	磁场
magnetic tape	noun	磁带
magnetism	noun	磁
magnetite	noun	磁鐵礦
magnetosphere	noun	磁层
magnificent	adjective	壯麗
magnifying glass	noun	放大鏡
magnitude	noun	大小
magnolia	noun	木兰
magpie	noun	喜鵲|喜鹊
magpie-goose	noun	鹊鹅
magus	noun	巫師
mahjong	noun	麻将
mahjong solitaire	noun	上海接龙|麻将接龙
maid	noun	女佣
maiden	adjective	最先|女佣
maiden name	noun	原姓
maidenhead	noun	处女|處女膜|处女性
maidenhood	noun	处女
maidservant	noun	丫头
mail	noun	郵件
mailman	noun	郵適員
mainland	noun	大陆
mainland china	noun	中国大陆
mainly	adverb	主要地
mainmast	noun	大
mains	noun	枷
mainspring	noun	發條
mainstay	noun	顶梁柱
maintain	verb	维修
maintenance	noun	保養
maisonette	noun	双工
maize	noun	玉米
majestic	adjective	[[‎威嚴]]
major	adjective	大写|中指|少校|方向
major general	noun	少将
major key	noun	大調
major scale	noun	自然音阶
major third	noun	大三度
majordomo	noun	管家
majority	noun	多数
make	noun	的|做
make do	verb	大难不死
make for	verb	带来
make friends	verb	交朋友
make fun of	verb	戏弄
make hay while the sun shines	verb	趁热打铁
make headway	verb	进步
make it	verb	创作
make love	verb	做爱
make off	verb	逃跑
make out	verb	辨识|到达|吻
make sense	verb	有意义|了解
make strange	verb	認生
make the most of	verb	享受
make up	verb	弥补|發明|化妆
make up one's mind	verb	决定
make use	verb	使用
makeover	noun	改革
makeup	noun	化妝
makgeolli	noun	母酒
makings	noun	木头
makizushi	noun	壽司捲
malachite	noun	孔雀石
malacology	noun	軟體動物學
maladroit	adjective	拙劣
malady	noun	疾病
malaria	noun	疟疾|瘧疾
male	adjective	男
malediction	noun	诅咒
malefactor	noun	坏人
malevolence	noun	恶意
malfeasance	noun	陰謀破壞
malice	noun	惡意
malicious	adjective	不对
malign	adjective	不好
malignancy	noun	恶意
malignant	adjective	坏
mall	noun	商场
mallard	noun	凫
mallet	noun	木槌|槌
malleus	noun	锤子
malposition	noun	反乌托邦
malpractice	noun	過失
maltose	noun	麥芽糖
maltreat	verb	歧視
maltreatment	noun	歧視
mama's boy	noun	老婆当家的
mamey sapote	noun	měiguǒlǎn
mammal	noun	哺乳類|哺乳类
mammalian	adjective	哺乳類|哺乳动物的
mammalogy	noun	哺乳动物学
mammary	adjective	乳房
mammary gland	noun	乳腺
mammography	noun	乳房攝影術
mammoth	noun	猛犸象
mammy	noun	妈妈
man of letters	noun	作家
man-made	adjective	合成
manacle	noun	手銬
manage	verb	会|掌舵|办|完成
management	noun	方向|行政
manager	noun	老板
manatee	noun	海牛
mandala	noun	曼陀罗
mandarin collar	noun	立领
mandarin duck	noun	鸳鸯
mandarin orange	noun	官|桔子
mandible	noun	下颌骨|顎
mandolin	noun	曼陀林
mandrake	noun	毒茄蔘
mane	noun	馬鬃
maned wolf	noun	鬃狼
manga	noun	漫画|漫畫
mangaka	noun	漫画家
mangal	noun	红树林
manganese	noun	錳|锰
mange	noun	惡人
mangelwurzel	noun	莙薘菜
manger	noun	槽
mangetout	noun	荷蘭豆
mangina	noun	老婆当家的
mango	noun	芒果
mango juice	noun	芒果汁
mangosteen	noun	山竹
mangrove	noun	紅樹
manhandle	verb	攻擊
manhood	noun	人类|男子
manhwa	noun	漫画
mania	noun	狂熱
manifest	noun	告白
manifest destiny	noun	昭昭天命
manifestation	noun	示威
manifesto	noun	報單
manifold	adjective	不同
manipulate	verb	操纵
manipulation	noun	操縱
mankind	noun	人类|男子
manly	adjective	男|男子氣
mannequin	noun	人體模型
manner	noun	方式
mannerism	noun	风格主义
manners	noun	禮儀
mannitol	noun	甘露醇
manometer	noun	压力测量
manor	noun	莊園
manservant	noun	服务器
mansion	noun	別墅
manta ray	noun	蝠鲼科
mantelpiece	noun	壁炉台
manticore	noun	蝎狮
mantis	noun	螳螂
mantissa	noun	尾数
mantle	noun	襯衫
mantou	noun	馒头
mantra	noun	曼怛罗
manual	adjective	手工的
manual labor	noun	手工勞動
manufacture	noun	生产|制造
manufacturer	noun	制作者
manufacturing	noun	生产
manumission	noun	用费
manumit	verb	用费
manure	noun	肥料|栽培種
manuscript	noun	手稿
manwhore	noun	男妓,牛郎
many	noun	很多|生麵團
many a		很 hěn 非常
many thanks		多谢
map	noun	地图|地圖
maple	noun	枫
marasmatic	noun	消耗的
marble	noun	大理岩|大理石
marbled white	noun	棋盘
marc	noun	微風
marcasite	noun	白铁矿
marcassin	noun	小猪
marching band	noun	军乐队
mare	noun	母马
mare's milk	noun	马奶
margarine	noun	植物牛油
margin	noun	毛利率
marginal	adjective	近|平庸
marigold	noun	万寿菊
marijuana	noun	大麻
marinade	noun	盐水 鹽水
marine	adjective	水手
marine biology	noun	海洋生物学
marine corps	noun	海军
marine science	noun	海洋学
marine snow	noun	海雪
marionette	noun	懸絲傀儡
maritime	adjective	海
marjoram	noun	墨角蘭
markedly	adverb	清楚
market	noun	市场
market failure	noun	市场失灵
market square	noun	商场
marketing	noun	市场营销
marketplace	noun	市场
marksman	noun	象
markup	noun	毛利率
markup language	noun	标记语言
marl	noun	泥灰岩
marlin	noun	槍魚
marmalade	noun	果酱
marmoreal	adjective	大理石的
marmot	noun	土拨鼠|旱獭
maroon	adjective	栗|離開
marque	noun	品牌
marquess	noun	侯爵
marriage	noun	婚姻
marriage certificate	noun	结婚证
married	adjective	已婚的
married couple	noun	夫婦
marrow	noun	髓
marry	verb	娶|结婚|打擊
marry off	verb	结婚
marsh	noun	沼澤
marsh harrier	noun	鹞
marsh tit	noun	沼泽山雀
marshal	noun	元帅
marshalling yard	noun	編組站
marten	noun	貂
martial	adjective	战争的
martial art	noun	武术
martial artist	noun	武术家
martial law	noun	戒严令
martyr	noun	烈士
martyrdom	noun	殉難
marvel	verb	惊奇
marvellous	adjective	奇妙
marvelous	adjective	精彩
marzipan	noun	杏仁膏
mascara	noun	染睫毛油
masculine	adjective	男的
masculism	noun	男性主義
mash	verb	回火|坠毁
mashed	adjective	微醉
mask	noun	面具
masked ball	noun	盛装舞会
masochism	noun	受虐癖
mason	noun	泥瓦工
masonry	noun	共济会
masquerade	noun	盛装舞会
mass grave	noun	万人冢
mass number	noun	質量數
massacre	noun	大屠杀
massage	noun	按摩
masses	noun	民眾
massif	noun	山脉
massive	adjective	山脉|不錯
massively multiplayer online role-playing game	noun	大型多人在线角色扮演游戏
mast	noun	杆子
master	adjective	先生|主人|队长|大家
master's degree	noun	硕士
master's thesis	noun	记
mastermind	noun	头|腦
masterpiece	noun	傑作
masterwork	noun	傑作
masturbate	verb	打炮
masturbation	noun	手淫
mat	noun	地毯
match	noun	火柴
matcha	noun	抹茶
matching	adjective	对应
matchmaker	noun	调停者 / 調停者
matchmaking	noun	调停者 / 調停者
matchstick	noun	火柴
mate	noun	將死|朋友|交媾
material	adjective	料|材料|布料
materialism	noun	唯物主义
maternal	adjective	母亲的
maternal aunt	noun	伯母
maternal cousin	noun	表兄|表哥|表妹|表姊|表弟
maternal grandfather	noun	外公
maternal uncle	noun	伯伯
maternity	noun	妊娠
maternity hospital	noun	产科
maternity leave	noun	产假
maternity ward	noun	产科
mathematical	adjective	数学的
mathematical economics	noun	数理经济学
mathematician	noun	数学家
mathematics	noun	数学
mating call	noun	交配鳴叫
matricide	noun	弑母
matrilineal	adjective	母系
matrimony	noun	婚姻
matrix	noun	矩阵|矩陣
matter	noun	物质
matter-of-fact	adjective	干
mattock	noun	锄头
mattress	noun	床垫|床墊
mature	adjective	成熟|打敗
maudlin	adjective	愛哭鬼
maunch	noun	袖
mausoleum	noun	陵墓
maverick	adjective	任性|怪人
maw	noun	胃
maxilla	noun	腭
maxillary	adjective	上頜骨
maxim	noun	格言
maximum	noun	大限
may god have mercy on your soul		願上帝庇佑你之靈魂
maybe	adverb	也許
mayfly	noun	蜉蝣
mayhem	noun	浑沌
mayonnaise	noun	美乃滋
mayor	noun	市长
mayor of the palace	noun	市长
mayoralty	noun	城镇厅
mayoress	noun	市长
maze	noun	迷宫
mazurka	noun	马祖卡
me		我
mea culpa	noun	我的错
mead	noun	蜂蜜酒
meadow	noun	草地
meal	noun	餐|麵粉
meal ticket	noun	飯票|生计
mealy	adjective	面
mealy-mouthed	adjective	伪善者
mean	adjective	中|卑鄙|吝嗇的|de primera clase|高|听
mean to	verb	想
meander	noun	蜿蜒曲折
meaning	noun	意思
meaningful	adjective	大量
meaninglessly	adverb	无表情
means	noun	方法
means of transportation	noun	交通工具
meanwhile	adverb	同時
measles	noun	麻疹
measure	noun	尺寸|测量|措施|測量
measure word	noun	量词
measurement	noun	测量|尺寸
measuring worm	noun	心律調節器
meat	noun	肉
meat pie	noun	肉馅马铃薯饼
meat safe	noun	食品储藏室
meatball	noun	肉圓
meatloaf	noun	肉馅马铃薯饼
meaty	adjective	肉
mechanic	noun	機械師
mechanical	adjective	力学
mechanical energy	noun	机械能
mechanical pencil	noun	自动铅笔
mechanics	noun	力學
medal	noun	奖章|獎章
media outlet	noun	机关刊物
media studies	noun	媒体科学
median	noun	中线
mediation	noun	仲裁
mediator	noun	第三
medical	adjective	医生
medical doctor	noun	医生
medical examiner	noun	死因裁判官
medical history	noun	回忆
medication	noun	藥
medicinal	adjective	葯
medicine	noun	藥|医学|药
medicine man	noun	魔术师
medicine woman	noun	女巫
medieval	adjective	中世紀
mediocre	adjective	平庸
meditate	verb	思考|思索
meditation	noun	冥想
medium	noun	媒體
medium-sized	adjective	中
medlar	noun	枇杷
medulla	noun	髓
medulla oblongata	noun	延髓
meek	adjective	安静
meerkat	noun	狐獴
meet	adjective	合适|聚會|会合|碰到
meet up	verb	聚會
meeting	noun	会|會議
megagon	noun	一百萬邊形
megalith	noun	巨石文化
megalomania	noun	自大狂
megalopolis	noun	大都市帶
megametre	noun	兆米
megaphone	noun	扩音器
megawatt	noun	兆瓦
megrim	noun	巫
meiosis	noun	减数分裂
meitnerium	noun	䥑
melancholia	noun	抑郁症
melancholic	adjective	抑郁症
melancholy	noun	惆悵
melanin	noun	黑色素
melanoma	noun	黑色素瘤
melatonin	noun	褪黑素
meld	noun	角
melee	noun	争吵
mellow	adjective	软
melodic	adjective	好听
melodica	noun	口风琴
melodious	adjective	好听
melodiously	adverb	好听
melody	noun	旋律
melomaniac	noun	歌唱狂者
melon	noun	瓜|香瓜
melopoeia	noun	伴唱
melt	verb	融化
melting	noun	熔化
melting point	noun	熔点
melting pot	noun	大熔炉
member	noun	会员|肢|栓皮櫟
membership	noun	会员 會員
membrane	noun	膜
memento	noun	记忆
memento dollar	noun	孫小頭|孫幣
memo	noun	笔记
memoir	noun	記憶
memorandum	noun	笔记
memorial	noun	纪念碑
memorize	verb	背
memory	noun	記憶
memory leak	noun	内存泄漏
men	noun	人们
menace	noun	印刷
mendacious	adjective	说谎者
mendacity	noun	谎话
mendelevium	noun	钔
mendicant	adjective	行乞|乞丐
menfolk	noun	丈夫
menial	noun	僕人
menopause	noun	更年期
menstrual pad	noun	卫生巾
menstruate	verb	岁 了
menstruation	noun	月經|月经
mensur	noun	音叉
mental	adjective	精神
mental calculation	noun	心算
mental illness	noun	精神疾病
mentality	noun	心理
menthol	noun	薄荷醇
mention	verb	提起
mentor	noun	指导者
menu	noun	菜单|选单
meow	noun	喵
meowing	noun	猫叫声
mercantilism	noun	重商主义
mercenary	adjective	雇佣兵
merchandise	noun	商品
merchant	noun	商人
merciful	adjective	仁慈
mercurial	adjective	水星人
mercy	noun	气量
mere	adjective	僅
merely	adverb	只
merge	verb	合并
merger	noun	合并
meridian	adjective	中午|经线
meridional	adjective	南方
meringue	noun	蛋白脆饼
merit	noun	功劳|值得
meritocracy	noun	任人唯贤
merlin	noun	灰背隼
merlon	noun	齒
mermaid	noun	人魚
merman	noun	人鱼
meronym	noun	分体法
merperson	noun	人鱼
merriment	noun	快乐
merry	adjective	开心
merry christmas		圣诞快乐
merry-go-round	noun	旋轉木馬
mesh	noun	互联网
mesoderm	noun	中胚层
meson	noun	介子
mesosphere	noun	中间层
mess	noun	混乱
mess with	verb	找
message	noun	消息|信息|訊息|写
messenger	noun	信使
messenger rna	noun	信使核糖核酸
meta-		元
metabolism	noun	新陈代谢
metabolite	noun	代謝產物
metal	noun	金属|金
metal detector	noun	金属探测器
metalanguage	noun	元語言
metallic	adjective	金属
metalloid	noun	类金属
metallurgy	noun	冶金学
metamorphic rock	noun	变质岩
metamorphosis	noun	变形
metaphase	noun	中期
metaphor	noun	隐喻
metaphorical	adjective	比喻
metaphysical	adjective	形而上学
metaphysician	noun	形上學
metaphysics	noun	形而上学
metastasis	noun	遠端轉移
metatarsus	noun	跖骨
metathesis	noun	转移
metaverse	noun	元宇宙
mete out	verb	分
meteor	noun	流星
meteorite	noun	隕星
meteoritic	adjective	隕石學
meteorological	adjective	天气
meteorology	noun	气象学|氣象學
meter	noun	米
methamphetamine	noun	甲基苯丙胺
methane	noun	甲烷
methanol	noun	甲醇
method	noun	方法
methodical	adjective	有条理的
methodology	noun	方法論|如何
methylation	noun	甲基化作用
meticulous	adjective	仔细
meticulously	adverb	仔細
metre	noun	米
metre per second	noun	米每秒
metric ton	noun	吨
metrical foot	noun	音步
metroisation	noun	捷運化
metrology	noun	度量衡学
metronome	noun	节拍器
metropolis	noun	都
mettle	noun	勇氣
mettlesome	adjective	勇敢
mew	noun	海鸥
mezzanine	noun	證人席
mi	noun	角
micro-		微
microbiology	noun	微生物学
microchip	noun	微处理器
microcontroller	noun	单片机
microfiber	noun	微纤维
microkernel	noun	微内核
micronova	noun	微新星
microorganism	noun	微生物
microphone	noun	麥克風|麦克风
microprocessor	noun	微处理器
microraion	noun	住宅区
microscope	noun	显微镜|顯微鏡
microscopic	adjective	极微小的
microwave	noun	微波
microwave oven	noun	微波炉
mid	adjective	方法
mid-air	noun	气
mid-life crisis	noun	中年危機
middle	adjective	中|中央|腰
middle age	noun	中世紀
middle ear	noun	中耳
middle finger	noun	中指
middle ground	noun	中
middle note	noun	勇气
middle of nowhere	noun	鳥不拉屎的地方
middle school	noun	中学
middlebrow	adjective	普通
middleman	noun	中级
midfielder	noun	短襪
midge	noun	蚊
midget	noun	侏儒
midnight	noun	半夜
midriff	noun	肚
midshipman	noun	少尉
midst	noun	中
midweek	adjective	星期三
midwife	noun	助产士
midwinter	noun	冬至
mien	noun	态度
miff	noun	争吵|冒犯
might	noun	权力|力|也许
mighty	adjective	強大
migraine	noun	偏头痛
migratory	adjective	(军队建制)排
migratory bird	noun	候鸟
mikado	noun	天皇
mike	noun	传声器
milch	adjective	奶
mild	adjective	轻|光|中度
mildew	noun	白马
mile	noun	英里|结
milestone	noun	里程碑
milieu	noun	中
militarism	noun	军国主义
military	adjective	军事的|軍事|军队
military parade	noun	閱兵
military-industrial complex	noun	军事工业复合体
militia	noun	民兵
milk	noun	牛奶|奶
milk brother	noun	同奶兄弟
milk powder	noun	奶粉
milk tooth	noun	乳牙
milker	noun	乳牛
milkshake	noun	奶昔|蛋黄酱
milksop	noun	軟體動物
milky	adjective	奶
mill	noun	磑|厂|磨
millennial	adjective	千年
millennium	noun	千年
millet	noun	小米
milligram	noun	毫克
millilitre	noun	毫升
millimetre	noun	毫米
milling cutter	noun	草莓
million		百萬|百万
millionaire	noun	百万富翁|百萬富翁
millionfold	adjective	百万倍
millisecond	noun	毫秒
milliwatt	noun	千瓦
millstone	noun	磨石
milt	noun	乳
mimeograph	verb	复印
mimic	verb	嘲笑|学
mimicry	noun	拟态
mina	noun	礦山
mince	noun	猪绞肉
mind	noun	智力|記憶|浓度|神灵|意见|意志
mindless	adjective	无偿
mindset	noun	心理
mine	noun	礦山
miner	noun	矿工
mineral	adjective	含矿物质的|矿物
mineral water	noun	礦泉水
mineralogy	noun	矿物学
mineshaft	noun	礦井
minesweeper	noun	扫雷员
mineworker	noun	未成年人
mingle	verb	混
minibus	noun	小巴
minim	noun	二分音符
minimal	adjective	最小
minimal pair	noun	最小對立體
minimum	adjective	最小|最低限度
minimum wage	noun	最低工資
mining	noun	採礦
minion	noun	走狗
minionette	noun	小六
minister	noun	大臣|部长
ministry	noun	部
miniver	noun	白鼬
minor	adjective	未成年人
minor key	noun	小調
minor planet	noun	微型行星
minor premise	noun	小音程
minor third	noun	小三度
minstrel	noun	吟游诗人
mint	noun	薄荷|胡椒薄荷|固定
minuend	noun	减数
minuet	noun	小步舞曲
minus	adjective	否定|减
minus sign	noun	零下
minute	noun	分钟|分
minute of angle	noun	分
minutes	noun	釋迦
miracle	noun	奇跡
miraculous	adjective	奇跡
mirage	noun	海市蜃楼|海市蜃樓
mire	noun	泥
mirror	noun	镜子|备份|複製
mirth	noun	欢乐
misandry	noun	男性貶抑
misanthrope	noun	厌世
miscarriage	noun	堕胎
miscarriage of justice	noun	冤狱
miscarry	verb	流产|失败
miscellaneous	adjective	各
miscellany	noun	混合物|彙
mischief	noun	暴动
mischievous	adjective	刻毒|小壞蛋
miscreant	noun	坏人
misdeed	noun	罪
mise en abyme	noun	戏中戏
miser	noun	慳吝的（人)
miserable	adjective	哀傷
miserly	adjective	慳吝的（人)
misery loves company		同病相怜 同病相憐
misfortune	noun	事故|不幸
misgiving	noun	怀疑
mishap	noun	不幸的事
mishear	verb	誤會
mishegoss	noun	疯狂
mislead	verb	错
misogyny	noun	厌女症
misophonia	noun	恐音症
mispronunciation	noun	发音
miss out	verb	出去
missile	noun	导弹
missing	adjective	遺失的
mission	noun	代表团
mission statement	noun	任務
missionary	noun	传教士
missive	noun	床
missy	noun	小姐
mist	noun	雾
mistake	noun	錯誤|誤會
mister	noun	先生
mistletoe	noun	槲寄生
mistress	noun	女主人
mistrust	noun	不信
misunderstand	verb	誤會
misunderstanding	noun	誤解
mitch	verb	翘课
mite	noun	螨
mitigate	verb	减轻
mitochondrion	noun	线粒体|線粒體
mitosis	noun	有絲分裂
mix	verb	混
mixed number	noun	帶分數
mixer	noun	搅拌机
mixture	noun	混合物
mnemonic	adjective	助记符
mnemonics	noun	记忆术
mnemotechnic	adjective	记忆术
moan	noun	呻吟声|告发
moat	noun	壕
mob	noun	人群
mobile	adjective	可移动的
mobile number	noun	手機號
mobile phone	noun	手机
mock	adjective	假|模仿|戲仿|失望
mock-up	noun	模型
mockery	noun	鬧劇
mode	noun	模式
mode of transport	noun	交通方式
model	noun	模型
modeling clay	noun	彩泥
modem	noun	调制解调器
moderate	adjective	中等的
modern history	noun	近世
modernism	noun	現代主義
modernity	noun	现代
modernization	noun	现代化
modernize	verb	现代化
modest	adjective	不大
modesty	noun	謙虛
modicum	noun	最小
modification	noun	修改
modify	verb	修改
modulate	verb	移調|轉調
module	noun	模块
modulo		模
modulus	noun	模块
moggy	noun	胡同猫
mogul	noun	大亨|大佬|巨头
moiety	noun	份
moil	noun	徭役
moist	adjective	湿
moisten	verb	弄湿
moisture	noun	濕度
mojibake	noun	乱码
mojo	noun	巫術
molar	adjective	臼齿
molar concentration	noun	體積莫耳濃度
molarity	noun	體積莫耳濃度
molasses	noun	糖蜜
mold	noun	模具|霉菌|类型
moldboard	noun	耳朵
molding	noun	部
mole	noun	摩尔
mole cricket	noun	小狗
molecular	adjective	分子
molecular formula	noun	化学式
molecule	noun	分子
molester	noun	侵略者
mollify	verb	和缓
mollusc	noun	軟體動物
molting	noun	变声
molybdenum	noun	鉬|钼
moment	noun	刻
momentary	adjective	倾刻的
momentous	adjective	资本
momentum	noun	动量|衝力
monad	noun	单子
monarch	noun	君主
monarchy	noun	君主制
monastery	noun	修道院
monchong	noun	埃塞俄比亚
monetary	adjective	錢
monetary unit	noun	货币单位
money	noun	钱|錢|貨幣
money belt	noun	腰包
money cowry	noun	货贝
money laundering	noun	洗錢
money order	noun	匯票
money talks		有錢能使鬼推磨
monger	noun	商人
mongoose	noun	獴
mongrel	noun	私生子
moniker	noun	名字
monism	noun	一元论
monito del monte	noun	南𪕨
monitor	noun	屏幕
monitor lizard	noun	巨蜥
monk	noun	修士
monkey	noun	猴子
monkey in the middle	noun	甘薯
monkey wrench	noun	绿松石|問題
monoamine oxidase	noun	单胺氧化酶
monogamy	noun	一夫一妻制
monogram	noun	交織字母
monograph	noun	专著
monologue	noun	单口
monomial	noun	單項式
monopole	noun	独占
monopolize	verb	獨佔
monopoly	noun	專賣
monopsony	noun	买方垄断
monosaccharide	noun	單醣
monotheism	noun	一神教
monotonicity	noun	单调
monotony	noun	单调
monotype	noun	单版画
mons	noun	山
mons pubis	noun	阴阜
monsoon	noun	季风
monster	noun	妖怪
monster truck	noun	怪獸卡車
monstrance	noun	圣体光
monstrous	adjective	不錯
montage	noun	集会
month	noun	月|月份
monument	noun	紀念碑
moo	noun	mu mu
mood	noun	幽默|心情|大气
moola	noun	銀
moon bag	noun	腰包
moonbeam	noun	月光
mooncake	noun	月饼
moondial	noun	月晷
moonlight	noun	月光
moonstone	noun	万寿菊
moorhen	noun	黑水鸡
moose	noun	驼鹿
moot	adjective	不孕的
mop	noun	拖把|鬼脸
mopane	noun	可樂豆樹|蝴蝶樹
moped	noun	摩托車
mora	noun	音拍
moral	adjective	有关道德的|道德
moral police	noun	伊斯蘭宗教警察|穆塔韋
morale	noun	有关道德的
morality	noun	伦理
morass	noun	pantano
moratorium	noun	延期偿付
moray	noun	海鳝
morbid	adjective	病的
morbid obesity	noun	病態肥胖
mordacious	adjective	波音|銳利
mordant	adjective	波音
mordent	noun	波音
more	adverb	更多
more and more	adverb	越来越
more or less	adverb	差不多
more's the pity		可惜
morel	noun	羊肚菌
moreover	adverb	而且
morin khuur	noun	马头琴
morning	noun	上午|早上
morning star	noun	启明|晨星
moron	noun	喀尔喀语
moronic	adjective	傻
morose	adjective	黑暗
morosity	noun	悲伤
morpheme	noun	語素
morphine	noun	嗎啡
morphology	noun	形态学
morrow	noun	上午
morsel	noun	块
mortal	adjective	致命|不共戴天|人
mortality	noun	死亡率
mortar	noun	灰泥|研缽
mortgage	noun	抵押
mortification	noun	壞死
mortify	verb	腌
mortise	noun	榫眼
morula	noun	桑葚胚
moscovium	noun	鏌
mosey	verb	出发
mosque	noun	清真寺
mosquito	noun	蚊子
moss	noun	苔藓
most	adverb	最|很|多数
most of all	adverb	最重要的
most of the time	adverb	常
mostly	adverb	最重要的
mote	noun	原子
moth	noun	蛾
mothball	noun	萘
mother	noun	母亲|母親
mother ship	noun	母船
mother tongue	noun	母语
mother-in-law	noun	婆婆
mother-of-pearl	noun	珍珠母
motherboard	noun	主板
motherfucker	noun	祖赫語
motherfucking	adjective	笨
motherhood	noun	母性
motherland	noun	矩陣|故乡
motherly	adjective	母親的
motif	noun	動機|动机
motile	adjective	活动
motion	noun	乐章
motivate	verb	激发
motivation	noun	动机
motive	noun	理由|動機|原因
motor	adjective	馬達|发动机
motor racing	noun	賽車
motor scooter	noun	黄蜂
motor vehicle	noun	機動車
motorcycle	noun	摩托車
motorist	noun	司机
motorsport	noun	賽車
motorway	noun	公路
motto	noun	座右銘
moult	noun	变声|脫衣
mound	noun	丘
mound royal	noun	世界
mount	noun	骑士|下車|进步|炒
mountain	noun	山
mountain ash	noun	花楸属
mountain chain	noun	山脉
mountain guide	noun	参观 指南
mountain pass	noun	山口
mountain range	noun	山脉
mountaineering	noun	登山运动
mountainous	adjective	多山
mourn	verb	哀悼
mourning	noun	丧
mouse	noun	鼠|老鼠
mouse pad	noun	滑鼠墊
mousebird	noun	鼠鸟目
mousse	noun	泡沫
moustache	noun	鬍子
mouth	noun	口|嘴
mouthful	noun	口
mouthpiece	noun	传声器|河口
mouthwash	noun	漱口水
mouthwatering	adjective	令人垂涎的
move	verb	动
movement	noun	乐章
movement control order	noun	行動管制令
moves	noun	樣式
movie	noun	电影
moving spirit	noun	灵魂
moving walkway	noun	電動步道
mow	verb	喜鹊
moxibustion	noun	灸
moxie	noun	勇氣|能源
mozzarella	noun	马苏里拉
mpox	noun	猴痘
mu	noun	无
much	adverb	很多
much ado about nothing		乌龙事件
mucilage	noun	黏液
muck	noun	泥|堆肥
mucous membrane	noun	黏膜
mucus	noun	黏液
mud	noun	泥|泥巴
muddle	noun	混乱|混
mudra	noun	手印
muffin	noun	玛芬
muffin top	noun	輪胎
muffle	verb	覆盖
muffler	noun	圍巾 围巾
mufti	noun	便服#穆夫提|便服
mug	noun	馬克杯|梨|傻子
mug shot	noun	肖像
mugger	noun	侵略者
mugging	noun	越界果实掉落
muggins	noun	傻子
muggy	adjective	湿
mujik	noun	农民
mulatto	noun	昂列咖啡
mulberry	noun	桑椹
mulch	noun	覆盖物
mulching	noun	覆盖物
mule	noun	骡
mull	verb	反射
mullah	noun	毛拉
mullet	noun	鲻鱼
multicolored	adjective	多种色彩的
multiculturalism	noun	多元文化主義
multilateralism	noun	多邊主義
multimedia	noun	多媒体
multimeter	noun	万用表
multiple sclerosis	noun	多发性硬化症
multiplication	noun	乘法
multiplication table	noun	乘法表
multiplicity	noun	数
multiplier	noun	乘數
multitude	noun	大量|人民
multiverse	noun	多元宇宙
mum	noun	妈妈
mum's the word		嘘
mummy	noun	木乃伊
mumps	noun	腮腺炎
munch	verb	吃
mundane	adjective	平|一般
mung bean	noun	綠豆
municipal	adjective	城市
municipality	noun	市政當局
munificence	noun	大度
munificent	adjective	大方
muntin	noun	井号
muntjac	noun	麂
mura	noun	村
murder	noun	殺人|出生
murderer	noun	凶手
murderous	adjective	兇手
murine	adjective	老鼠
murk	noun	黑
murky	adjective	黑暗|黑
murmur	noun	嘈杂声
murrain	noun	鼠疫
muscle	noun	肌肉
muscle memory	noun	肌肉記憶
muscular	adjective	筋
muse	noun	缪斯
museology	noun	博物馆学
museum	noun	博物馆|博物館
mushroom	noun	蘑菇
mushy	adjective	软弱|软
music	noun	音乐|音樂
music box	noun	八音盒
music theory	noun	乐理
music video	noun	回形针
musical	adjective	歌舞片|音乐家
musical instrument	noun	乐器
musical scale	noun	音阶
musician	noun	音乐家
musicologist	noun	音乐学家
musicology	noun	音乐学
musing	noun	三色堇
musique concrète	noun	具体音乐
musk	noun	麝香
musketeer	noun	鸟铳手
muskrat	noun	麝香鼠
mussel	noun	淡菜
must	noun	很可能
mustard	noun	芥末
mustard gas	noun	芥子毒气
mustelid	noun	貂
muster	noun	会|复习|展覽會|模型|举行
mutation	noun	突变
mute	adjective	啞巴
mute swan	noun	疣鼻天鵝
mutiny	noun	煽惑叛變
mutt	noun	傻子
mutton	noun	羊肉
mutual	adjective	互相|互|一起
mutualism	noun	互利共生
muzzle	noun	口吻|给
mwah		mua
my		我的
my lord	noun	先生
my pleasure		不客氣
mycelium	noun	菌丝体
mycology	noun	真菌学|真菌學
mycorrhiza	noun	菌根
mylonite	noun	糜稜岩
myoga	noun	蘘荷
myometrium	noun	子宫肌层
myopia	noun	近視
myriad	noun	万
myrrh	noun	沒藥
myrtle	noun	桃金娘
myself		一|我自己
mysophobia	noun	洁癖
mysterious	adjective	神秘|不可思议的
mystery	noun	神祕|啞謎
mystery play	noun	神秘
mysticism	noun	神秘主義
myth	noun	迷思|神話
mythology	noun	神话
mâche	noun	萵苣
nadir	noun	天底
nag	noun	矮種馬|责骂
nail	noun	指甲|钉子
nail polish	noun	指甲油
nail polish remover	noun	丙酮
naive	adjective	天真的
naked	adjective	赤裸|裸体
namby-pamby	noun	軟體動物
name	noun	名字|名
name day	noun	节日
nameless	adjective	无名的
nameplate	noun	斑块
namesake	noun	同名
nanny	noun	保姆
nanometre	noun	纳米
nanosecond	noun	纳秒
nanotechnology	noun	纳米技术
nap	noun	小睡；午睡
napa cabbage	noun	大白菜
napalm	noun	凝固汽油弹
nape	noun	項
naphtha	noun	石油
naphthalene	noun	萘
napkin	noun	餐巾
narcissism	noun	自戀
narcolepsy	noun	發作性嗜睡病
narcotic	noun	毒
nark	noun	間諜
narrate	verb	叙述
narration	noun	叙事
narrative	adjective	叙述的|叙事|故事
narrow	adjective	窄|穷|仔細
narutomaki	noun	鸣门卷
narwhal	noun	一角鲸
nary	adjective	或
nasal	adjective	鼻子
nasal cavity	noun	鼻腔
nase	noun	軟口魚
nasturtium	noun	豆瓣菜屬|旱莲草
nasty	adjective	恶|刻毒|丑|危
nation	noun	國民
nation of laws	noun	法治国家
nation-state	noun	民族國家
national	adjective	国家
national anthem	noun	国歌|國歌
national day	noun	国庆节
national holiday	noun	国庆节|假日
national park	noun	国家公园|國家公園
nationalisation	noun	国有化
nationalism	noun	民族主义|民族主義
nationality	noun	國籍
nationalize	verb	国有化
nationwide	adjective	全国
native	adjective	母亲的|土着|原生|當地人
nativity scene	noun	槽
natter	verb	扯淡
natty	adjective	潇洒
natural	adjective	明白|自然|还原号
natural child	noun	私生子
natural gas	noun	天然气
natural history	noun	博物学
natural language	noun	自然语言
natural logarithm	noun	自然对数
natural number	noun	自然数
natural numbers	noun	自然數
natural person	noun	自然人
natural resource	noun	資源
natural science	noun	博物
natural selection	noun	自然选择
naturalization	noun	入籍
naturally	adverb	当然
nature	noun	自然|大自然
naturism	noun	裸体主义
naught	noun	無|什么
naughty	adjective	淫秽
nausea	noun	惡心|子囊
nautical	adjective	航海的
nautical mile	noun	海里
nave	noun	中殿
navel	noun	肚臍
navigate	verb	行船
navigation	noun	航海
navigator	noun	航海者
navy	adjective	深蓝色|水手|海军
navy blue	noun	深蓝色
nay	adverb	嗯
near	adverb	近
near-death experience	noun	濒死经验
nearby	adverb	近
nearly	adverb	几乎
nearsightedness	noun	近視
neat	adjective	太阳|純潔|乾淨|潇洒|仔細|吸管|牛
neatly	adverb	优美地
nebula	noun	星云
necessary	adjective	必要的
necessitate	verb	需要
necessity	noun	必需
necessity knows no law		饥不择食
neck	noun	頸|脖子
neckerchief	noun	手帕
necklace	noun	项链
necktie	noun	領帶
necrophage	noun	食腐动物
necropolis	noun	大墓地
necrosis	noun	坏死
nectarine	noun	油桃
need	verb	需要
needle	noun	針
needle in a haystack	noun	大海捞针
needless	adjective	无用的
needlework	noun	作品
needy	adjective	需求
nefarious	adjective	恶
negation	noun	否定
negative	adjective	负|否定|非正
neglect	noun	疏忽
neglectful	adjective	漫不经心的
negligence	noun	玩忽职守
negligent	adjective	漫不经心的
negligible	adjective	可忽视
negotiate	verb	談判
negotiation	noun	談判
negress	noun	四分音符
negro	adjective	代笔作家|黑
neighborhood	noun	邻居|区|大約
neighboring	adjective	近
neighbour	noun	鄰居
neither		或|没有
nekton	noun	自游动物
nematoceran	noun	蚊子
neodymium	noun	釹|钕
neoliberalism	noun	新自由主义
neologism	noun	新词
neology	noun	新词
neon	noun	氖
neophilia	noun	好奇心
neoplasm	noun	新生物
neoprene	noun	氯丁橡胶
neoteny	noun	幼態持續
nephew	noun	侄子|外甥
nephrite	noun	玉石
nephritis	noun	腎炎
neptunium	noun	镎
nerd	noun	电脑虫
nerve	noun	神经|神經
nerve cell	noun	神經細胞
nervously	adverb	实际上的 (shíjìshangde)
nesh	adjective	怕冷的
nest	noun	窝
nest egg	noun	墊子
net	noun	網
netball	noun	籃網球
nether	adjective	地下
netizen	noun	网友
nettle	noun	荨麻
network	noun	网|互联网
neuroanatomy	noun	神經解剖學
neurodiversity	noun	神经多样性
neurology	noun	神經內科
neuron	noun	神經元
neurophysiology	noun	神经生理学
neuroscience	noun	神经科学
neurosis	noun	神经症
neurotoxin	noun	神經毒素
neurotypical	adjective	神经学典范
neuter	noun	中性
neutral	adjective	中性
neutral tone	noun	輕聲
neutrality	noun	中立
neutralize	verb	抵消
neutrino	noun	中微子
neutron	noun	中子
neutron bomb	noun	中子弹
neutron star	noun	中子星
neutronium	noun	0號元素
never	adverb	从不
never mind	verb	没关系
neverland	noun	烏有鄉
nevertheless	adverb	不过
new	adjective	新
new energy vehicle	noun	NEV|新能源汽車
new moon	noun	新月
newbie	noun	初学者
newel	noun	内核
newly	adverb	最近
news	noun	话
news agency	noun	新闻社
news item	noun	信息
news media	noun	报纸
newsagent	noun	记 者
newsgathering	noun	新闻学
newspaper	noun	报纸|報紙
newsprint	noun	报纸
newsstand	noun	便利商店
newt	verb	蝾螈
newton	noun	牛頓
next	adjective	下
next to		旁边
next week	adverb	下周 下星期
nexus	noun	帮|中心
nib	noun	筆|吹口
nibble	noun	四和絃
nicely	adverb	好
niche	noun	狗屋
nick	noun	孔
nickel	noun	鎳|镍
nickel silver	noun	无峰驼
nickeline	noun	紅砷鎳礦
nickname	noun	綽號
nicotine	noun	尼古丁
niece	noun	侄女
nifty	adjective	典雅
nigga	noun	代笔作家
niggardly	adjective	慳吝的（人)
nigger	noun	代笔作家
nigh	adjective	近|不久|旁边
night	noun	夜晚|夜
night blindness	noun	夜盲
night of the long knives	noun	長刀之夜
night owl	noun	夜游神
night person	noun	夜游神
night shift	noun	夜班
night watchman	noun	守夜人
nightclub	noun	夜店
nightfall	noun	曙暮光
nightingale	noun	夜莺
nightlife	noun	夕
nightmare	noun	恶梦
nighttime	noun	夕
nihonium	noun	鉨
nil	noun	無|零
nimbostratus	noun	雨層雲
nincompoop	noun	傻子
nine	noun	九|玖
nine hundred		九百
nine men's morris	noun	磨房
nineteen		十九
nineteenth	adjective	第十九
ninety		九十
ninety-nine		九十九
ninety-six		九十六
ninety-three		九十三
ninja	noun	忍者
ninny	noun	傻子
ninth	adjective	第九
niobium	noun	鈮
nipple	noun	乳頭|乳头
nirvana	noun	涅槃
nit	noun	虮子
nitpicker	noun	挑剔的人
nitric acid	noun	硝酸
nitride	noun	氮化物
nitrogen	noun	氮
nitrous oxide	noun	一氧化二氮
nix	noun	无|废除
no	noun	不|否
no more	adverb	加
no one		人
no pain, no gain		不入虎穴，焉得虎子
no problem		没关系
no smoking		[[#
no use	noun	无用的
no way		假話
no, thanks		謝謝
no-fly zone	noun	禁飛區
no-nonsense	adjective	认真
nobelium	noun	鍩|锘
nobiliary particle	noun	元粒子
nobility	noun	贵族阶层
noble	adjective	贵
noble gas	noun	稀有气体
nobleness	noun	贵族阶层
nobody	noun	沒有人
nocturnal	adjective	夜间
nocturnal emission	noun	夢遺
nocturne	noun	夜曲
nod	verb	点头|打瞌睡
nod off	verb	打瞌睡
node	noun	結|节|扣子 [kòuzi]
noggin	noun	梨
noise	noun	噪音
noisome	adjective	讨厌的
noisy	adjective	大声
nomad	noun	游牧
nomadic	adjective	游牧
nome	noun	法律
nomenclature	noun	名称
nominal	adjective	命名的
nominalism	noun	唯名論
nominative	adjective	主格
nominative case	noun	主格
nominee	noun	考生
nomogram	noun	算盘
non-		不
non-commissioned officer	noun	士官
non-governmental organization	noun	非政府组织
non-negative	adjective	非负
nonagon	noun	九邊形
nonane	noun	壬烷
nonbeliever	noun	无神论者
nonce	noun	指标
none		没有
nonetheless	adverb	然而
nonmetal	noun	非金属
nonpareil	adjective	無雙
nonpolar	adjective	非极性
nonpositive	adjective	非正
nonprofessional	adjective	兴趣|愛好者
nonsensical	adjective	不合理的
nonstandard	adjective	无常
nonstop	adverb	老是
nonviolence	noun	非暴力
noob	noun	初学者
noodle	noun	面
nook	noun	角落
nookie	noun	liù
noon	noun	中午
nope		令人 不快 的
nordic	adjective	挪威
noria	noun	水车
normal	adjective	正常
normalization	noun	正常化
normally	adverb	正常
north	adjective	北
north wind	noun	北
north-northwest	noun	西北偏北
northeast	noun	东北
northeastern	adjective	东北
northern	adjective	北
northern gannet	noun	塘鹅
northern lapwing	noun	凤头麦鸡
northern lights	noun	北极光
northwest	noun	西北
northwest by north	noun	西北微北
northwestern	adjective	西北
nose	noun	鼻子|鼻
nosebleed section	noun	乐园
nosedive	verb	潛水
nosegay	noun	花束
nostalgia	noun	怀旧
nostril	noun	鼻孔
nosy	adjective	愛說閒話的人|長鼻猴
not at all	adverb	無|不 否
not bad	adjective	不错
not even	adverb	不
not quite	adverb	不大
not yet	adverb	没有
notable	adjective	出色
notary	noun	公證人
notary public	noun	公證人
notch	noun	咽喉|块|成功
note	noun	音符
notebook	noun	本子
notepad	noun	本子
noteworthy	adjective	显赫的
nothing	noun	什么
nothing to sneeze at	noun	不错
nothingness	noun	无相|空|什么
notice	noun	公告|辭職|看见
noticeable	adjective	出色
notify	verb	報
notion	noun	意见|意图
notwithstanding		即使|尽管
nought	noun	零
noun	noun	名詞|名词
noun numeral	noun	数词
nourish	verb	生長|培养
nourishing	adjective	有营养的
nourishment	noun	食物
nous	noun	俺们
nova	noun	新星
novel	noun	小說|小说
novelist	noun	小说家
novella	noun	中篇小說
now	adverb	现在
now and then	adverb	有时
nowadays	adverb	现在
nozzle	noun	鼻
nu	noun	纽
nuance	noun	强弱法
nuclear bomb	noun	原子弹
nuclear energy	noun	原子能
nuclear family	noun	核心家庭
nuclear fission	noun	核裂变
nuclear fusion	noun	核聚变
nuclear power	noun	原子能
nuclear power plant	noun	核电厂
nuclear reaction	noun	核反应
nuclear reactor	noun	核反应堆
nuclear weapon	noun	核武器
nuclear winter	noun	核冬天
nucleic acid	noun	核酸
nucleon	noun	核子
nucleotide	noun	核苷酸
nucleus	noun	原子核
nude	adjective	裸体|纽
nudge	verb	戳
nudiustertian	adjective	前天
nugatory	adjective	无效的
nugget	noun	瘀青
nuisance	noun	不方便之处|烦扰
nuit blanche	noun	失眠
nuke	noun	原子弹|核反应堆|銷毀
null	noun	沒事
null and void	adjective	无效
nullify	verb	取消
numb	adjective	麻木
number	noun	数
number one	noun	小
number two	noun	泰
number-theoretical	adjective	算术
numbers station	noun	数字电台
numeral	noun	数字|数词
numerical	adjective	数值型
numerology	noun	命理學
numerous	adjective	大量
numinous	adjective	精神上的
nun	noun	修女
nuncheon	noun	品尝
nuptial	adjective	结婚的
nuptials	noun	婚礼
nurse	noun	护士|看护
nursemaid	noun	乳母
nursery rhyme	noun	儿歌
nursery school	noun	幼儿园
nurture	noun	食物|养
nut	noun	坚果|螺母|蛋
nut job	noun	虚弱的
nutcracker	noun	瘪嘴食管
nuthatch	noun	䴓科
nutmeg	noun	肉豆蔻|筆
nutrient	noun	營養
nutrition	noun	營養
nutritional	adjective	營養|营养
nutritious	adjective	有营养的
nutritive	adjective	有营养的
nuts	adjective	瘋狂|尖
nutty	adjective	疯狂的
nuzzle	verb	抚爱
nychthemeron	noun	天
nylon	noun	尼龍
nymph	noun	仙女|宁芙
née	adjective	原姓|舊名
négligée	noun	女便服
o'clock	adverb	一
oaf	noun	傻子
oak	noun	橡樹
oar	noun	槳
oar blade	noun	铁铲
oasis	noun	綠洲
oat	noun	燕麦|燕麥
oat milk	noun	燕麦奶
oath	noun	誓詞|发誓
oatmeal	noun	大燕麥片|燕麥
oats	noun	燕麥
obedience	noun	服从
obelisk	noun	方尖碑
obesity	noun	肥胖症
obey	verb	从属
object	noun	物体|對象|什物|反對
objection	noun	异议
objectionable	adjective	不行
objective	adjective	客觀|物镜
objectively	adverb	物镜
obligation	noun	義務
oblige	verb	強迫|服务
obliterate	verb	坠毁
oblivion	noun	無
oblivious	adjective	懵
oblong	noun	長方形
obnoxious	adjective	可怕
oboe	noun	双簧管
obol	noun	奧波勒斯
obolus	noun	奧波勒斯
obscene	adjective	淫秽|黄色
obscenity	noun	淫穢
obscure	adjective	黑|无形|隐藏
obscurity	noun	黑
obsequious	adjective	服从
observation	noun	观察
observatory	noun	天文台
observe	verb	看到|看见
obsession	noun	迷住
obsessive-compulsive disorder	noun	強迫症
obsidian	noun	黑曜岩
obsolete	adjective	老
obstacle	noun	障礙
obstacle course	noun	障碍赛跑
obstetric	adjective	产科的
obstetrics	noun	产科学
obstinate	adjective	顽固的
obstruct	verb	堵塞
obstruction	noun	阻塞
obtain	verb	取得
obtuse	adjective	[[#|鈍|耳聋
obtuse angle	noun	[[#
obtuse triangle	noun	[[#
obverse	noun	头
obvious	adjective	明白
ocarina	noun	陶笛
occasion	noun	場合|道理|便宜
occasional	adjective	散乱
occluded front	noun	囚锢锋
occult	verb	藏
occupancy	noun	職業
occupation	noun	職業
occupied	adjective	冰雹|忙
occur	verb	发生|到达|在
occurrence	noun	便宜
ocean	noun	大洋|大海
ocean current	noun	海流
ocean floor	noun	洋底
ocean sunfish	noun	月亮
oceanographer	noun	海洋学者
oceanography	noun	海洋学
ocelot	noun	虎貓
octadecagon	noun	十八边形
octagon	noun	八边形
octahedron	noun	正八面體
octane	noun	辛烷
octave	noun	高八度
octonion	noun	八元數
octopus	noun	章鱼
octuplet	noun	八连音
ocular	adjective	眼的
oculus	noun	目
odd	adjective	古怪|罕见|差不多
odd job	noun	喙
oddball	noun	怪人
odds	noun	概率
ode	noun	奥德
odontology	noun	牙醫學
odor	noun	氣味
oesophagus	noun	食道
oestrus	noun	热
oeuvre	noun	文学
of		的|以前|之|关于
of age		中指
of course	adverb	当然
of late		最近
of someone's dreams		理想
off	adjective	離開|不好|出
off the books		黑
off the top of one's head		这样
off-season	noun	淡季
offal	noun	有
offend	verb	侮辱|冒犯|擊傷
offense	noun	侮辱|袭击
offensive	adjective	攻击的|攻击
offer	noun	倡议
offering	noun	牺牲
offhand	adjective	漫不经心的
office	noun	办公室
office hours	noun	工時
officer	noun	官方的
official	adjective	官方的|官方
offset	noun	补偿
offshoot	noun	支线
offshore	verb	带
offside	noun	越位
offspring	noun	男孩
oft	adverb	常常
often	adverb	常常
oganesson	noun	鿫
ogee	noun	嗓子
ogle	verb	盯
ogre	noun	食人魔
oh	noun	啊|〇
oh dear		哎哟
oh no		丈夫
oh well		没关系
ohm	noun	欧姆
ohmmeter	noun	欧姆计
oil	noun	油
oil lamp	noun	油灯
oil painting	noun	油
oil palm	noun	油棕
oil pipeline	noun	输油管道
oil refinery	noun	煉油廠
oil well	noun	油井
oily	adjective	油腻
oink		哼哼
ointment	noun	软膏剂
okapi	noun	霍加狓
okara	noun	豆渣
okra	noun	秋葵
old	adjective	老|過時
old age	noun	晚年
old country	noun	国家
old dear	noun	奶
old fart	noun	老调
old folks' home	noun	养老院
old habits die hard		本性难移
old lady	noun	老女人
old man	noun	老汉|大
old woman	noun	奶|古
old-fashioned	adjective	老套
old-growth forest	noun	原始森林
old-timer	noun	老兵
older brother	noun	哥哥
older sister	noun	姐姐
oldie	noun	耳环
oldness	noun	老年
oleic acid	noun	油酸
olfaction	noun	嗅覺
oliebol	noun	荷兰甜甜圈
oligarch	noun	寡头
oligarchy	noun	寡头政治
oligomer	noun	低聚物
oligopoly	noun	寡頭壟斷
olive	noun	橄榄|橄欖
olive branch	noun	橄欖枝
olive oil	noun	橄欖油
olive tree	noun	橄榄树
olivine	noun	橄榄石
om	noun	歐姆
omasum	noun	书
ombre	noun	人
ombudsman	noun	申訴專員
omelette	noun	煎蛋餅
omen	noun	前兆
omicron	noun	大写Ο
ominous	adjective	不祥的
omission	noun	過失
omit	verb	遗漏
omnibus	noun	公共汽車
omnipotent	adjective	全能的
omnipresence	noun	无处不在
omurice	noun	蛋包飯
on	adjective	开|中|上|信封|下
on a whim		一时兴起
on earth		从不
on foot		走路
on good terms		相处融洽
on hand		笔迹
on impulse		一时兴起
on one's own		自己
on one's way		揭下
on purpose		存心
on the button		电池
on the dot		分
on the fly	adverb	欠考虑地
on the go		运动 [yùndòng]
on the horns of a dilemma		兩面挨打
on the house		服务
on the other hand		反之
on the safe side		万一
on the side		旁边
on the verge of		正要
on the way		路上
on your marks		各就各位
on-brand	adjective	常
onanism	noun	手淫
once	adverb	一趟
once again	adverb	再
once bitten, twice shy		一朝被蛇咬，十年怕井绳
once upon a time	adverb	从前
oncology	noun	肿瘤学
ondol	noun	溫突
one	noun	一
one and only	adjective	独一无二
one day	adverb	下次
one for all, all for one		人人为我，我为人人
one hundred percent	adjective	百分之百
one o'clock	noun	小时
one of these days	adverb	某日
one swallow does not a summer make		独燕不成春
one's		是
one's bark is worse than one's bite		刀子嘴豆腐心
one-armed	adjective	企鹅
one-handed	adverb	企鹅
one-time	adjective	一
one-to-one	adjective	合适
one-way	adjective	单一
one-year-old	adjective	年
oneiric	adjective	困
oneness	noun	統一
onerous	adjective	力
oneself		个人
onion	noun	洋葱|洋蔥
online	adjective	网上
only	adverb	只有
only child	noun	独生子女
onomastics	noun	姓名学
onomatopoeia	noun	拟声词
onsen	noun	日式溫泉
onset	noun	袭击|攻击
onshore	verb	带
onslaught	noun	攻击|入侵
onto		酸
ontogenesis	noun	个体发生
ontology	noun	本体论
onus	noun	责任
oocyte	noun	卵母细胞
oolong tea	noun	乌龙茶
oomph	noun	火
oops		丈夫
opal	noun	蛋白石
opaque	adjective	不透光|鈍|黑暗
open	adjective	開着|真心|打開|开
open cluster	noun	疏散星團
open interval	noun	开区间
open its doors	verb	开门
open letter	noun	公开信
open sesame	noun	芝麻|芝麻开门
open set	noun	开集
open up	verb	开
open world	noun	沙坑
open-pit mine	noun	露天採礦廠
opencast	adjective	露天採礦廠
opening	noun	孔|初次的演出
opera	noun	歌剧|歌劇
opera house	noun	歌劇院
operate	verb	工作
operating system	noun	作業系統|操作系统
operation	noun	手術|手术
operational	adjective	外科学|活动
operative	adjective	工作
ophthalmologist	noun	眼科醫生 眼科医生
ophthalmology	noun	眼科学
opiate	noun	鸦片
opinion	noun	意见
opinion poll	noun	民意测验
opinionated	adjective	顽固的
opium	noun	鸦片
opium den	noun	煙館
opium pipe	noun	竹子
opossum	noun	負鼠
opportune	adjective	合适|便宜
opportunism	noun	机会主义
opportunist	noun	机会主义者
opportunity	noun	好运|机会|便宜
opportunity makes the thief		顺手牵羊
oppose	verb	反對
opposite	adverb	对面
opposition	noun	反對
oppress	verb	壓迫
opt out	verb	拒絕
opt-out	noun	放弃
optative	noun	祈願語氣
optic	adjective	光学 [guāngxué]
optic chiasm	noun	视交叉
optic nerve	noun	视神经
optical fibre	noun	光导纤维
optician	noun	光学仪器商
optics	noun	光学
optimism	noun	乐观主义
optimistic	adjective	乐观
option	noun	選擇
optometry	noun	视光学
opulence	noun	财富
or		或者|或
or else		不同
or so		差不多
oracle	noun	神谕|神諭
oral sex	noun	口交
orange	adjective	橙色|橙|橙子
orange tree	noun	橙树
orangutan	noun	猩猩
orate	verb	噌
orb	noun	圆球|球体|目|球
orbit	noun	軌道|公轉|带来
orca	noun	逆戟鲸
orchard	noun	果树
orchestra	noun	管弦樂團
orchestrate	verb	安排
orchid	noun	兰花|兰
orchidology	noun	兰学
ordeal	noun	令人痛苦的事
order	noun	目|次序
ordered pair	noun	力矩
orderliness	noun	法则
ordinal number	noun	原子序
ordinance	noun	禁止|禁制令
ordinary	adjective	普通|一般
ordinate	noun	纵坐标|等于
orecchiette	noun	貓耳朵麵
oregano	noun	牛至
organ	noun	器官|風琴
organ console	noun	控制台
organ pipe	noun	風琴管
organ stop	noun	套准
organelle	noun	細胞器
organic	adjective	有机
organic chemistry	noun	有机化学
organic farming	noun	有机农业
organic matter	noun	有机物
organically	adverb	正常
organism	noun	生物
organization	noun	单位|组织
organization chart	noun	組織圖
organize	verb	安排
organized crime	noun	組織犯罪
orgasm	noun	高潮
orgulous	adjective	自豪的|太过|危险
orgy	noun	旗子
orientalism	noun	东方主义
orientation	noun	新生訓練
orienteering	noun	定向
origin	noun	原因
original	adjective	原
original sin	noun	原罪
originality	noun	创造性
originate	verb	制造
ornament	noun	装饰品
ornamental	adjective	作装饰用的
ornithology	noun	鳥類學
orotic acid	noun	乳清酸
orphan	noun	孤儿
orphanage	noun	孤兒院
orpiment	noun	雌黃
orthogenesis	noun	定向演化
orthogonal	adjective	自主
orthography	noun	正字法
orthopedics	noun	骨外科
os	noun	骨
oscilloscope	noun	示波器
osmium	noun	鋨|锇
osmosis	noun	渗透
osseous	adjective	腿
ossicle	noun	小骨
osteoarthritis	noun	骨关节炎
osteopathy	noun	整骨療法
osteopenia	noun	骨质减少
osteoporosis	noun	骨質疏鬆症
ostracism	noun	陶片放逐制
ostrich	noun	鸵鸟|鸵
ostro	noun	水手
otaku	noun	御宅族
other than		除了
otherwise	adverb	不同
otiose	adjective	空閑|徒劳的
otitis	noun	耳炎
otolaryngology	noun	耳鼻喉科學
ottava rima	noun	八元数
otter	noun	水獭
ouch		哎哟
ought	verb	应当
ought to	verb	该
ounce	noun	盎司
our		我們的
ours		我们的
ourselves		我们|同一
out	adverb	外边|远|外面|的|嘘|出口|外邊
out loud	adverb	出口
out of		的|酸|除了
out of date		陈旧
out of order		工作
out of print		累坏
out of sight, out of mind		眼不见，心不烦
out of the frying pan, into the fire		一波未平，一波又起
out of the mouths of babes		童言无忌
out of thin air	adverb	無中生有
out of tune		假
out-and-out	adjective	全部
out-of-body experience	noun	靈魂出竅
outage	noun	故障
outbreak	noun	爆炸 [bàozhà]|爆炸
outbuilding	noun	依赖性
outburst	noun	爆炸 [bàozhà]
outcome	noun	结果
outcrop	noun	舌
outcry	noun	哭|抗议
outdated	adjective	过时的
outdoors	adverb	外边|外面|大自然
outer	adjective	外
outer ear	noun	外耳
outer space	noun	外层空间
outfit	noun	为了看的|必要的|球队|公司
outflow	noun	出口
outhouse	noun	浴室
outing	noun	正體
outlandish	adjective	外国|古怪
outlay	noun	花费|开销
outlet	noun	离开|利益|太
outlier	noun	异常
outline	noun	底子|提要
outlive	verb	倖存
outlook	noun	目光|看法
outmoded	adjective	陈旧|老式 [lǎoshì]
outnumber	verb	大量
output	noun	离开|发
outrage	noun	丑闻|义愤
outreach	noun	范围
outright	adjective	全部|直接|一定
outrun	verb	摆脱
outré	adjective	奢华
outset	noun	头
outside	adverb	外邊
outsider	noun	三分之一|初学者
outsourcing	noun	外判
outspoken	adjective	法郎
outstanding	adjective	优秀
outwit	verb	在
oval	adjective	卵形
ovary	noun	卵巢
oven	noun	烤爐
over	adjective	有限|太|再次|上边|经过|酸
over and over	adverb	一向
over and over again	adverb	重复
over here	adverb	这里
over the hill		大
over there	adverb	那儿
overage	noun	余多
overall	adverb	一般|工作
overalls	noun	跳水员
overawe	verb	恐怖
overcast	adjective	多云
overcoat	noun	大衣
overcome	verb	征服
overconfident	adjective	自豪的|傲慢
overdose	noun	服药过量
overdue	adjective	迟到
overfall	verb	击
overflow	verb	流
overhaul	noun	改革|革新
overhead kick	noun	放弃
overhead line	noun	高架電纜
overhear	verb	听到
overlook	noun	简介|忽略
overlord	noun	沙皇|先生
overly	adverb	太
overmatch	noun	争斗
overmorrow	adverb	后天
overnight	adjective	夜曲|朝夕之间
overpass	noun	立交橋
overplay	verb	夸大
overpower	verb	提交
overreact	verb	夸大
overreaction	noun	反應過度
oversee	verb	复习
overseer	noun	老板
oversight	noun	伴奏
overstate	verb	夸大
overt	adjective	開着
overtake	verb	先|惊喜
overthink	verb	衡量
overtime	noun	加班
overturn	verb	倒
overview	noun	简介
overweening	adjective	傲慢
overwhelm	verb	办
overwrite	verb	坠毁
ovine	adjective	綿羊|羊
oviparity	noun	卵生
oviparous	adjective	卵生
ovoviviparity	noun	半胎生
ovulate	verb	排卵
ovule	noun	卵细胞
ovum	noun	卵子
oware	noun	西非播棋
owe	verb	欠
owie	noun	哎呀|椰子
owing	adjective	有义务的
owl	noun	猫头鹰|鴞
owlet moth	noun	鴞
own	adjective	自己的
own goal	noun	烏龍球
owner	noun	东
ownership	noun	所有權
ox	noun	牛
oxalate	noun	草酸盐
oxalic acid	noun	草酸
oxbow lake	noun	河迹湖
oxeye daisy	noun	法国菊
oxidation	noun	氧化
oxide	noun	氧化物
oxidizing agent	noun	氧化剂
oxyacid	noun	含氧酸
oxygen	noun	氧|氧气
oxytocin	noun	催产素
oyster	noun	牡蛎
oyster mushroom	noun	平菇
oyster plant	noun	下巴
ozone	noun	臭氧
ozone layer	noun	臭氧层
p.m.	adverb	下午
pa	noun	爸爸|外公
pace	noun	速度|不|步|步測
pacemaker	noun	心脏起搏器|兔
pacesetter	noun	兔
pacific	adjective	和平
pacifier	noun	奶嘴
pacifism	noun	和平主义|和平主義
pack	noun	包|吵架|群|打包
pack ice	noun	海冰
package	noun	包|打包
packaging	noun	包裝
packed	adjective	防弹
packed lunch	noun	便當
packet	noun	包
pad	noun	爪垫|大篷車|键盘|筆
padding	noun	填充
paddle	noun	槳|肩胛骨|琵鹭|活门
paddlefish	noun	匙吻鱘
paddy	noun	水田
paddy wagon	noun	母狗
padlock	noun	扣锁
paella	noun	西班牙鐵鍋飯
pagan	adjective	异教
paganism	noun	異教
page	noun	页|頁
pageant	noun	遊行隊伍
pageantry	noun	伏地挺身
pageboy	noun	小厮
pagination	noun	编页
pagoda	noun	塔
pain	noun	疼痛|痛|手提箱|罰
painful	adjective	勤奋
painkiller	noun	镇痛药
painless	adjective	無痛
painstaking	adjective	仔细
paint	noun	油漆|画
paintbrush	noun	畫筆
painter	noun	画家|畫家
painting	verb	绘画
paintress	noun	女 画家
pair	noun	雙|对|关节
pair of compasses	noun	圆规
paisley	noun	佩斯利花布|變形蟲花布
pajamas	noun	睡衣
palace	noun	宫殿|宮殿
paladin	noun	侠客
palatable	adjective	不错|可接受的
palatalization	noun	腭化
palate	noun	上顎
palatial	adjective	宫殿
pale	adjective	苍白|国境
pale thrush	noun	白腹鶇
palegold searsid	noun	前紅莫氏管肩魚
paleoanthropologist	noun	古人类学家
paleography	noun	古文字学
paleontology	noun	古生物学
paletot	noun	外衣
palette	noun	調色板
palindrome	noun	回文
palisade	noun	柵柵
pall	noun	平底锅|珍珠
palladium	noun	钯|鈀
pallet	noun	調色板
pallid	adjective	苍白
pallium	noun	大衣
palm	noun	棕榈
palm oil	noun	棕榈油
palm tree	noun	棕櫚
palmier	noun	棕榈
palmistry	noun	手相
palmitic acid	noun	棕榈酸
palpate	verb	触诊
palpitation	noun	心悸
paltry	adjective	差
pampa	noun	大草原
pamper	verb	娇惯
pamphlet	noun	小册子
pan and scan	noun	平底鍋和掃瞄|平底锅和扫瞄
pan-arabism	noun	泛阿拉伯主义
panacea	noun	万灵药
pancake	noun	薄烤饼
pancreas	noun	胰脏
panda	noun	熊貓
pandect	noun	易消化的
pandeism	noun	泛自然神論|泛自然神论
pandemic	noun	瘟疫|大流行病
pandemonium	noun	安那其|暴动
pander	verb	使满意
panegyric	noun	赞词
panel	noun	佣金
panentheism	noun	萬有在神論
panettone	noun	意大利
pang	noun	痛|累
pangolin	noun	穿山甲属
pangram	noun	全字母句
panhandle	verb	乞討
panic	noun	恐慌|嚇唬
panic attack	noun	惊恐发作
panicle	noun	圆锥花序
panoply	noun	調色板|盔甲
panorama	noun	環景攝影
panpipes	noun	排箫
pansy	noun	三色堇
pant	verb	喘氣
pantaloons	noun	褲子
pantheism	noun	泛神论
panther	noun	豹
panties	noun	短衬裤
pantograph	noun	集電弓
pantry	noun	食品储藏室
pants	adjective	屎|裤子|四角裤
pantyhose	noun	连裤袜
papa bear	noun	超级奶爸
paparazzo	noun	狗仔队
papaya	noun	木瓜
paper	noun	紙|纸
paper airplane	noun	纸飞机
paper anniversary	noun	紙婚|纸婚
paper clip	noun	回形针
paper cup	noun	纸杯
paper mill	noun	文具店
paper money	noun	纸币
paper tiger	noun	纸老虎
paper towel	noun	纸巾
paperweight	noun	纸镇
paperwork	noun	文書工作
papilla	noun	疣
paprika	noun	辣椒粉
papule	noun	丘疹
papyrus	noun	古代文獻
parabanic acid	noun	草酰脲
parable	noun	对比
parabola	noun	抛物线
parachute	noun	降落伞
parachuting	noun	跳伞
parade	noun	游行
paradigm	noun	范式|例子
paradox	noun	悖論|悖论
paraglider	noun	帆
paragliding	noun	滑翔伞
paragon	noun	典範
paragraph	noun	段
parakeet	noun	鸚鵡 / 鹦鹉
parallel	adjective	平行的
parallel universe	noun	平行宇宙
parallelepiped	noun	平行六面体
parallelogram	noun	平行四边形
paramecium	noun	草履虫
parameter	noun	参数
paramount	adjective	优秀|首都
paramour	noun	女主人
paranoia	noun	偏執狂
paranormal	adjective	超常現象
parapet	noun	窗臺
paraphilia	noun	性欲倒错
parapsychology	noun	超心理学
parasite	noun	寄生物
parasitic	adjective	寄生物
parasitology	noun	寄生虫学
parasol	noun	阳伞
parasport	noun	残疾人体育
parasynonym	noun	近义词
parathyroid hormone	noun	甲狀旁腺激素|甲狀旁腺素
paratrooper	noun	伞兵
parcel	noun	包|打包
parch	verb	口渴
parched	adjective	渴
parchment	noun	羊皮紙
pardon	noun	原諒|大赦
pardon me		不好意思
pareidolia	noun	空想性错视
parenchyma	noun	薄壁組織
parent	noun	父母|妈妈|亲
parentage	noun	家庭
parental leave	noun	育嬰假
parenthesis	noun	括号
parget	noun	石膏
parietal bone	noun	顶骨
parish	noun	堂区
parishioner	noun	牧区居民
park	noun	公园|公園|停|停車
parka	noun	派克大衣
parking	noun	停車|停车场
parking lot	noun	停车场
parking meter	noun	收費咪錶
parking space	noun	櫃桶
parking ticket	noun	罚款
parkour	noun	跑酷
parkway	noun	公园大道
parlance	noun	措辞
parley	noun	会话
parliament	noun	议会
parliamentarian	noun	议员
parliamentary	adjective	议员
parlor	noun	客厅
parmesan	noun	帕馬森乾酪
parochial	adjective	窄
parody	noun	戏仿
parosmia	noun	嗅觉倒错
parrot	noun	鹦鹉|鸚鵡
parry	verb	停
parse	noun	分析
parsec	noun	秒差距
parser	noun	语法分析
parsimonious	adjective	慳吝的（人)
parsimony	noun	经济
parsley	noun	香芹
parsnip	noun	防风
part	noun	部分|角|分
part company	verb	离婚
part of speech	noun	词类
part ways	verb	分开
partake	verb	上
partial	adjective	局部
partial differential equation	noun	偏微分方程
partially	adverb	部分
participate	verb	參加
participation	noun	参加
participatory democracy	noun	参与民主制
participle	noun	分词
particle	noun	粒子|助词
particle accelerator	noun	粒子加速器
particle physics	noun	粒子物理学
particular	adjective	仔細|特定的|专门
parting	noun	再见
partisan	noun	学生
partition	noun	分割|股|分区
partly	adverb	部分
partner	noun	爱人
partnership	noun	公司
partridge	noun	山鶉
parturition	noun	起源
party	noun	党|聚會
party membership card	noun	党证
paruresis	noun	膀胱害羞症
pas	noun	不
pascal	noun	帕斯卡
pass	noun	通过|护照|过
pass away	verb	去世
pass down	verb	交出
pass on	verb	交出
pass out	verb	分
pass the buck	verb	互喷
passable	adjective	可接受的
passage	noun	通过
passageway	noun	经过
passcode	noun	密碼
passenger	noun	乘客
passenger seat	noun	副驾驶座
passer-by	noun	路人
passerine	noun	小鳥
passing	adjective	乘客|优秀|快速|非常|死|乐章
passion	noun	激情
passion fruit	noun	熱情果
passionflower	noun	熱情果
passivation	noun	钝化
passive	adjective	受动
passive smoking	noun	二手煙
passkey	noun	鑰匙
passport	noun	护照
password	noun	密码|密碼
past	adjective	过去
past tense	noun	過去式
pasta	noun	面
paste	noun	肉酱|面团
pastel	noun	彩色蜡笔
pasteurisation	noun	巴氏殺菌
pasteurize	verb	巴氏殺菌
pastie	noun	乳貼
pastille	noun	藥丸
pastime	noun	爱好
pastor	noun	牧师
pastrami	noun	熏牛肉
pastry	noun	糕点
pastry chef	noun	糕餅師
pasture	noun	草地
pat	adjective	船|拍击|愛撫
patch	noun	草皮|苍蝇|织补
patchouli	noun	广藿香
pate	noun	头顶
patent	adjective	专利
patently	adverb	顯然
paternal aunt	noun	伯母
paternal grandfather	noun	外公
paternal uncle	noun	伯伯
paternoster	noun	主祷文
path	noun	道
pathetic	adjective	可怜
pathology	noun	病理学
patience	noun	耐性
patient	adjective	患者|耐心
patio	noun	凉台
patisserie	noun	糕点制作法
patriarch	noun	宗主教
patriot	noun	爱国者
patriotic	adjective	愛國
patriotism	noun	愛國主義
patrol	verb	巡邏
patron saint	noun	主保圣人
patronage	noun	庇护
patronym	noun	父名
patronymic	adjective	父名
patsy	noun	鸽子
patter	noun	俚語
pattern	noun	模型|纸型|图案
paucity	noun	缺乏
pauldron	noun	胳肢窝
paulownia	noun	泡桐
paunch	noun	瘤胃|脐
pauper	noun	穷光蛋|乞丐
pause	noun	暫停
pave	verb	铺砌
pavement	noun	柏油
pavilion	noun	亭子|gânîmâ guo ren
paw	noun	爪子
pawn	noun	兵|质权
pawnbroker	noun	當鋪
pawnshop	noun	当铺
pax		和平
pay	verb	付款|艌|买单|支付，付钱
pay attention	verb	关心
pay back	verb	使成为
pay off	verb	买|买单
pay-off	noun	報酬|贿赂
payback	noun	報仇
payment	noun	付款
payout	noun	支付
payphone	noun	公共電話, 公用電話, 付費電話
pea	noun	豌豆
peace	noun	和平
peace of mind	noun	平静
peace treaty	noun	和平
peaceful	adjective	和平|平
peacetime	noun	和平
peach	noun	桃|桃子
peachick	noun	小孔雀
peacock	noun	孔雀
peafowl	noun	孔雀
peahen	noun	母孔雀
peak	noun	尖峰
peaked	adjective	憔悴
peaky	adjective	憔悴
peanut	noun	花生
peanut butter	noun	花生酱
pear	noun	梨
pearl	noun	珍珠
peasant	noun	农民的|农民
peat	noun	泥炭
pebble	noun	卵石
pecan	noun	山核桃
peck	noun	盆地
pectoral	adjective	乳房
peculiar	adjective	奇怪
peculiarity	noun	奇异数
pecuniary	adjective	錢
pedagogical	adjective	教师
pedagogue	noun	教育学家
pedagogy	noun	教育学
pedal	noun	踏板
pedalo	noun	天鹅
pedant	noun	卖弄学问的人
pedantic	adjective	卖弄学问的人
pedelec	noun	电动自行车 電動自行車
pederasty	noun	孌童戀
pedestal	noun	台座
pedestrian	noun	行人
pedestrian crossing	noun	人行横道
pediatrician	noun	兒科醫師 儿科医师
pediatrics	noun	儿科
pedigree	noun	家谱
pediment	noun	三角楣饰
pedology	noun	土壤学
pedophile	noun	娈童癖者
pedophilia	noun	恋童癖
pedunculate oak	noun	夏櫟
pee	verb	尿尿
peek	verb	看
peekaboo	noun	布谷鸟
peel	noun	果皮|铁铲|削皮
peely-wally	adjective	苍白
peen	noun	圆球
peeper	noun	眼睛
peephole	noun	门镜
peer	noun	偶|同龄人|同事
peevish	adjective	不快的
peewit	noun	凤头麦鸡
peg	noun	木釘|主題|曬衣夾|丟
peg out	verb	去世
peghead	noun	头
pejorative	adjective	贬义|鄙夷
pelican	noun	鹈鹕|鵜鶘
pellagra	noun	糙皮病
pellet	noun	铅
pelt	noun	皮膚|皮肤
pelvis	noun	骨盆
pen	noun	筆
pen name	noun	化名
pen pal	noun	笔友
pen spinning	noun	筆旋轉
penalty	noun	羽毛|刑罰
penalty corner	noun	點球
penalty kick	noun	点球
penchant	noun	趋势
pencil	noun	铅笔
pencil case	noun	筆盒
pencil lead	noun	石墨
pencil sharpener	noun	鉛筆刀
pendant	noun	墜飾
pendentive	noun	墜飾
pendulum	noun	擺
penguin	noun	企鹅|企鵝
penicillin	noun	青霉素
peninsula	noun	半島|半岛
penis	noun	陰莖
penis envy	noun	陰莖妒羨
penitent	adjective	忏悔
penitentiary	adjective	监狱
penniless	adjective	浅滩
penny	noun	便士
penny wise and pound foolish	adjective	一分錢，一分貨
pension	noun	退休金
pentadecagon	noun	十五边形
pentagonal	adjective	五边形
pentagram	noun	五角星
pentane	noun	戊烷
pentatonic	adjective	五声
penultimate	adjective	倒数第二
penumbra	noun	半影
peon	noun	兵
peony	noun	牡丹
people	noun	人們
people's	adjective	通俗
people's democracy	noun	人民共和国
people's republic	noun	人民共和国
pep	noun	熱心
pepper	noun	胡椒
peppermint	noun	胡椒薄荷
peptide	noun	肽
per		上
per pale	adverb	政党
perceive	verb	察覺
percent	noun	分
percentage	noun	百分比
percentage point	noun	百分点
perception	noun	知覺
perchance	adverb	也許
percontation	noun	询问
percussion	noun	打擊樂器
percussion instrument	noun	打擊樂器
perdition	noun	地狱
peregrinate	adjective	国外|参观
peregrination	noun	旅游
peregrine falcon	noun	游隼
perennial	adjective	常年
perfect	adjective	完美的|完美
perfect fifth	noun	纯五度
perfect pitch	noun	绝对音高
perfect tense	noun	完美的
perfectionism	noun	完美主义
perfectionist	adjective	完美主义者
perfective aspect	noun	完美的
perfectly	adverb	完美的
perfidious	adjective	背信弃义的
perforation	noun	打孔|打眼|鑽孔|穿孔
perform	verb	做|表演
performance	noun	参加|表演
performer	noun	演奏者
perfume	noun	香水
perfumed	adjective	芳香
perfunctory	adjective	舌奏
perhaps	adverb	可能
perianth	noun	花被
pericarditis	noun	心包炎
pericardium	noun	心包
periclase	noun	方镁石
peridot	noun	橄榄石
peridotite	noun	橄欖岩
perigee	noun	近地点
perihelion	noun	近日点
peril	noun	危险
perilla	noun	白紫苏
perilous	adjective	危险
perimeter	noun	周邊|周长
perinatal	adjective	产期的
perineum	noun	會陰
period	noun	句号|点|期间|无穷级数|時間
periodic table	noun	元素周期表|元素週期表
periodization	noun	历史分期
periscope	noun	潛望鏡
perissodactyl	noun	奇蹄目
perk	noun	工资
perky	adjective	但是
permaculture	noun	朴门
permanence	noun	持续性
permanent	adjective	常
permanently	adverb	始终
permille	noun	千分之
permission	noun	休假
permit	noun	营 业 执 照|放
permutation	noun	置換
pernicious	adjective	危险
pernickety	adjective	自己的|吹毛求疵的|仔細
peroxide	noun	过氧化物
perpendicular	adjective	垂直
perpetrate	verb	错
perpetrator	noun	肇事者
perpetual motion machine	noun	永動機
perplexed	adjective	不好意思
perquisite	noun	工资|小费
persecute	verb	追求|大麻
persecution	noun	迫害
persevere	verb	坚持
persiflage	noun	揶揄
persimmon	noun	柿|柿子
persist	verb	持续
persistence	noun	坚持
person	noun	人
persona non grata	noun	不受歡迎人物
personable	adjective	好
personal	adjective	人的|亲自|私人]]的
personal computer	noun	个人电脑
personal digital assistant	noun	个人数码助理
personal injury	noun	伤口
personality	noun	性格
personality disorder	noun	人格障碍
personification	noun	擬人化|轉化
personnel	noun	员工
perspective	noun	出发|透视
perspiration	noun	汗
persuade	verb	说服
persuasion	noun	意见
pert	adjective	放肆
pertain	verb	取得|属于
perturbation	noun	阻礙
peruke	noun	假发
peruse	noun	考试|检查|读
peseta	noun	比塞塔
peso	noun	比索
pessimism	noun	悲观主义
pessimistic	adjective	悲觀
pesticide	noun	农药
pestilence	noun	瘟疫
pestle	noun	乳钵
pet	noun	宠物|发圈|爱抚
petal	noun	花瓣
petard	noun	爆竹
peter out	verb	消
petiole	noun	葉柄
petition	noun	诉状
petrifaction	noun	埋藏学
petrification	noun	埋藏学
petroleum jelly	noun	凡士林
petticoat	noun	襯裙
petting	noun	黄鼠狼|撫摸
petty	adjective	吹毛求疵的
petty crime	noun	罪
petulant	adjective	暴躁
pew	noun	呸|河床
phantasmagoria	noun	皮影戏
phantom	noun	鬼
phantom limb	noun	幻肢
pharaoh	noun	法老
pharmaceutical	adjective	制药学的
pharmacist	noun	药剂师
pharmacologist	noun	药理学家
pharmacology	noun	药理
pharmacy	noun	药房|藥店
pharynx	noun	咽
phase	noun	面|階段
phat	adjective	棒
phatic	adjective	客套
pheasant	noun	野鸡
phenol	noun	苯酚|酚
phenolphthalein	noun	酚酞
phenomenology	noun	現象學
phenomenon	noun	效应
phenotype	noun	表现型
phenylalanine	noun	苯丙氨酸
pheromone	noun	信息素
phi	noun	目標
philanthropist	noun	博愛精神
philatelist	noun	集邮家
philately	noun	郵票研究
philologist	noun	語言學家 语言学家
philology	noun	文字学
philosophaster	noun	假哲学家
philosopher	noun	哲學家
philosopher's stone	noun	贤者之石
philosophical	adjective	哲学上
philosophize	verb	哲学探讨
philosophy	noun	哲学
philosophy of science	noun	科学哲学
philter	noun	filter
philtrum	noun	filter
phishing	noun	釣魚
phlegm	noun	沉著|痰
phloem	noun	韧皮部
phlogiston	noun	燃素
pho	noun	越南粉
phobia	noun	恐惧症|恐懼症
phon	noun	电话
phone	noun	电话
phone sex	noun	电话性交
phonecard	noun	電話卡
phoneme	noun	音位
phonetic	adjective	语音学
phonetics	noun	语音学
phonograph	noun	留聲機
phonology	noun	音系学
phonon	noun	声子
phonosemantic	adjective	形声
phony	adjective	镰刀|先知
phosphate	noun	磷酸鹽
phosphorescence	noun	磷光
phosphorus	noun	磷
photoconductivity	noun	光电导效应
photograph	noun	照片
photographer	noun	摄影师
photography	noun	摄影
photojournalism	noun	攝影記者
photon	noun	光子
photopaper	noun	感光紙
photosphere	noun	光球
photosynthesis	noun	光合作用
phototropism	noun	向光性
photovoltaics	noun	太阳能光伏
phrase	noun	短语|句子|表示
phraseology	noun	音節|术语学
phrenology	noun	颅相学
phycology	noun	藻类学
phylum	noun	門口
physical	adjective	物理学|物理
physical chemistry	noun	物理化学
physically	adverb	物理
physician	noun	医生
physicist	noun	物理学家
physics	noun	物理学|物理學
physiognomy	noun	面相學
physiology	noun	生理学
physiotherapy	noun	物理治療
physique	noun	物理学家
phytopathology	noun	植物病理學
phytotomy	noun	解剖学
pi	noun	圆周率
pianist	noun	钢琴家
piano	adverb	钢琴|鋼琴
piano accordion	noun	鍵盤式手風琴
pica	noun	黑桃
piccolo	noun	分之
pick	noun	喙|考生|屏幕|摘
pick one's battles	verb	選邊站
pick out	verb	使不同
pick up	verb	起|举|回答
pick up the phone	verb	失速
pickaxe	noun	喙
pickle	noun	醃黃瓜
pickpocket	noun	掱
picky eater	noun	难
picnic	noun	野餐|小儿科
pico-		皮-
pictogram	noun	象形
picture	noun	画|图像|电影|照片
picturesque	adjective	風景如畫
pie	noun	蛋糕|糕
piebald	adjective	喜鹊
piece	noun	片
piece of cake	noun	教宗
piece of eight	noun	银圆
piece of furniture	noun	家具
piece of paper	noun	叶子
piece of shit	noun	粪肥
piece of the pie	noun	份
piece together	verb	装订
pied kingfisher	noun	斑鱼狗
pier	noun	码头|牛|顶梁柱
pierce	verb	穿
pierogi	noun	饺子
pietism	noun	虔敬主义
piffle	noun	行话|交谈
pig	noun	猪|豬
pig out	verb	吃
pigeon	noun	鴿子|鸽子
piggy bank	noun	扑满
piggyback	adverb	背
piglet	noun	豚
pigment	noun	色素
pigtail	noun	辫子
pika	noun	黑桃
pike	noun	黑桃|狗鱼
pilaster	noun	壁柱
pilchard	noun	沙丁魚
pile	noun	堆|电池|楔子|加
pile driver	noun	山羊
pileus	noun	帽子
pilfer	verb	偷窃
pilferer	noun	小偷
pilgrim	noun	巡礼者
pill	noun	子彈
pill bug	noun	土虱
pillage	noun	掠夺
pillar	noun	顶梁柱|本
pillion	noun	副驾驶座|旅客
pillock	noun	剃须刷
pillow	noun	枕头|枕頭
pilot	noun	飛行員|領港員
pimp	noun	拉皮条
pimping	noun	性行业操控者
pimple	noun	疙瘩
pin	noun	大头针|龙骨|交
pinafore	noun	围裙
pinball	noun	弹球
pinball machine	noun	弹球
pincers	noun	鉗|螯
pinch	verb	捏|偷
pine	noun	松屬|怀念
pine nut	noun	松子
pine torch	noun	松明
pineal gland	noun	松果腺
pineapple	noun	菠萝
pinecone	noun	松塔
pinewood	noun	松屬
pingo	noun	小丘
pink	adjective	粉红色|粉紅色
pinko	noun	月季花
pinna	noun	耳廓|翅膀
pinnacle	noun	峰|喙
pinniped	noun	鰭足類
pintle	noun	茎
pinwheel	noun	风向标
pion	noun	科
pioneer	verb	介绍
pious	adjective	孝顺
pip	noun	石头|色
pip-squeak	noun	侏儒
pipa	noun	煙斗
pipe	noun	笛|管|管子|烟斗
pipe dream	noun	喀迈拉
pipe organ	noun	风琴
pipeline	noun	管道
piping hot	adjective	火辣辣
piquant	adjective	有趣味的|辣
piracy	noun	山寨
piranha	noun	食人鲳
piranha solution	noun	食人魚洗液
pirate	noun	海盜
pirog	noun	饺子
piscine	adjective	魚
piss	noun	尿|撒尿
pissed	adjective	蓝|酸
pistachio	noun	开心果
piste	noun	木板
pistil	noun	雌蕊
pistol	noun	手槍
piston	noun	活塞
pit	noun	種子|果核|井|地狱|坑|攻擊
pitch	noun	魚|球场|不|角|盘子|車站|放下
pitch accent	noun	高低重音
pitcher	noun	水罐
pitchfork	noun	叉
pitfall	noun	蒺藜
pith	noun	髓|要旨
pithy	adjective	矮
pitiable	adjective	遗憾
pittance	noun	慈善
pituitary	noun	腦下垂體
pituitary gland	noun	腦下垂體
pity	noun	同情|可惜
pivotal	adjective	中央
pixel	noun	像素
pixie	noun	高扁
pizza	noun	比萨饼|比萨
pizzle	noun	阴茎
pièce de résistance	noun	傑作
placate	verb	和缓
place	noun	人口|地方|家|廣場|分|席|睡觉
place card	noun	卡
place of worship	noun	寺庙
placebo	noun	安慰劑
placeholder	noun	填充
placename	noun	地名
placenta	noun	胎盤
placid	adjective	平安
plagiarism	noun	抄袭
plagiarize	verb	剽窃
plague	noun	鼠疫
plaice	noun	祭司
plain	adjective	便宜|单色|性格|刚|平原
plainspoken	adjective	法郎
plaintiff	noun	原告
plan	noun	计划
planche	noun	木板
plane	adjective	平面
planer	noun	刨
planet	noun	行星
planetarium	noun	天文馆
planetary	adjective	行星的
planetary science	noun	行星科学
planetoid	noun	微型行星
planetology	noun	行星科学
planimeter	noun	求積儀
plank	noun	木板
plankton	noun	浮游生物
planned economy	noun	計劃經濟
planning	noun	預報
plant	noun	植物|種
plantain	noun	香蕉
plantation	noun	种植业
plaque	noun	黑板|斑块
plasma	noun	等离子体
plasma tv	noun	等离子体
plaster	noun	涂层|粉筆
plaster cast	noun	粉筆
plaster of paris	noun	粉筆
plasterer	noun	泥瓦匠
plastic	noun	塑料
plastic bag	noun	塑料袋
plasticity	noun	可塑性|塑性變形
plasticizer	noun	塑化劑
plate	noun	碟
plateau	noun	高原
plateful	noun	盘子
platelet	noun	血小板
platform	noun	月台|阳台
platinum	noun	白金
platinum blond	adjective	铂
platoon	noun	排
platter	noun	平|托盘
platypus	noun	鸭嘴兽
play	verb	玩|打|拉
play by ear	verb	看
play hooky	verb	逃学
play truant	verb	翘课
play with fire	verb	引火烧身
playback	noun	生殖
playdough	noun	彩泥
player	noun	运动员
playful	adjective	玩家
playing card	noun	扑克牌
playing field	noun	球场
playlist	noun	播放列表
plaza	noun	广场
plea	noun	恳求|防御
plead	verb	求
please		请
pleased	adjective	高兴
pleasing	adjective	好
pleasure	noun	歡樂|意愿
pleat	noun	皺紋|周
plebiscite	noun	公民投票
plectrum	noun	撥子
pledge	noun	质权
plentiful	adjective	大
plenty	noun	豐富
pleonasm	noun	赘余畸形
plethora	noun	无穷级数
plicate	verb	交
pliers	noun	钳子
plight	noun	状况
plimsoll	noun	球鞋
plonk	noun	海湾
plonker	noun	傻子
plosive	noun	塞音
plot	noun	情節|地域|勾结
plough	noun	犁|肏
ploughshare	noun	耜
plover	noun	鴴
pluck	noun	脸|摘|演奏|偷
plucky	adjective	勇敢
plug	noun	插頭
plug in	verb	接
plug-in	noun	插件
plum	noun	李子
plumage	noun	筆
plumb bob	noun	铅
plumbago	noun	石墨
plumber	noun	水暖工
plumbing	noun	管路系統|水暖工
plume	noun	羽毛|云
plummet	noun	科|下滑
plump	adjective	丰满
plunder	noun	掠夺
plunge	verb	掉
plunger	noun	活塞
pluperfect tense	noun	過去完成時
plural	adjective	复数
pluralism	noun	多元
pluriennial	adjective	多年生
plus	adjective	正的|加
plus sign	noun	加
plush	noun	长毛绒
plush toy	noun	毛绒玩具
plutoid	noun	類冥矮行星
plutonium	noun	钚|鈈
pluvial	adjective	下雨
ply	noun	层|交通|折叠
pneumatic	adjective	氣動力學
pneumatics	noun	氣動力學
pneumoconiosis	noun	尘肺
pneumology	noun	胸腔醫學
pneumonia	noun	肺炎
poach	verb	偷窃
poacher	noun	偷獵者
pocket	noun	口袋
pocket watch	noun	怀表 懷錶
pod	noun	胶囊|削皮
podcast	noun	播客
podium	noun	講壇
poem	noun	詩歌
poet	noun	诗人
poetess	noun	诗人
poetic justice	noun	勸善懲惡 劝善惩恶
poetry	noun	诗歌
pogrom	noun	大屠杀
poignant	adjective	响亮的|尖
poinsettia	noun	一品紅
point	noun	点
point guard	noun	基地
point of departure	noun	起点
point of sale	noun	小鼓
point of view	noun	观点
point out	verb	表示|关心
pointer	noun	思想|小棍|指标|指標
pointless	adjective	无用的|鈍|无关的
points	noun	路口
poise	noun	秉性
poison	noun	毒物
poison gas	noun	毒劑
poisoning	noun	中毒
poke	verb	戳
poker	noun	撥火棍
pokey	adjective	慢|急|监狱
polar bear	noun	北极熊
polar circle	noun	极圈
polar night	noun	极夜
pole dance	noun	钢管舞
pole star	noun	北极星
pole vault	noun	撐竿跳高
polemic	noun	论争
police	noun	警察
police car	noun	警车
police force	noun	警察
police officer	noun	警察
police service	noun	警察
police station	noun	警察局
policewoman	noun	警察
policy	noun	政治|政策|警官
polis	noun	希臘城邦
politburo	noun	政治局
polite	adjective	有禮貌
politeness	noun	礼貌
political	adjective	政治
political asylum	noun	政治庇護
political correctness	noun	政治正确
political party	noun	政党
political prisoner	noun	政治犯
political science	noun	政治学
politically correct	adjective	政治正确
politician	noun	政治家
politicize	verb	政治化
politics	noun	政治
polka	noun	波尔卡
polka dot	noun	尖峰
poll	noun	壷|查讯
pollen	noun	花粉
polling station	noun	投票站
pollock	noun	地方
pollute	verb	污染
pollution	noun	污染
polo	noun	马球
polo shirt	noun	马球
polonaise	noun	波兰舞
polonium	noun	钋|釙
poltergeist	noun	吵闹鬼
polyamory	noun	多元之爱
polyandry	noun	一妻多夫制
polyanthropy	noun	一妻多夫
polycarbonate	noun	聚碳酸酯
polychoron	noun	四维柱体柱
polycystic ovary syndrome	noun	多囊卵巢綜合症
polyester	noun	聚酯
polyethylene	noun	聚乙烯
polygamy	noun	多配偶制
polyglot	noun	通数国语文的人
polygon	noun	多边形
polygyny	noun	一夫多妻制
polyhedral	adjective	多面的
polyhedron	noun	多面体
polymer	noun	聚合物
polymerase	noun	聚合酶
polymorphism	noun	多型
polynomial	noun	多項式
polynya	noun	威克岛
polyphony	noun	性交疼痛
polysemy	noun	一詞多義
polytetrafluoroethylene	noun	聚四氟乙烯
polytheism	noun	多神教
polytope	noun	多胞形
polyuria	noun	多尿症
polyvinyl	noun	乙烯聚合物的
pomace	noun	微風
pomade	noun	髮蠟
pome	noun	核果
pomegranate	noun	石榴
pomelo	noun	內紫|柚
pommel	noun	梨果
pommel horse	noun	鞍马
pomp	noun	泵
pompadour	noun	腰包
pond	noun	池塘
ponder	verb	反思
ponderous	adjective	拙劣|讨厌的
pons	noun	桥
pontiff	noun	教皇
pontoon	noun	躉船
pontoon bridge	noun	浮橋
pony	noun	矮種馬
ponytail	noun	马尾
poo	noun	便便|拉大便
poo poo	noun	便便
poof	noun	伯母|消失
pool	noun	水坑|盆地
pool noodle	noun	浮条
poor	adjective	可怜|貧窮|寒苦
poor box	noun	树干
poor thing	noun	可怜
poot		屁
pop	noun	高|戳
pop music	noun	流行
pop-up	noun	蜉蝣
pop-up advertisement	noun	弹出式广告
popcorn	noun	玉米花
pope	noun	教皇|教宗
poplar	noun	楊樹
poplit	noun	腘
poppy	noun	罂粟|罌粟
poppyseed	noun	罂粟
populace	noun	國民
popular	adjective	常见|通俗
popular culture	noun	流行文化
popularity	noun	名望
population	noun	人口
population density	noun	人口密度
population pyramid	noun	人口金字塔
populism	noun	民粹主義
populous	adjective	人烟稠密的
porcelain	noun	瓷器
porch	noun	門口
porcine	adjective	猪的|胖
porcini	noun	牛肝菌
porcupine	noun	豪猪
pore	noun	恐怖
pork	noun	猪肉|豬肉
pork rind	noun	肉皮
porn	noun	色情
porno	noun	色情文学
pornographer	noun	色情文學作家
pornographic	adjective	黄色
pornography	noun	色情
porosity	noun	孔隙度
porous	adjective	可浸透的
porpoise	noun	鼠海豚
port	adjective	港口
port city	noun	波尔图
port wine	noun	波酒
portable	adjective	手机
portal	noun	门
porter	noun	守門員
portfolio	noun	钱包
porthole	noun	船窓
portion	noun	部分
portly	adjective	厉害
portmanteau	noun	手提箱
portmanteau word	noun	混成词
portobello	noun	龍葵菇
portrait	noun	肖像
portray	verb	刻画
portrayal	noun	写照
posh	adjective	高贵的
position	noun	部位|工作|地|位置
positive	adjective	正
positive degree	noun	陽
positively	adverb	很
positivism	noun	实证主义
positivity	noun	实证主义
positron	noun	正电子
positronium	noun	电子偶素
possess	verb	有
possession	noun	入侵|所有權
possessive adjective	noun	所有形容词
possessor	noun	东
possibility	noun	可能性|前景
possible	adjective	可能
possibly	adverb	也许|可能
post	noun	邮局|出版|郵件|职位|军衔|横梁
post office	noun	邮局|邮件
post office box	noun	信箱
post-it note	noun	便利貼
post-transition metal	noun	贫金属
postage	noun	用费
postage stamp	noun	邮票
postal	adjective	邮
postal address	noun	地址
postcard	noun	明信片
postcode	noun	邮政编码
postcommunism	noun	後共產主義
posterior	adjective	后来的
postern	adjective	后
postiche	noun	厚顏
postmark	noun	橡皮圖章
postmodernism	noun	后现代主义
postpone	verb	延緩
postponement	noun	延期
postposition	noun	後置詞
postscript	noun	又及
postscriptum	noun	又及
postulate	noun	公理
posture	noun	姿势|姿勢
postwoman	noun	郵適員
pot	noun	大麻|鍋|盘子|脐
pot calling the kettle black	noun	五十步笑百步
pot marigold	noun	万寿菊
potassium	noun	鉀|钾
potassium cyanide	noun	氰化鉀
potato	noun	土豆|马铃薯
potato crisp	noun	教宗
potato salad	noun	馬鈴薯沙拉
potbellied	adjective	大腹便便的
potbellied pig	noun	大肚猪
potbelly	noun	腹部
potency	noun	功率
potential	adjective	潜力|位能
potential energy	noun	位能
potentilla	noun	委陵菜
potentiometer	noun	電位器
potholder	noun	手铐
potion	noun	药剂
potter	noun	陶人
potter wasp	noun	泥蜂
potter's clay	noun	黏土
pottery	noun	陶器
pouch	noun	口袋|獎學金
poultry	noun	[[#
pounce	noun	沙|攻擊
pound	noun	英镑
pound cake	noun	磅蛋糕
pound sterling	noun	斤
pour	verb	倒
pour out	verb	流
pout	noun	嘴子
poutine	noun	东西
pouting	noun	祭司
poverty	noun	貧窮|贫穷
powder	noun	灰
power	noun	功率
power grid	noun	輸電網路
power inverter	noun	换流器
power line	noun	电源线
power station	noun	發電廠
powerful	adjective	強大
pox	noun	天花
practical	adjective	实用
practical joke	noun	馅子
practically	adverb	差
practice	noun	練習
practice makes perfect		熟能生巧
practise	verb	使用|練習
praetor	noun	裁判官
pragmatism	noun	实用主义
prairie	noun	大草原
prairie dog	noun	草原松鼠|草原犬鼠
praise	noun	稱讚|赞扬|讚揚
pram	noun	婴儿车
prance	verb	假設
prank	noun	圈
praseodymium	noun	鐠|镨
prate	verb	扯淡
prattle	verb	扯淡
prawn	noun	蝦
praxeology	noun	人類行為學
praxis	noun	习俗
pray	verb	祈祷
prayer	noun	祈禱|弥撒|渴
prayer beads	noun	念珠
praying mantis	noun	螳螂|螳螂拳
pre-		先
pre-columbian	adjective	前哥伦布
preach	verb	叫
preacher	noun	传教士
precarious	adjective	不稳定的
precedence	noun	首位
precedent	adjective	先例
precept	noun	命令
precinct	noun	书桌|区
precious	adjective	贵
precious metal	noun	貴重金屬
precious stone	noun	寶石
precipitate	verb	丟
precipitation	noun	沉淀
precipitously	adverb	意外
precise	adjective	準確
precisely	adverb	认真
precision	adjective	准确度|精度
precondition	noun	前提
predator	noun	食肉兽
predatory	adjective	食肉兽
predecessor	noun	上
predestination	noun	定命
predicament	noun	类|困境|类别
predicate	noun	術語
predicative	noun	属性
predict	verb	預測
prediction	noun	預言
predisposition	noun	趋势
predominance	noun	好处
predominant	adjective	优越
predominantly	adverb	主要
preeminent	adjective	优秀
preface	noun	介绍
prefect	noun	首領
preferred	adjective	最喜欢
prefix	noun	前綴
pregnancy	noun	妊娠|懷孕
pregnant	adjective	怀孕的
pregnant woman	noun	孕妇
prehistoric	adjective	史前
prehistory	noun	史前史|史前时代
prejudice	noun	预想|损害
preliminary	adjective	先|预选 預選
prelude	noun	前奏曲
premature ejaculation	noun	早泄
premeditated	adjective	故意
premier	adjective	一号|总理
premiere	noun	初次的演出
premium	noun	奖|会费
premolar	noun	前磨齒
premonition	noun	前兆|預感
preparation	noun	准备
prepare	verb	准备
preponderance	noun	优势|好处
preposition	noun	介词|介詞
prepositional phrase	noun	介词短语
preposterousness	noun	荒谬
prequel	noun	前奏曲
prerequisite	adjective	前提
presage	noun	预兆
presbyopia	noun	老花
presbyter	noun	教士
prescribe	verb	開藥|听写
prescription	noun	烹飪法
presence	noun	出席|在场
present	adjective	在场|交|提出
present imperfect	noun	現在式
present participle	noun	現在分詞
present perfect	noun	完美
present tense	noun	现在式
presentation	noun	介绍
presentiment	noun	预感
preserve	noun	罐头|保藏
preset	adjective	如何|喝
presidency	noun	主席席位|任期
president	noun	总统
presidential	adjective	总统的
press	noun	报纸|打印機|按|坚持
pressie	noun	礼物
pressure	noun	压力|壓力
pressure cooker	noun	壓力鍋
prestige	noun	威信
presumably	adverb	大概
presume	verb	假設
presumption	noun	猜想|推斷
presumptuous	adjective	自負的（人）
presupposition	noun	预想
pretend	verb	去
preterite	adjective	过去|未完成時
preterition	noun	离开
pretermit	verb	不注意
pretext	noun	口實
pretty	adjective	漂亮|还
pretty much	adverb	大概
pretzel	noun	椒盐卷饼
prevail	verb	说服
prevaricate	verb	推卸
prevent	verb	阻礙
previous	adjective	上
previously	adverb	以前
prey	noun	壩
price	noun	价格
pricey	adjective	昂贵
prick	noun	屁眼|祖赫語
prickly	adjective	暴躁|难
prickly pear	noun	仙人掌果
pride	noun	自負|吹嘘|群
pride parade	noun	骄傲游行
prideful	adjective	傲然
priest	noun	祭司
priesthood	noun	圣职者
primarily	adverb	主要
primary	adjective	第一|前|基本
primary color	noun	原色
primary colour	noun	原色
primary education	noun	小学
primary key	noun	主键
primary school	noun	小学
prime	adjective	最先|第一|花|素数|准备
prime factor	noun	质因数
prime minister	noun	总理
prime mover	noun	拖拉机
prime number	noun	素数
primer	noun	引物|字母表
primeval	adjective	原|单一
primeval forest	noun	原始森林
primitive	adjective	原始的
primordial	adjective	先
primrose	noun	春天
prince	noun	王子
princess	noun	公主
principal	adjective	主要|首都|校長|客人
principle	noun	原理|原则
print	noun	书籍|圣经|指紋|印刷
printed	adjective	书籍
printed circuit board	noun	印制电路板
printer	noun	打印机|打印機
printing	noun	打印
printing house	noun	字体排印学
prior to		前
prism	noun	棱柱
prismatoid	noun	擬柱體
prison	noun	監獄|狱
prisoner	noun	囚犯|犯人
prissy	adjective	骑士
pristine	adjective	完美|原始的
private	adjective	私人|秘密|私立|兵
private detective	noun	侦探 偵探
private law	noun	私法
private property	noun	私有財產
private sector	noun	私人部门
privateer	noun	私掠
privation	noun	貧窮
privatization	noun	私有化
privilege	noun	特權
privy	adjective	私人
prize	noun	价格|獎品|认为
pro	noun	后边|专业
probability	noun	可能性|概率
probable	adjective	大概|可能
probableness	noun	可能性
probably	adverb	很有可能
probe	noun	检查
probiotic	adjective	益生菌
problem	noun	难题
proboscis	noun	象鼻
procedural law	noun	程序法
procedure	noun	如何|函数
proceed	verb	前进|进行|繼續
proceeds	noun	菜谱
process	noun	行程|办理
processing	noun	治疗
procession	noun	遊行|鎖鏈 [suǒliàn]
processor	noun	处理器
proclaim	verb	報單
proclamation	noun	请求
procrastination	noun	延宕
procure	verb	性行业操控者
procuress	noun	天青石
prod	verb	推|激励|戳
prodigy	noun	下|神灵|前兆
produce	noun	哪里
producer	noun	制作者
product	noun	乘积|物質
production	noun	生产
productive forces	noun	生產力
productivity	noun	生产力
profane	verb	褻瀆
profanity	noun	褻瀆|脏话
profer	verb	表示
profession	noun	职业
professional	adjective	专业
professional wrestling	noun	職業摔角
professor	noun	老师
proffer	noun	句子
proficiency	noun	技巧
proficient	adjective	熟练的|专业
proficiently	adverb	流利
profit	noun	利润|贏利|享受
profit margin	noun	毛利率
profitable	adjective	好处
profound	adjective	本质的
progenitor	noun	作者|祖先
progeny	noun	果子kóe-chí или ké-chí)
progeria	noun	早年衰老症候群
prognosis	noun	预测
program	noun	程序|计划|编程
programmer	noun	程序员
programming	noun	編程序
programming language	noun	编程语言
progress	noun	进展|进步
progressivism	noun	进步主义
prohibit	verb	禁止
prohibition	noun	禁止
prohibitive	noun	防御
project	noun	工程|项目
projectile	noun	射弹
projection	noun	射影
proletarian	adjective	无产者
proletariat	noun	无产阶级
prolixity	noun	口才
prom	noun	舞会
promenade	noun	散步
promethium	noun	钷|鉕
promiscuity	noun	放荡
promise	noun	宣誓|承诺
promissory note	noun	期票
promote	verb	授予博士学位
promotional	adjective	宣传员
prompt	verb	指使
prompter's box	noun	孔
prong	noun	牙齿|可怜
pronominal	adjective	代名词性质的
pronoun	noun	代词|代詞
pronounce	verb	解释|发音|看
pronouncement	noun	表示
pronunciation	noun	发音|發音
proof	noun	试验
proofread	verb	改
prop	noun	支持|螺旋
propaganda	noun	政治宣传
propane	noun	丙烷
propanoic acid	noun	丙酸
propeller	noun	螺旋槳
propene	noun	丙烯
propensity	noun	趋势
proper	adjective	公平|右
proper fraction	noun	真分數
proper noun	noun	专有名词
property	noun	所有權
prophase	noun	前期
prophecy	noun	预言
prophet	noun	先知
prophylaxis	noun	預防醫學
propiska	noun	值机
propitiate	verb	和缓
propitious	adjective	便宜
propolis	noun	蜂胶
proponent	noun	学生
proportion	noun	分
proposal	noun	倡议|请求
propose	verb	提議|去
proposition	noun	倡议|句
proprietary	adjective	主人
proprietor	noun	主人
prosciutto	noun	火腿
proscribe	verb	禁止
prose	noun	散文
prosecute	verb	追求
prosecution	noun	迫害
prosecutor	noun	原告|公诉人
prosopagnosia	noun	臉盲症
prospect	noun	透视|希望|出发
prospective	adjective	可能
prosper	verb	开
prosperous	adjective	富的|便宜
prostate	noun	前列腺
prosthesis	noun	義肢
prostitute	noun	妓女
prostitution	noun	卖淫
protactinium	noun	镤|鏷
protagonist	noun	主角
protean	adjective	变数
protect	verb	保護
protection	noun	保护
protection money	noun	保护
protectionism	noun	保护主义
protective	adjective	保护|避孕套
protector	noun	监护人
protectorate	noun	保护国
protein	noun	蛋白質|蛋白质
proteome	noun	蛋白质组
protest	noun	抗議
protester	noun	抗议者
prothesis	noun	義肢
protium	noun	氕
proto-		曾
protocol	noun	协议
proton	noun	質子|质子
protoplasm	noun	原形质
prototype	noun	原型
prototype pattern	noun	原型
protractor	noun	量角器
proud	adjective	傲然|吹嘘
provenance	noun	本
proverb	noun	箴言
proverbial	adjective	谚语的
provide	verb	送
provided		但愿
provider	noun	供应商
province	noun	省
provision	noun	支付
provoke	verb	挑釁
provost	noun	校长 校長
prow	adjective	勇敢|船首
prowess	noun	地址
proxy	noun	柑橘
proxy server	noun	代理
proxy war	noun	代理战争
prudence	noun	知识
prune	noun	梅乾|修剪
pruning shears	noun	修枝剪
psalm	noun	诗篇
pseudoephedrine	noun	伪麻黄碱
pseudonym	noun	化名
pseudophilosophy	noun	偽哲學
pshaw		呸
psilocybin	noun	裸盖菇素
psittacosis	noun	鸚鵡熱
psoriasis	noun	牛皮癣
psyche	noun	灵魂
psychoanalysis	noun	精神分析学
psychokinesis	noun	念力
psychologist	noun	心理學家
psychology	noun	心理学
psychopharmacologist	noun	心理药师
psychophysical	adjective	心理物理学
psychophysics	noun	心理物理学
psychosis	noun	思覺失調
ptarmigan	noun	岩雷鸟
pterodactyl	noun	翼手龍
pterosaur	noun	翼龍
ptooey		呸
ptui		呸
pub	noun	酒店
pube	noun	阴毛
puberty	noun	青春期
pubic hair	noun	阴毛
public	adjective	公共
public domain	noun	公共领域
public holiday	noun	节日
public limited company	noun	股份有限公司
public office	noun	办
public opinion	noun	舆论|輿論
public relations	noun	公共关系
public sector	noun	公共部门
public telephone	noun	公共電話, 公用電話, 付費電話
public transport	noun	公共交通
publication	noun	出版
publicist	noun	宣传员|舆论记者
publicity	noun	公开
publish	verb	出版
publisher	noun	出版所
pudding	noun	布丁
puddle	noun	水坑
pudgy	adjective	密
puff	noun	呼吸|(军队建制)排|大麻|吹
pugilist	noun	拳击手
puh-lease		请
puissance	noun	功率
puke	noun	呕吐|吐
pulchritude	noun	體態美
pull	verb	拉|挑逗|撤回
pull down	verb	使再现|击落
pull in	verb	引
pull off	verb	出|轉彎
pull out	verb	撤回|出
pull over	verb	停住
pull someone's chestnuts out of the fire	verb	火中取栗
pull the plug	verb	住
pulley	noun	滑車
pullover	noun	毛衣
pulmonary tuberculosis	noun	结核
pulmonology	noun	胸腔醫學
pulp	noun	果肉|生麵團
pulp mill	noun	纤维素
pulse	noun	脈搏
pumice	noun	浮岩
pumice stone	noun	浮岩
pump	noun	泵
pump attendant	noun	加油站
pumpkin	noun	南瓜
punch	noun	宾治|击|标
punch line	noun	倒台
puncheon	noun	槓桿
punctilious	adjective	仔細
punctual	adjective	正確
punctuation mark	noun	标点符号
pundit	noun	家
pungency	noun	恶臭
pungent	adjective	銳利
punish	verb	懲罰
punishment	noun	惩罚
punk	noun	不中用的|龐克文化
punter	noun	球员
puny	adjective	小
pup	noun	小狗|丟
pupa	noun	蛹
pupil	noun	瞳孔|瞳
puppet	noun	娃娃|懸絲傀儡
puppy	noun	小狗
purchase	noun	买
purchaser	noun	銅
purchasing	noun	購買
purchasing power	noun	购买力
purchasing power parity	noun	购买力平价
pure	adjective	純潔|单一|白|商品
pure mathematics	noun	纯粹数学
puree	noun	菜泥
purge	noun	使洁净
purify	verb	净化
purlin	noun	故障
purloin	verb	偷窃
purple	adjective	紫色|紫红色
purport	noun	目的|聲稱|去
purpose	noun	目的|句子|主題
purposely	adverb	存心
purpure	adjective	紫红色
purr	noun	呼噜|打鼾
purse	noun	钱包|证券交易所
purslane	noun	马齿苋
pursue	verb	追求|寻找
purvey	verb	准备
purview	noun	方面
pus	noun	脓
push	noun	印刷|推
push one's luck	verb	伸展
push over	verb	倒
push-button	noun	釦子
push-up	noun	伏地挺身
pushbike	noun	自行車
pusher	noun	骆驼
pushover	noun	尢
pussy	noun	奶猫|屄
pussy willow	noun	黃花柳
pussy-cat	noun	奶猫
pussyfoot	verb	拐弯抹角
pussywhipped	adjective	老婆当家的
put	verb	投入|带来
put all one's eggs in one basket	verb	别把鸡蛋放在一个篮子里
put aside	verb	放下
put down	verb	盯|休息|内接
put food on the table	verb	谋生
put horns on	verb	使戴綠帽
put in	verb	投入
put off	verb	延期
put on	verb	放|增長
put on weight	verb	增長
put one's cards on the table	verb	摊牌
put out	verb	交给|熄滅
put through	verb	升級
put through the wringer	verb	问
put to use	verb	使用
put together	verb	交
put up	verb	举
put up with	verb	吃
putrefaction	noun	腐朽
putsch	noun	政變
putting green	noun	绿
putty	noun	生麵團
puya	noun	普亞鳳梨
puzzle	noun	謎|猜謎游戲|啞謎
pygmy	noun	俾格米
pyramid	noun	金字塔|棱锥
pyre	noun	火刑
pyrite	noun	黄铁矿
pyroclastic flow	noun	火山碎屑流
pyrocumulus	noun	火积云
pyromania	noun	放火狂
pyrotechnics	noun	烟火制造术
pyroxene	noun	辉石
pyrrhotite	noun	磁黃鐵礦
pyruvic acid	noun	丙酮酸
python	noun	巨蛇
pyx	noun	听
pyxidium	noun	包
pâté	noun	肉酱
pétanque	noun	地擲球
q.v.	adverb	看
qigong	noun	气功
qilin	noun	麒麟
qipao	noun	旗袍
qua		当
quack	noun	呱呱
quad bike	noun	全地形車
quadrant	noun	象限
quadrat	noun	方
quadriceps femoris	noun	四頭肌
quadrilateral	adjective	sì-kak-hêng|四邊形
quadrille	noun	伙
quadrillion	noun	一百万|一千万亿
quadripinnate	adjective	四回羽状的
quadruped	noun	四足动物
quadrupedal	adjective	四足动物
quadruplet	noun	四个一组|四连音
quaff	verb	喝
quagmire	noun	pantano
quail	noun	鹌鹑|鵪鶉
quaint	adjective	出色|栩栩如生的
quake	noun	地震
qualification	noun	資格
qualified	adjective	合格
quality	noun	品质|质量
qualm	noun	怀疑
quandary	noun	优柔寡断|困境
quantifier	noun	量化
quantitative	adjective	量
quantity	noun	数量
quantum	noun	量子
quantum chromodynamics	noun	量子色动力学
quantum electrodynamics	noun	量子电动力学
quantum entanglement	noun	量子纏結
quantum field theory	noun	量子场论
quantum gravity	noun	量子引力
quantum mechanics	noun	量子力学
quantum number	noun	量子数
quantum physics	noun	量子物理学
quantum state	noun	状况
quantum theory	noun	量子理论
quarantine	noun	检疫
quark	noun	夸克
quarrel	noun	吵架|弩箭
quarry	noun	动物
quarter	noun	分之|区
quarter of an hour	noun	刻
quarter rest	noun	四分休止符
quartering	noun	五马分尸
quartz	noun	石英
quasar	noun	类星体
quash	verb	拒絕|取消
quaternion	noun	四元数
quaver	noun	顫抖|八分音符
quay	noun	月台
queasy	adjective	不好
queen	noun	女王
queen bee	noun	女王
queer	adjective	娘娘腔|太|堵塞
quench	verb	满足|关上|回火
quenching	noun	淬火
query	noun	問題|问|询问
quest	noun	寻找
question	noun	问题|問題
question mark	noun	问号
questionnaire	noun	征询意见
queue	noun	排队|尾|辫子
quiche	noun	乳蛋饼
quick	adjective	急
quicklime	noun	石灰
quickly	adverb	迅速地
quickness	noun	速率
quicksand	noun	流沙
quicksilver	noun	汞
quid pro quo	noun	誤解
quiddity	noun	本质
quiet	adjective	安静|平安|安|安静的|静|和缓
quieten	verb	和缓
quietly	adverb	安静
quietness	noun	安
quietude	noun	平
quill	noun	羽毛|笔
quillback	noun	双马尾
quilt	noun	双马尾
quim	noun	屄眼儿
quince	noun	榲桲
quindecagon	noun	十五邊形
quinine	noun	奎宁
quinoa	noun	藜麥
quinquennium	noun	吊灯
quintillion	noun	一百万|一百亿亿
quintuplet	noun	五连音
quip	noun	黑桃|开玩笑
quipu	noun	結繩
quire	noun	册子
quirk	noun	特征 [tèzhēng]
quirky	adjective	原始的
quisling	noun	卖国贼
quit	verb	辞职
quite	adverb	全部|果然|力氣
quite a few	noun	不少|不错
quite the contrary	adverb	但
quitting time	noun	下班了
quiver	noun	箙|箭袋
quorum	noun	法定人数
quota	noun	命
quotation marks	noun	引号
quote	noun	话|價錢|引用
quotidian	adjective	天天|一般|日常
rabbi	noun	拉比
rabbit	noun	兔|兔子
rabbit hole	noun	蜿蜒曲折|兔
rabbit warren	noun	迷宫
rabble	noun	人群
rabic	adjective	狂犬病
rabid	adjective	狂犬病
rabies	noun	狂犬病
raccoon	noun	浣熊
raccoon dog	noun	貉子
race	noun	根|競賽|种族|種族|發展|奔
racehorse	noun	競賽馬
racemate	noun	外消旋化合物|外消旋混合物|外消旋體
raceme	noun	一串
racer	noun	流
racialist	noun	种族主义的
raciness	noun	火
racism	noun	种族主义|種族主義
racist	adjective	种族主义的
rack	noun	架子|三角架|四方形
racket	noun	球拍|噪音|詐騙
raclette	noun	拉可雷特芝士
radar	noun	雷达
radian	noun	弧度
radiant	noun	弧度
radical	noun	部首
radio	noun	收音機
radio telescope	noun	射电望远镜
radioactive	adjective	放射性的
radioactive waste	noun	放射性废料
radioactivity	noun	放射性
radiology	noun	影像诊断学
radiometer	noun	创建“放射量计”
radionuclide	noun	放射性核素
radiotherapy	noun	放射治療
radish	noun	萝卜
radium	noun	鐳|镭
radius	noun	半径
radix	noun	本
radon	noun	氡
radula	noun	齒舌
rafflesia	noun	大花草
raft	noun	槎
rafter	noun	椽
rag	noun	碎布|日报
ragdoll	noun	布娃娃系统
rage	noun	狂怒
raid	noun	偷袭
raider	noun	土匪
rail	noun	扶手|軌|十字
rail transport	noun	铁路
railing	noun	扶手
railroad	noun	铁路
railroad car	noun	车厢
railroad tie	noun	枕木
railroad track	noun	铁路
railway	noun	铁路
railway station	noun	火车站
railway track	noun	铁路
railwayman	noun	铁路员工
rain	noun	雨|下雨
rain check	noun	延期
rain dance	noun	祈雨舞
rain gauge	noun	雨量计
rain shower	noun	阵雨
rainbow	noun	彩虹|隮
rainbow kick	noun	彩虹
raindrop	noun	雨滴
rainfall	noun	雨
rainforest	noun	雨林
rainstorm	noun	阵雨
rainwater	noun	雨水
rainy	adjective	下雨
rainy season	noun	梅雨
raise	verb	培养
raisin	noun	葡萄乾
raising	noun	彙
rajah	noun	罗阇
rake	noun	耙|顱骨|喷
rally	noun	示威|拉力赛
ram	noun	公羊
ramble	verb	聊天
rambling	noun	散步
ramekin	noun	舒芙蕾烤碗
ramen	noun	拉面
ramp	noun	船桥|爬行
ramp up	verb	增加
ramrod	noun	推弹杆
ramsons	noun	熊葱
rancor	noun	恶意
rand	noun	兰特
random	adjective	偶然|普通|随机|沒有人
random access memory	noun	随机存储器
randomly	adverb	偶然
randomness	noun	机会
randy	adjective	卑鄙
range	noun	山脈|扇子|田|距离|自治權|草地
rank	adjective	臭|排|套准|行列|级
rank and file	noun	兵
ranking	adjective	分類
ransom	noun	贖金
rap	noun	毛病
rap music	noun	说唱
rapacious	adjective	猛禽
rape	noun	強姦|強奸
rapeseed	noun	油菜
rapid	adjective	快速|快的
rapid transit	noun	地铁
rapidly	adverb	快
rapier	noun	花剑
rapist	noun	強姦者
rappel	verb	攀绳下陡壁
rappelling	noun	攀绳下陡壁
raptorial	adjective	猛禽
rare	adjective	很少|红
rare earth	noun	稀土
rare earth element	noun	稀土元素
rarefied	adjective	稀少
rarefy	verb	精炼
rarely	adverb	偶尔
rascal	adjective	一般|小壞蛋
rash	noun	流行病
rasp	noun	擦子
raspberry	noun	覆盆子
raspy	adjective	擦子
rat	noun	老鼠|鼠
ratchet	noun	小狗
rate	noun	价格|利息率
rather	adverb	之前|力氣
rather than		改
rating	noun	的|专利
ratio	noun	所为
ratiocination	noun	推理
ration	noun	道理
rationale	noun	所为|道理
rationalism	noun	理性主义
rationality	noun	理性
rationalization	noun	合理化
rats		詛咒
rattle	noun	拔浪鼓|温和的责备|呵责
raunchy	adjective	无修养的|垢
raven	noun	乌鸦|烏鴉
ravine	noun	困难
ravioli	noun	饺子
raviolo	noun	饺子
raw	adjective	未加工的|湿|開着|裸体
raw material	noun	原料
rawap	noun	熱瓦普|熱瓦甫
ray	noun	鱼|光线|半径
razor	noun	剃刀
razor blade	noun	刀片
razor clam	noun	刀
razorbill	noun	海雀科
re	noun	商|叶
re-		出
re-solve	verb	再次
reach	noun	距离|到|遇到
reach out	verb	叫
reachable	adjective	易接近的
react	verb	反应
reactant	noun	試劑
reaction	noun	反應
reactionary	adjective	反动
reactive	adjective	活动
reactivity	noun	活动
reactor	noun	反應堆
read	verb	读|看
read-only memory	noun	唯读记忆体
reader	noun	讀者
readily	adverb	乐意
readiness	noun	准备
ready	adjective	准备
reagent	noun	試劑
real	adjective	真的|真|實數|但是|雷亞爾|雷亚尔|現實
real axis	noun	实轴
real estate	noun	不動產|广场
real life	noun	寿命
real number	noun	实数
realism	noun	现实主义
reality	noun	現實
reality television	noun	真人實境秀
realize	verb	领会
really	adverb	真的
realm	noun	王国
realtor	noun	房屋中介
ream	noun	令
reap	verb	穫|汤匙
rear	adjective	后|后卫|后来的|培养
rear admiral	noun	大校
rearguard	noun	后卫
reason	noun	理由|理致
reasonable	adjective	公平|中度|满意
reasoning	noun	推理
rebate	verb	少
rebel	noun	叛逆者
rebellion	noun	谋反
rebirth	noun	复兴
rebroadcast	verb	复习
rebuff	verb	拒绝
rebuke	noun	温和的责备|说
rebut	verb	拒絕|反駁
recalcitrant	adjective	固执
recall	noun	交叉引用|記|喚起|引
recant	verb	撤回
recapitulate	verb	复习
recapitulation	noun	再现
receipt	noun	接到|菜谱|收条|烹飪法
receive	verb	收到
receiver	noun	受体
recent	adjective	最近
recently	adverb	刚
receptacle	noun	插口
reception	noun	接收效果|接待
receptionist	noun	接待员
receptor	noun	受体
recess	noun	休假|全休止符
recession	noun	经济衰退
recipe	noun	菜谱
recipient	noun	容器
reciprocal	adjective	互|倒|倒数
recital	noun	演說
recite	verb	背
reckless	adjective	鲁莽的|鲁莽
recklessness	noun	玩忽职守
reckon	verb	研判
reckon with	verb	注意
reckoning	noun	計算
recognition	noun	認出
recognize	verb	認出
recollect	verb	記得
recollection	noun	记|記憶
recommend	verb	介绍
recommendation	noun	建议
recompense	noun	补偿
reconcile	verb	放下
reconciliation	noun	安排
reconnaissance	noun	偵探
reconstruction	noun	回复
record	noun	纪录|唱片|录音 錄音|报名
record label	noun	印章
recorder	noun	直笛
recording	noun	录音 錄音
recount	verb	叙述
recover	verb	复
recovery	noun	回收
recreate	verb	放
recreational drug	noun	麻药
rectangle	noun	长方形
rectangular	adjective	[[#
rectify	verb	改
rector	noun	院长
rectory	noun	修道院
rectum	noun	直肠|直腸
recumbent	noun	躺式自行车
recurrent neural network	noun	循环神经网络//循環神經網路
recursive	adjective	回归的
recycle bin	noun	垃圾桶
recycling	noun	再利用
red	adjective	红|红色
red blood cell	noun	紅細胞 红细胞
red cabbage	noun	紫甘藍
red deer	noun	鹿
red flag	noun	红旗
red fox	noun	赤狐
red giant	noun	紅巨星
red kuri squash	noun	北海道
red light	noun	红灯
red panda	noun	小熊貓 小熊猫
red poppy	noun	罌粟
red squirrel	noun	工賊
red state	noun	红州
red tape	noun	官僚制
red wine	noun	红葡萄酒|红酒
red-crowned crane	noun	丹頂鶴|丹顶鹤
red-footed falcon	noun	紅腳隼
redact	verb	审查
redeem	verb	救护
redhead	noun	紅髮的
redheaded	adjective	紅髮的
rediffusion	noun	重播
redneck	noun	甜菜
redness	noun	红色
redolent	adjective	芳香
redox	noun	氧化还原反应
redox reaction	noun	氧化还原
redshift	noun	紅移|红移
reduce	verb	减少|減少|[[#
redundancy	noun	冗余
redwood	noun	红杉
reed	noun	舌|芦苇|簧片|梳子
reef	noun	暗礁
reef knot	noun	平結
reefer	noun	韭葱
reek	noun	臭味|水汽|臭
reel	verb	邐|摇摇晃晃
reel in	verb	使再现|迷
reelection	noun	再选
refectory	noun	餐厅
referee	noun	裁判|决定
reference	noun	保荐
referendum	noun	公民投票
refine	verb	提炼|净化
refinery	noun	精炼厂
reflect	verb	反射
reflecting telescope	noun	灯
reflection	noun	写照|镜像
reflex	noun	反射
reflexive verb	noun	反身动词
reform	noun	改革
reformulate	verb	重申
refraction	noun	折射
refractive index	noun	折射率
refrain	noun	副歌
refresh	noun	提神
refrigerant	noun	软饮料
refrigerator	noun	冰箱
refuel	verb	加油
refuge	noun	棲身之地
refugee	noun	难民
refugee camp	noun	难民营
refurbish	verb	更新
refusal	noun	拒絕
refuse	noun	垃圾|拒絕|拒绝
refute	verb	反駁|否定
regal	adjective	皇
regard	verb	看|涉及
regarding		关于
regards	noun	問候
reggae	noun	雷吉
regime	noun	政体|政权
regiment	noun	团
region	noun	地区
regional	adjective	地方
regional lockout	noun	地方停工
register	noun	寄存器
register ton	noun	桶
registered	adjective	證書
registration	noun	报名|接收效果
registry	noun	值机|套准
regret	noun	悔改|后悔
regrettable	adjective	遗憾
regular	adjective	固定的|共同
regulate	verb	控制
regulation	noun	章程
rehabilitate	verb	修復|回復|回歸|康復|復原
rehearsal	noun	考
rehearse	verb	复习|報|排練
reign	noun	王国
rein	noun	韁繩
reincarnation	noun	转世
reindeer	noun	驯鹿|馴鹿
reinforce	verb	加强
reinforcement	noun	救命
reinsurance	noun	再保险
reiterate	verb	重复
reject	verb	拒绝
rejection	noun	拒絕
rejoice	verb	高兴
rejoinder	noun	回答
relate	verb	涉及
relation	noun	关系
relational database	noun	关系数据库
relationship	noun	關係|关系
relative	adjective	有关的|親戚
relative clause	noun	关系从句
relative-in-law	noun	親戚
relatively	adverb	有关的
relax	verb	放松|松开
relay	noun	接力|继电器|交
release	noun	版本|出口|解开|出|放
relevant	adjective	有关的|本
reliability	noun	信度
reliance	noun	信任|依赖性
reliant	adjective	子
relic	noun	圣髑
relief	noun	解脱|放心|救濟
religion	noun	宗教
relinquish	verb	摒棄|放松
relish	noun	口味|味道|蔬菜|享受
reload	verb	孩子
reluctance	noun	不乐意
rely	verb	靠
remain	verb	还有|留
remainder	noun	残羹剩饭|找
remains	noun	墟
remake	noun	备份
remark	noun	观察|议论|看见
remarkable	adjective	出色
remedy	noun	醫藥|治癒
remember	verb	记得
remembrance	noun	記憶
remind	verb	记得
reminder	noun	忆起
reminisce	verb	記
remiss	adjective	鬆動
remittance	noun	存款
remix	noun	重混
remnant	noun	残羹剩饭
remonstrance	noun	抗議
remorseful	adjective	忏悔
remote	adjective	在家|远|遥控器
remote control	noun	遥控器
remote sensing	noun	遥测
remotely	adverb	远程
removal	noun	葬礼
remove	verb	除去
remuneration	noun	工资|补偿
renal	adjective	肾
rendaku	noun	连浊
render	verb	使成为|交|有|翻譯|制造
rendezvous	noun	会
rendition	noun	演說
renege	verb	不同意
renew	verb	更新
renewable energy	noun	再生能源
renminbi	noun	人民币
renounce	verb	誓绝
renovate	verb	革新
renovation	noun	改革
renowned	adjective	著名
rent	noun	租约|租|出租
rentier	noun	馴鹿
repair	noun	修理
reparation	noun	补偿|修理
repartition	noun	分配
repatriation	noun	回国
repeal	verb	取消
repeat	verb	重複
repeatedly	adverb	重复
repel	verb	拒絕
repent	verb	後悔
repentance	noun	悔改
repercussion	noun	後果|連帶影響
repetition	noun	重复|重複
rephrase	verb	重申
replace	verb	改|放下
replete	adjective	全|饱
replica	noun	仿製品|縮小模型|袖珍模型
replication	noun	回答|复制
reply	noun	回答
report	noun	報告|爆炸 [bàozhà]|报告
report card	noun	报告
reporter	noun	报告人
repose	noun	睡覺
repository	noun	保险柜
represent	verb	代表
representation	noun	节目
representative	noun	代表
representative democracy	noun	代議民主
repression	noun	镇压
reprimand	noun	温和的责备|叱
reprise	noun	再現
reproach	noun	责备|羞恥
reprobate	adjective	離開|无籁|拒絕
reproduction	noun	生殖
reptile	noun	爬虫
republic	noun	共和国|共和國|共和制
republican	adjective	共和国
repudiation	noun	拒绝
reputation	noun	名譽
request	noun	请求|申请|求|请
requiescat in pace		安息
require	verb	需要、要求|索取|必要
requirement	noun	必要
requisite	adjective	必要的
requisition	noun	征收
rerun	noun	重播
rescind	verb	取消
rescue	noun	援救|拯救
research	noun	研究
researcher	noun	侦探
resell	verb	轉手
resemblance	noun	相象|概率
resemble	verb	记得
resent	verb	憤慨
resentment	noun	厌恶
reservation	noun	怀疑|預訂
reserve	noun	預訂
reservoir	noun	水库
reside	verb	住
residence	noun	家
resident	noun	居民
resign	verb	放弃|辞职
resignation	noun	辞呈
resilience	noun	彈性
resilient	adjective	橡皮筋
resin	noun	树脂
resipiscence	noun	知错能改, 善莫大焉
resist	verb	抵抗|制止
resistance	noun	电阻
resistant	noun	游击队员
resistivity	noun	电阻率
resistor	noun	电阻|电阻器
resit	verb	補考
resolute	adjective	农场
resoluteness	noun	解决
resolution	noun	理性决策|决议|检查|溶液|分析|解决
resonance	noun	共振
resonate	verb	响着
resorcinism	noun	间苯二酚中毒|雷琐辛中毒
resort	noun	出口|跑
resound	verb	迴響|响着
resource	noun	原料|力气
resourceful	adjective	機靈
respect	verb	尊重
respectability	noun	礼貌
respectable	adjective	不错
respective	adjective	合适
respectively	adverb	合适
respiration	noun	呼吸
respiratory system	noun	呼吸器
resplendent	adjective	亮
respond	verb	回答
response	noun	回答
responsibility	noun	責任
responsible	adjective	负责
responsive	adjective	一触即痛的
responsive web design	noun	响应式网页设计
rest	noun	休息|残羹剩饭|和平|延长符号|全休止符
rest area	noun	公路服務區
rest in peace	verb	安息
restaurant	noun	餐馆|饭馆
restaurateur	noun	餐廳老闆
restitution	noun	补偿
restless	adjective	心神不宁
restoration	noun	回复
restore	verb	使成为
restrain	verb	分开
restrict	verb	限制
restriction	noun	限制
restroom	noun	卫生间
result	noun	结果|答案
resume	verb	持续
resurrect	verb	復活
retailer	noun	商人
retain	verb	保持
retainer	noun	续作
retaining wall	noun	护土墙
retarded	adjective	智力迟钝的
retention	noun	記性 记性
rethink	verb	反射
retina	noun	视网膜
retinue	noun	帮助
retire	verb	撤回
retirement	noun	退休
retirement home	noun	养老院
retort	verb	反驳
retreat	noun	引退
retribution	noun	惩罚
retrieve	verb	取|记得
return	noun	回到|利益|回|还|呆
reunion	noun	再会合
revamp	verb	更新
reveal	verb	发现
reveille	noun	闹钟
revenant	noun	鬼
revenge	noun	報復|復仇
revenge is a dish best served cold		君子报仇，十年不晚
revenue	noun	回火
revenue stamp	noun	印花
revere	verb	尊敬
reverence	noun	尊敬
reverent	adjective	孝顺
reversal	noun	转位
reverse	adjective	倒数|头
reverse engineering	noun	逆向工程
reversi	noun	蘋果棋
review	noun	复习|检查|温习
revile	verb	侮辱
revise	verb	复习
revision	noun	修改
revival	noun	复兴|闹钟
revoke	verb	废除
revolt	noun	叛亂|起義
revolution	noun	革命
revolutionary	adjective	革命的
revolver	noun	左轮手枪
revue	noun	杂志
reward	noun	報酬|獎勵
rewrite	verb	重写
rhapsody	noun	狂想曲
rhenium	noun	铼|錸
rheology	noun	流变学
rheostat	noun	可变电阻
rhetoric	noun	修辞学
rhetorical	adjective	修辞
rheum	noun	眵
rheumatism	noun	风湿
rheumatology	noun	風濕病學
rhinarium	noun	松露
rhinitis	noun	鼻炎
rhinoceros	noun	犀牛
rhinoglottophilia	noun	鼻喉亲缘性
rhizoid	noun	假根
rhizome	noun	根茎
rhodium	noun	銠|铑
rhubarb	noun	大黄
rhyme	noun	韻
rhyming dictionary	noun	韵书
rhyolite	noun	流紋岩
rhythm	noun	节奏|節奏
rib	noun	肋骨
rib cage	noun	胸腔
ribald	adjective	黄色
ribbon	noun	丝带|缎带
ribeye steak	noun	排骨肉
ribonucleic acid	noun	核糖核酸
ribosome	noun	核糖体
ribsteak	noun	排骨肉
rice	noun	米|稻
rice cooker	noun	电饭锅
rice flour	noun	米粉
rice paper	noun	米紙
rich	adjective	富有|富的
rich kid	noun	草莓
richness	noun	財富
ricin	noun	蓖麻毒蛋白
rickets	noun	佝偻病
rickety	adjective	不稳定的
rickshaw	noun	人力车
rid	verb	放
riddle	noun	謎語
ride	noun	开车|騎|骑|坐
rider	noun	半人馬
ridge	noun	边|背|带
ridicule	verb	嘲笑
ridiculous	adjective	好玩
riff	noun	暗礁
rifle	noun	步槍
rig	verb	操纵
rigger	noun	拖拉机
right	adjective	右
right angle	noun	[[#
right away	adverb	随叫随到
right fielder	noun	右外野手
right hand	noun	右手
right of way	noun	首位
right the ship	verb	改
right triangle	noun	直角三角形
right whale	noun	露脊鲸科
right-angled	adjective	长方形
right-wing	adjective	右
righteous	adjective	公平|正义
righteousness	noun	公义
rightful	adjective	合法的
rigid	adjective	刻板的|但是
rigidity	noun	剛度
rigmarole	noun	剧场|胡话
riichi	noun	立直
riichi mahjong	noun	日本麻將|日本麻雀
rim	noun	兰特
rime	noun	雾凇
rimjob	noun	舔肛
rind	noun	兽皮
ring	noun	戒指
ring binder	noun	书包
ring finger	noun	无名指
ring road	noun	環路|繞城公路
ringgit	noun	令吉
ringleader	noun	老板
ringtone	noun	鈴聲
rink	noun	溜冰場
rinse	noun	漂洗|冲洗
riot	noun	骚乱|暴动|起義
rip	verb	撕
rip off	verb	詐取
rip-off	noun	抢劫
ripe	adjective	成熟
ripen	verb	看见
ripple	noun	波
riptide	noun	溪流
rise	noun	个子|增加
rise and shine	verb	起床
rise through the ranks	verb	平步青雲|扶搖直上|青雲直上
riser	noun	鏡|身
risible	adjective	好玩
rising	noun	叛亂
risk	noun	概率
rite	noun	儀式 仪式
rite of passage	noun	通過儀禮
ritual	adjective	仪式
rival	noun	對手
river	noun	河|川|河流
river god	noun	河神
river red gum	noun	赤桉
riverbank	noun	岸
riverine	adjective	川
riverside	noun	岸
rivulet	noun	水流
roach	noun	拟鲤|屁股
road	noun	路
road sign	noun	交通标志
roadside	noun	路边
roadway	noun	快速公路
roar	verb	哮|笑
roast	adjective	烘烤|炒|火
roast beef	noun	烤牛肉
roasted	adjective	烘烤
rob	verb	偷
robber	noun	小偷
robbery	noun	抢劫
robe	noun	连衣裙
robin	noun	乌鸫
robot	noun	机器人
robust	adjective	強壯
rock	noun	岩石
rock climbing	noun	攀岩
rock crystal	noun	白水晶
rock music	noun	摇滚乐
rock paper scissors	noun	[[石頭、剪子、布]]
rock ptarmigan	noun	雷鳥 / 雷鸟
rocket	noun	火箭
rocket scientist	noun	头
rockhopper penguin	noun	跳岩企鵝
rocking	adjective	超级
rocking chair	noun	摇椅
rococo	noun	洛可可
rod	noun	茎|饭|钓竿|码|手杖|尾
rodent	noun	啮齿目动物
roe	noun	獐鹿
roe deer	noun	狍子
roebuck	noun	雄鹿
roentgenium	noun	錀
rogue	adjective	不审慎的|小壞蛋|坏小孩|流浪汉
rogue state	noun	流氓国家
role	noun	角|函数
role model	noun	典範
role-playing	noun	角色扮演
roleplaying game	noun	角色扮演游戏
roll	noun	圆柱体|套准|資產負債表|滚转|呵责
roll call	noun	点名
roll out	verb	部署
roll up one's sleeves	verb	准备工作
rollercoaster	noun	过山车
rolling pin	noun	擀面杖
roly-poly	noun	不倒翁
romaine lettuce	noun	蘿蔓萵苣
romaji	noun	罗马字
romanticism	noun	浪漫主义
romanticist	noun	浪漫
rongeur	noun	啮齿目动物
roof	noun	屋顶|屋頂
roof tile	noun	瓦
rooftop	noun	屋頂
rooibos	noun	博士茶
rook	noun	秃鼻乌鸦|車|骗子
rookie	noun	菜鸟
room	noun	房间
room service	noun	客房服務
room temperature	noun	常温
roomy	adjective	长大的
rooster	noun	公鸡
root	noun	根
root for	verb	加油
rootlet	noun	侧根
rootstock	noun	馬
rope	noun	绳子
rosary	noun	念珠
rose	noun	玫瑰花
rosebush	noun	刺客
rosehip	noun	蔷薇果
rosemary	noun	迷迭香
rosette	noun	插座
rosewater	noun	玫瑰香水
rosin	noun	松香
roster	verb	内接
rostrum	noun	距
rosy	adjective	紅潤
rosé	noun	桃红葡萄酒
rosé wine	noun	桃红葡萄酒
rot	noun	腐朽|腐化
rotation	noun	圈
rote	noun	习惯
rotor	noun	螺旋
rotten	adjective	坏|糟糕
rotten borough	noun	口袋選區
rottenness	noun	腐朽
rotunda	noun	環形交叉
rough	adjective	不愉快|粗糙|无修养的|坚硬
rough around the edges	adjective	不完善
roughly	adverb	差不多
rouille	noun	锈
roulette	noun	輪盤
round	adjective	全音符|圓形的|圆圈|卡农|圈|衝鋒
round angle	noun	[[#
round bracket	noun	括号
round robin	noun	圆圈
round table	noun	圆桌会议
round-shouldered	adjective	驼
roundabout	noun	環形交叉|旋轉木馬
roundel	noun	圆球
rout	noun	童黨
route	noun	道
router	noun	路由器
routine	noun	数
routing	noun	路由
rover	noun	徒步旅行者
row	noun	排|争吵|噪音|划船|吵架
rowan	noun	花楸|花楸属
rowing	noun	槳
royal	adjective	皇
royalism	noun	寫實主義
royalty	noun	版权
rozzer	noun	鸡子
rub	noun	擦|挠
rubber	adjective	空头支票|橡皮
rubber cement	noun	橡膠膠水
rubber duck	noun	橡皮小鴨
rubberneck	noun	热闹的人
rubbernecker	noun	热闹的人
rubbish	noun	粪
rube	noun	乡巴佬|笨蛋
rubella	noun	風疹
rubidium	noun	銣|铷
ruble	noun	卢布
rubric	noun	字条
rucksack	noun	背包
ruckus	noun	騷動|骚动|爭吵|爭執
ruction	noun	暴动
rudder	noun	舵
ruddy	adjective	紅
ruddy turnstone	noun	翻石鹬
rude	adjective	粗暴|黄色|基本的
rudely	adverb	推來推去
rudeness	noun	無禮
rudimentary	adjective	基本的
rue	noun	悔改|芸香|同情|后悔
rueful	adjective	忏悔
ruff	noun	襞襟
rug	noun	地毯|毯子
rugby	noun	橄榄球
rugby player	noun	橄欖球運動員
rugged	adjective	总的|严格|难
ruin	noun	毀滅|破坏
ruination	noun	破坏
rule	noun	規則
rule of law	noun	法治国家
rule of thumb	noun	启发法
rule out	verb	禁止|废除
rulebook	noun	章程
ruler	noun	直尺
rum	noun	兰姆酒
rumble	verb	呵责|住
rumen	noun	瘤胃
ruminant	adjective	反刍动物
ruminate	verb	觉得
rummer	noun	罗马
rumor	noun	传说
rumour has it		告訴
rump	noun	屁股
rumple	verb	弄皱
rumpus	verb	冲突的
run	noun	跑
run after	verb	跑
run along	verb	走
run around	verb	跑
run away	verb	逃跑
run errands	verb	买菜
run for one's money	noun	难题
run into	verb	碰到
run out the clock	verb	凍結
run through	verb	喷
run-of-the-mill	adjective	一般
runaway	adjective	持不同政见者|逃亡者
runner	noun	球鞋
runner bean	noun	荷包豆
runner-up	noun	亚军
running	noun	奔
running board	noun	度
running mate	noun	考生
running shoe	noun	球鞋
runs	noun	瀉 泻
runt	noun	侏儒|矮人
runway	noun	船桥
rupee	noun	盧比
rupicolous	adjective	岩鸡
rural	adjective	農村的
rusalka	noun	鲁萨尔卡
ruse	noun	作弊碼
rush	verb	跑
rust	noun	锈|銹|鏽
rustic	adjective	粗
rutabaga	noun	瑞典芜菁
ruthenium	noun	釕|钌
rutherfordium	noun	鑪|𬬻
ruthless	adjective	无情
rutile	noun	金红石
rye	noun	黑麥|黑麦
sabbatical	noun	假期
sable	adjective	黑
sabot	noun	木鞋
sabotage	noun	陰謀破壞
saboteur	noun	蓄意破坏者
sabre	noun	佩劍
sabre-toothed tiger	noun	剑齿虎
saccharide	noun	糖剂
saccharification	noun	糖化
saccharin	noun	糖精
saccharine	adjective	糖精
sack	noun	袋|口袋|床|解雇
sack out	verb	出发
sacral	adjective	神圣
sacrament	noun	聖事
sacred	adjective	圣
sacrifice	noun	牺牲
sacrifice bunt	noun	犧牲
sacrilege	noun	渎圣罪
sacré bleu		该死的，见鬼
sad	adjective	哀傷
sadden	verb	难过
saddle	noun	鞍
sadly	adverb	难过
sadness	noun	悲傷
sadomasochism	noun	施虐與受虐
safe	adjective	安全
safe and sound	adjective	安好
safeguard	noun	保护
safely	adverb	平安
safety	noun	安全
safety pin	noun	大头针
saffron	noun	番紅花
saffron milk cap	noun	加泰罗尼亚语
sag	noun	箭|下降|沉下
saga	noun	萨迦
sagacity	noun	智
sage	adjective	圣贤的|鼠尾草
sage grouse	noun	艾草松雞
sail	noun	帆
sailboard	noun	滑浪風帆
sailboat	noun	帆船
sailing	noun	快艇运动
sailor	noun	水手
saint	noun	圣人
sake	noun	原因|商品
sakura	noun	樱花|櫻桃樹
saké	noun	日本酒
salacious	adjective	黄色
salad	noun	沙拉|生菜
salad spinner	noun	離心機
salamander	noun	蝾螈
salariat	noun	工资制
salary	noun	薪金
salat	noun	萨拉特
salbutamol	noun	沙丁胺醇
sale	noun	卖|销售
salesman	noun	售貨員
salicylic acid	noun	水楊酸
salinity	noun	鹽度
saliva	noun	口水
sallow	noun	黃花柳
sally	noun	参观
salmon	noun	鲑鱼
salmonella	noun	沙门氏菌
salo	noun	肥肉
salon	noun	沙龙|理发店
saloon	noun	吧
salt	noun	盐|鹽
salt cellar	noun	鹽瓶
salt cod	noun	鱈魚
salt lake	noun	鹹水湖
salt of the earth	noun	地上的盐 地上的鹽
salt shaker	noun	盐瓶
salted	adjective	含盐的
salty	adjective	咸|含盐的|恨
salubrious	adjective	健康
salutation	noun	书名
salute	verb	问候
salvage	verb	借
salvation	noun	你好
salve	noun	藥膏|凉快
samarium	noun	釤|钐
samba	noun	桑巴舞
same	adjective	同一
same to you		彼此
same-sex	adjective	同性恋
samizdat	noun	地下出版
samovar	noun	茶炊
sampan	noun	舢板
sample	noun	樣品|取樣
samurai	noun	武士
sanctimonious	adjective	伪善者
sanction	noun	制裁
sanctuary	noun	寺庙
sand	adjective	沙
sand dollar	noun	沙錢
sand dune	noun	沙丘
sandal	noun	涼鞋
sandbank	noun	沙洲
sandbar	noun	浅水
sandbox	noun	沙盒
sandglass	noun	沙漏
sandgrouse	noun	矸石
sandhi	noun	连音
sandpit	noun	沙坑
sandstone	noun	砂岩
sandstorm	noun	沙尘暴
sandwich	noun	三明治
sandwich bread	noun	庞多米面包
sangria	noun	桑格利亞酒
sanguine	adjective	红色
sanity	noun	心理健康
sanjak	noun	旗子
sans serif	adjective	黑体
saola	noun	中南大羚
sap	noun	樹液
saphead	noun	二百五
sapling	noun	年轻
sapodilla	noun	měiguǒlǎn
saponification	noun	皂化
sapote	noun	měiguǒlǎn
sapper	noun	工程兵
sapphire	noun	蓝宝石|藍寶石
saprophyte	noun	腐生生物
sapwood	noun	白
sarcasm	noun	挖苦
sarcastic	adjective	諷刺的
sarcophagus	noun	石棺
sardine	noun	沙丁魚
sardonic	adjective	苦的
sargasso	noun	马尾藻
sari	noun	莎丽
sasanqua	noun	茶梅
sash	noun	带
sashimi	noun	刺身
sass	noun	厚顏|回答
sassenach	noun	英国人
satanic	adjective	可恶的
satchel	noun	书包
satellite	noun	卫星
satellite navigation system	noun	汽车导航系统
satiate	verb	满足
satiated	adjective	饱
satin	noun	缎子
satire	noun	讽刺
satisfaction	noun	满意|滿意
satisfactory	adjective	满意
satisfied	adjective	满意 滿意
satisfy	verb	滿足
saturation	noun	飽和
sauce	noun	沙司
saucepan	noun	炖锅
saucy	adjective	放肆
sauerkraut	noun	酸菜
sauna	noun	桑拿
saunter	verb	行
sausage	noun	香肠|香腸
sauté	verb	炒
savage	adjective	原始的人|野蛮人|攻擊
savanna	noun	大草原
savin	noun	沙地柏
saving	noun	经济|節約
savings bank	noun	沙发
savior	noun	救世主
savory	adjective	好吃|咸
savour	noun	味道|享受
savvy	adjective	聪明|了解
saw	noun	鋸子
sawfish	noun	鋸子
sawmill	noun	鋸木廠
saxophone	noun	薩克斯風
say	verb	说|說
say cheese	verb	乳酪
say goodbye	verb	告别
say to oneself	verb	告诉
say yes	verb	点头
saying	noun	话
sayonara		再會
scab	noun	痂
scabbard	noun	阴道
scabies	noun	惡人
scaffold	noun	腳手架
scaffolding	noun	腳手架
scalar	adjective	标量
scalar product	noun	数量积
scale	noun	尺度|鱗|托盘|梯子
scale back	verb	少
scale up	verb	增加
scalene triangle	noun	不等邊三角形
scales	noun	天平
scallop	noun	扇貝
scalp	noun	头皮
scalpel	noun	手术刀
scam	noun	政变|詐取
scammer	noun	流氓
scamp	noun	无籁|坏小孩
scan	noun	图像|扫描
scandal	noun	丑闻
scandium	noun	鈧|钪
scanner	noun	扫描器
scant		稀
scanty	adjective	稀
scapegoat	noun	代罪羔羊
scar	noun	伤疤|伤痕
scarab	noun	甲虫
scarce	adjective	缺乏的
scarcely	adverb	惡
scarcity	noun	缺乏
scare	noun	恐怖|嚇唬
scarecrow	noun	稻草人
scared	adjective	害怕
scarf	noun	領巾
scary	adverb	可怕
scathe	noun	伤口
scatter	verb	散射
scatterbrained	adjective	傻子
scavenge	verb	洗涤
scavenger	noun	跳水员
scedasticity	noun	方 差 性
scenario	noun	舞臺|劇本
scene	noun	景色|球面
scenery	noun	风景
scent	noun	味道|嗅覺|香水|聞
sceptre	noun	權杖
schadenfreude	noun	幸災樂禍
schedule	noun	安排|规划|编程
scheduling	noun	程序设计
scheme	noun	系统|节目|画|勾结
schist	noun	片岩
schizophrenia	noun	精神分裂症
schlub	noun	乡巴佬
schmuck	noun	屁股
schnapps	noun	白兰地
schnook	noun	笨蛋
scholar	noun	学生|学术的|书生
scholarship	noun	奖学金|[[#
scholasticism	noun	经院哲学
school	noun	学校
school of thought	noun	家
school uniform	noun	校服
schoolbag	noun	书包
schoolbook	noun	课本
schoolboy	noun	同学
schoolchild	noun	学生
schoolgirl	noun	女生
schoolmaster	noun	老师
schoolmate	noun	学校
schooner	noun	大篷車
sci-fi	adjective	科幻小说
sciatica	noun	坐骨神經痛
science	noun	科学|科學
science fiction	adjective	科幻小说
scientific	adjective	科学
scientific method	noun	科学方法
scientific name	noun	学名
scientifically	adverb	科学
scientist	noun	科学家
scientometrics	noun	科學計量學
scimitar	noun	弯刀
scintilla	noun	盎司
scintillant	adjective	亮
scion	noun	继任者|米
scissor	noun	剪刀
scissoring	noun	剪刀
scissors	noun	剪刀|剪子
sclerosis	noun	硬化
scold	verb	罵
scone	noun	烤餅
scoop	noun	勺|圆球
scooter	noun	滑板車
scope	noun	周围
scops owl	noun	貓頭鷹
scorch	verb	燃烧
scorched earth	noun	焦土
score	noun	分数|答案|二十|音樂記譜法|鱈魚
score off	verb	吻
score string	noun	算盤
scorn	noun	鄙夷
scornful	adjective	漠視
scorpion	noun	蠍子|蝎子
scorpion kick	noun	蝎子
scorpling	noun	小黑蝎
scoundrel	noun	无籁
scourge	noun	鞭子|害人虫
scout	noun	童子军
scouting	noun	童軍活動
scowl	noun	皱眉
scram	verb	滾
scramble	verb	攀|争斗
scrap	noun	块|倒
scrape	noun	拳战
scratch	verb	抓
scratchpad	noun	记事卡片
scrawl	noun	亂碼
scream	noun	喊聲|叱
screech owl	noun	東美角鴞
screen	noun	屏幕|網|放
screenplay	noun	劇本
screenshot	noun	截图
screenwriter	noun	編劇
screw	noun	螺旋桨|螺釘|吻
screw thread	noun	花丝
screw you	noun	干你
screwdriver	noun	螺丝刀|螺絲刀
scribe	noun	作家|写
script	noun	字|字母|脚本|文字
scripting language	noun	脚本语言
scripture	noun	著作
scroll	noun	羊皮紙|蛞蝓|滑
scroll bar	noun	升降机
scrotum	noun	阴囊
scrounge	verb	享受
scrub	verb	挠|取消
scruff	noun	脏鬼
scrumptious	adjective	好吃
scrunchie	noun	大腸圈束
sculpt	verb	刻
sculpture	noun	雕塑
scum	noun	兰特|垃圾
scurrilous	adjective	卑鄙|粗俗
scurvy	noun	壞血病
scut	noun	花
scythe	noun	大镰
sea	noun	海|大海
sea anemone	noun	海葵
sea bass	noun	海鲈
sea breeze	noun	海风
sea cow	noun	塞壬
sea cucumber	noun	海參
sea eagle	noun	洁白雕
sea horse	noun	海马
sea level	noun	海平面
sea lion	noun	海狮
sea oats	noun	蜘蛛
sea salt	noun	海盐
sea serpent	noun	大海蛇
sea snake	noun	海蛇
sea turtle	noun	海龟
sea urchin	noun	海胆
seabed	noun	洋底
seabird	noun	海鳥
seaborgium	noun	𨭎
seadog	noun	老水手
seafarer	noun	水手
seafloor	noun	洋底
seagrass	noun	海草
seal	noun	海豹|印章
sealskin	noun	海豹
seam	noun	伤疤
seamanship	noun	快艇运动
seamster	noun	裁缝
seaplane	noun	水上飛機
seaport	noun	港口城市
seaquake	noun	海震
sear	verb	燃烧
search	noun	搜索|找
seascape	noun	海军
seashell	noun	贝壳
seashore	noun	海岸
seasickness	noun	晕船
seaside	adjective	海边
season	noun	季|季节
season ticket	noun	季票
seasonal	adjective	季节性的
seasoning	noun	調料
seat	noun	席位
seat belt	noun	安全带
seat post	noun	莖
seawater	noun	海水
seaweed	noun	海带
seaworthy	adjective	水手
secede	verb	下車
secession	noun	国家分裂
second	adjective	第二|秒
second baseman	noun	二壘手 / 二垒手
second cousin	noun	従堂兄弟
second hand	noun	秒针
second lieutenant	noun	少尉
second person	noun	第二人称
second-person plural	noun	第二人称复数
second-person singular	noun	第二人称单数
secondary	adjective	中学
secondary color	noun	二次色
secondary colour	noun	二次色
secondary school	noun	中学
secondhand	adjective	老
secondly	adverb	其次
secrecy	noun	秘密
secret	adjective	秘密
secret agent	noun	间谍
secret police	noun	秘密警察
secret service	noun	情报机构
secretary	noun	秘书
secretary bird	noun	秘书
secrete	verb	分泌|回避
secretion	noun	秘密
secretive	adjective	秘密
sect	noun	宗派
section	noun	块|科|冠词
section sign	noun	章句
sector	noun	扇形
secularism	noun	世俗主义
secularity	noun	世俗主义
secularization	noun	世俗化
secure	adjective	保險
securely	adverb	平安
security	noun	安全|质权|證券
sedevacantism	noun	宗座缺出论
sedge warbler	noun	水蒲苇莺
sedimentation	noun	沉积
sedition	noun	暴动
sednoid	noun	类塞德娜天体
seduce	verb	勾引
seductive	adjective	迷人
see	verb	看|见
see through	verb	否
see you		再見
see you later		一会儿见
see you soon		一会儿见
seed	noun	种子|種子
seedling	noun	实生苗
seedy	adjective	不好|垢
seek	verb	寻找
seek a knot in a bulrush	verb	自尋煩惱
seel	verb	眼
seem	verb	好像
seemly	adjective	合适
seep	noun	矿区
seer	noun	先见者
seesaw	noun	槓桿
seethe	verb	煮
segment	noun	线段
seisin	noun	天气
seism	noun	地震
seismic wave	noun	地震波
seismograph	noun	地震儀
seismology	noun	地震学
seismometer	noun	地震儀
seitan	noun	面筋
seize	verb	接|没收
seize the day	verb	及时行乐
seizure	noun	危机|袭击
selcouth	adjective	奇妙
seldom	adverb	偶尔
selection	noun	選擇
selenite	noun	透石膏
selenium	noun	硒
selenology	noun	月球学
self	noun	自我
self-censorship	noun	自我審查
self-confident	adjective	安全
self-contained	verb	自主
self-criticism	noun	检讨
self-defense	noun	自卫
self-deprecation	noun	自嘲
self-discipline	noun	自律
self-educated	adjective	自学
self-employed	adjective	自主
self-employment	noun	自主
self-explanatory	adjective	明白
self-fulfilling prophecy	noun	自我应验预言
self-government	noun	自治权
self-hatred	noun	自我厌恶
self-immolate	verb	自焚
self-important	adjective	有效
self-mockery	noun	自嘲
self-opinionated	adjective	顽固的
self-portrait	noun	自画像
self-possessed	adjective	平安
self-possession	noun	平
self-reliant	adjective	機靈
self-service	noun	自助
self-sufficiency	noun	自治權
self-willed	adjective	任性
selfheal	noun	岩鷚屬
selfhood	noun	性格
selfie stick	noun	自拍杆
selfish	adjective	私
sell	verb	卖|被賣出|傳遞|耍弄
seller	noun	賣方
selling point	noun	好处
selling price	noun	售价
semantic	adjective	语义
semantic field	noun	语义场
semantics	noun	语义学
semaphore	noun	紅綠燈|信号机
semblance	noun	相象
semen	noun	精液
semester	noun	學期
semibreve	noun	全音符
semicircle	noun	半圆
semicolon	noun	分号
semiconductor	noun	半导体
seminal	adjective	种子|曾
seminar	noun	神學院
seminary	noun	神學院
semiology	noun	符號學
semiotician	noun	符號學
semiotics	noun	符號學
semitone	noun	半音
semolina	noun	粗粒小麥粉
sempiternal	adjective	永恒
senator	noun	上议员
send	verb	送
send-up	noun	戏仿
senile	adjective	老年的
senility	noun	痴呆
senior	adjective	老|前
senior captain	noun	大尉
senior citizen	noun	老龄
sensation	noun	感覺|感觉
sense	noun	意義|感觉|意义|道理|方向|感到
sense organ	noun	感官
sensible	adjective	乖巧|导音|清醒
sensitive	adjective	容易生气的|愛哭鬼
sensor	noun	传感器
sentence	noun	句子
sententious	adjective	简洁
sentience	noun	认识
sentient	adjective	导音
sentimental	adjective	感傷
sentinel	noun	哨兵|看
sepak takraw	noun	藤球
sepal	noun	萼片
separate	adjective	分开|分
separately	adverb	分开
separation	noun	分割
separatism	noun	分離主義
septagon	noun	七角形
septentrional	adjective	北
septuagenarian	adjective	古稀
septuplet	noun	七连音
sepulchral	adjective	坟
sequel	noun	续作
sequence	noun	次|数列|续作
sequence assembly	noun	组合
sequencer	noun	音序器
sequoia	noun	红杉
serenade	noun	小夜曲
serendipity	noun	好运
serene	adjective	平安|晴
serenity	noun	平静
serf	noun	僕人
sergeant	noun	军士
serial	noun	无穷级数
serial number	noun	序列号
series	noun	系列
serif	noun	白体
serin	noun	金丝雀
serine	noun	絲氨酸
serious	adjective	认真
seriously	adverb	认真
seriousness	noun	引力
sermon	noun	講道
serotonin	noun	血清素
serpent	noun	蛇
serpentine	adjective	蛇
serval	noun	藪貓
servant	noun	仆人
serve	noun	业务|服务
serve someone right	verb	錢|干得好
server	noun	服务器
service	noun	服务
service area	noun	公路服務區
serviceman	noun	军人
servile	adjective	奴性
servility	noun	奴性
serving	noun	份
sesame	noun	芝麻
sesame oil	noun	胡麻油
sesquipedalian	adjective	长
session	noun	开会
set fire to	verb	纵火
set foot on land	verb	下
set free	verb	放
set off	verb	点燃
set on fire	verb	点燃
set out	verb	去|解说
set theory	noun	集合论
set up	verb	安排|騎
set-off	noun	补偿
setback	noun	意外情况
sett	noun	平行六面体
settee	noun	沙發
setter	noun	排字工人, 排字机|二傳手 二传手
setting	verb	环境
settle	verb	付
settlement	noun	安排|住宅区|縣|協議
settlement agreement	noun	年轻
settling	noun	沉积
seven		七|柒
seven deadly sins	noun	七宗罪
seven hundred		七百
seven seas	noun	七海
seventeen		十七
seventh	adjective	第七
seventh chord	noun	七和弦
seventy		七十
seventy-first	adjective	第七十一
seventy-five		七十五
sever	verb	切
several		一些
severe	adjective	严格
severe acute respiratory syndrome	noun	严重急性呼吸道综合症
severity	noun	引力
sew	verb	缝
sewage	noun	污水
sewer	noun	下水道|裁缝
sewing machine	noun	缝纫机
sex	noun	性别|性交
sex drive	noun	性冲动
sex organ	noun	外生殖器
sex shop	noun	性商店
sex symbol	noun	性感明星
sex toy	noun	性玩具
sex work	noun	卖淫
sexism	noun	性別歧視
sexology	noun	性學
sextant	noun	六分仪
sexton	noun	司事
sexual	adjective	性的
sexual abuse	noun	性虐待
sexual appetite	noun	性欲
sexual assault	noun	性侵犯
sexual dimorphism	noun	两性异形
sexual harassment	noun	性骚扰
sexual intercourse	noun	性交
sexual orientation	noun	性取向
sexuality	noun	性快感
sexually transmitted disease	noun	花柳病
sexy	adjective	性感
señorita	noun	小姐
shade	noun	阴影|百葉窗|强弱法|四声|圓頂
shade horsetail	noun	草问荆
shadoof	noun	桔槔
shadow	noun	影子
shadow play	noun	皮影戏
shadowy	adjective	黑暗
shady	adjective	影子|鬼祟
shaft	noun	符干|半径|龍骨|井|幹
shag	noun	鸕鶿|吻
shake	noun	即时的|滚音
shake hands	verb	拉手
shake off	verb	摆脱
shale	noun	黑板
shall	verb	任务
shallot	noun	火葱
shallow	adjective	浅|肤浅的|浅滩
sham	noun	欺诈|撒谎
shambles	noun	墟|浑沌|屠宰场
shame	noun	羞辱
shamefaced	adjective	怕羞
shampoo	noun	香波
shamrock	noun	三叶草属
shandy	noun	洗髮水
shang	noun	晌
shank	noun	腘|腿
shantytown	noun	貧民窟
shanzhai	noun	山寨
shape	noun	状况|形狀|構
share	noun	股|股票|共有
sharecropper	noun	佃農
shared	adjective	一起
shari'a	noun	伊斯蘭教法
sharif	noun	谢里夫
shark	noun	鯊魚|鲨鱼
sharp	adjective	銳利|聰明|升|高|尖|准确|电池|升音符
sharpen	verb	削尖
sharpener	noun	磨削器
sharpness	noun	酸味
shave	verb	剃
shaver	noun	刮胡刀
shaving brush	noun	剃须刷
shaw	noun	小树林
shawl	noun	披肩
shawm	noun	芦管
she		她
she-		她
she-ass	noun	騲驢
she-bear	noun	熊
she-cat	noun	母猫
she-devil	noun	風箏
she-goat	noun	羭
sheaf	noun	捆
shear	noun	剪刀|剪斷
shear wave	noun	S波|S簸
shears	noun	剪刀
sheath	noun	鞘
shed	verb	分|倒
sheep	noun	綿羊|羊
sheep milk	noun	羊乳
sheepfold	noun	羊圈
sheepish	adjective	不好意思
sheeple	noun	綿羊
sheer	adjective	透明|干净|竖的
sheesh		呸
sheet	noun	書的一頁|斑块|低
sheet metal	noun	罐頭
sheet music	noun	音樂記譜法
sheik	noun	谢赫
shelf	noun	架子
shell	noun	蛋壳 蛋殼|貝|榴弹炮|車體風格|尿布|骨骼
shell company	noun	皮包公司
shell out	verb	付款
shellfish	noun	貝類
shelling	noun	炮击
shepherd	noun	牧羊人
shepherd's pie	noun	牧羊人派
sherbet	noun	冰果子露
sherry	noun	雪利酒|杯子
sheth	noun	支柱
shh		嘘
shibboleth	noun	口令|单词
shield	noun	盾
shift	noun	班|电子回路
shifty	adjective	泡泡
shiitake	noun	香菇
shill	verb	藏
shim	noun	楔子
shin	noun	胫
shinbone	noun	胫骨
shine	verb	發亮
shingle	noun	卵石
shingles	noun	带状疱疹
shining	adjective	优秀
shining tubeshoulder	noun	阿部相模肩燈魚
shinjitai	noun	新字体
shiny	adjective	亮|明|明亮
ship	noun	船
ship of the line captain	noun	上校
ship of the line ensign first class	noun	中尉
ship of the line ensign second class	noun	少尉
ship of the line lieutenant	noun	上尉
shipment	noun	交通|运输
shipping	noun	交通运输|海军舰队
shipshape	adjective	薪水
shipworm	noun	船蛆
shipwrecky	adjective	差
shirk	verb	溜
shirt	noun	衬衫|襯衫
shit	verb	拉屎
shit-for-brains	adjective	傻子
shitbox	noun	垃圾桶
shite	noun	大便
shithead	noun	屁眼
shits	noun	腹瀉
shitter	noun	花瓶
shitty	adjective	鸟
shiv	noun	小刀
shiver	noun	顫抖
shoal	noun	浅滩
shock	noun	冲击|震动
shock wave	noun	冲击波
shoddy	adjective	差
shoe	noun	鞋|鞋子
shoebill	noun	鲸头鹳
shoehorn	noun	鞋拔子
shoelace	noun	部
shoemaker	noun	鞋匠
shoestring	noun	火柴
shogi	noun	將棋
shogun	noun	将军
shogunate	noun	幕府
shoo	verb	嘘|走
shoot	noun	粪|星期三|抱子甘藍|攝影|射
shoot down	verb	击落
shoot oneself in the foot	verb	搬起石头砸自己的脚
shoot the breeze	verb	说话
shooter	noun	象
shooting star	noun	流星
shop	noun	商店
shop window	noun	展示橱窗
shopkeeper	noun	商人
shoplift	verb	偷窃
shopper	noun	客人
shopping basket	noun	籃子
shopping cart	noun	購物手推車
shopping centre	noun	商场
shopping list	noun	購物清單
shore	noun	浦
shore up	verb	加强
shoreline	noun	海岸線
short	adjective	短|矮
short circuit	noun	短路
short corner	noun	點球
short film	noun	短片
short message service	noun	短信
short of		少
short story	noun	短篇小说
short ton	noun	美噸
short track	noun	短道速滑
short-sightedness	noun	近視
short-term	adjective	近期
shortcoming	noun	局限
shortcut	noun	快捷|縮寫
shortfall	noun	缺乏
shorthand	noun	速记|縮寫
shortly	adverb	不久|矮
shortstop	noun	凸透鏡
shot	adjective	死亡|發射|炮弹|冰雹|地图
shot put	noun	推铅球
shotgun	noun	散弹枪 散彈槍
shotgun sequencing	noun	鸟枪法
should	verb	假如|该
shoulder	noun	肩|铁铲
shoulder blade	noun	肩胛骨
shout	noun	喊|喊叫|叫
shout out	noun	讚揚
shove	verb	推
shove it up your ass	verb	干你
shovel	noun	铁铲
shoveler	noun	琵嘴鸭
show	noun	展|表演|证明|见
show jumping	noun	障礙超越
show off	verb	显示
show up	verb	出版
show-off	noun	大炮
showcase	noun	展示橱窗
shower	noun	淋浴|淋浴器
shower gel	noun	沐浴露
showerhead	noun	洋薊
shred	noun	块|切
shredder	noun	碎紙機
shrewd	adjective	聪明
shriek	noun	喊|叫
shrill	adjective	尖
shrimp	noun	虾
shrimp plant	noun	蝦
shrine	noun	寺
shrink	verb	减少
shrivel	verb	向內捲曲|起皺|弄皺
shroud	noun	帆
shrub	noun	灌木
shtick	noun	号码|作弊碼
shtup	verb	吻
shudder	noun	顫抖
shuffle	verb	洗
shun	verb	溜
shunt	noun	轉轍器|使分流
shunting	noun	轉轍器
shush	verb	嘘
shut	verb	关
shut down	verb	熄滅
shut up	verb	假話|关
shutout	noun	子彈
shutter	noun	百叶窗
shuttle	noun	梭子
shuttlecock	noun	羽毛球
shy	adjective	害羞|羞怯|小
shyness	noun	羞怯
si	noun	假如
sibling	noun	兄弟
sic	adverb	原文如此
sick	adjective	dòngwù
sickle	noun	鐮刀
sickly	adjective	苍白
sickly sweet	adjective	可爱
sickness	noun	病
side	noun	側面|面|边|小厮|犁
side by side	adverb	肩并肩地
side dish	noun	伴奏
side effect	noun	不良反应
side hustle	noun	喙
sideboard	noun	碗橱
sidecar	noun	邊車 边车
sidereal	adjective	恒星
sidewalk	noun	人行道
siege	noun	包围战
siemens	noun	西門子
siesta	noun	小睡；午睡
sieve	noun	筛|七
sievert	noun	西弗
sift	verb	七
sifter	noun	筛
sigh	noun	叹息|嘆氣
sight	noun	視力|景点|看|对准
sighthound	noun	灰狗
sightsee	verb	参观
sightseeing	noun	觀光
sigil	noun	印章
sigmoid	adjective	乙状
sign	noun	標誌
sign in	verb	内接
sign language	noun	手语
sign of the cross	noun	十字
sign up	verb	内接|訂閱
signage	noun	招牌
signal	noun	信号|捕捉网
signature	noun	签名|簽名
signboard	noun	店名
signet	noun	印章
significance	noun	意思
significant	adjective	大量|高
significant other	noun	同伴
signify	verb	significàr|等于
signpost	noun	转向灯
silence	noun	安静
silence is golden		沉默是金
silencer	noun	圍巾 围巾|抑制器
silent	adjective	沉默|无声音的|静
silent film	noun	无声电影
silently	adverb	安静
silicate	noun	硅酸盐
silicon	noun	硅|矽
silicon dioxide	noun	二氧化矽
silicone	noun	矽氧樹脂
silique	noun	角果
silk	noun	絲|丝
silkworm	noun	家蚕
silky anteater	noun	侏食蚁兽
sill	noun	窗台
silliness	noun	愚蠢
silly	adjective	愚蠢|低能|大教堂
silo	noun	筒仓
silt	noun	淤泥
silver	noun	银|銀
silver bullet	noun	万灵药
silver medal	noun	銀牌
silverfish	noun	衣魚
silvery	adjective	銀色
silvery pomfret	noun	鯧|鲳
silviculture	noun	林學
simian	adjective	猴子
similar	adjective	相似的
similarity	noun	相象
similarly	adverb	差不多
simile	noun	比喻
simmer	verb	煮
simony	noun	买卖圣职
simp	noun	老婆当家的
simple	adjective	简单
simple past	noun	以往
simple present	noun	礼物
simplex	noun	单体
simplification	noun	简化
simplify	verb	简化
simply	adverb	单纯|刚
simulate	verb	模拟
simulation	noun	劇場|游泳池
simultaneous	adjective	同時
simultaneously	adverb	同时
sin	noun	罪
sin bin	noun	长椅
since		離|既然|從
sincere	adjective	真誠
sine	noun	正弦
sing	verb	唱歌|唱
singer	noun	歌手
singer-songwriter	noun	创作歌手
singing	noun	唱歌
singing voice	noun	票
single	adjective	单|一|獨身|单曲|单身|容易
single out	verb	使不同
singles	noun	單打
singlet	noun	恤衫
singular	adjective	單數|单数
singularity	noun	稀有|分数
sinicization	noun	中国化
sinister	adjective	险恶
sink	verb	沉下
sinker	noun	鉛
sinner	noun	罪人
sinologist	noun	汉学家
sinuous	adjective	歪
sinus	noun	正弦
sinusitis	noun	慢性鼻窦炎
sip	verb	啜
siphon	noun	虹吸
sir	noun	先生
sire	noun	先生|公马
siren	noun	汽笛|塞连|塞壬
sissy	noun	娘娘腔|老婆当家的
sister	noun	姐妹|姐姐|妹
sister city	noun	友好城市
sister-in-law	noun	脫髮
sisterly	adjective	妹
sit	verb	坐|在|射
sit down	verb	坐
sitar	noun	锡塔琴
site	noun	部位|地|bāng-chām|地方
sitting	noun	座
situation	noun	状况|情況|职位
six		六
six hundred		六百
sixteen		十六
sixth	adjective	分之
sixth form	noun	預科
sixty		六十
sixty-eight		六十八
sixty-nine	noun	69式
sixty-six		六十六
sizable	adjective	大量
size	noun	号
skank	noun	妓女
skat	noun	斯卡特
skate	noun	冰鞋
skateboard	noun	滑板|坐
skating	noun	溜冰
skating rink	noun	溜冰場
skeezer	noun	狐狸
skeleton	noun	骨骼|骨骼系統
sketch	noun	草稿|草拟|素描|设计|勾划
sketchy	adjective	泡泡
skew	adjective	不对称
ski	verb	滑雪
ski jumping	noun	跳台滑雪
ski run	noun	滑雪
skid	verb	滑
skid mark	noun	品牌|逗号
skid row	noun	猶太區
skier	noun	滑雪运动员
skiff	noun	小船
skiing	noun	滑雪
skill	noun	技巧
skilled	adjective	力有能
skillet	noun	平底鍋
skillful	adjective	熟练的
skim	adjective	脫脂的|滑|做
skimmer	noun	勺|剪嘴鸥
skin	noun	皮膚
skinny	adjective	瘦
skip	verb	彈
skipper	noun	上尉
skipping rope	noun	跳绳
skirt	noun	裙子
skirt chaser	noun	色狼 (Sèláng)
skit	noun	戏仿
skitter	verb	奔
skittish	adjective	害羞
skittle	noun	龙骨
skive	verb	逃学
skoal		campey
skull	noun	頭骨|顱骨
skull and crossbones	noun	顱骨
skullcap	noun	卡巴
skunk	noun	臭鼬
skunk cabbage	noun	臭菘
sky	noun	天|天空
sky blue	adjective	天蓝色
skybox	noun	天
skydiving	noun	跳伞
skylark	noun	云雀
skyline	noun	地平線
skyrocket	verb	激增
skyscraper	noun	摩天大楼|摩天大樓
slab	noun	匾
slack off	verb	减少
slacken	verb	松开
slacker	noun	懒
slag	noun	妓女|熔岩
slake	verb	满足|累
slalom	noun	障碍滑雪
slander	noun	毁谤
slang	noun	俚语
slap	noun	拍擊|打耳光
slap in the face	noun	脸|风琴胶条
slap-up	adjective	de primera clase
slapper	noun	妓女
slapstick	noun	鞭子
slash	noun	斧|斜线
slash and burn	noun	焚林开垦
slate	adjective	浅橄榄灰|板岩|以前
slattern	noun	娼婦
slaughter	noun	大屠杀|宰杀
slaughterer	noun	卖肉
slaughterhouse	noun	屠宰场
slave	noun	奴隸
slaveowner	noun	奴隶主
slavery	noun	奴隶制度
slay	verb	戕杀
slayer	noun	凶手
sleazy	adjective	噅|猪
sledding	noun	雪橇
sledge	noun	雪橇
sledgehammer	noun	大錘
sleek	adjective	平滑
sleep	noun	睡眠|睡觉|睡覺
sleep in	verb	睡懒觉
sleep over	verb	住
sleep with	verb	宿
sleeper	noun	鼹科
sleepiness	noun	昏迷
sleeping	noun	睡
sleeping car	noun	卧车
sleepwalking	noun	梦游症
sleepy	adjective	困
sleeve	noun	袖子
sleight	noun	手指灵巧
sleight of hand	noun	手指灵巧
slender	adjective	瘦
sleuth	noun	侦探
slew	noun	溫和的|轉動
slice	noun	片
sliced bread	noun	庞多米面包
slick	adjective	优雅的
slide	noun	滑梯
slight	adjective	单一|小朋友|不好
slightly	adverb	一下
slim	adjective	苗條|减肥
slime	noun	泥巴|黏液
slimeball	noun	垃圾
sling	noun	弹弓|放下
slingshot	noun	弹弓
slip	noun	失誤
slip away	verb	去世
slip someone's mind	verb	忘记
slipper	noun	拖鞋
slipper lobster	noun	蟬
slippery	adjective	滑的
slipshod	adjective	粗
slipway	noun	堆
slit	noun	女陰
sliver	noun	部|圈|一点儿
slob	noun	妓女
sloe	noun	瞳孔
slop-jar	noun	马桶
slope	noun	黄色|滑
slot	noun	部位
slot machine	noun	老虎机
sloth	noun	树懒
slothful	adjective	懒
slough	noun	沼泽|变声|痂
slovenly	adjective	猪
slow	adjective	慢
slow and steady wins the race		水滴石穿
slow down	verb	减速
slow match	noun	导火线
slow motion	noun	怠速
slowly	adverb	慢
sludge	noun	泥
slug	noun	鼻涕虫
sluggard	noun	惰
sluggish	adjective	慢|笨
sluice	noun	算盤
slum	noun	贫民窟
slumber	noun	睡眠|打瞌睡
slump	verb	下跌|癱
slumping	noun	山崩
slur	verb	扎|办理
slurry	noun	泥巴
slut	noun	婊子|妓女|母狗
slutty	adjective	婊子
sly	adjective	精明
smack	verb	打耳光
small	adjective	小
small caps	noun	小型大写字母
small pica	noun	哲学
small talk	noun	廢話
small text	noun	六
small-sized	adjective	小
small-spotted catshark	noun	貓
smallpox	noun	天花
smart	adjective	智能|优雅的
smartass	adjective	放肆
smartphone	noun	智能手机
smash	verb	坠毁|犁
smashing	adjective	奇妙
smear	verb	覆盖
smell	noun	嗅覺|味道|聞
smell fishy	verb	臭
smelly	adjective	臭
smelting	noun	字型
smidgen	noun	一点点
smile	noun	微笑
smiling	adjective	傻笑的
smirch	verb	弄脏
smirk	noun	壞笑
smite	verb	一|戕杀
smith	noun	鍛工
smoke	noun	烟|煙|吸煙
smoker	noun	吸煙者
smoking	noun	吸煙
smooch	noun	吻
smooth	adjective	平滑
smoothen	verb	平滑
smoothie	noun	冰沙
smorgasbord	noun	冷餐台
smother	verb	做菜
smuggle	verb	走私
smuggler	noun	走私者
smuggling	noun	走私
smurf	noun	藍精靈
smut	noun	屁股|煤
smutty	adjective	淫秽
snack	noun	小吃
snack bar	noun	小吃
snag	noun	問題
snail	noun	蜗牛
snake	noun	蛇
snake charmer	noun	弄蛇人
snake oil	noun	狗皮膏药
snap	noun	摄影|曲奇|即时的|休息
snap pea	noun	荷蘭豆
snare	noun	陷阱|小鼓
snare drum	noun	小鼓
snarl	noun	扣子
snatch	noun	女性生殖器|盜竊
snath	noun	袖
sneak	noun	流氓|偷窃|掩藏
sneaker	noun	球鞋
sneaky	adjective	圆滑 [yuánhuá]
sneer	verb	鼻子
sneeze	noun	噴嚏
snide	adjective	諷刺的
snifter	noun	球
snippet	noun	块
snitch	noun	小偷|間諜|鼻|偷
snivel	noun	泗|流泪
snobbish	adjective	草莓
snog	noun	铁锹|吻
snood	noun	鼻涕
snooker	noun	斯諾克
snoop	noun	询问|貂|暗中偵察
snooze	noun	小睡；午睡|假寐
snore	verb	打鼾
snorkel	noun	通气管
snot	noun	鼻涕|臭味
snotty	adjective	放肆
snout	noun	口吻
snow	noun	雪|下雪
snow cannon	noun	雪砲
snow goose	noun	雪雁
snow leopard	noun	雪豹
snow-blind	adjective	雪盲症
snow-white	adjective	雪白
snowball	noun	雪球
snowball fight	noun	雪仗
snowball's chance in hell	noun	从不
snowboard	noun	滑雪板
snowboarding	noun	單板滑雪
snowdrift	noun	雪崩
snowdrop	noun	雪花蓮
snowfall	noun	降雪
snowman	noun	雪人
snowmobile	noun	雪上摩托車
snowplow	noun	扫雪机
snowshoe	noun	球拍
snowstorm	noun	暴风雪
snowy	adjective	雪
snowy owl	noun	雪鸮
snub	noun	鄙夷|拒絕
snuff	verb	关上
snuffbox	noun	鼻烟盒
snug	adjective	舒服
snug as a bug in a rug	adjective	受到百般照顾
snuggle	verb	抚爱
so	adjective	那么|所以|和|以便
so be it		原来如此 或 那就这样吧
so far	adverb	至今
so long		一会儿见
so much as	adverb	也
so much for		没关系
so that		以便
so to speak	adverb	说法
so-and-so	noun	东西
so-called	adjective	手指
so-so	adjective	马马虎虎
soak	verb	濕透
soaked	adjective	淬火
soap	noun	肥皂
soap bubble	noun	肥皂泡
soapbox	noun	宣講臺|肥皂盒
soapstone	noun	皂石
sober	adjective	朴素
sober up	verb	醉醒
sobremesa	noun	甜品
sobriety	noun	冷静
soccer	noun	足球
soccer ball	noun	足球
sociability	noun	社交性
sociable	adjective	社会的
social	adjective	社會的
social class	noun	阶级
social democracy	noun	社会民主主义
social justice	noun	社會正義
social movement	noun	社會運動
social network	noun	社会网络
social security number	noun	社會安全號碼
social skills	noun	社交性
socialism	noun	社会主义
socialism with a human face	noun	带有人性面孔的社会主义
society	noun	社会
sociobiology	noun	社會生物學
sociolinguistics	noun	社会语言学
sociologist	noun	社会学家
sociology	noun	社会学
sock	noun	襪子
socket	noun	插口|碗
socle	noun	鞋底
sod	noun	草皮
soda	noun	软饮料
soda pop	noun	汽水
sodium	noun	鈉
sodium bicarbonate	noun	碳酸氢钠
sodium chloride	noun	氯化钠
sodium hydroxide	noun	氫氧化鈉
sodomise	verb	鸡奸
sodomy	noun	肛交
sofa	noun	沙发
soft	adjective	安静|软|軟
soft drink	noun	软饮料
soft mutation	noun	弱音化
soft pedal	noun	弱音踏板
soft serve	noun	軟冰淇淋 软冰淇淋
soft toy	noun	毛绒玩具
soft water	noun	軟水
softball	noun	垒球
softhearted	adjective	好
softly	adverb	安静
software	noun	软件|軟體
softwood	noun	木
soil	noun	地|泥土|土|弄脏
soil science	noun	土壤学
sojourn	noun	客厅
sol	noun	合
solar	adjective	太阳
solar calendar	noun	陽曆
solar cell	noun	太阳能电池
solar eclipse	noun	日食
solar energy	noun	太阳能
solar mass	noun	太阳质量
solar storm	noun	太阳风暴
solar wind	noun	太阳风
sold out	adjective	累坏
solder	verb	焊接
soldier	noun	士兵|兵
soldier of fortune	noun	雇佣兵
soldier on	verb	接着
sole	adjective	单|单身|鞋底|舌|植物
sole trader	noun	自主
solely	adverb	仅有的
solemnity	noun	庄严的仪式
solfège	noun	唱名
solicitor	noun	教堂領主|律师
solid	adjective	堅實|山脉|满|身
solid angle	noun	立体角
solid-state	adjective	半导体
solidarity	noun	团结
solidus	noun	堅實
soliloquy	noun	单口
solitariness	noun	孤独
solitary	adjective	单|一
solitude	noun	孤单
solstice	noun	至点
solute	noun	溶质
solution	noun	溶液|解
sombre	adjective	黑暗
some	adverb	差不多|吗|一些|一下|在
somebody		谁
someday	adverb	下次
somehow	adverb	差不多
someone		有人
someone's cup of tea	noun	寓言
somersault	noun	筋斗
something		某事
sometime	adverb	下次
sometimes	adverb	有时
somewhat	adverb	一下
somewhen	adverb	下次
somewhere	adverb	哪儿
somewhere else	adverb	不在场证明
somewhy	adverb	差不多
sommelier	noun	管家
somnambulism	noun	梦游症
somnolent	adjective	困
son	noun	兒子|儿子
son of a bitch	noun	婊子养的|婊子
son of a whore	noun	婊子养的
son-in-law	noun	女婿
sonata	noun	奏鸣曲
song	noun	歌|歌曲
song thrush	noun	鶇
songbird	noun	小鳥
songster	noun	歌唱家
songstress	noun	歌唱家
songwriter	noun	作曲家
sonic	adjective	音
sonnet	noun	十四行詩
sonny	noun	女兒
sonorous	adjective	大声
soon	adverb	不久
soot	noun	油煙
sooth	noun	保真度
soothe	verb	和缓|凉快
soothsayer	noun	先知
sophism	noun	诡辩
sophisticated	adjective	优雅的
soprano	noun	女高音
sorbet	noun	雪葩
sorcerer	noun	男巫
sorceress	noun	巫婆
sorcery	noun	占卜
sore	adjective	困难的|疮
sorely	adverb	很
soreness	noun	痛
sorghum	noun	高粱
sororal	adjective	妹
sororal nephew	noun	外甥
sororal niece	noun	姪
sorrel	noun	酸模|狐狸
sorrow	noun	悲伤|疼痛
sorrowful	adjective	悲伤
sorry	adjective	对不起|可怜
sort	noun	性別|排序
sort of	adverb	一些
sort out	verb	排序|清理|帮助
sortie	noun	出口
sot	noun	愚笨
sotto voce	adverb	安静
soul	noun	灵魂|靈魂
soul music	noun	喝醉
soul patch	noun	苍蝇
soulmate	noun	知己
sound	adjective	健康|保險|好|酣睡的|黏土|响声 [xiǎngshēng]|表示
sound effect	noun	音响效果
sound post	noun	堆
sound wave	noun	音波
soup	noun	汤|湯
soup kitchen	noun	饭店
souq	noun	是
sour	adjective	酸
sour cherry	noun	欧洲酸樱桃
source	noun	本
source code	noun	源代码
sourdough	noun	酵母
sourpuss	verb	爱发牢骚的人
soursop	noun	刺果番荔枝
southeast	noun	东南
southeastern	adjective	东南
southeastward	adjective	东南
southern	adjective	南方
southpaw	noun	惯用左手的
southwest	noun	西南
southwestern	adjective	西南
souvenir	noun	紀念品
sovereign	adjective	君主|国主
sovereignty	noun	主权|主權
soviet	noun	苏维埃
sow	noun	母豬
sow thistle	noun	苦苣菜属
soy	noun	大豆
soy milk	noun	豆漿
soy sauce	noun	酱油|醬油
soybean	noun	大豆
space	noun	外层空间|太空|空间|宇宙
space alien	noun	外星人
space bar	noun	时期
space satellite	noun	卫星
space shuttle	noun	航天飞机
space station	noun	太空站
spacecraft	noun	宇宙飞船
spaceman	noun	宇航员
spaceport	noun	航天发射中心
spaceship	noun	太空船
spacetime	noun	时空
spacious	adjective	长大的
spade	verb	黑桃
spades	noun	黑桃
spadix	noun	活塞
spaghetti	noun	意大利粉|迷宮
spaghetto	noun	意粉
spallation	noun	爆炸
spam	noun	滥发电子讯息
span	verb	覆盖
spank	verb	打
spankee	noun	打屁股
spanking	noun	打屁股
spanner	noun	部首
spar	noun	横梁
spare	adjective	免費|苗條
spare the rod and spoil the child		不打不成器
spare tyre	noun	輪胎
spark	noun	火花
spark plug	noun	火花塞
sparkle	noun	火花
sparkler	noun	仙女棒
sparkling wine	noun	气泡酒
sparrow	noun	麻雀
sparrowhawk	noun	雀鹰
sparse	adjective	清楚
spasm	noun	抽搐
spat	noun	争吵
spate	noun	大洪水
spatial	adjective	空間的
spatter	noun	云
spatula	noun	鍋鏟
spawn	noun	獐鹿|孢子|制造|出版
spay	verb	消炎
spaz	noun	虚弱的|休息
speak	verb	说|说话
speak of the devil		说曹操，曹操到
speak up	verb	叫
speaking	noun	这边|歌词
speaking of	adverb	对了
spear	noun	矛|魚叉
spearhead	noun	头
spearmint	noun	綠薄荷
special	adjective	特別|特別的|折扣
special someone	noun	爱人
specialist	noun	家
specially	adverb	特地|特意
specialty	noun	專門
specie	noun	種類
species	noun	物种|種類
specific	adjective	特定的
specification	noun	规格
specimen	noun	標本
specious	adjective	假
speck	noun	分数
spectacle	noun	节目
spectacled bear	noun	眼鏡熊
spectacles	noun	眼镜
spectator	noun	热闹的人
specter	noun	鬼子
spectrometer	noun	光谱仪
spectroscopy	noun	光谱学
spectrum	noun	光谱
speculate	verb	猜想
speculum	noun	扩宫器
speech	noun	讲话|演說
speech bubble	noun	漫画
speech is silver, silence is golden		说话是银，沉默是金
speechless	adjective	无言的
speed	noun	速率
speed camera	noun	雷达
speed of light	noun	光速
speed of sound	noun	音速
speed skating	noun	速度滑冰 競速溜冰 竞速溜冰 速度溜冰
speed up	verb	加速
speeding ticket	noun	罚款
speedup	noun	加速度
speedy	adjective	快速
spell	noun	魅力|區間|病|拼|代替|等于
spelling	noun	拼写
spelt	noun	斯佩耳特小麦
spend	verb	花|过
spent	adjective	疲倦
sperm	noun	精液
sperm whale	noun	抹香鲸
spermatozoid	noun	精子
spermatozoon	noun	精子
spew	verb	吐痰|吐
sphalerite	noun	閃鋅礦
sphere	noun	球面
spheroid	noun	椭球体
sphincter	noun	括约肌
sphinx	noun	斯芬克斯
spice	noun	香料
spicy	adjective	辣
spider	noun	蜘蛛
spiderweb	noun	蜘蛛網
spigot	noun	椊|水龍頭
spike	noun	钉|刺|穗|喙
spike heel	noun	细鞋跟
spikelet	noun	复穗状花序
spin	noun	轉動|效果
spinach	noun	菠菜
spinal	adjective	椎骨的
spinal cord	noun	脊髓
spinal tap	noun	腰椎穿刺
spindle	noun	紡錘|蜘蛛
spine	noun	背骨|脊柱|背|刺
spinner	noun	炖锅
spinneret	noun	排
spinning top	noun	陀螺
spinning wheel	noun	紡車
spinon	noun	自旋子
spinosaurus	noun	棘龍 棘龙
spiny lobster	noun	棘刺龙虾
spiral	noun	螺旋
spiral staircase	noun	盘梯
spire	noun	箭|圓頂
spirillum	noun	螺旋菌
spirit	noun	精神|心灵|蒸馏酒
spirited	adjective	勇敢
spirits	noun	蒸馏酒
spiritual	adjective	精神
spirituality	noun	精神性
spirulina	noun	螺旋藻
spit	noun	毛毛雨|吐痰
spite	noun	恶意|仇视
spiteful	adjective	坏
spitefulness	noun	邪恶
spitting image	noun	天
spleen	noun	脾脏|脾臟
splendid	adjective	漂亮|优秀
splice	verb	修改|接
spliff	noun	大麻烟卷
spline	noun	牙齒
split	noun	分割|块|分裂
split-second	noun	剎那
spoil	verb	坏
spoiler	noun	劇情透露
spoils	noun	袋
spoilsport	adjective	爱发牢骚的人
spoke	noun	轮辐
sponge	noun	海綿|海绵
sponge cake	noun	蛋糕
spontaneous	adjective	自发
spoof	noun	馅子|戏仿|笑话
spook	noun	鬼|间谍
spooky	adjective	奇怪
spoon	noun	匙子
spoon lure	noun	勺子
spoonbill	noun	白琵鹭
spoonerism	noun	首音互换
spoonful	noun	匙
spoonload	noun	口
spoor	noun	烟
sporadic	adjective	时有时无|無常
spore	noun	孢子
sport	noun	运动|奏
sports field	noun	球场
sports ground	noun	操场 操場
sportsman	noun	运动员
sportsperson	noun	运动员
spot	noun	缎纹|扣子|灯|在
spotlight	noun	灯
spotting scope	noun	望远镜
spouse	noun	爱人
spout	noun	嘴子|川|呼吸
sprachbund	noun	语言联盟
sprain	noun	扭伤|扭傷
spray	noun	花序
spread	verb	延伸
spread tail	noun	轮子
spring	noun	春天|春季|泉|弹簧
spring clean	noun	大扫除
spring cleaning	noun	大扫除
spring onion	noun	青蔥
spring roll	noun	春卷
spring to life	verb	出生
springboard	noun	蹦床
springbok	noun	跳羚
springer	noun	墊子
springy	adjective	橡皮筋
sprinkle	noun	毛毛雨
sprinkling	noun	毛毛雨
sprint	noun	短跑
sprite	noun	十一
sprocket	noun	松子
sprout	noun	抱子甘藍|發芽
spruce	noun	云杉
spry	adjective	警惕
spud	noun	土豆
spunk	noun	脸|猫|奶
spur	noun	距
spurious	adjective	假|私生子
spurn	noun	足球|踢
sputcheon	noun	球拍
sputnik	noun	人造卫星
spy	noun	间谍|間諜
spyglass	noun	望远镜
squabble	noun	争执|吵架
squad	noun	干部|战队
squadron	noun	战队|聯隊
squalene	noun	鲨烯
squalid	adjective	髒
squall	noun	雷暴
squander	verb	枉费
square	adjective	正方形|正方
square bracket	noun	符尾
square degree	noun	平方度
square kilometre	noun	平方千米
square metre	noun	平方米
square root	noun	平方根
squared	adjective	四方形
squarely	adverb	公平
squash	noun	南瓜
squat	noun	深蹲|職業|蹲
squat toilet	noun	蹲厕
squeal	verb	叫喊
squeegee	noun	拉可雷特芝士
squeeze	noun	印刷
squeeze box	noun	手风琴
squeeze out	verb	表示
squick	noun	子囊
squicky	adjective	垢
squid	noun	烏賊
squiffy	adjective	微醉
squiggle	noun	亂碼
squinch	noun	象鼻子
squire	noun	领主|护卫|先生
squirm	verb	扭曲
squirrel	noun	松鼠|栗鼠
squirt	noun	小子
squish	verb	坠毁
squishy	adjective	软弱
stable	adjective	稳定|馬厩
stably	adverb	稳定
stack	noun	堆|电池
stadium	noun	体育场
staff	noun	手杖|全体职员
staffer	noun	职员
stag	noun	鹿|牛
stag beetle	noun	锹形虫
stage	noun	階段|舞臺|铂|鸨
stage direction	noun	字条
stage name	noun	藝名
stagger	noun	摇摇晃晃
staging	noun	团体
staid	adjective	安
stain	noun	污跡|颜料
stained glass	noun	花窗玻璃
stainless steel	adjective	不锈钢
stair	noun	度|楼梯
staircase	noun	樓梯
stairs	noun	楼梯
stairway	noun	楼梯
stairwell	noun	楼道
stake	noun	木釘|柴堆|参与
stake out	verb	看到
stakeholder	noun	作者
stalactite	noun	钟乳石
stalagmite	noun	石筍
stale	adjective	老
stalemate	noun	欠行
stalk	noun	茎
stall	noun	馬厩|货摊|摊位|失速
stallion	noun	公马
stalwart	adjective	強壯|勇敢|顶梁柱
stamen	noun	雄蕊
stamina	noun	持久
stammer	noun	口吃
stammering	noun	口吃
stamp	noun	印章
stance	noun	位置|态度
stanchion	noun	支柱
stand	noun	军衔|三足鼎|便亭|站|起|好
stand by	verb	候
stand in	verb	拿
stand in for	verb	代替
stand one's ground	verb	好
stand still	verb	停
stand up	verb	起床|树|失约
standard	noun	种公马|旗子
standard deviation	noun	标准差
standard of living	noun	生活标准
standing	noun	位置
standing wave	noun	駐波
standoffish	adjective	貂
standpoint	noun	看法
stannite	noun	黝锡矿
stanza	noun	正旋舞歌
staple	noun	形针|原料
stapler	noun	訂書機
star	noun	星|恆星|明星
star anise	noun	八角
star cluster	noun	星团
star system	noun	恒星系统
star-of-bethlehem	noun	虎眼萬年青屬
starboard	noun	右舷
starch	noun	淀粉
starcruiser	noun	巡洋舰
stare	verb	睨
starfish	noun	海星
stark	adjective	刚|急|粗糙|都
stark naked	adjective	兔子
starling	noun	椋鳥
start	noun	起飞|開始
starter	noun	出发|引物|入口
starting pitcher	noun	先发投手
starting point	noun	起点
startle	verb	嚇唬
startled	adjective	惊奇
startup	noun	开机
starvation	noun	飢荧
starve	verb	饥饿
stash	noun	存款
stat	adverb	今后
state	noun	國家|狀態|国|状况|聲稱
state capital	noun	首府
state capitalism	noun	国家资本主义
state of affairs	noun	情况
state of being	noun	自觉 [zìjué]
state of the art	noun	艺术
state pattern	noun	状况
state visit	noun	国事访问
state-owned	adjective	国
statehood	noun	主权
statement	noun	告白|判刑
static	noun	雪
static electricity	noun	静电 靜電
station	noun	站
station wagon	noun	茜草
stationery	noun	文具
stationmaster	noun	站長
statist	noun	統計學家
statistician	noun	統計學家
statistics	noun	统计学
statue	noun	雕像
stature	noun	个子
status	noun	状态
status quo	noun	现状
statutory	adjective	正
statutory rape	noun	法定强奸
staunch	adjective	虔诚
stave	noun	纺锤|正旋舞歌
stavesacre	noun	海豚
stay	verb	留下
stay the night	verb	住
stead	noun	地方|城市|帮助
steady	adjective	平滑|固定的
steak	noun	牛排
steak tartare	noun	韃靼牛肉
steal	noun	抢劫|偷|偷窃
steam	noun	蒸氣|能源|忿怒|做饭
steam cracking	noun	蒸汽裂解
steam locomotive	noun	蒸汽機車
steam power	noun	两
steamboat	noun	汽船
steamer	noun	汽船
steamship	noun	汽船
steamy	adjective	湿
stearic acid	noun	硬脂酸
steed	noun	馬
steel	noun	钢|鋼
steelworks	noun	钢铁厂
steep	verb	渗透
steeple	noun	鍾塔
steeplechase	noun	障碍赛跑
steer	noun	牛|掌舵|硬
steering	noun	方向
steering wheel	noun	方向盘
stele	noun	石碑
stellar	adjective	恆星
stem	noun	脚|莖|輪子|停
stem cell	noun	幹細胞
stemming	noun	树干
stench	noun	臭
step	noun	階|度|不|步|脚印|踢
step down	verb	卸任
step over	noun	剪刀
step up	verb	加剧
stepchild	noun	媳
stepdaughter	noun	媳
stepfather	noun	繼父
stepmother	noun	继母
stepparent	noun	繼母
steppe	noun	草原
stepping stone	noun	蹦床
steradian	noun	球面度
stereo	adjective	体视
stereomicroscope	noun	放大鏡
stereotype	verb	以刻板印象为特征
sterile	adjective	不孕的
sterilize	verb	消毒
sterlet	noun	鲟鱼
stern	adjective	严格|船尾
steroid	noun	类固醇
stethoscope	noun	听诊器
stevedore	noun	码头工人
stew	verb	烘烤
stewpot	noun	港口
stick	noun	手杖|拐杖|蕊|放鴿子|投入|粘住
stick 'em up		举起手来
stick insect	noun	竹節蟲
sticker	noun	貼紙|小棍
sticky	adjective	连裤袜
stiff	adjective	刚|刻板的|残忍的|尸体
stiff neck	noun	斜頸
stiffness	noun	剛度
stigma	noun	柱头
stiletto	noun	细鞋跟
stiletto heel	noun	细鞋跟
still	adverb	還|仍然
still life	noun	靜物畫
still waters run deep		静水流深
stilt	noun	高跷
stilted	adjective	假
stimulant	noun	使兴奋的
stimulating	adjective	使兴奋的
stimulus	noun	刺激物
stinger	noun	标枪
stingy	adjective	吝嗇
stink	noun	恶臭|臭
stinking	adjective	臭
stinky	adjective	臭
stint	noun	客厅
stipend	noun	工资
stir	noun	暴动|动
stir the pot	verb	制造不和
stir up	verb	生火|混
stir-fry	verb	炒
stitch	noun	分|绞痛
stochastic	adjective	随机
stock	noun	家畜|股份|汤|活塞
stock dove	noun	欧鸽
stock exchange	noun	獎學金
stockbroker	noun	经纪人
stocking	noun	長筒襪
stockpile	noun	堆
stockpot	noun	鍋 锅
stocks	noun	树干
stodgy	adjective	努力
stoichiometric	adjective	化学计量
stoke	verb	戳
stomach	noun	胃
stomp	noun	乳钵|践踏|扑灭
stone cold	adjective	冷
stoned	adjective	太
stony	adjective	冷
stooge	noun	走狗|間諜
stool	noun	屎|几
stool pigeon	noun	間諜
stoop	noun	桥
stop	noun	車站|停止|逗号|中断|停
stop someone in their tracks	verb	住
storage	noun	雜貨店
store	noun	雜貨店
storehouse	noun	倉庫
storekeeper	noun	商人
storeroom	noun	商店
storey	noun	层
stork	noun	白鹳|鹳
storm	noun	暴风|風暴|攻击
stormy	adjective	暴风雨的
story	noun	故事
story arc	noun	动作
storyline	noun	故事情節
storytelling	noun	叙事
stout	adjective	自豪的|稳定
stove	noun	暖炉|火炉
stowaway	noun	偷渡者
straight	adjective	直|便宜|纯净|正|直线|尺度
straight ahead	adverb	正
straight angle	noun	[[#
straight line	noun	直线
straight man	noun	捧哏
straight pride	noun	直人驕傲
straight razor	noun	直剃刀
straightener	noun	直发器
straightforward	adjective	单一|直接
straightly	adverb	正
strain	noun	株
strained	adjective	紧张
strainer	noun	筛
strait	noun	海峡
strand	noun	沙滩|线|绺|鎖鏈 [suǒliàn]|摒棄
strange	adjective	奇怪|陌生人|外国
strangely	adverb	奇怪
strangeness	noun	奇异数
stranger	noun	陌生人|外国人
strangle	verb	扼殺
strap	noun	带
strategy	noun	战略
stratosphere	noun	平流层
stratovolcano	noun	複式火山
stratum	noun	尿布|层云|层
straw	noun	稻草
straw hat	noun	草帽
straw man	noun	稻草人|柑橘|笔记
straw mushroom	noun	草菇
strawberry	adjective	草莓
strawberry mark	noun	痣
strawen	adjective	小丑
stray	noun	共同
streak	noun	无穷级数
streaker	noun	裸奔者
streaklight tubeshoulder	noun	側身平肩光魚
stream	noun	花丝|流|奔
streaming	noun	流
street	noun	街|路
street art	noun	街头艺术
street organ	noun	手摇风琴
street racing	noun	街头赛车
street smarts	noun	路
streetlight	noun	路燈
streetwalker	noun	妓女
strength	noun	力|強|力氣
strengthen	verb	加强
strenuous	adjective	重的
stress	noun	壓力|疲倦
stressed	adjective	腔調
stretch	noun	弹性|块|伸展
stretch mark	noun	萎缩纹
stretch out	verb	延伸
stretch the truth	verb	夸大
stretcher	noun	擔架床
stria	noun	条纹
strict	adjective	严格
strictly	adverb	但|认真
strife	noun	争吵
strike	noun	罢工|罷工
strike while the iron is hot	verb	趁热打铁
strikebreaker	noun	工賊
string	noun	繩子|弦|系列|互联网|字串
string theory	noun	弦理论
stringed instrument	noun	弦乐器
stringent	adjective	严格
stringer	noun	平滑
strip	noun	带|漫画
strip cartoon	noun	漫畫
strip off	verb	脱衣
stripe	noun	条纹|加仑
strive	verb	努力
stroboscope	noun	頻閃觀測器
stroke	noun	天气|袭击|敲擊|笔|爱抚
stroll	noun	散步
stroller	noun	婴儿车
strong	adjective	強|厉害|強壯|好
strong suit	noun	优点
stronghold	noun	力气
strongly	adverb	厉害|力氣
strontium	noun	锶|鍶
structural	adjective	结构上的
structural formula	noun	结构式
structuralism	noun	結構主義
structure	noun	結構|结构
struggle	noun	摔跤|打
strychnine	noun	番木鳖碱
stub	noun	腳跟|草稿
stubble	noun	胡子茬
stubborn	adjective	固执
stuck	adjective	但是
stuck up	adjective	草莓
stud	noun	种公马|钉|耳环|公马
student	noun	学生|大学生
studies	noun	大学
studio	noun	學習
studs	noun	鞋子|轮胎
study	verb	学习
study hall	noun	研究
studying	noun	学
stuff	noun	哪里|物質|事物
stuffed animal	noun	毛绒玩具
stuffing	noun	腹部|餡料
stumble	noun	倒台
stumble across	verb	掉
stumble on	verb	掉
stumble upon	verb	掉
stump	noun	樹樁|擦笔
stumped	adjective	發射
stunned	adjective	惊讶
stunning	adjective	壮丽
stunt	noun	号码
stuntman	noun	替身演员
stupa	noun	窣堵坡
stupefy	verb	使吃驚
stupendous	adjective	奇妙
stupid	adjective	笨
stupidity	noun	愚蠢
sturdy	adjective	稳定
sturgeon	noun	鱘魚|鲟鱼
stutter	noun	口吃
stuttering	noun	口吃
stye	noun	針眼
stygian	adjective	黑
style	noun	樣式|风格
stylish	adjective	典雅
stylus	noun	樣式|蓝宝石
stymie	verb	堵塞
suave	adjective	典雅
suavity	noun	礼节
sub	noun	kě qiánshuǐ de
sub-lieutenant	noun	中尉
subatomic	adjective	基本粒子
subclass	noun	亚纲
subcontinent	noun	次大陆
subdue	verb	臣服
subject	noun	主題
subjective	adjective	主观的
sublimation	noun	升华
sublime	adjective	崇高
submachine gun	noun	冲锋枪 衝鋒槍
submarine	noun	潛水艇|潜水艇
submersible	adjective	kě qiánshuǐ de
submission	noun	服从
submissive	adjective	乖乖|受动
submit	verb	提交
suborder	noun	亚目
subordinate	adjective	子
subpar	adjective	平庸
subpoena	noun	传票|引用
subprefecture	noun	軍民府
subroutine	noun	函数
subscribe	verb	訂閱|签名
subscript	noun	线索
subscription	noun	订阅
subsection	noun	章句
subsequent	adjective	以後|次
subsequently	adverb	后
subside	verb	降低
subsidiary	adjective	次要|下屬公司
subsidy	noun	支持
subspecies	noun	亚种
substance	noun	物質
substandard	adjective	子
substantial	adjective	充實|現實
substantive	adjective	名詞|料|直接
substation	noun	职位
substitute	verb	代替|變為
substitution	noun	替代
substratum	noun	低
subterranean	adjective	地下
subtitle	noun	副题
subtle	adjective	微妙的
subtract	verb	减去
subtraction	noun	減法
subtrahend	noun	换位
subversion	noun	转位
subway	noun	城市軌道交通系統|地铁
succeed	verb	成功
success	noun	成功
success story	noun	典範
succession	noun	继承
successor	noun	继任者|繼承人
succinct	adjective	短
succinic acid	noun	琥珀酸
succour	noun	帮|救护
succubus	noun	魔女
succulent	noun	多肉植物
succumb	verb	去世
such		那样
such as		如何
suck	verb	吸
suck off	verb	吸
suck up	verb	吃
sucker	noun	吸盤|白痴
suckle	verb	哺乳
suckling pig	noun	小猪
sucrose	noun	蔗糖
suction	verb	吸
suction cup	noun	吸盤
sudden	adjective	忽然
sudden death	noun	猝死
suddenly	adverb	突然
sudoku	noun	数独|數獨
suds	noun	泡沫
sue	verb	告发
suede	noun	臆羚
suet	noun	牛脂
suffer	verb	受苦|吃
suffer from	verb	受苦
suffering	noun	苦痛
suffice	verb	够
suffice it to say		还
sufficient	adjective	足够
sufficient unto the day is the evil thereof		一天的难处一天当就够了
sufficiently	adverb	够
suffix	noun	后缀
suffocate	verb	溺水
suffusion	noun	胶卷
sugar	noun	糖|食糖
sugar apple	noun	腎
sugar beet	noun	甜菜
sugar bowl	noun	糖厂主
sugar cane	noun	甘蔗
sugar substitute	noun	甜味剂
sugarcoat	verb	粉飾
suggest	verb	建議
suggestion	noun	倡议
suicidal	adjective	自杀
suicide	noun	自杀|自殺
suit	noun	花色|续作|合适|适合
suit of armour	noun	盔甲
suitable	adjective	合适
suitcase	noun	手提箱
suite	noun	续作
suitor	noun	追求者
sulfide	noun	硫化物
sulfur	adjective	硫
sulfur dioxide	noun	二氧化硫
sulfuric acid	noun	硫酸
sulfurous acid	noun	亚硫酸
sullen	adjective	不快的|慢
sully	verb	弄脏
sultan	noun	蘇丹
sultana	noun	蘇丹娜葡萄
sultry	adjective	热|欲火焚身
sum	noun	和|加
sum total	noun	總和
summarily	adverb	蜉蝣
summary	adjective	提要
summation	noun	總和
summer	noun	夏天|夏季
summer roll	noun	夏卷
summer solstice	noun	夏至
summertime	noun	夏
summery	adjective	夏天
summit	noun	頂峰|峰
summon	verb	叫
summons	noun	請求|传票
sumo	noun	相扑
sump	noun	髖
sun gear	noun	太阳
sundae	noun	圣代
sundew	noun	毛氈苔
sundial	noun	日晷
sundisk	noun	日
sunfish	noun	曼波魚|翻車魚
sunflower	noun	向日葵
sunflower seed	noun	煙斗
sunglasses	noun	太阳眼镜
sunlight	noun	日|光
sunny	adjective	晴|阳光充足的
sunny side up	adjective	荷包蛋
sunrise	noun	天亮
sunscreen	noun	防晒
sunset	noun	日落
sunshade	noun	傘
sunshine	noun	太陽|太阳|欢喜
sunspot	noun	太阳黑子
sunstroke	noun	中暑
suntan	noun	晒黑
super	adjective	棒
super-duper	adjective	超级
superannuated	adjective	陈旧
superbly	adverb	优秀
supercilious	adjective	屈尊俯就
superconducting	adjective	超导体
superconductive	adjective	超导体
superconductivity	noun	超导现象
superconductor	noun	超导体
supercooling	noun	过冷
superego	noun	超我
supererogatory	adjective	义务
superficial	adjective	肤浅的
superfluity	noun	赘
superfluous	adjective	多餘
supergiant	noun	超巨星
supergravity	noun	超引力
superhero	noun	超级英雄
superhighway	noun	高速公路
superhuman	adjective	超人
superintendent	noun	物主
superiority	noun	好处
superlative	adjective	优秀|最
superlative degree	noun	最高級
supermarket	noun	超市
supermodel	noun	超模
supernal	adjective	崇高
supernova	noun	超新星
superorder	noun	总目
superpartner	noun	超伴子
superpower	noun	超级大国
supersede	verb	代替
superstar	noun	巨星
superstition	noun	迷信
supersymmetry	noun	超对称
supertonic	noun	上主音
supervacaneous	adjective	多余 [duōyú]
supervillain	noun	超级坏蛋
supervision	noun	监督
supper	noun	晚饭|晚飯
supplant	verb	废黜
supple	adjective	软
supplement	noun	膳食补充剂
suppletion	noun	异干互补
supplicate	verb	央求
supplication	noun	請求
supplier	noun	供应商
supply	noun	支付|供給
support	noun	支持|加油|帮忙|服务
supporter	noun	学生
supportive	adjective	支持的
suppose	verb	忖度
supposedly	adverb	應該
supposition	noun	假设
suppository	noun	栓剂
suppress	verb	內含
supremacy	noun	好处
sura	noun	蘇拉
sure	adjective	確定|当然
sure thing		不客气
surely	adverb	一定
surf	verb	上网
surface	noun	表面|面
surfactant	noun	表面活性剂
surfboard	noun	冲浪板
surfer	noun	网友
surfing	noun	衝浪
surge	noun	波浪
surgeon	noun	外科医生|外科醫生
surgeonfish	noun	小帶刺尾魚
surgery	noun	外科学
surgical	adjective	外科手术的
surgical mask	noun	口罩
surjective	adjective	上
surly	adjective	严厉|傲慢
surmise	noun	猜想|想象|忖度
surmount	verb	克
surname	noun	姓
surplus	noun	余款
surplus value	noun	剩余价值
surprise	noun	惊奇|使吃驚
surprised	adjective	惊奇
surrealism	noun	超现实主义
surrender	noun	投降
surrogate	verb	改
surrounding	noun	周围
surroundings	noun	环境
surströmming	noun	瑞典盐腌鲱鱼
survey	noun	监督|询问|民意測驗|認出
survival	noun	幸存
survive	verb	倖存|大难不死
survivor	noun	幸存者
susceptible	adjective	多愁善感的|敏锐的|易受动摇的
sushi	noun	壽司|寿司
suspect	verb	懷疑
suspense	noun	焦虑
suspensory	noun	护身三角绷带
suspicion	noun	嫌疑
sustainability	noun	可持續性
sustainable	adjective	持久
sustainable development	noun	可持续发展
sustenance	noun	基础
suture	noun	線
suzerain	noun	宗主国
suzerainty	noun	宗主权
svelte	adjective	苗條
swab	noun	水手
swag	verb	风格
swage	verb	固定
swagger	verb	吹牛
swale	noun	母羊
swallow	noun	燕子|燕科
swallowtail	noun	燕尾服
swamp	noun	沼泽|沉下
swampland	noun	沼泽
swan	noun	天鹅
swanky	adjective	优雅的
swap	noun	交換|换
sward	noun	草皮|草坪
swarm	noun	群
swashbuckling	adjective	冒险者
swastika	noun	卍
swat	noun	政变
swatch	noun	原因
swath	noun	带
swathe	noun	繃帶
sway	noun	权力
swear	verb	發誓
swear to god		歌词
swear word	noun	脏话
sweat	noun	汗
sweat gland	noun	汗腺
sweatband	noun	带
sweater	noun	毛衣
sweating	noun	汗
sweatpants	noun	跳水员
sweatshirt	noun	跳水员
sweep	noun	桔槔|三角鋼琴
sweeper	noun	自由
sweeping	adjective	广
sweet	adjective	甜
sweet basil	noun	罗勒
sweet chestnut	noun	栗子樹|栗子
sweet dreams		做个好梦
sweet fermented rice	noun	江米酒|甜白酒|甜米酒|甜酒|米酒|糯米酒
sweet flag	noun	韃靼牛肉
sweet potato	noun	甘薯
sweet-and-sour	adjective	甜酸
sweetbread	noun	胸腺
sweetener	noun	甜味剂
sweetheart	noun	和蔼的|爱人
sweetmeat	noun	糖果糕點
sweetshop	noun	糕点制作法
swell	adjective	de primera clase|快乐
swelling	noun	水肿
swift	noun	雨燕
swiftly	adverb	快
swig	noun	(军队建制)排
swill	noun	汤|海湾|(军队建制)排
swim	verb	游泳
swim lane	noun	街
swimming	noun	游泳
swimming pool	noun	游泳池
swimming trunks	noun	三角泳褲
swimsuit	noun	泳衣
swindle	noun	詭計|欺騙|詐取
swine	noun	猪
swine flu	noun	猪流感
swing	noun	秋千
swipe	verb	抓住|偷
swish	adjective	平滑|鞭打
switch	noun	开关|轉轍器|變為
switch off	verb	关
switch on	verb	开
switchboard	noun	台
swoon	noun	昏迷
sword	noun	劍
swordfish	noun	剑鱼
swordplay	noun	击剑
swordsmanship	noun	击剑
swot	verb	火刑
sycamine	noun	桑
sycamore	noun	香蕉
syconium	noun	隐头花序
sycophant	noun	拍马者
syllable	noun	音節|音节
syllabus	noun	程序
syllogism	noun	三段論
symbiont	noun	共生体
symbiosis	noun	共生
symbiotic	adjective	共生的
symbol	noun	符号|符號
symbolism	noun	象征主义
symbolize	verb	象徵
symmetry	noun	对称性
sympathizer	noun	基于同情的
sympathy	noun	同情|同情心
symphony	noun	交响
symptom	noun	症狀
symptomatic	adjective	症状的
synagogue	noun	猶太會堂|犹太教堂
synapse	noun	突触
synchronised swimming	noun	花样游泳
synchronization	noun	同期
synchronized swimming	noun	花样游泳
syncopation	noun	切分音
syncope	noun	昏厥|切分音
syncytiotrophoblast	noun	合胞體滋胚層
syndicate	noun	辛迪加
syndrome	noun	症候群|综合症
synecdoche	noun	提喻
synod	noun	教会会议
synonym	noun	同义词
synonymous	adjective	同义词
synopsis	noun	提要
synovial membrane	noun	滑液
syntactic sugar	noun	语法糖
syntagma	noun	词组
syntax	noun	语法学
synthesis	noun	合成
synthesizer	noun	合成器
synthetic	adjective	合成|人造的
syphilis	noun	梅毒
syringe	noun	注射器
syrup	noun	糖漿
system	noun	系統
systematics	noun	系統分類學
systemic	adjective	全身
syzygy	noun	连词
séance	noun	降神会
tab	noun	卡|板岩
tabby	noun	猫
table	noun	桌子
table salt	noun	盐
table tennis	noun	乒乓球
tablecloth	noun	桌布
tableland	noun	托盘
tablespoon	noun	匕
tablet computer	noun	平板
tableware	noun	食具
tabloid	noun	小型画报
taboo	adjective	禁忌
taboret	noun	几
tachometer	noun	转速表
tachycardia	noun	心动过速|心動過速
tachymeter	noun	转速表
tachyon	noun	快子
tacit	adjective	安静
tack	noun	海角|斯拉夫|瓶頸
tackle	noun	入口
tacky	adjective	连裤袜
taco	noun	墨西哥夹饼
tact	noun	機智
tactic	noun	战术
tactical	adjective	作战的
tactics	noun	战术
tad	noun	一点儿
tadpole	noun	蝌蚪
taekwondo	noun	跆拳道
tael	noun	两
tag	noun	标签|属性|日|老狼
tai chi	noun	太极
taikonaut	noun	太空人
tail	noun	尾
tailback	noun	交通堵塞
tailcoat	noun	燕尾服
tailed	adjective	屌
tailgate	noun	门
taillight	noun	顱骨
tailor	noun	裁縫|缝
tails	noun	十字
tailspin	noun	卷须
taint	noun	平底锅|污染
take	verb	拿
take a bow	verb	接受
take a look	verb	看 一下
take advantage	verb	借
take away	verb	接|保持|排斥
take back	verb	撤回|使再现|报告
take care	verb	小心|照顾
take care of	verb	照顧|办
take down	verb	失速
take flight	verb	跑
take heart		勇气
take in	verb	接待
take liberties	verb	放
take off	verb	起飞
take on	verb	忖度
take one's leave	verb	告别
take out	verb	陈述|取出|办
take over	verb	擔任
take part	verb	上
take place	verb	举行
take refuge	verb	皈依
take root	verb	生根
take the bull by the horns	verb	打蛇打七寸
take the floor	verb	发言
take the liberty	verb	放
take to one's heels	verb	撒丫子跑
take to the cleaners	verb	削皮
takeaway	noun	点|小吃
taken	adjective	忙
taken aback	adjective	惊奇
takeoff	noun	起飞
talc	noun	滑石
talcum	noun	扑粉 [pūfěn]
talcum powder	noun	扑粉 [pūfěn]
tale	noun	故事
talent	noun	人才|天資
talented	adjective	有才能的
talk	noun	会话|演說|廢話|談判|讲话
talk through	verb	复习
talk to a brick wall	verb	對牛彈琴
tall	adjective	高
tallow	noun	牛脂
tally	noun	品牌|報
talon	noun	暖房
tamarind	noun	酸豆
tambour	noun	鼓
tame	verb	馴服
tamper	noun	乳钵|和
tampon	noun	衛生棉條
tan	adjective	青銅|昏暗|晒黑|樹皮
tang	noun	尾
tangent	adjective	正切|切線
tangent line	noun	正切
tangerine	adjective	橘|橘子|官
tangible	adjective	明白
tangle	noun	浑沌
tango	noun	探戈|探戈舞
tangy	adjective	尖
tank	noun	坦克
tank car	noun	罐车
tank wagon	noun	罐车
tankard	noun	水罐
tankful	noun	满
tannin	noun	鞣质
tantalum	noun	钽|鉭
tantamount	adjective	等于
tap	noun	椊|雄|接觸|借|听到
tap water	noun	自來水
tape	noun	带
tape measure	noun	卷尺
taper	noun	丢手绢
taper off	verb	暗淡
tapestry	noun	壁毯|马赛克|铺满
tapioca	noun	木薯根淀粉
tapir	noun	貘
taproom	noun	吧
tar	noun	焦油
tarantula	noun	捕鳥蛛
tardigrade	adjective	慢
tardy	adjective	慢|迟到
tare	noun	量皮重
target	noun	目标|对准
target audience	noun	目标受众
target group	noun	目标受众
tariff	noun	關稅
tarmac	noun	柏油
taro	noun	芋头
tarot	noun	塔罗牌
tarragon	noun	龍蒿
tarry	noun	客厅|住
tart	adjective	波音|酸|尖|蛋糕|妓女
tartan	noun	花呢格紋
tartar	noun	韃靼語
tartaric acid	noun	酒石酸
task	noun	任务|家務
task force	noun	单位
tassel	noun	流蘇
taste	noun	味道
tasteful	adjective	典雅
tasteless	adjective	淡
tasty	adjective	好吃
tattoo	noun	文身|纹身|刺
tattoo artist	noun	纹身艺术家
tau	noun	索
taut	adjective	紧张
tautology	noun	套套逻辑|套套邏輯|废话|廢話
tavern	noun	酒楼
tawdry	adjective	卑鄙
tawny	adjective	茶色的|獅子
tax	noun	税|雕刻
tax haven	noun	避税港
tax return	noun	納稅申報單
taxation	noun	税收
taxi	noun	出租车
taximeter	noun	計價器
taxing	noun	税收
taxonomy	noun	分类学
taxpayer	noun	纳税人
tea	noun	茶|茶叶
tea ceremony	noun	茶儀式
tea leaf	noun	茶叶
tea party	noun	茶話會|玩具餐具
tea plant	noun	茶
teach	verb	教
teacher	noun	老师|教师
teacher's pet	noun	发圈
teaching	noun	教学
teacup	noun	茶杯
teahouse	noun	茶馆|茶壶
teakettle	noun	水壺
teal	adjective	海
team	noun	团队|團隊
team sport	noun	团队运动
teapot	noun	茶壶
tear	noun	涙
teardrop	noun	泪
teardrop tubeshoulder	noun	英氏平肩光魚
tearful	adjective	淚
tease	verb	梳|戏弄
teat	noun	乳头|奶嘴
technetium	noun	锝
technical	adjective	技师
technically	adverb	也|法律上
technician	noun	技师
technique	noun	技术
techno	noun	铁克诺音乐
technocracy	noun	技术官僚
technological singularity	noun	技术奇异点
technology	noun	技术
tectonic plate	noun	匾
tedder	noun	翻草機
teddy bear	noun	泰迪熊
tedious	adjective	讨厌的
tediousness	noun	無聊
tedium	noun	無聊
tee	noun	茶
teem	verb	结果
teenage	adjective	青少年
teenager	noun	青少年
teeter	verb	手淫
teeter-totter	noun	秋千
teethe	verb	齓|齔|龀
tegument	noun	毯子
telamon	noun	土卫十五
telecommunication	noun	电信
telecommuting	noun	家庭办公
telegraph	noun	電報
telegraph post	noun	电线柱
telekinesis	noun	念力
telemedicine	noun	遠距醫療
teleology	noun	目的論
telepathy	noun	心灵感应
telephone	noun	电话|電話
telephone booth	noun	電話亭
telephone call	noun	电话
telephone directory	noun	电话簿
telephone number	noun	电话号码
telephonic	adjective	电话的
teleportation	noun	瞬间移动
telescope	noun	望远镜
television	noun	电视|電視
television station	noun	电视发射台
tell	verb	告诉|告訴
tell apart	verb	使不同
teller	noun	出纳员
telluric	adjective	地球的
tellurium	noun	碲
telly	noun	电视
telophase	noun	末期
temerarious	adjective	鲁莽
temerity	noun	前額
temper	noun	符号|回火|固定的
tempera	noun	蛋彩畫
temperate	verb	溫和的
temperature	noun	温度
tempering	noun	回火
tempest	noun	暴风
tempestuous	adjective	暴风雨的
template	noun	模版|模型|印板
temporize	verb	支吾
tempt	verb	迷
temptation	noun	誘惑
ten	noun	十|拾
ten thousand		万
tenacious	adjective	钳子
tenacity	noun	韧性
tenant	noun	承租人|租
tenant farmer	noun	農夫
tench	noun	丁鱥
tend	verb	办理
tendency	noun	趋势
tender	adjective	嫩|硬币|招标|交
tenderloin	noun	花丝
tendon	noun	腱
tendril	noun	卷须
tenebrosity	noun	黑
tenebrous	adjective	影子
tenebrousness	noun	黑
tenement	noun	公寓
tenet	noun	原则
tennessine	noun	鿬
tennis	noun	网球
tennis player	noun	女子网球运动员
tennis racket	noun	網球拍
tennis shoe	noun	球鞋
tenon	noun	榫
tenor	noun	男高音
tenpin	noun	龙骨
tense	adjective	紧张|时制
tensor	noun	张量
tent	noun	帳篷|帐篷
tent peg	noun	帐篷桩
tentacle	noun	觸手
tenth	noun	第十
tenuous	adjective	稀少
tepid	adjective	不冷不热
tequila	noun	龍舌蘭酒
terabyte	noun	兆兆字节
teratology	noun	畸形学
terawatt	noun	太瓦
terbium	noun	鋱|铽
terce	noun	三度
terephthalic acid	noun	对苯二甲酸
tergiversate	verb	回避
term	noun	條件|名词|脚|期间
term sheet	noun	投資條件書|投資條款清單
terminal	adjective	最后|火車站
terminate	verb	停止支付
termination	noun	中止|堕胎
terminology	noun	术语
termite	noun	白蚁
terpene	noun	萜烯
terrace	noun	排
terracotta	noun	赤土陶器
terraforming	noun	地球化
terrain	noun	地域
terrapin	noun	龜
terrarium	noun	（玻璃）培育罐
terrestrial	adjective	地面電視
terrible	adjective	可怕
terribly	adverb	可怕
terrier	noun	梗犬
terrific	adjective	优秀
territorial	adjective	國
territorial waters	noun	领海
territory	noun	领土|領土
terror	noun	恐怖
terrorism	noun	恐怖主義
terrorist	noun	恐怖份子|恐怖分子
terse	adjective	短|简洁
tesla	noun	特斯拉
tesseract	noun	八胞体
tessitura	noun	音域
test	noun	考试
test the waters	verb	摸底
test tube	noun	試管
testament	noun	遺囑|圣经
testicle	noun	睾丸
testify	verb	证言
testimony	noun	证言|證據
testing	noun	试验
testosterone	noun	睾酮
tetanus	noun	破傷風
tether	noun	莱讷河|国境|聯
tetracontagon	noun	四十邊形
tetrad	noun	四和絃
tetradecagon	noun	十四边形
tetrahedron	noun	四面体
tetrahydrocannabinol	noun	四氢大麻酚
tetraphobia	noun	四的禁忌
tetrarchy	noun	四帝共治制
tetration	noun	迭代冪次
text	noun	課文|课文
text message	noun	短信
textbook	adjective	书|课本
textile	noun	布料
texture	noun	質地
thalamus	noun	丘脑
thalassography	noun	海洋学
thallium	noun	鉈|铊
than		比
thanatology	noun	死亡学
thank	verb	谢谢
thank god		谢天谢地
thank goodness		谢天谢地
thank you		谢谢
thank you very much		多谢
thankfully	adverb	快乐
thankless	adjective	忘恩負義 忘恩负义
thanks	noun	謝謝
thanks a lot		多谢
thanks to		谢谢
that		那
that does it		过了
that is	adverb	换句话说
that one		他们
that will do		过了
that'll be the day		太阳从西边出来
that'll do		过了
that's it		和平|仔細
thatch	noun	芦苇
thaw	noun	合并|融化
the		那|该
the die is cast		无可挽回
the dogs bark, but the caravan goes on		走自己的路让别人去说吧
the early bird gets the worm		捷足先登
the end		最后
the fish rots from the head		鱼从头烂
the fuck		他媽的
the hell	adverb	恶魔
the more the merrier		多多益善
the one		那
the other day	adverb	上次
the road to hell is paved with good intentions		好心没好报
the whole while	noun	總是
the wolf may lose his teeth but never his nature		江山易改，本性难移
the world is someone's oyster		不入虎穴，焉得虎子
theater	noun	劇場
theatrical	adjective	剧场
thee		你
theft	noun	盗窃
their		他们的
theirs		他们的
theism	noun	有神论
them		他們|他们
theme	noun	主題
theme park	noun	主題公園
themselves		同一
then	adverb	当时|那时
then and there	adverb	立刻
theocracy	noun	神權政治
theocratic	adjective	神权统治的
theodolite	noun	经纬仪
theologian	noun	神學家
theology	noun	神學
theorem	noun	定理
theoreticity	noun	理論性
theorisation	noun	理论
theory	noun	理論
therapeutic	adjective	治疗的
therapy	noun	治疗
there	adverb	那里
there are		前
there are plenty of fish in the sea		天涯何處無芳草
there be	verb	有
there is	verb	吃
there you go		刚
there's more than one way to skin a cat		条条大路通罗马
there's no accounting for taste		各有所好
thereat	adverb	那儿
thereby	adverb	所以
therefore	adverb	所以
theremin	noun	特雷門
thereof	adverb	这
thereon	adverb	直到那时
theretofore	adverb	直到那时
therewith	adverb	以便
therian	noun	兽人
therianthrope	noun	兽人
thermochemistry	noun	热化学
thermodynamic	adjective	热力学
thermodynamics	noun	热力学
thermometer	noun	温度计
thermonuclear	adjective	热核
thermoplastic	noun	热塑性塑料
thermos	noun	保温瓶
thermosphere	noun	热层
thermostat	noun	恒温器
thesaurus	noun	词典
these		这些|這些
these days	adverb	今日
thesis	noun	論點|论文
thesis defense	noun	防御
they		他们|她们
thiamine	noun	硫胺
thick	adjective	厚|粗|不可理解的|重的
thicken	verb	扎
thicket	noun	丛林
thickness	noun	厚度|势
thief	noun	賊
thieve	verb	偷
thigh	noun	大腿
thighbone	noun	股骨
thimble	noun	顶针
thimbleful	noun	頂針
thin	adjective	瘦
thine		你的
thing	noun	东西|東西
thing of the past	noun	过去
thingy	noun	东西
think	verb	想
think about	verb	思想
think over	verb	反射
think with one's little head	verb	精虫上脑
thinker	noun	书生
thinner	noun	稀釋液
third	adjective	第三|三分之一
third baseman	noun	三壘手 / 三垒手
third dimension	noun	深度
third estate	noun	第三等级|中产阶级
third party	noun	三分之一
third person	noun	第三人称
third rail	noun	軌道供電
third wheel	noun	电灯泡
third-party	adjective	外
third-person plural	noun	第三人称复数
third-person singular	noun	第三人称单数
thirdly	adverb	第三
thirst	noun	口渴|渴
thirsty	adjective	渴
thirteen		十三
thirty		三十
thirty-one		三十一
thirty-seven		서른일곱
this		这|這
this evening	adverb	晚上
this one		这些
this time	noun	当时
this way	noun	这边
thistle	noun	蓟
thither	adverb	那儿
thole	noun	桨叉
thong	noun	人字拖
thoracic vertebra	noun	胸椎
thorax	noun	胸
thorium	noun	釷|钍
thorn	noun	刺
thorny	adjective	难
thoroughbred	adjective	纯种马 純種馬
thoroughfare	noun	经过
thoroughly	adverb	全部
thorp	noun	村
those		他们
thou	verb	你
though	adverb	但|但是
thought	noun	思维
thoughtfulness	noun	注意
thoughtless	adjective	无情
thousand		千
thraldom	noun	奴隶制度
thrall	noun	奴隶
thrash	verb	坠毁
thread	noun	線
threat	noun	威脅
threaten	verb	威脅
three	noun	三|叁
three body problem	noun	三體問題
three days ago	adverb	大前天
three hundred		三百
three thousand		三千
threesome	noun	三人性交
threne	noun	火車
threonine	noun	蘇氨酸
thresh	verb	打穀
thresher	noun	害人虫
threshold	noun	门槛
thrift	noun	節約
thrill	verb	感动
thrive	verb	生長
throat	noun	喉咙|瓶頸|喉
throe	noun	痛苦
thrombosis	noun	血栓形成
thrombus	noun	血栓
throne	noun	寶座|宝座
throng	noun	人群
throstle	noun	鶇
throttle	noun	加速器
through		经过
throughout	adverb	到处
throw	verb	抛
throw away	verb	倒
throw down	verb	掉
throw up	verb	摒棄
thrush	noun	铃兰|鶇
thrust	noun	袭击|印刷|方向|伸展
thulium	noun	銩|铥
thumb	noun	拇指
thumbnail	noun	笔记
thumbscrew	noun	指铐
thumbtack	noun	图钉
thunder	noun	雷
thunderation		雷
thunderbird	noun	雷鸟
thunderbolt	noun	半径
thundercloud	noun	雷云|暴風雨
thunderstorm	noun	雷暴
thunderstruck	adjective	惊讶
thunking	noun	平移
thus	adverb	所以
thwart	noun	銀行|使破灭
thy		你的
thyme	noun	百里香
thymine	noun	胸腺嘧啶
thymus	noun	胸腺
thyristor	noun	晶閘管
thyroid	adjective	甲状腺
thyroid gland	noun	甲状腺
thyrse	noun	密锥花序
thyrsus	noun	密锥花序
tick	noun	yanan|嘀嗒|枕套|品牌|秒|碰
tick off	verb	叱
tick-tock	verb	嘀嗒|碰
ticket	noun	票
ticket office	noun	售票处
tickle	verb	胳肢
ticklish	adjective	怕痒的
tidal wave	noun	海啸|波
tide	noun	潮汐
tidiness	noun	目
tiding	noun	報紙
tidy	adjective	干净|好|打掃
tie	noun	结合|綁
tier	noun	低
tierce	noun	第三
tiger	noun	老虎|虎
tiger beetle	noun	虎甲
tight	adjective	正义|紧张
tights	noun	连裤袜
tigress	noun	母虎
tile	noun	瓦
tiler	noun	瓷砖工人
tiling	noun	铺方石板
till	noun	收银机|修正条款|到|工作
tiller	noun	农民的
timber	noun	注意|木
timberland	noun	森林
timbre	noun	音色
time	noun	时间|時間
time and again	adverb	重复
time and time again	adverb	重复
time bomb	noun	定時炸彈
time frame	noun	名词
time is money		时间就是金钱
time limit	noun	名词
time of year	noun	季
time off	noun	休假
time out	verb	停住
time zone	noun	时区
time-consuming	adjective	耗时的
time-out	noun	時間|休息
timeline	noun	年表
timely	adjective	當代
timepiece	noun	时钟
times		乘以
timeserver	noun	机会主义者
timetable	noun	安排|规划
timid	adjective	羞怯
timpani	noun	定音鼓
tin	noun	錫|锡
tin plate	noun	罐頭
tincture	noun	颜色
tine	noun	牙
tinfoil	noun	铝箔
tinge	noun	强弱法
tinnitus	noun	耳鸣
tinsmith	noun	锡匠
tint	noun	墨|黏土
tinting	noun	染色法
tiny	adjective	小
tip	noun	尖端|小費|数据
tip of the iceberg	noun	冰山一角
tip over	verb	倒
tipcat	noun	鋼
tipping point	noun	临界点
tipple	noun	弩箭|卡农|豪饮|喝
tipsy	adjective	微醉
tiramisu	noun	意大利芝士餅
tire	verb	累
tired	adjective	累
tiredness	noun	疲勞
tiresome	adjective	讨厌的
tiring	adjective	累
tissue	noun	组织
tit	noun	乳房|傻子|乳頭
tit fuck	noun	乳交
titanium	noun	钛|鈦
title	noun	標題|称
title page	noun	封面
titmouse	noun	山雀
tittle	noun	句号
titty	noun	乳頭
to		到
to be continued		待续
to date		从
to no avail		无益
to the brim		全
to the day		认真
to the letter	adverb	按照字面
to the point		直接
to the power of		功率
to this end		为此
to your health		干杯
toad	noun	蟾蜍
toadflax	noun	玉米花
toady	noun	拍馬屁的人
toast	noun	干杯
toaster	noun	烤箱
tobacco	noun	烟草|煙草
tobacco pipe	noun	烟斗
tobacconist's	noun	烟草
toboggan	noun	滑梯
toccata	noun	触技曲
today	adverb	今天|现在
today's	adjective	天
toddler	noun	小子
toe	noun	腳趾
toe bean	noun	轨座
toecap	noun	喙
toffee	noun	焦糖
tofu	noun	豆腐
together	adverb	一起
toggle joint	noun	护膝
toi, toi, toi		一切​順利
toil	noun	工作
toilet	noun	廁所|厕所
toilet bowl	noun	杯
toilet paper	noun	手纸
toilsome	adjective	重
toise	noun	土瓦兹
toke tube	noun	韭葱
token	noun	符号|晶片|紀念品
tolerate	verb	容忍
toll	noun	通行費
toll booth	noun	口
toluene	noun	甲苯
tom	noun	猫|男性的
tomato	noun	番茄|西红柿
tomato juice	noun	番茄汁
tomato sauce	noun	番茄糊
tomb	noun	墳墓
tomboy	noun	假小子
tombstone	noun	墓石
tome	noun	部|书
tomography	noun	斷層掃描
tomorrow	adverb	明天|明天见
ton	noun	噸|吨
tonality	noun	调
tone	noun	黏土|四声
toneme	noun	声调
tong	noun	鉗|人字拖
tongs	noun	鉗
tongue	noun	舌|舌头|舌頭
tongue sole	noun	语言
tongue-twister	noun	拗口令
tonic	noun	主音
tonic water	noun	通宁水
tonkatsu	noun	吉列豬排
tonsil	noun	扁桃腺|扁桃體
tonsillitis	noun	扁桃体炎 扁桃體炎
tonsure	noun	剃度|削髮
too	adverb	太
too bad		遗憾的
too good to be true		好到令人难以置信
too many		太
too many cooks spoil the broth		人多误事
too much	adverb	太多
tool	noun	绵羊|具|工具|工作
toolkit	noun	必要的
toon	noun	侄女
toot one's own horn	verb	自卖自夸
tooth	noun	牙齒|牙齿
toothache	noun	牙痛
toothbrush	noun	牙刷
toothpaste	noun	牙膏
toothpick	noun	牙签
toothpickweed	noun	阿米芹
top	noun	峰|熒惑星|主動
top hat	noun	大礼帽
top notch	adjective	de primera clase
top note	noun	头
top up	verb	裝
topaz	noun	黄玉
topgallant sail	noun	鹦鹉
topic	noun	主題
topical	adjective	本
topography	noun	地勢
topolect	noun	土話
topology	noun	拓扑
toponym	noun	地名
toponymy	noun	地名学
topping	noun	毯子
topple	verb	落
tops	adverb	山
topsy-turvy	adjective	颠倒
torch	noun	火炬|点燃
toreador	noun	斗牛
torment	noun	令人痛苦的事|累
tornado	noun	龍捲風
torpedo	noun	魚雷
torque	noun	力矩|丝绒饰环
torr	noun	釷
torso	noun	軀幹
torte	noun	圆形大蛋糕
tortilla	noun	墨西哥薄饼
tortoise	noun	龜
tortoiseshell	adjective	玳|狐狸
torture	noun	刑讯逼供罪|拷問
torus	noun	环面|環面
toss	verb	放下|丟|混
tot	noun	嬰兒
total	adjective	全部|和
total station	noun	全站仪
total war	noun	总体战
totalitarianism	noun	极权主义|極權主義
totally	adverb	完全
totally ordered	adjective	线性
tote	noun	口袋|裝|加
totter	noun	倒台|摇摇晃晃
toucan	noun	鵎鵼科
touch	verb	接觸|摸
touch on	verb	升級
touch screen	noun	觸控螢幕
touchpad	noun	觸摸板
touchy	adjective	暴躁
tough	adjective	硬汉
tough guy	noun	坚硬
toughness	noun	持久
toupee	noun	厚顏
tour	noun	旅行|圈
tour de force	noun	伟业
tour guide	noun	参观 指南
tourism	noun	旅游
tourist trap	noun	遊客陷阱
touristic	adjective	旅游
tourmaline	noun	電氣石
tournament	noun	比賽
tow	noun	拖拉机|索
tow truck	noun	拖車
toward		到|信封|上
towel	noun	毛巾
tower	noun	塔
tower block	noun	高层
tower of babel	noun	巴別塔
towkay	noun	老板
town	noun	城市
town hall	noun	城镇厅
town square	noun	广场
town twinning	noun	友好城市
township	noun	市政當局|州
townsman	noun	市民
townspeople	noun	市民
townsperson	noun	市民
towpath	noun	曳舟道
toxic	adjective	妨害|刻毒
toxic masculinity	noun	有害的男子氣概
toxicology	noun	毒性学
toxin	noun	毒素
toy	noun	玩具
trace	verb	描圖
trachea	noun	气管
trachoma	noun	沙眼
trachyte	noun	粗面岩
track	noun	凹槽|腳印|道|块
track and field	noun	田径
track record	noun	故事
trackbed	noun	鞋底
tracked	adjective	毛蟲
tracksuit	noun	跳水员
tract	noun	器官系統|条约
tractable	adjective	溫順
tractor	noun	拖拉机|拖拉機
trade	noun	貿易|交易
trade away	verb	摒棄
trade fair	noun	客厅
trade name	noun	品牌
trade route	noun	商路
trade union	noun	工会
trade wind	noun	信风
trademark	noun	的
trader	noun	商人
tradesman	noun	手工业者
trading card	noun	彩色图片
tradition	noun	传统|傳統
traditional	adjective	傳統的
traditionally	adverb	传统上
traduce	verb	翻譯
traffic	noun	交通
traffic calming	noun	交通寧靜化
traffic jam	noun	交通堵塞
traffic light	noun	交通號誌
traffic sign	noun	交通标志
traffic warden	noun	茄子
tragedy	noun	悲劇
tragic	adjective	悲剧性
tragically	adverb	悲剧性
trail	noun	路径|狩猎|跟踪|一再被提及
trail off	verb	减少
trailer	noun	商隊|电影
train	noun	火车|列车|火車
train of thought	noun	推理
train wreck	noun	災害
trainee	noun	实习生
trainer	noun	教練|運動鞋
training	noun	练习
training wheels	noun	帮
trait	noun	(军队建制)排
traitor	noun	叛徒
trajectory	noun	轨道
tram	noun	有軌電車
trammel	noun	互联网|拥抱
tramp	noun	妓女
trample	verb	践踏
trampoline	noun	蹦床
trance	noun	trance音樂
tranny	noun	人妖
tranquil	adjective	平安|安静
trans	adjective	trance音樂
trans-neptunian	adjective	海王星外
transatlantic	adjective	大西洋
transceive	verb	交出
transcendental number	noun	超越数
transcript	noun	副本|課文
transcriptome	noun	转录组
transept	noun	巡洋艦
transfer	verb	带来|带
transfer function	noun	传递函数
transform	verb	变化 變化
transformation	noun	变换
transformative	adjective	变压器
transformer	noun	变压器
transfusion	noun	輸血
transgene	noun	转基因
transience	noun	短暫
transient	adjective	转变的|矮
transistor	noun	晶体管
transistor radio	noun	晶体管
transit	noun	凌日|交通|全站仪
transition	noun	经过|通過
transition element	noun	过渡金属
transitive	adjective	转变的|传递性
transitive verb	noun	他动词
transitory	adjective	转变的
translate	verb	翻译|翻譯
translation	noun	平移|翻譯|翻译
translative case	noun	变格
translator	noun	翻譯|譯者
translingual	adjective	跨語言的|跨语言的
translocation	noun	染色體易位
translucent	adjective	半透明的|清楚
transmission line	noun	电源线
transmit	verb	交出
transness	noun	變性
transoceanic	adjective	跨洋的
transom	noun	枕木|鏡子
transom window	noun	旗幟
transpacific	adjective	太平洋
transparency	noun	透明度
transparent	adjective	干净|透明
transpiration	noun	汗
transplant	noun	圆规
transport	noun	交通|放逐
transportation	noun	交通运输
transsexual	adjective	性別認同障礙
transvestite	noun	人妖
trap	noun	陷阱|虹吸|使固定|感染到
trapdoor	noun	进入
trapeze	noun	梯形
trapezium	noun	梯形
trappings	noun	排
trash	noun	垃圾|垃圾桶
trauma	noun	創傷
traumatize	verb	到创伤
travail	noun	工作|出生
travel	verb	旅行|旅游
traveling	noun	市场
traveller	noun	旅客
travertine	noun	洞石
travesty	noun	滑稽模仿
tray	noun	托盘|抽屉
treacherous	adjective	叛徒
treacle	noun	糖蜜
tread	noun	边塞|圖畫|践踏
treadle	noun	同性恋者
treadmill	noun	電動步道
treason	noun	叛國
treasure	noun	珍寶
treasure trove	noun	珍宝
treasurer	noun	出纳员
treasury	noun	[[#
treat	noun	糖果糕點|办理
treatise	noun	条约
treatment	noun	治疗
treaty	noun	条约
tree	noun	树|樹
tree sparrow	noun	麻雀
tree trunk	noun	樹幹
treetop	noun	树梢
trefoil	noun	三叶草属
trek	verb	跋涉
tremble	noun	振动
trembling	noun	顫抖
tremendous	adjective	不錯
tremolite	noun	透闪石
tremor	noun	地震|顫抖
tremulous	adjective	羞怯
trench	noun	塹壕|壕
trenchant	adjective	尖
trend	noun	趋势|時裝|移动
trendy	adjective	时髦的
tres	noun	三
trespass	noun	入侵
tress	noun	辫子
trestle	noun	山羊
triad	noun	三合会
triage	noun	分診|排序
trial	noun	考|烦扰
trial and error	noun	嘗試錯誤
triangle	noun	三角形|三角
triangle inequality	noun	三角不等式
triathlon	noun	三項鐵人
tribal	adjective	部落的
tribe	noun	部落
tribulation	noun	疼痛
tribunal	noun	法庭
tributary	noun	支流
triceps	noun	三頭肌
trichology	noun	毛髮學
trick	noun	詭計|圈|办法|程序|分之|欺骗
trick or treat		不給糖就搗蛋
trickery	noun	騙局
trickle	noun	花丝
trickster	noun	高扁
tricky	adjective	力
tricorn	noun	三角帽
tridecagon	noun	十三边形
tridecane	noun	十三烷
trident	noun	三叉戟
trigger	noun	板機|带来|使活动
trigonometric function	noun	三角函数
trigonometry	noun	三角学
trigraph	noun	八卦
trilemma	noun	三难困境
trill	noun	滚音
trillion		万亿
trilobite	noun	三葉蟲|三叶虫
trilogy	noun	三部曲
trim	adjective	苗條|补偿|盘子
trinket	noun	首饰
trip	noun	旅行|块|旅程|飞|旅游
trip up	verb	错
tripe	noun	肠
triple jump	noun	三级跳
triple point	noun	三相点
triplet	noun	三连音|三个一组
tripod	noun	三脚架
triskaidekaphobia	noun	十三恐懼症
tritium	noun	氚
tritone	noun	三全音
triumph	noun	勝利
triumphal arch	noun	凯旋门
trivet	noun	三脚架
trivial	adjective	無價值|平凡
trivialization	noun	淡化
trivialize	verb	淡化
troglodyte	noun	穴居
trolley bus	noun	無軌電車
trollop	noun	妓女
trombone	noun	长号
trompe l'oeil	noun	视觉陷阱
troop	noun	部队
trooper	noun	兵
troops	noun	軍隊
trope	noun	原因|比喻
trophic level	noun	營養級
trophy	noun	獎盃
tropic	noun	回归线
tropical	adjective	熱帶
tropical cyclone	noun	热带气旋
tropical rainforest	noun	丛林
tropical storm	noun	热带气旋
tropics	noun	回归线
troposphere	noun	对流层
trouble	noun	問題|衝突|成本|难题|阻礙|怕
troubled	adjective	擔心
troublesome	adjective	不愉快
trough	noun	穆尔德河|比
trounce	verb	打|克
troupe	noun	部队
trouser leg	noun	腿
trouser pocket	noun	裤袋
trousseau	noun	奩
trout	noun	尊鱼
trowel	noun	抹子|肩胛骨
truce	noun	休战|停战
truck	noun	卡車|yī
truculent	adjective	好斗的|致命
true	adjective	信|真|仔細
truffle	noun	松露
truly	adverb	果然|很 hěn 非常
trumpet	noun	喇叭
trumpeter	noun	小號
trumpeter swan	noun	黑嘴天鹅
truncate	verb	删去
truncheon	noun	棍棒
trunk	noun	象鼻子|手提箱|树干
truss	noun	串
trust	noun	信任|信度|聯盟|相信|信|交给
trust, but verify		信任，但要核实
trustworthiness	noun	信任
truth	noun	真理
truth table	noun	真值表
truth value	noun	真值
truthful	adjective	真心|忠實
try	noun	考|考试|散文|嘗試
try on	verb	尝试
try out	verb	体验
trypanosome	noun	锥体虫
trypophobia	noun	密集恐惧症
tryptophan	noun	色氨酸
tryst	noun	約會|約定
tsar	noun	沙皇
tsardom	noun	王国
tsarist	adjective	沙皇
tsunami	noun	海啸|海嘯
tsundere	noun	傲嬌
tuba	noun	大号
tubby	adjective	密
tuberculosis	noun	结核
tuck	verb	放
tufa	noun	石灰華
tuff	noun	凝灰岩
tuft	noun	凝灰岩
tugboat	noun	拖船
tuition	noun	课|直线
tulip	noun	郁金香|鬱金香
tumble dryer	noun	烘干机
tumbler	noun	鼠海豚
tummy	noun	腹部|骗子
tumor	noun	瘤子
tumult	noun	噪音
tumulus	noun	坟墓
tuna	noun	金枪鱼|仙人掌果|鮪
tundra	noun	凍原|苔原
tundrite	noun	水铈钛石
tune	noun	曲调
tuner	noun	调音器
tung tree	noun	油桐
tungsten	noun	钨|鎢
tuning	noun	调音
tuning fork	noun	音叉
tuning key	noun	脚腕
tunnel	noun	隧道
turban	noun	头帕
turbine	noun	涡轮发动机
turbulence	noun	湍动
turd	noun	大便|粪
turf	noun	草地|泥炭|賽馬場
turkey vulture	noun	紅頭美洲鷲
turkeycock	noun	火鸡
turmeric	noun	姜黄
turmoil	noun	暴动
turn	noun	海湾|圈|(军队建制)排|轉|轉動|变成
turn a blind eye	verb	睁一只眼闭一只眼
turn a deaf ear	verb	充耳不闻
turn down	verb	不同意|降低
turn in one's grave	verb	棺材板压不住了
turn into	verb	成
turn off	verb	关上|轉彎
turn on	verb	开|打包
turn out	verb	拿出|作|出|來
turn up	verb	到达
turnaround	noun	斯拉夫
turncoat	noun	叛徒
turnip	noun	萝卜|洋葱
turnover	noun	换|转位
turnstile	noun	入閘機
turnstone	noun	翻石鹬
turntable	noun	盘子|铂
turquoise	adjective	绿松石
turtle	noun	龟
turtle dove	noun	斑鳩
tusk	noun	長牙
tussle	verb	吵架
tut tut		啧啧
tutelary deity	noun	神灵
tutor	noun	老师
tutu	noun	芭蕾舞裙
tvorog	noun	凝乳
twaddle	noun	廢話|说话
twat	noun	屄|傻子
tweak	verb	轉動
tweed	noun	粗花呢
tweet	noun	推文
tweezers	noun	鑷子
twelfth	adjective	十二
twelfth grade	noun	高三
twelve		十二
twentieth	adjective	第二十
twenty		二十
twenty two		二十二
twenty-eight		二十八
twenty-five		二十五
twenty-four		二十四
twenty-nine		二十九
twenty-one		二十一
twenty-seven		二十七
twenty-six		二十六
twenty-three		二十三
twenty-two		二十二
twig	noun	枝
twilight	noun	曙暮光|日落
twin	noun	双筒望远镜
twink	noun	苍头燕雀
twinkle	noun	貝|眨眼
twist	noun	弯曲处|轉動
twitch	verb	观鸟
two	noun	二|两
two days after tomorrow	adverb	大后天
two hundred		二百
two thousand		二千
two years ago	adverb	年
two-bit	adjective	便宜的
two-dimensional	adjective	浅
twosome	noun	两
txt	noun	短信
tycoon	noun	王
tympanum	noun	鼓室
type	noun	类型|原型|符号|门
typeface	noun	字体
typeset	verb	排版
typesetter	noun	作曲家
typewriter	noun	打字员|打字机
typhoon	noun	颱風|台风
typhus	noun	斑疹傷寒
typical	adjective	典型的
typically	adverb	常常
typing	noun	打字
typist	noun	打字员
typo	noun	排错字 排錯字
typographical error	noun	基调
typography	noun	字体排印学
tyrannosaur	noun	暴龍
tyrannosaurus	noun	暴龍 暴龙
tyre	noun	轮胎
tyro	noun	初学者
tyrosine	noun	酪氨酸
ubiquitous	adjective	无处不在的
uchronia	noun	架空歷史小說
udder	noun	奶嘴
udon	noun	乌龙面
ugh		呸
ugly	adjective	丑|難看
ugniberry	noun	桃金娘
uh		那个
ukase	noun	政令
ukiyo-e	noun	浮世绘
ukulele	noun	尤克裡裡
ulcer	noun	溃疡
ulna	noun	尺骨
ultimate	adjective	上次|极端|结尾
ultimately	adverb	最后
ultimatum	noun	哀的美敦书
ultramarine	adjective	群青
ultrasonic	adjective	超聲波
ultrasound	noun	超聲波
ultraviolet	adjective	紫外线
ululate	verb	吼
umami	noun	鮮味
umbel	noun	伞形花序
umbilical cord	noun	脐带
umbra	noun	陰影|阴影
umbrage	noun	影子
umbrella	noun	雨伞|伞
ume	noun	梅
umlaut	noun	分音符
umpire	noun	裁判
un-		不|没有
unacceptable	adjective	不行
unaccountable	adjective	不负责任
unadorned	adjective	容易
unadulterated	adjective	干净|全部
unanimity	noun	一致
unanimous	adjective	一致
unappreciative	adjective	忘恩負義 忘恩负义
unarmed	adjective	兵器
unattractive	adjective	好看
unavailing	adjective	徒劳的
unbelievable	adjective	不可思議
unbelievably	adverb	很
unborn	adjective	未出生的
unbowed	adjective	叛逆者
unbreakable	adjective	不能破损的
unbroken	adjective	全部的
uncanny	adjective	奇怪
unceremoniously	adverb	意外
uncertainty	noun	不确定性
uncheck	verb	射箭
uncle	noun	伯父|舅父
unclean	adjective	髒|卑鄙
unclouded	adjective	云
uncomfortable	adjective	不舒服
uncommon	adjective	罕见
uncompromising	adjective	四方形
uncongenial	adjective	不愉快
unconscionable	adjective	不审慎的
uncountable	adjective	不可数
uncouth	adjective	外国人|总的
uncover	verb	查出
unctuous	adjective	有禮貌無禮的
undead	adjective	不死生物
undecane	noun	十一烷
undefeated	adjective	不败
under	adverb	下面|下
under one's thumb		老婆当家的
under the table		黑
under the weather	adjective	病人
under wraps		秘密
underage	adjective	次要的
underbelly	noun	腹部
undercover	adjective	秘密|间谍
underdog	noun	行李箱
underestimate	verb	低估
undergarment	noun	内衣
undergo	verb	接受
undergraduate	noun	大学生
underground	adjective	地下|秘密|另外的美|电阻
undergrowth	noun	guànmùcóng
underline	verb	注意
undern	noun	小吃
underneath	adverb	下面|武士
underpants	noun	內褲
underrate	verb	低估
underrated	adjective	低估
underruff	verb	尿尿
underscore	noun	地上
understand	verb	明白
understandable	adjective	可懂的
understanding	noun	明白|约会
understate	verb	淡化
understatement	noun	委婉
understudy	verb	代替
undertake	verb	实施|接
undertaking	noun	公司
undertone	noun	强弱法
underwater	adjective	潜艇
underway	adverb	發展
underwear	noun	内衣
underwire	noun	钢圈
underworld	noun	地獄|无底洞
undiluted	adjective	纯净
undine	noun	尿苷
undisputed	adjective	indisputable, inobjetable
undo	verb	取消
undoubted	adjective	indisputable, inobjetable
undress	verb	脱衣
undying	adjective	神仙
unearth	verb	发现
uneasy	adjective	难
unemployed	adjective	失业者|失业
unending	adjective	永恒
unequal	adjective	不公平
unequivocal	adjective	真心
uneven bars	noun	高低杠
unfamiliar	adjective	陌生人
unfathomable	adjective	不可理解的
unfettered	adjective	免費
unforeseeable	adjective	不测
unfortunately	adverb	可惜
unfurl	verb	起飞
ungainly	adjective	拙劣
ungodly	adjective	下流
ungrateful	adjective	忘恩負義 忘恩负义
ungual	adjective	指甲
unhappiness	noun	事故
unhappy	adjective	悲伤
unhealthful	adjective	妨害
unhealthy	adjective	妨害
unhinge	verb	气得发狂
unholy	adjective	坏
uniaxial	adjective	单向
unicameralism	noun	一院制
unicorn	noun	麒麟
unicycle	noun	單輪車|獨輪車
unification	noun	统一|合并
uniform	adjective	制服
uniformity	noun	一致
unimprisoned	adjective	免費
unintelligible	adjective	不可理解的
uninterruptible power supply	noun	不间断电源
union	noun	聯盟
unionist	noun	工会​会员
unique	adjective	非常
unison	noun	一致
unit	noun	单位|單位
unit of measure	noun	计量单位
unit vector	noun	单位向量
unitary	adjective	单元式的
united	adjective	取得一致|联合
unity	noun	統一
universal	adjective	常用|无限
universal suffrage	noun	普通选举
university	noun	大學|大学
university student	noun	女生
univocal	adjective	单义词
unknown	adjective	陌生人
unlawful	adjective	黑
unlearned	adjective	懵
unleash	verb	解开
unleashed	adjective	免費
unless		除非
unlimited	adjective	无限
unlimitedness	noun	无限
unlock	verb	開鎖
unmarried	adjective	单身
unmistakable	adjective	明白
unmistakably	adverb	清楚
unnamed	adjective	无名的
unnecessarily	adverb	不一定
unnecessary	adjective	无用的
unneeded	adjective	无用的
unnerve	verb	扰乱
unoccupied	adjective	空|免費
unofficial	adjective	非官方
unpack	verb	打开
unpalatable	adjective	讨厌的
unpleasant	adjective	讨厌的
unpredictable	adjective	不测
unprepossessing	adjective	一般
unquestionable	adjective	indisputable, inobjetable
unquiet	adjective	心神不宁
unreal	adjective	不切实际
unrelated	adjective	自主​的
unremarkable	adjective	一般
unrestrained	adjective	放肆|自然
unripe	adjective	无经验的
unsafe	adjective	危险
unscathed	adjective	安然无恙
unscrupulous	adjective	不审慎的
unseasoned	adjective	自然
unseemly	adjective	不宜
unselfconscious	adjective	正常
unselfish	adjective	优厚
unsightly	adjective	好看
unspoken	adjective	无言
unstable	adjective	不稳定
unstick	verb	揭下
untie	verb	解开
until		前|直到
until next time		再见
until the cows come home		好久
untimely	adjective	绿
unto		到
untouchable	noun	碰不得
untoward	adjective	难
untruth	noun	谎言
untruthful	adjective	撒谎者
ununhexium	noun	鉝
ununquadium	noun	鈇
ununtrium	noun	元素
unuseful	adjective	无用的
unusually	adverb	非常
unusualness	noun	反常性
unwieldy	adjective	重的
unwrap	verb	坦述
unyielding	adjective	顽固的
up	adverb	向上
up above	noun	上边
up and	adverb	取
up front	adjective	真心
up someone's alley		给
up to eleven		极端
up to here		还
up-to-date	adjective	最近
upbraid	verb	呵责
upbringing	noun	后天
upchuck	verb	吐
upcoming	adjective	下一個
update	verb	更新
upend	verb	倒
upgrade	verb	更新
upgrowth	noun	增长
upheaval	noun	政變
uphill	adjective	山
uplift	verb	举
upload	noun	上载, 上传, 上装|上载
upon		酸
upper	adjective	高
upper arm	noun	手臂
upper class	noun	贵族
upper hand	noun	好处
uppity	adjective	傲慢
upright	adjective	右|直腸
upright piano	noun	直立式钢琴
uprising	noun	反抗
uproar	noun	暴动|噪音
upset	adjective	悲的|惊奇|变更
upshot	noun	成果|本质
upside down	adverb	颠倒
upstairs	adjective	上边
uptake	noun	吸收
upwards	adverb	起
upwards of		多
ur-		曾
urachus	noun	脐尿管
uranium	noun	鈾|铀
urban	adjective	市民
urban planning	noun	城市规划|城市化
urbanism	noun	城市规划
urbanite	noun	市民
urbanity	noun	亲切
urbanization	noun	城市化
urchin	noun	坏小孩
ureter	noun	尿管
urethane	noun	氨基甲酸乙酯
urge	verb	惹起|坚持
urgency	noun	緊迫
urgent	adjective	紧急
urgently	adverb	急
uric acid	noun	尿酸
urinal	noun	便池
urinalysis	noun	尿检 尿檢
urinary bladder	noun	膀胱
urinary tract infection	noun	泌尿道感染
urinate	verb	小便
urination	noun	排尿
urine	noun	尿
urn	noun	壷
urology	noun	泌尿外科
ursine	adjective	熊
urticaria	noun	荨麻疹
us		我们
usability	noun	人体工程学
usage	noun	用|用途
use	verb	用|使用
use the toilet	verb	上厕所
use value	noun	使用價值
used	adjective	老
used to	verb	下次
useful	adjective	有用
useful idiot	noun	有用的白痴
useless	adjective	无用的|不中用的
user	noun	用户|使用者
user-friendliness	noun	人体工程学
username	noun	用戶名
usher	noun	面具|护卫
usual	adjective	常用
usually	adverb	常常
usufruct	noun	用益物权
usurer	noun	高利貸
usury	noun	高利貸
utensil	noun	具
utilise	verb	使用
utilitarianism	noun	功利主义
utility	noun	服务|發電廠
utility knife	noun	美工刀
utility pole	noun	电线柱
utmost	adjective	极端
utopia	noun	乌托邦
utter	adjective	干净|說
utterance	noun	演奏法|告白|发音
uvula	noun	悬雍垂
uxorious	adjective	老婆当家的
v-chip	noun	V 芯片
v.s.		見上文
vacancy	noun	休假
vacant	adjective	免費|无表情
vacation	noun	休假|假期
vaccination	noun	疫苗接種
vaccine	noun	疫苗
vacillate	verb	闪动|犹豫
vacuity	noun	真空
vacuole	noun	液胞
vacuous	adjective	干
vacuum	noun	真空
vacuum cleaner	noun	吸塵器
vacuum tube	noun	真空管
vagabond	noun	流浪汉
vagina	noun	阴道|陰道
vaginal	adjective	阴道的
vaginismus	noun	陰道痙攣
vagrant	noun	流浪汉|无家可归
vague	adjective	模糊
vaguely	adverb	模糊的
vain	adjective	虛
vainly	adverb	白
valediction	noun	你好
valet	noun	仆人|杰克
valiant	adjective	勇敢的
valid	adjective	有效
validation	noun	道理
valine	noun	缬氨酸
valley	noun	山谷
valour	noun	勇气
valuable	adjective	贵
value	noun	价值|價值|认为
value added tax	noun	增值税
valve	noun	活门
vamp	noun	跖骨
vampire	noun	吸血鬼
vampire bat	noun	吸血鬼
van	noun	公共小巴
vanadium	noun	釩|钒
vandalism	noun	破壞
vane	noun	三角鋼琴|旗子
vanguard	noun	先头部队
vanilla	adjective	古典|香子蘭
vanish	verb	消失|消
vanquish	verb	打败
vantage	noun	好处
vapid	adjective	傻的
vapor	noun	水汽
vaporization	noun	蒸发
vaporize	verb	汽化 气化
varactor	noun	變容二極體
variable	adjective	变数
variance	noun	变异量
variant	adjective	變體
variation	noun	变化 變化
variegated	adjective	多种色彩的
variola	noun	痘
various	adjective	各
varistor	noun	壓敏電阻
varmint	noun	伤口
varnish	noun	清漆
vary	verb	变成
vascular	adjective	脉管的
vase	noun	花瓶
vasectomy	noun	输精管切除
vasoconstriction	noun	血管收縮
vasodilation	noun	血管舒張
vasopressin	noun	抗利尿激素
vassal	adjective	属国|人臣
vast	adjective	广
vastly	adverb	好多
vatnik	noun	棉襖|黃俄
vault	noun	拱頂|台|拱顶
vaulting horse	noun	馬
veal	noun	小牛肉
vector	noun	向量|矢量
vector field	noun	向量场
vector product	noun	叉积
vector space	noun	向量空间
vee	noun	以及
vegan	adjective	纯素食
veganism	noun	純素食主義
vegetable	noun	蔬菜|菜
vegetable garden	noun	园
vegetal	adjective	植物
vegetarian	noun	素食主义者
vegetarianism	noun	素食主义
vegetation	noun	植被
vehicle	noun	车|车辆
veil	noun	帆
vein	noun	靜脈
vellum	noun	上等犊皮纸
velociraptor	noun	速龍 速龙
velocity	noun	速度|頻率
velour	noun	天鹅绒
velvet	noun	天鹅绒
velvet scoter	noun	斑脸海番鸭
vend	noun	卖
vending machine	noun	售货机
vendor	noun	商人
veneer	noun	清漆|塗漆
vengeance	noun	報仇
venial	adjective	轻
venison	noun	鹿肉
venom	noun	毒物
vent	noun	壁炉
ventilator	noun	电风扇
ventriloquism	noun	口技
ventriloquist	noun	腹語者
venture	noun	冒險|敢
venture capital	noun	創業投資
venue	noun	地方
veracity	noun	事實
veranda	noun	凉台
verb	noun	动词|動詞
verbatim	adverb	按照字面
verbena	noun	马鞭草
verbiage	noun	廢話
verbosity	noun	冗长
verdant	adjective	綠|丰富
verdict	noun	裁判
verdigris	noun	铜绿
verdure	noun	植被
verge	noun	兰特|路肩
verify	verb	查
verily	adverb	果然|一定
verjuice	noun	酸葡萄汁
vermicelli	noun	粉丝
vermiform appendix	noun	阑尾
vermilion	adjective	朱紅色
vermin	noun	害虫
vermouth	noun	威末酒
vernacular	adjective	通俗|国家语言|乡土的|土话
vernal	adjective	春
vernal equinox	noun	春分
vernalization	noun	春化
versatile	adjective	0.5
verse	noun	行|韻文
versed	adjective	通晓
version	noun	版本
verst	noun	俄里
vert	adjective	绿色|綠色
vertebra	noun	脊椎骨|椎骨
vertebral	adjective	椎骨的
vertebral column	noun	脊柱
vertebrate	adjective	有椎骨的
vertex	noun	顶点
vertical	adjective	竖的
vertically	adverb	竖直
vervain	noun	马鞭草
verve	noun	熱心
very	adverb	很|非常
very much	adverb	好多
very well		好
vesica	noun	膀胱
vesicle	noun	膀胱
vessel	noun	船|容器|血管
vest	noun	坎肩|恤衫
vestige	noun	的
vet	verb	检查
vetch	noun	維基
veteran	noun	老兵
veterinarian	noun	兽医
veterinary	adjective	兽医
veterinary medicine	noun	兽医学
veto	noun	否决权
vetting	noun	检查
vex	verb	生气
vexation	noun	烦扰
vexillology	noun	旗帜学
vexillum	noun	旗
via		用|经过
viability	noun	生存​能力
viaduct	noun	高架橋
vial	noun	瓶
vibe	noun	顫抖
vibrant	adjective	強壯
vibraphone	noun	颤音琴
vibration	noun	振动
vibrato	noun	颤音
viburnum	noun	雪球
vicarious	adjective	间接
vice	noun	惡習
vice admiral	noun	少将
vice chairperson	noun	副总统
vice president	noun	副总统
vice versa	adverb	反對
viceroy	noun	總督
vicinity	noun	邻居|周围|差不多
vicious	adjective	残忍的|原始的人|刻毒
vicissitude	noun	滄桑
victim	noun	受害人
victorious	adjective	勝利
victory	noun	胜利|勝利
victual	noun	食品
vicuna	noun	骆马
video	noun	录影|视频
video game	noun	電子遊戲
video game console	noun	電子遊戲控制台
video gamer	noun	球员
video surveillance	noun	摄像监控
videocassette	noun	录影
videotape	noun	带
vie	verb	竞争
view	noun	图画|生殖|視野|前景|意见|出发|看
viewable	adjective	可得到
vigil	noun	前一天
vigilante	noun	复仇者
vigorous	adjective	強壯
vigorously	adverb	強壯
vigour	noun	精力，生命力
vijnana	noun	識
vile	noun	卑鄙
vilify	verb	黑
villa	noun	別墅
village	noun	村
villain	noun	反派
vim	noun	能量
vinaigrette	noun	油醋汁
vindicate	verb	断言|称
vindication	noun	防御|證據
vindictive	adjective	坏
vine	noun	藤
vinegar	noun	醋
vineyard	noun	葡萄園
vinous	adjective	葡萄酒
vintage	noun	年级|接
viola	noun	中提琴
violate	verb	侵權
violation	noun	違規
violence	noun	暴力
violent	adjective	暴力|亮
violet	adjective	紫色
violin	noun	小提琴
viper	noun	龙纹蝰
virgin	adjective	處女
virginity	noun	童貞
virile	adjective	男的
virility	noun	冪
virion	noun	病毒体
virology	noun	病毒学
virtual	adjective	幾乎 几乎
virtual reality	noun	虚拟现实
virtue	noun	德行
virtuoso	noun	有德行的
virtuous	adjective	有德行的
virulence	noun	毒力
virulent	adjective	坏
virus	noun	病毒
vis-à-vis	noun	面对
visa	noun	签证
viscosity	noun	粘性
viscous	adjective	黏
vise	noun	万力
visible	adjective	能见度
visible light	noun	可見光
visibly	adverb	顯然
vision	noun	前景|美
visit	noun	拜访|訪問
visitant	noun	客人
visitor	noun	客人
vista	noun	目光|看法
visual	adjective	为了看的
vital	adjective	生命的
vitalism	noun	活力論
vitality	noun	活力
vitamin	noun	维生素
vitamin b	noun	维他命B
viticulture	noun	葡萄栽培
vitiligo	noun	白癜风
vitreous	adjective	玻璃质的
vitrine	noun	展示橱窗
vituperate	verb	责骂
vivarium	noun	生态箱
viviparity	noun	胎生
vixen	noun	母狐狸|妓女
vocabulary	noun	词汇
vocal	adjective	高声|元音
vocal cord	noun	声带
vocalization	noun	發聲
vocational	adjective	专业
vocational school	noun	专科
vocative	adjective	呼格
vocative case	noun	呼格
vociferation	noun	喊
vodka	noun	伏特加
vogue	noun	模式
voice	noun	聲|声|聲音|投票
voice-over	noun	画外音
voiceless	adjective	无言|耳聋
void	adjective	空|徒劳的|虚无|取消
voivode	noun	沃伊沃德
volatile	adjective	不稳定|一触即发
volcano	noun	火山
volcano rabbit	noun	火山兔
volcanologist	noun	火山学家
volcanology	noun	火山学
vole	noun	田鼠
volition	noun	意志
volleyball	noun	排球
volt	noun	伏特
voltage	noun	電圧
volume	noun	体积
voluntary	adjective	故意|免費
volunteer	noun	志愿者
vomit	noun	呕吐|吐
voodoo	noun	伏都教
vortex	noun	渦旋
vote	noun	投票
voting	verb	投票
vouch	verb	回
vouch for	verb	以前
voucher	noun	好
vow	noun	愿心|发誓
vowel	noun	元音|母音
vox populi	noun	舆论
voyage	noun	旅行
vroom	verb	拉
vulcanite	noun	喷出岩
vulcanization	noun	橡胶的硬化
vulgar	adjective	粗俗
vulnerability	noun	脆弱性
vulnerable	adjective	脆弱的
vulpine	adjective	狐狸
vulture	noun	雕
vulva	noun	女陰
vulvodynia	noun	外阴疼痛
wad	verb	堵塞
wadi	noun	瓦地
wafer	noun	晶圓
waffle	noun	华夫
waffle iron	noun	华夫饼模具
waft	verb	泅水
wag	verb	逃学
wage	noun	工资|带来
wager	noun	打賭|单位|打赌
wagon	noun	手推車
wagoner	noun	马车夫
wagtail	noun	白鶺鸰
waif	noun	无家可归
wail	verb	失望|嚎 [háo]|告发
waist	noun	腰
waistband	noun	腰
waistcoat	noun	坎肩
waistline	noun	腰围
wait	verb	等
wait on	verb	服务
waiter	noun	侍者
waitress	noun	服务员
waive	verb	摒棄
waiver	noun	逊位
wake	verb	喚醒
wake up	verb	醒
wake-up call	noun	起床
wakefulness	noun	真实
walk	verb	走
walk in the park	noun	散步
walk of life	noun	中
walk the beat	verb	巡邏
walk the dog	verb	遛狗
walkabout	noun	离开
walkie-talkie	noun	对讲机
walking	noun	边塞
walking stick	noun	手杖
wall	noun	墙|墙壁|牌墙
wall lizard	noun	蜥蜴
wall plug	noun	脚腕
wall socket	noun	插口
wallaby	noun	小袋鼠
wallet	noun	钱包
wallpaper	verb	铺满
walls have ears		隔牆有耳
walnut	noun	核桃
walrus	noun	海象
waltz	noun	圆舞
wampee	noun	黄皮
wand	noun	小棍
wanderer	noun	徒步旅行者
wang	verb	殴打
wank	noun	吸管|打炮
wanker	noun	傻子|大炮
want	verb	想要|要
wanting	adjective	残疾人
wanton	adjective	坏|刻毒|情欲的|无偿
wapiti	noun	驯鹿
war	noun	战争|戰爭
war chief	noun	軍閥
war crime	noun	战争罪
war game	noun	军事演习
war leader	noun	軍閥
war memorial	noun	戰爭紀念建築
war story	noun	战地故事，艰苦经历
ward	noun	gânîmâ guo ren|堂区|孤儿
wardrobe	noun	衣柜|行頭
warehouse	noun	倉庫
warehouseman	noun	仓库管理人
warfare	noun	战争
warhead	noun	彈頭
warlock	noun	魔术师
warlord	noun	军阀
warm	adjective	热
warmth	noun	热
warn	verb	警告
warning	noun	注意|警告
warp	noun	山脉
warrant	noun	命令
warrior	noun	戰士
warship	noun	军舰
wart	noun	疣
warthog	noun	疣豬
wary	adjective	谨慎
wasabi	noun	山葵
wash	verb	洗
wash up	verb	洗臉
washbasin	noun	廁所
washbowl	noun	臉盆
washcloth	noun	洗 脸 毛 巾
washer	noun	洗衣机|墊片|毛巾
washhouse	noun	坦克
washing	noun	洗滌
washing machine	noun	洗衣機
washing mitt	noun	洗 脸 毛 巾
washing powder	noun	洗潔精
washing-up liquid	noun	清洁剂
washlet	noun	衛洗麗
washtub	noun	小桶子
wasp	noun	黃蜂
waste	verb	浪费
waste time	verb	無了時
wasteland	noun	沙漠
wastewater	noun	污水
watch	noun	表|前一天|衛兵|军衔|看|小心
watch one's step	verb	小心
watch out	verb	注意|小心
watchband	noun	表带
watchful	adjective	細緻
watchword	noun	口令
water	noun	水
water bear	noun	水熊
water bottle	noun	水壶
water buffalo	noun	水牛
water chestnut	noun	荸薺
water deer	noun	獐
water hyacinth	noun	鳳眼藍
water lily	noun	睡莲
water meadow	noun	母羊
water pipit	noun	水鷚
water power	noun	水力资源
water pox	noun	水痘
water ski	noun	滑水
water skiing	noun	滑水
water strider	noun	鞋匠
water table	noun	含水层
water tank	noun	井
water tap	noun	水龙头
water vapor	noun	两
waterbird	noun	水鳥
waterboarding	noun	潜艇
watercolour	noun	水彩
watercourse	noun	進程
watercraft	noun	船
watercress	noun	豆瓣菜屬
waterfall	noun	瀑布
waterfowl	noun	水鳥
waterfront	noun	海边
watermelon	noun	西瓜
watermill	noun	水磨
watershed	noun	分水岭
waterspout	noun	海龍捲風|滴水嘴兽
watery	adjective	湿
watt	noun	瓦特
wave	noun	波|波浪
wavelength	noun	波长
waver	verb	闪动
wax	noun	蜡|蠟
waxwing	noun	太平鳥
waxy	adjective	蜡
way	noun	道
way in	noun	入口
way too	adverb	太多
wayfarer	noun	旅游者
wayside	adjective	路边
wayward	adjective	任性
we		我们|我們
weak	adjective	尢
weaken	verb	减弱
weakling	noun	軟體動物
weakly	adverb	差
weakness	noun	尢
weal	noun	康乐
wealth	noun	財富|财富
wealthy	adjective	富有
weapon	noun	武器
weapon of mass destruction	noun	大规模杀伤性武器
wear	verb	穿
wear and tear	noun	磨损
wear off	verb	接受|下
wear out	verb	融化
weary	adjective	累|困
weasel	noun	伶鼬
weather	noun	天气
weather forecast	noun	天气预报
weather report	noun	天气预报
weather vane	noun	風標
weathercock	noun	风标|风向标
weathering	noun	消退
weave	noun	盔甲|編
weaver	noun	織工
web	noun	互联网|灵魂|捕捉网
web browser	noun	航海者
web colors	noun	网页颜色模式
web page	noun	网页
web server	noun	服务器
weber	noun	韦伯
webinar	noun	网络研讨会
website	noun	网站|網站
wed	verb	结婚|娶
wedding	noun	婚礼
wedding dress	noun	婚纱
wedding ring	noun	結婚戒指
wedge	noun	楔|出生|楔子|重点
wee	adjective	小朋友|尿
wee-wee	noun	弟弟|尿尿
weed	noun	杂草|大麻
weed out	verb	清理
weedkiller	noun	除草药
week	noun	星期|周|週
weekend	noun	周末
weekly	adjective	按星期|毎週
weenie	noun	軟體動物
weep	verb	哭
weeping willow	noun	垂柳
weever	noun	万岁
weevil	noun	象鼻蟲科
weigh	verb	重
weigh station	noun	地磅站
weighbridge	noun	地磅
weight	noun	哑铃
weightlifting	noun	举重
weighty	adjective	重
weir	noun	天气
weird	adjective	奇怪
welcome	adjective	歡迎|欢迎
weld	verb	焊接
welding	noun	焊接
welfare	noun	帮
welkin	noun	天
well	noun	井
well done	adjective	干得好|好
well, well, well		求
well-being	noun	健康
well-brought-up	adjective	有禮貌
well-established	adjective	老
well-heeled	adjective	富的
well-mannered	adjective	有禮貌
well-nigh	adverb	几乎
well-to-do	adjective	富有
welly	noun	气体
wen	noun	放大镜
wench	noun	女儿|丫头|妓女
were-		人
wereanimal	noun	兽人
werefox	noun	狐狸精
werewolf	noun	狼人
western	adjective	西方的|西部片
western barn owl	noun	仓鸮
western cattle egret	noun	牛背鹭
westerner	noun	西方人
westernization	noun	西化
wet	adjective	湿|弄湿
wet dream	noun	夢遺
wet nurse	noun	乳母
wether	noun	天气|公羊
wetland	noun	pantano
wetness	noun	濕氣, 湿气
whack	verb	打
whale	noun	鯨|鯨魚
whangdoodle	noun	椰子|恶梦
wharf	noun	码头
what		什麼|啥|哈？|啥？|什么
what a pity		遗憾的
what about	adverb	怎么样|叶
what for	adverb	为什么
what goes around comes around		善有善報，惡有惡報
what is more	adverb	以其
what kind of		多么
what number	adverb	第几
what the hell		何不
what time is it		现在几点
what's new		最近怎么样
what's up		最近怎么样
whatever		什么
wheat	noun	小麦
wheat flour	noun	小麥麵粉
wheel	noun	轮子
wheelchair	noun	輪椅|轮椅
wheelie	noun	屈光度
wheelrim	noun	轮子
whelp	noun	小|丟
when	adverb	什么时候
when hell freezes over	adverb	从不
when all is said and done		到头来
when in rome, do as the romans do		入鄉隨俗 入乡随俗
when it comes to		叶
when life gives you lemons, make lemonade		转祸为福 轉禍為福
when pigs fly	adverb	太阳从西边出来
when the cat's away the mice will play		天高皇帝远
where	adverb	哪儿|哪里
where there's smoke, there's fire		无风不起浪
whereas	noun	當|当
wherefore		什么
wherever	adverb	哪儿|到处
wherewithal	noun	貨幣
wherryite	noun	碳硫酸氯鉛礦|碳硫酸氯铅矿
whet	verb	削尖
whether		还是|假如
whey	noun	乳清
which		哪|什么
which one		什么
whiff	noun	呼吸|聞
while		當
whimbrel	noun	中杓鹬
whimsical	adjective	任性
whine	verb	嚎 [háo]
whip	noun	鞭子
whiplash	noun	一
whipping boy	noun	代罪羔羊
whipstaff	noun	鞭子
whirlpool	noun	渦旋
whirlybird	noun	腰包
whisk	noun	鞭子
whisker	noun	毛|感觉毛|发|胡子
whiskered tern	noun	豆
whiskey	noun	威士忌
whisper	noun	耳語
whistle	noun	笛|吹口哨
whit	noun	盎司
white	adjective	白|白色
white beaksedge	noun	白穗刺子莞
white blood cell	noun	白血球
white bread	noun	庞多米面包
white bream	noun	鉛
white cabbage	noun	卷心菜
white chocolate	noun	白巧克力
white coffee	noun	昂列咖啡
white dwarf	noun	白矮星
white flag	noun	白旗
white gold	noun	白金
white horse	noun	白马
white meat	noun	白肉
white mulberry	noun	白桑
white night	noun	失眠
white rice	noun	白米
white spirit	noun	石油溶剂油
white stork	noun	白鹳
white tea	noun	白茶
white wagtail	noun	白鹡鸰
white water	noun	泡泡
white wine	noun	白葡萄酒
white-browed tit	noun	白眉山雀
white-collar	adjective	白领
white-nosed coati	noun	獾
white-tailed deer	noun	白尾鹿
white-tailed eagle	noun	海鹰
whiteboard	noun	白板
whiten	verb	白
whiteness	noun	白
whitethorn	noun	山楂
whitewash	verb	覆
whither	adverb	哪儿
whittle	noun	小刀
whiz	noun	奇跡
who		谁
who keeps company with the wolf will learn to howl		近朱者赤，近墨者黑
who watches the watchers		谁来把守守卫者
whoa		慢
whoever		无论是谁
whole	adjective	全部的|一切
whole number	noun	自然数
wholeness	noun	一块
wholesale	adjective	批發
wholesome	adjective	健康
whom		什么|谁
whoopee cushion	noun	放屁坐垫
whoopie cushion	noun	放屁坐垫
whooping cough	noun	百日咳
whooping crane	noun	鶴
whopper	noun	謊言
whopping	adjective	不錯
whore	noun	婊子
whoremonger	noun	外送茶客
whortleberry	noun	蓝莓
whose		豚鼠
why	adverb	因為|什么|哦
why not	adverb	何不
wick	noun	灯心
wicked	adjective	刻毒|合法的|太
wickedness	noun	恶意
wicker	noun	柳條
wicket gate	noun	口
wide	adjective	寬
widely	adverb	远
widespread	adjective	流行
widget	noun	琵鹭
widow	noun	寡妇
widowed	adjective	鳏夫
widower	noun	鳏夫
widowerhood	noun	鳏居
widowhood	noun	鳏居
width	noun	宽度
wield	verb	操纵
wiener	noun	弟弟
wienie	noun	屌
wife	noun	妻子
wig	noun	假髮
wiggle room	noun	空間
wigwam	noun	维格沃姆
wiki	noun	維基|维基
wikify	verb	维基化
wild	adjective	野生的
wild boar	noun	野豬
wild card	noun	王牌
wild strawberry	noun	野草莓
wild turkey	noun	火鸡
wildcard	noun	王牌
wilderness	noun	叢林
wildfire	noun	森林大火|火
wildfowl	noun	水鳥
wildlife	noun	环境
wilful	adjective	任性
will	noun	意志
will o' the wisp	noun	喀邁拉
willing	adjective	急
willingly	adverb	乐意
willow	noun	柳树
willow grouse	noun	柳雷鸟
willowy	adjective	瘦
willy	noun	弟弟
wilt	verb	累
wily	adjective	背信弃义的
wimp	noun	胆小鬼
wimple	noun	海湾
win	noun	胜利|利润|打敗|取得
win-win	adjective	互利双赢
wince	verb	扮鬼脸
winch	noun	絞盤
wind	noun	风|呼吸
wind farm	noun	風力發動機
wind instrument	noun	吹奏乐器
wind rose	noun	羅盤玫瑰
wind speed	noun	風速
wind turbine	noun	风力发电机
wind up	verb	到达
windfall	noun	意外收获
windless	adjective	无风
windmill	noun	风车|风向标
window	noun	窗|窗户|窗口
window-shopping	noun	逛街
windowpane	noun	弩箭
windowsill	noun	窗臺
windpipe	noun	气管
windshield wiper	noun	雨刷
windsock	noun	球花
windstorm	noun	极强飓风
windsurfing	noun	滑浪風帆
wine	noun	葡萄酒|酒
wine cellar	noun	酒库
wing	noun	翅膀
wing nut	noun	蝴蝶
winged	adjective	有翼的
winged bean	noun	龙豆
winger	noun	方向盤
wingspan	noun	翼展
winner	noun	优胜者
winnow	verb	吹|清理
winsome	adjective	吸引人的
winter	noun	冬天|冬
winter solstice	noun	冬至
winter storm	noun	大风雪
winter swimmer	noun	海象
wintertime	noun	冬
wintry	adjective	冬
wipe out	verb	克|拭除
wipe the floor with someone	verb	坠毁
wire	noun	線
wired	adjective	时髦的
wireless	adjective	无线的|收音机
wiretap	noun	传声器
wisdom	noun	智
wisdom tooth	noun	智齿
wise	adjective	圣贤的
wise man	noun	圣贤的
wisent	noun	欧洲野牛
wish	noun	慾望|祝
wishbone	noun	叉子
wishful thinking	noun	如意算盤
wishy-washy	adjective	风向标|淡
wispy	adjective	稀少
wisteria	noun	紫藤
wit	noun	智力|幽默
witch	noun	巫
witch doctor	noun	巫醫
witch-hunt	noun	猎巫
witchcraft	noun	巫术
with		跟|和
with a bump		忽然
with a grain of salt	adverb	謹慎
with all one's might		苦苦
with one's eyes open	adverb	故意
with pleasure		榮幸
with regard to		关于
with respect to		关于|作为一个函数
withdraw	verb	引|取|引退|撤回
withers	noun	十字
withhold	verb	住|保持
within		以內|前
without		沒有
without tears		易懂的
withstand	verb	抵抗
witkey	noun	威客
witless	adjective	笨
witness	noun	證人|考试|看
witticism	noun	笑話
wive	verb	娶
wizard	noun	巫|巫师|巫師
wizardry	noun	巫术|巫術
woad	noun	菘兰
wobble	noun	地震|闪动
woe	noun	唉|哀
woebegone	adjective	对不起
wok	noun	镬|炒
woke	adjective	对了|政治正确
wolf	noun	狼
wolf dog	noun	狼狗
wolf in sheep's clothing	noun	披著羊皮的狼
wolf tone	noun	狼音
wolf whistle	verb	吹口哨
wolfberry	noun	枸杞
wolffish	noun	狼䲁
wolframite	noun	黑钨矿
wolverine	noun	狼獾
woman	noun	女人|妇女
womanhood	noun	女人пnǚrén)
womanizer	noun	色狼 (Sèláng)
womanly	adjective	妇女
womb	noun	子宮|乳房
wombly	adjective	子宫|子宮
won	noun	韩圆
won't	verb	不
wonder	noun	奇迹|思维|惊奇
wonderful	adjective	精彩
wondrous	adjective	奇妙
wone	verb	住
wonk	noun	书呆子
wont	noun	习俗
woo	verb	写
wood	noun	木
wood ear	noun	黑木耳
wood sandpiper	noun	林鷸
woodcut	noun	木刻
wooden	adjective	木材
woodland	adjective	森林|林
woodlouse	noun	土虱
woodpecker	noun	啄木鸟
woodshed	noun	火刑
woodwind	noun	木管
woodwind instrument	noun	木
woodwork	noun	鋁
woodworker	noun	木匠
wooer	noun	嫖客,男妓,牛郎
woof	noun	汪|狗叫
wool	noun	羊毛
woolen	adjective	要
woolly	adjective	要|含糊 的
woolly mammoth	noun	真猛玛象
woolly rhinoceros	noun	披毛犀
wop	noun	意大利面
word processing	noun	文书处理器
word processor	noun	文書處理器
words	noun	争吵|課文
wordsmith	noun	诗人
work	noun	工作
work out	verb	成功|锻炼
work-to-rule	noun	按章工作
workaday	adjective	平
workaholic	adjective	工作狂
workaround	noun	办法
workbench	noun	摊位
worker	noun	工人
workforce	noun	勞動力
working	noun	发酵
working class	noun	工人阶级
working time	noun	工作時間
workman	noun	工人
workmanship	noun	发票
workout	noun	练习
workplace	noun	工作
works	noun	单位
workshop	noun	实验室|神學院
worktop	noun	大理石
workup	noun	检查
world	noun	世界
world map	noun	世界地图
world order	noun	世界秩序
world peace	noun	世界和平
world power	noun	世界力量
world record	noun	世界紀錄
world war	noun	世界大战
worldly	adjective	地球
worldview	noun	世界观
worldwide	adjective	地球
worm	noun	蠕虫
wormhole	noun	虫洞
wormwood	noun	中亚苦蒿|胆汁
worn-out	adjective	累
worried	adjective	擔心
worry	noun	擔心
worse	adjective	更壞
worsen	verb	惡化
worship	noun	崇拜
worshipper	noun	学生
worst	adjective	更壞
worth	adjective	价值
worthless	adjective	没用
would	verb	是|要
would like	verb	想
wound	noun	伤口|擊傷
woven	adjective	布料
wraith	noun	光谱
wrangle	noun	争吵|争斗
wrap	noun	包|围巾|可丽饼|打包|邐
wrap one's head around	verb	办
wrap up	verb	打包
wrapper	noun	信封
wrapping paper	noun	紙
wrath	noun	忿怒
wreak	verb	拿
wreath	noun	球|花冠
wreck	noun	遺址|残骸|破坏
wreckage	noun	残骸
wren	noun	鹪鹩
wrench	noun	部首
wrestle	verb	搏鬥 搏斗
wrestling	verb	摔跤
wriggle	verb	扭曲
wriggler	noun	孑孓
wrinkle	noun	皺紋|問題|弄皱
wrist	noun	手腕
wristband	noun	手镯
wristwatch	noun	手表
writ	noun	汽车|字
write	verb	写|寫
write down	verb	写
write-up	noun	字
writer	noun	作家
writhe	verb	使缠绕
writing	noun	文字
writing board	noun	阵列
writing desk	noun	桌子
wrong	adjective	不对|虚假|惡
wrong number	noun	错
wrongdoer	noun	坏人
wryneck	noun	斜頸
wudu	noun	沐浴仪式
wumao	noun	五毛
wurst	noun	香肠
wushu	noun	武术
wuss	noun	老婆当家的
xanthine	noun	黃嘌呤
xanthogenate	noun	黄原酸酯
xenon	noun	氙
xenophobia	noun	仇外
xiangqi	noun	象棋
xiaolongbao	noun	小籠包
xor	noun	或
xylem	noun	木质部
xylologist	noun	木材学家
xylology	noun	木材学
xylophone	noun	木琴
yacht	noun	快艇
yak	noun	牦牛
yaku	noun	角
yam	noun	山药
yamen	noun	官衙
yandere	noun	病嬌
yang	noun	阳
yank	verb	撤回
yaodong	noun	窑洞
yard	noun	公园|码
yarmulke	noun	卡巴
yarn	noun	灯心|索|历史
yarrow	noun	蓍
yashmak	noun	帆
yawn	noun	哈欠|打哈欠
yawning	adjective	不錯
yay		万岁
yeah		吧
year	noun	年
yearbook	noun	年级
yeargroup	noun	年级
yearly	adjective	一年生|年级
yearn	verb	后悔
yearning	noun	怀念
yeast	noun	酵母
yell	verb	叱
yell at	verb	呵责
yellow	adjective	黄色|黄
yellow fever	noun	黄热病
yellow light	noun	黄灯
yellow union	noun	黃色工會
yellow-bellied	adjective	膽小
yellowbelly	noun	軟體動物
yellowhammer	noun	黄鹀
yen	noun	日元
yep		吧
yes	noun	嗯|对
yessir		吃
yesterday	adverb	昨天|昨日
yesterday's	adjective	昨天的
yesteryear	noun	昔日|去年
yet	adverb	仍然|還|仍旧|还|而
yeti	noun	雪人
yew	noun	紅豆杉
yex	verb	打嗝
yield	noun	利益|带来|給
yielding	adjective	溫順
yiff		吠
yin	noun	阴
yin-yang	noun	阴阳
yip	verb	吠
yodh	noun	碘
yoga	noun	瑜伽
yogurt	noun	酸奶
yoke	noun	袖|軛|(军队建制)排
yokel	noun	乡巴佬
yolk	noun	蛋黃
yon		前者
yonder	adverb	那里
yore	noun	昔日
you		您|你
you bet		当然
you don't say		假話
you get what you pay for		一分錢，一分貨
you know		什么
you scratch my back and i'll scratch yours		互惠互利
you snooze you lose		过了这个村，就没这个店
you're welcome		不客气
you're welcome a million		不客气
young	adjective	年轻|年輕
younger sister	noun	妹妹
youngster	noun	孩子
your		你的|你们的
your mileage may vary		仁者见仁，智者见智
yours		你们的
yours truly		不才
yourself		你|一
yourselves		你们
youth	noun	青春|年輕|年轻
youth hostel	noun	青年旅舍
youthful	adjective	年輕
ytterbium	noun	镱|鐿
yttrium	noun	釔|钇
yuan	noun	元
yucca	noun	丝兰
yuck		唉
yukata	noun	浴衣
yum	adjective	好吃
yummy	adjective	合口
yup		吧
yurt	noun	蒙古包
zakat	noun	施捨
zany	adjective	好玩
zazen	noun	坐禪
zeal	noun	激情
zebra	noun	斑马|斑馬
zebra crossing	noun	斑马线
zebra finch	noun	國語
zeitgeist	noun	时代精神
zenith	noun	天頂
zephyr	noun	和風
zero	adjective	零
zero growth	noun	零增長|零增长
zest	noun	乐趣
zesty	adjective	辣
ziggurat	noun	金字形神塔
zilch	noun	零
zinc	noun	锌|鋅
zineb	noun	代森锌
zing	noun	活力
zip	verb	壓縮
zip fastener	noun	拉鏈
zirconium	noun	鋯
zither	noun	古琴
zitting cisticola	noun	哀傷
zodiac	noun	黃道|黃道帶
zodiac sign	noun	黄道十二宫
zoisite	noun	黝簾石
zombie apocalypse	noun	殭屍世界末日
zone	noun	區域
zone out	verb	旅游
zoo	noun	动物园|動物園
zoogeography	noun	动物地理学
zoological	adjective	动物学
zoological garden	noun	[[#
zoologist	noun	動物學家
zoology	noun	动物学
zoom lens	noun	变焦镜头
zoonosis	noun	人畜共通傳染病
zoophilia	noun	動物戀
zwitterion	noun	兩性離子
zygote	noun	受精卵
álava	noun	阿拉瓦
åland	noun	奥兰
élysée	noun	爱丽舍宫
ürümqi	noun	烏魯木齊 乌鲁木齐
éclair	noun	闪电
übermensch	noun	超人
điện biên phủ	noun	奠邊府
ōkawa	noun	大川
ōmura	noun	大村
ōno	noun	大野
ōta	noun	太田
ōtawara	noun	大田原
ōtsuki	noun	大月
świętokrzyskie voivodeship	noun	聖十字省
σ-algebra	noun	部落
